LIGHT_CODE,COUNTY_NO,MUNI_CODE,JUNCTION_CODE,COLLISION_TYPE_CODE,SURF_COND_CODE,LANE_CODE,RD_COND_CODE,RD_DIV_CODE,FIX_OBJ_CODE,REPORT_NO,WEATHER_CODE,ACC_DATE,ACC_TIME,LOC_CODE,SIGNAL_FLAG,C_M_ZONE_FLAG,AGENCY_CODE,AREA_CODE,HARM_EVENT_CODE1,HARM_EVENT_CODE2,RTE_NO,ROUTE_TYPE_CODE,RTE_SUFFIX,LOG_MILE,LOGMILE_DIR_FLAG,MAINROAD_NAME,DISTANCE,FEET_MILES_FLAG,DISTANCE_DIR_FLAG,REFERENCE_NO,REFERENCE_TYPE_CODE,REFERENCE_SUFFIX,REFERENCE_ROAD_NAME,LATITUDE,LONGITUDE
04,21,,01,17,03,1,01,01,10,ZU77800004,08.04,02-17-2015,01:29:00,25040,N,N,WASHINGTON,UNK,09,00,91,CO,,0,N,BIG SPRING RD,1,M,N,56,MD,,BIG POOL RD,39.64224945,-77.9309907
04,21,,01,17,02,,01,01,11,ZU77800005,06.01,02-23-2015,04:26:00,8522,N,N,WASHINGTON,UNK,09,00,68,MD,,16.05,E,LAPPANS RD,500,F,E,,UU,,RUSTIC LA,39.53186628,-77.6969862
01,21,,01,17,04,1,01,01,06,ZU78480001,12.04,01-03-2015,09:27:00,05040,N,N,WASHINGTON,UNK,09,11,11,US,,2.65,N,VIRGINIA AVE,20,F,N,710,CO,,ARCHER LA,39.61145763,-77.78609991
01,21,,00,17,02,2,01,01,02,ZU78480002,07.01,01-20-2015,15:19:00,,Y,N,WASHINGTON,UNK,09,00,756,CO,,12.35,N,BROADFORDING RD,30,F,N,58,MD,,CEARFOSS PIKE,39.66680088,-77.74250329
01,21,,02,02,03,1,01,01,00,ZU78480003,08.04,01-29-2015,16:32:00,21050,N,N,WASHINGTON,UNK,01,00,144,MD,WA,1.47,E,WASHINGTON ST,0,F,E,950,CO,WA,WESTERN MARYLAND PKWY,39.648842,-77.75048554
01,21,,02,02,02,1,01,01,00,ZU78480004,06.01,02-12-2015,11:54:00,21040,Y,N,WASHINGTON,UNK,01,00,473,CO,,1.65,S,HOPEWELL RD,0,F,S,666,CO,,HALFWAY BLVD,39.63126372,-77.78344989
01,21,,02,03,02,1,01,01,00,ZU78480006,06.01,02-20-2015,16:14:00,09070,Y,N,WASHINGTON,UNK,01,00,220,CO,,0.21,E,MEADOW VIEW DR,0,F,E,60,MD,,POTOMAC AVE,39.66679675,-77.70020485
01,21,,08.04,14,03,1,01,01,00,ZU78480007,08.04,02-26-2015,08:27:00,23010,N,N,WASHINGTON,UNK,01,00,111,CO,,0,S,WALNUT POINT WEST,1,M,S,40,US,,NATIONAL PIKE,39.65014514,-77.82991111
01,21,,02,04,02,1,01,02,00,ZU78480008,06.01,03-16-2015,12:18:00,21010,Y,N,WASHINGTON,UNK,01,00,667,CO,,0.02,S,GOVERNOR LANE BLVD,0,F,S,,UU,,SPUR TO US 11,39.60831569,-77.79536158
07.88,21,,01,17,02,2,01,01,04,ZU78480009,06.01,03-23-2015,22:32:00,22040,N,N,WASHINGTON,UNK,09,00,179,CO,,0.14,E,LONGMEADOW RD,30,F,E,,UU,,ENT TO SHOPPING CTR,39.68614219,-77.71931827
07.88,21,,03,03,03,1,01,01,00,ZU78490001,06.01,01-29-2015,18:00:00,07040,Y,N,WASHINGTON,UNK,01,00,319,CO,,0.78,S,HOWELL RD,150,F,S,710,MU,,EDGEWOOD DR,39.61657988,-77.69402236
01,21,,01,17,03,1,01,01,06,ZU78490002,06.01,03-06-2015,10:08:00,01040,N,N,WASHINGTON,UNK,11,00,582,CO,,0,S,TREGO MOUNTAIN RD,1,M,S,807,CO,,TREGO RD,39.42199833,-77.68371167
01,21,,03,03,02,1,01,01,00,ZU78500001,06.01,01-16-2015,13:38:00,,Y,N,WASHINGTON,UNK,01,00,11,US,,9.53,N,MIDDLEBURG PIKE,200,F,N,201,CO,,CLUB RD,39.67605004,-77.71992445
01,21,,02,11,02,1,01,01,00,ZU78500002,06.01,01-28-2015,08:20:00,22040,Y,N,WASHINGTON,UNK,01,00,11,US,,3.98,N,VIRGINIA AVE,0,F,N,443,CO,,LINCOLN AVE,39.6189167,-77.76342988
01,21,,01,17,01,1,01,01,22.03,ZU78500005,06.01,02-17-2015,14:32:00,05060,N,N,WASHINGTON,UNK,16,11,790,CO,,0.5,S,OAK RIDGE DR,125,F,S,436,CO,,KNOTTY PINE DR,39.6172266,-77.75100589
04,21,,02,88,02,1,01,01,00,ZU78500006,06.01,03-23-2015,00:41:00,09010,Y,N,WASHINGTON,UNK,02,00,23,MU,,0.05,S,BOSWELL BLVD,0,F,S,28,MU,,GRAND VIEW CT,39.65681329,-77.56693393
04,21,,01,17,02,1,01,01,88,ZU78500007,00,03-28-2015,03:09:00,10010,N,N,WASHINGTON,UNK,16,09,550,MD,,1.81,N,PEN MAR RD,108,F,N,869,CO,,CAMP RITCHIE ACCESS RD,39.71277432,-77.49416828
01,21,,00,17,04,1,01,01,88,ZU78510001,12.04,01-24-2015,09:01:00,08020,N,N,WASHINGTON,UNK,16,09,310,CO,,1.363,W,MT AETNA RD,0,M,W,66,MD,,MAPLEVILLE RD,39.60177308,-77.62219308
01,21,,00,01,02,1,01,00,00,ZU78510003,06.01,02-20-2015,16:44:00,21040,N,N,WASHINGTON,UNK,01,00,847,CO,,0,S,UNDERPASS WAY,0,F,S,848,CO,,RAILWAY LA,39.62933168,-77.76831858
01,21,,03,10,02,,01,03,00,ZU78510004,06.01,03-18-2015,12:38:00,07040,N,N,WASHINGTON,UNK,01,00,40,US,,37.89,E,DUAL HWY,15,F,E,310,CO,,MT AETNA RD,39.62466925,-77.69754582
01,21,,00,17,02,1,05,01,05,ZU78510005,06.01,03-22-2015,12:49:00,05070,N,N,WASHINGTON,UNK,15,10,1203,CO,,0,N,CLIFTON AVE,0,M,N,210,MU,,E SUNSET AVE,39.5953714,-77.80955315
01,21,,02,03,01,1,01,01,00,ZU78520001,07.01,01-04-2015,12:34:00,,N,N,WASHINGTON,UNK,01,00,316,CO,,1.15,S,EDGEWOOD DR,0,F,S,362,CO,,STOUFFER AVE,39.61152788,-77.70282805
03,21,,02,11,01,1,01,01,00,ZU78520002,03,01-11-2015,22:17:00,,Y,N,WASHINGTON,UNK,01,00,316,CO,,0,S,EDGEWOOD DR,0,F,S,310,CO,,MT AETNA RD,39.61895595,-77.68420681
04,21,,01,17,01,1,01,01,10,ZU78520003,06.01,01-14-2015,18:04:00,,N,N,WASHINGTON,UNK,09,00,341,CO,,0,W,LANDIS RD,1,M,W,315,CO,,WHITEHALL RD,39.6063745,-77.66624645
04,21,,01,17,03,1,01,01,10,ZU78520004,06.01,01-29-2015,22:33:00,08020,N,N,WASHINGTON,UNK,09,00,312,CO,,1.01,S,STOTTLEMYER RD,1,M,S,40,US,,NATIONAL PIKE,39.57008137,-77.63041645
01,21,,01,17,02,,01,01,18.88,ZU78520005,06.01,02-27-2015,10:47:00,09060,N,N,WASHINGTON,UNK,09,00,178,CO,,0.82,N,MARSH PIKE,300,F,N,179,CO,,LONGMEADOW RD,39.68237097,-77.69649535
04,21,,01,17,03,,01,01,10,ZU78520006,06.01,02-22-2015,01:30:00,06030,N,N,WASHINGTON,UNK,09,00,788,CO,,2.61,W,GARIS SHOP RD,1,M,W,537,CO,,ROXBURY RD,39.56433303,-77.70848215
05.02,22,,01,88,02,,01,01,00,ZVW2040001,06.01,01-22-2015,07:15:00,,N,N,WICOMICO,UNK,01,00,290,CO,,0.78,S,TILGHMAN RD,10,F,S,350,MD,,MT HERMON RD,38.35952724,-75.54821491
01,22,,01,17,03,,01,01,10,ZVW2040002,08.04,03-05-2015,15:51:00,,N,N,WICOMICO,UNK,09,09,109,CO,,1.49,S,CROOKED OAK LA,1,M,S,349,MD,,NANTICOKE RD,38.36504584,-75.65591097
01,22,,02,03,02,1,01,01,00,ZVW2120009,06.01,01-16-2015,14:26:00,,N,N,WICOMICO,UNK,01,01,416,CO,,0.51,W,NAYLOR MILL RD,0,F,W,1950,MU,,NORTHWOOD DR,38.40864145,-75.57664633
05.02,22,,01,17,01,1,01,01,11,ZVW212000B,07.01,01-19-2015,07:27:00,,N,N,WICOMICO,UNK,16,09,49,CO,,0.36,W,BAILEY NURSERY RD,100,F,W,347,MD,,QUANTICO RD,38.3821542,-75.73590517
04,22,,01,17,02,1,01,01,00,ZVW219000B,06.01,01-13-2015,18:23:00,,N,N,WICOMICO,UNK,11,00,393,CO,,1.67,S,RUM RIDGE RD,0,M,S,394,CO,,GORDY MILL RD,38.43732083,-75.52946091
06.02,22,,01,17,02,1,01,01,11,ZVW219000C,06.01,02-09-2015,18:43:00,,N,N,WICOMICO,UNK,09,09,393,CO,,2.62,S,RUM RIDGE RD,0,M,S,395,CO,,CARIOCA RD,38.42874847,-75.53458929
04,22,,01,17,01,,01,01,06,ZVW219000D,06.01,03-15-2015,04:14:00,,N,N,WICOMICO,UNK,09,00,208,CO,,0.8,S,ST LUKES RD,1,M,S,173,CO,,MILTON MILL RD,38.2914355,-75.59158087
99,22,,02,17,99,,01,01,88,ZVW219000F,00,03-21-2015,20:00:00,,N,N,WICOMICO,UNK,10,00,341,CO,,2.86,N,POPLAR NECK RD,0,F,N,349,CO,,RICHARDSON RD,38.39951916,-75.37320614
01,22,,01,17,02,1,01,01,05,ZVW219000G,06.01,03-30-2015,17:06:00,,N,N,WICOMICO,UNK,09,00,76,CO,,3.71,W,WETIPQUIN RD,0,F,W,,UU,,END BRIDGE,38.32658354,-75.86649656
04,22,,01,17,02,1,01,01,05,ZVW233000C,06.01,02-12-2015,20:00:00,,N,N,WICOMICO,UNK,09,10,153,CO,,1.83,S,RIVERSIDE DR,100,F,S,648,CO,,CHINABERRY DR,38.33973757,-75.63282251
01,22,,01,17,04,1,01,01,88,ZVW236000B,10.04,02-19-2015,14:00:00,,N,N,WICOMICO,UNK,09,00,539,CO,,1.42,S,WHITE LOWE RD,1,M,S,50,US,,OCEAN GATEWAY,38.41403862,-75.63848734
01,22,,00,07,02,2,01,01,00,ZVW2380007,06.01,01-30-2015,15:39:00,,N,N,WICOMICO,UNK,01,00,286,CO,,0.3,N,CIVIC AVE,0,F,N,281,CO,,WYMAN DR,38.36603847,-75.57430744
01,22,,00,17,04,1,01,01,11,ZVW2380008,05,02-15-2015,07:52:00,,N,N,WICOMICO,UNK,09,00,143,CO,,0.474,S,COOPER RD,999,F,S,1255,CO,,COOPER LANDING RD,38.33477248,-75.71034908
01,22,,00,17,02,1,01,01,23.03,ZVW238000B,00,02-23-2015,14:33:00,,N,N,WICOMICO,UNK,09,00,356,CO,,1.831,N,HOBBS RD,0,F,N,1138,CO,,WINTERPLACE PKWY,38.37440799,-75.52617788
04,22,,02,99,04,,01,01,09,ZVW238000C,08.04,03-06-2015,01:21:00,,N,N,WICOMICO,UNK,09,00,349,CO,,2.22,N,RICHARDSON RD,0,F,N,374,CO,,COBBS HILL RD,38.41943538,-75.36870003
04,22,,01,17,04,2,01,01,23.03,ZVW238000D,08.04,03-05-2015,23:57:00,,N,N,WICOMICO,UNK,09,00,277,CO,,2.84,S,BEAGLIN PARK DR,0,F,S,283,CO,,CAMELLIA RD,38.35943469,-75.57044506
01,22,,01,88,02,,01,01,00,ZVW238000F,06.01,03-12-2015,07:31:00,,N,N,WICOMICO,UNK,02,00,1500,MU,,0.43,W,E LINCOLN AVE,200,F,W,5,MU,,ADAMS AVE,38.34963308,-75.58492899
07.88,22,,01,88,02,,01,01,00,ZVW238000G,00,03-23-2015,22:20:00,,N,N,WICOMICO,UNK,02,00,126,OP,,0.1,W,EDEN ST,50,F,W,128,OP,,BOND ST,38.40401739,-75.56412578
05.02,22,,01,17,04,1,04,01,07,ZVW241000H,07.01,03-02-2015,06:21:00,,N,N,WICOMICO,UNK,16,16,22,CO,,0.7,N,SNETHEN CHURCH RD,0,M,N,29,CO,,GRAPEVINE RD,38.48317407,-75.71749449
03,22,,02,17,02,1,01,01,11,ZVW2450006,06.01,03-09-2015,21:36:00,,N,N,WICOMICO,UNK,15,09,1320,CO,,0,W,NAYLOR MILL RD,0,F,W,,,,LEVIN DASHIELL RD,38.38606483,-75.65112591
04,22,,01,05,02,1,01,01,00,ZVW249000C,06.01,01-16-2015,18:01:00,,N,N,WICOMICO,UNK,01,00,119,CO,,3.84,N,LEVIN DASHIELL RD,500,F,N,725,CO,,QUANTICO CREEK RD,38.40169685,-75.67942858
04,22,,01,17,04,1,01,01,11,ZVW249000D,05,02-15-2015,00:41:00,,N,N,WICOMICO,UNK,09,00,119,CO,,2.5,N,LEVIN DASHIELL RD,500,F,N,111,CO,,ROCKAWALKIN RD,38.39535699,-75.66071749
01,22,,02,02,02,1,01,01,00,ZVW249000F,06.01,02-25-2015,09:30:00,,Y,N,WICOMICO,UNK,01,00,277,CO,,2.78,S,BEAGLIN PARK DR,0,F,S,272,CO,,GLEN AVE,38.37678829,-75.67588806
01,22,,01,17,02,1,01,01,10,ZVW249000G,06.01,03-25-2015,14:52:00,,N,N,WICOMICO,UNK,09,00,537,CO,,0.94,N,MEMORY GARDENS LA,100,F,N,532,CO,,SPRING HILL LA,38.41620746,-75.6606102
01,22,,01,03,01,1,01,03,00,ZVW2530002,03,01-12-2015,10:10:00,,N,N,WICOMICO,UNK,01,01,13,US,BU,7.76,N,N SALISBURY BLVD,243,F,N,406,CO,BU,ZION RD,38.39242459,-75.57502896
04,22,,01,17,01,1,01,01,05,ZVW2530003,03,01-21-2015,18:04:00,,N,N,WICOMICO,UNK,15,09,119,CO,,2.42,N,LEVIN DASHIELL RD,0,M,N,39,OP,,SYCAMORE LA,38.39560085,-75.66077113
04,22,,00,17,03,1,01,01,11,ZVW2530005,08.04,02-16-2015,20:15:00,,N,N,WICOMICO,UNK,15,09,425,CO,,0.46,N,PINE WAY,185,F,N,429,CO,,MAPLE WAY,38.38408851,-75.57388902
01,22,,01,17,04,1,01,01,01,ZVW2530006,09.04,03-01-2015,10:26:00,,N,N,WICOMICO,UNK,09,09,420,CO,,1.86,N,JERSEY RD,0,F,N,,UU,,END BRIDGE,38.40426962,-75.60419798
00,22,,08.04,06,01,1,02,01,00,ZVW2530007,03,03-05-2015,22:02:00,,N,N,WICOMICO,UNK,15,01,214,CO,,0.6,W,UNION CHURCH RD,0,F,W,991,CO,,FOXCHASE DR,38.29353645,-75.55921063
07.88,22,,01,17,02,1,01,01,00,ZVW2530009,06.01,03-13-2015,01:35:00,,N,N,WICOMICO,UNK,10,00,1106,CO,,0.22,N,N CAMDEN AVE,98,F,N,186,CO,,TONY TANK LA,38.33448974,-75.61517894
07.88,22,,00,17,01,1,01,01,01,ZVW253000B,06.01,03-16-2015,02:35:00,,N,N,WICOMICO,UNK,09,00,537,CO,,0.62,N,MEMORY GARDENS LA,0,M,N,421,CO,,LOG CABIN RD,38.42684897,-75.66456914
03,22,,01,17,04,2,01,04,00,ZVW2540001,09.04,01-14-2015,03:57:00,,N,N,WICOMICO,UNK,16,11,13,US,BU,2.84,N,N FRUITLAND BLVD,300,F,N,,UU,BU,POLLITT DR (ENT TO WAL-MART),38.33369526,-75.60994864
01,22,,02,17,01,1,01,01,00,ZVW2540002,03,01-24-2015,09:16:00,,N,N,WICOMICO,UNK,88,00,420,CO,,0.9,N,JERSEY RD,0,F,N,1095,CO,,ADVENTIST DR,38.39083299,-75.60252428
04,22,,01,17,03,1,01,01,23.03,ZVW2540003,08.04,02-24-2015,21:58:00,,N,N,WICOMICO,UNK,16,11,47,CO,,0,N,CHERRY WALK RD,1,M,N,347,MD,,QUANTICO RD,38.37437435,-75.74347973
01,22,,01,17,04,1,01,01,06,ZVW2540004,08.04,03-05-2015,15:23:00,,N,N,WICOMICO,UNK,16,88,287,CO,,0.74,N,PARKER RD,500,F,N,1205,CO,,HEATHER GLEN DR,38.3818262,-75.55452347
01,22,,01,05,01,1,01,01,00,ZVW2550008,12.04,01-27-2015,08:55:00,,N,N,WICOMICO,UNK,01,00,221,CO,,3.37,N,ALLEN RD,1,M,N,194,CO,,ALLEN CUT OFF,38.31581784,-75.64034343
06.02,22,,02,17,01,,01,01,06,ZVW256000H,03,02-10-2015,06:56:00,,N,N,WICOMICO,UNK,09,09,1302,CO,,0,W,RIVERSIDE DR EXT,0,F,W,152,CO,,SILOAM RD,38.33477143,-75.67830339
04,22,,01,17,02,1,01,01,00,ZVW256000J,06.01,03-22-2015,02:31:00,,N,N,WICOMICO,UNK,08,00,352,CO,,0.87,S,SEYMORE RD,0,M,S,355,CO,,SEYMORE LA,38.36225294,-75.45022845
01,22,,01,17,02,,01,01,10,ZVW262000D,06.01,01-01-2015,07:58:00,,N,N,WICOMICO,UNK,09,00,46,CO,,0.363,W,REWASTICO RD,100,F,W,1291,CO,,MILLMAN DR,38.41356786,-75.70437312
04,22,,01,17,02,1,01,01,00,ZVW262000F,06.01,01-11-2015,19:58:00,,N,N,WICOMICO,UNK,11,11,70,CO,,2.15,W,PEMBERTON DR,200,F,W,109,CO,,CROOKED OAK LA,38.35266205,-75.64698458
04,22,,01,17,02,1,01,01,18.88,ZVW262000G,00,01-10-2015,19:58:00,,N,N,WICOMICO,UNK,09,00,1245,CO,,0.53,E,WEST RD,150,F,E,639,CO,,WACONIA DR,38.39715643,-75.61187983
99,22,,02,17,02,1,01,01,04,ZVW2630004,06.01,02-01-2015,06:45:00,,N,N,WICOMICO,UNK,09,00,406,CO,,3.41,S,ZION RD,0,F,S,277,CO,,BEAGLIN PARK DR,38.39350707,-75.56778431
04,22,,08.04,17,02,1,01,01,88,ZVW2630005,00,03-10-2015,07:11:00,,N,N,WICOMICO,UNK,03,00,153,CO,,0.46,S,RIVERSIDE DR,300,F,S,881,CO,,RIVERSIDE PINES CT,38.34694056,-75.62327385
03,22,,01,17,02,1,01,01,06,ZVW2630006,06.01,03-15-2015,20:30:00,,N,N,WICOMICO,UNK,11,00,405,CO,,0,N,BROWN RD,900,F,N,406,CO,,ZION RD,38.40073834,-75.54422379
01,22,,03,17,09.88,1,04,01,10,ZVW264000F,06.01,02-02-2015,17:06:00,,N,N,WICOMICO,UNK,09,00,215,CO,,0.93,N,NUTTERS CROSS RD,200,F,N,12,MD,,SNOW HILL RD,38.32330939,-75.55776358
04,22,,01,03,00,1,01,01,00,ZVW264000G,05,02-02-2015,20:30:00,,N,N,WICOMICO,UNK,02,00,232,CO,,0.08,E,HALL DR,100,F,E,663,CO,,LOUIS AVE,38.34131539,-75.59680581
01,22,,01,17,04,1,01,01,11,ZVW264000H,09.04,03-01-2015,17:37:00,,N,N,WICOMICO,UNK,09,00,214,CO,,2.26,W,UNION CHURCH RD,0,M,W,220,CO,,JACKSON RD,38.1835,-75.3446
01,22,,08.04,88,02,,01,01,00,ZVW2650003,06.01,01-27-2015,09:20:00,,N,N,WICOMICO,UNK,02,00,74,MU,,0,N,LENNOX DR,300,F,N,75,MU,,LYNCH DR,38.43259776,-75.57718277
01,22,,01,88,03,,01,01,88,ZVW266000C,08.04,02-27-2015,08:05:00,,N,N,WICOMICO,UNK,09,09,231,CO,,0.07,E,FRANCIS DR,0,M,E,663,CO,,LOUIS AVE,38.34523244,-75.59827566
06.02,22,,00,17,03,,00,88,88,ZVW267000B,06.01,01-14-2015,17:00:00,,N,N,WICOMICO,UNK,09,00,1038,CO,,0,S,CHIMNEY HEARTH LA,20,F,S,212,CO,,COULBOURN MILL RD,38.32225725,-75.58961749
01,22,,01,03,02,1,01,00,00,ZVW267000C,06.01,02-27-2015,10:27:00,,N,N,WICOMICO,UNK,01,01,1106,CO,,1.23,N,N CAMDEN AVE,100,F,N,179,CO,,LOBLOLLY LA,38.34646936,-75.60848951
01,22,,01,11,02,1,01,00,00,ZVW267000D,06.01,02-27-2015,11:30:00,,N,N,WICOMICO,UNK,01,00,277,CO,,2.3,S,BEAGLIN PARK DR,500,F,S,350,MD,,MT HERMON RD,38.36534026,-75.56707621
04,22,,00,17,01,1,01,01,05,ZVW2680008,00,01-18-2015,18:02:00,,N,N,WICOMICO,UNK,09,00,725,CO,,0.97,W,QUANTICO CREEK RD,300,F,W,122,CO,,FIRE TOWER RD,38.40077197,-75.70021033
05.02,22,,00,17,04,1,01,01,10,ZVW268000B,12.04,01-27-2015,07:08:00,,N,N,WICOMICO,UNK,09,00,537,CO,,0,N,MEMORY GARDENS LA,200,F,N,50,US,,OCEAN GATEWAY,38.41692199,-75.66203713
01,22,,01,17,02,1,01,01,23.03,ZVW268000C,05,02-05-2015,12:21:00,,N,N,WICOMICO,UNK,16,09,352,MD,,2.04,E,CAPITOLA RD,1,M,E,103,CO,,CLARA RD,38.28903556,-75.81756234
01,22,,01,17,06.03,1,01,01,23.03,ZVW268000D,09.04,03-01-2015,13:42:00,,N,N,WICOMICO,UNK,16,09,393,CO,,1.67,S,RUM RIDGE RD,1,M,S,394,CO,,GORDY MILL RD,38.43699308,-75.52976131
06.02,22,,01,17,01,1,01,03,88,ZVW2780008,03,01-26-2015,16:45:00,,N,N,WICOMICO,UNK,03,00,487,CO,,0.62,N,EMERSON AVE,100,F,N,488,CO,,DEERS HEAD BLVD,38.38479495,-75.58857679
04,22,,01,17,01,1,01,03,11,ZVW2780009,03,01-26-2015,21:45:00,,N,N,WICOMICO,UNK,08,09,690,CO,,0.7,S,OWENS BRANCH RD,413,F,S,50,US,,OCEAN GATEWAY,38.38519862,-75.62226534
03,22,,01,17,03,1,88,03,18.88,ZVW2820003,08.04,02-16-2015,20:27:00,,N,N,WICOMICO,UNK,09,00,233,CO,,0.44,E,ONLEY RD,0,F,E,,UU,,OUT CORP LMTS SALISBURY,38.34340647,-75.59284687
04,22,,01,17,02,1,01,01,00,ZVW2860005,06.01,01-06-2015,22:42:00,,N,N,WICOMICO,UNK,03,00,38,CO,,0,S,ATHOL RD,100,F,S,50,US,,OCEAN GATEWAY,38.45846164,-75.73882341
01,22,,01,06,02,1,01,01,00,ZVW2860006,00,01-21-2015,09:16:00,,N,N,WICOMICO,UNK,02,00,20,MU,,0,E,WATER ST,30,F,E,5,MU,,MAIN ST,38.54224543,-75.72013378
01,22,,02,88,01,1,01,01,00,ZVW2900011,03,03-10-2015,16:45:00,,Y,N,WICOMICO,UNK,15,02,,UU,,,,DUBLIN RD,0,F,,,NA,,UU0000,38.41007065,-75.60785115
01,22,,02,11,02,1,01,01,17.10,ZVW2910007,06.01,01-17-2015,11:36:00,,Y,N,WICOMICO,UNK,01,09,1106,CO,,0.71,N,N CAMDEN AVE,0,F,N,156,CO,,PINE BLUFF RD,38.3396997,-75.61065137
01,22,,06.01,05,02,1,01,04,00,ZVW2910008,06.01,02-13-2015,11:35:00,,Y,N,WICOMICO,UNK,01,00,54,MD,,10.84,E,E LINE RD (DEL MAINT),100,F,E,13,US,,OCEAN HWY,38.45557153,-75.55707693
01,22,,01,03,03,1,01,00,00,ZVW2980004,10.04,02-19-2015,16:46:00,,N,N,WICOMICO,UNK,01,01,405,CO,,1.43,N,BROWN RD,1,M,N,330,CO,,DAGSBORO RD,38.41234049,-75.54407358
04,22,,01,99,01,,01,01,00,ZVW299000G,03,01-23-2015,23:00:00,,N,N,WICOMICO,UNK,02,01,181,CO,,0.52,N,FREDERICK AVE,100,F,N,179,CO,,LOBLOLLY LA,38.34703311,-75.61065674
04,22,,01,17,01,1,01,01,06,ZVW299000H,03,01-26-2015,20:20:00,,N,N,WICOMICO,UNK,16,16,243,CO,,3.4,E,JOHNSON RD,1,M,E,245,CO,,AIRPORT RD,38.32704645,-75.5326581
06.02,22,,01,88,02,,01,01,00,ZVW299000J,06.01,01-27-2015,18:00:00,,N,N,WICOMICO,UNK,02,00,69,OP,,0,E,DOVE ST,300,F,E,13,US,,N SALISBURY BLVD,38.40395013,-75.56699038
01,22,,06.01,17,04,1,01,01,05,ZVW299000K,09.04,02-10-2015,07:40:00,,N,N,WICOMICO,UNK,09,09,212,CO,,0.97,S,COULBOURN MILL RD,0,F,S,13,US,,SALISBURY BYPASS,38.32105359,-75.58589458
99,22,,01,00,02,1,01,01,00,ZVW299000L,06.01,03-07-2015,07:26:00,,N,N,WICOMICO,UNK,02,00,442,CO,,0.23,N,BROOKVIEW DR,100,F,N,772,CO,,BROOKWOOD DR,38.38069081,-75.56924343
01,22,,01,17,06.03,1,01,01,11,ZVW3020006,09.04,01-14-2015,11:51:00,,N,N,WICOMICO,UNK,09,00,443,CO,,0.6,E,MIDDLE NECK DR,20,F,E,772,CO,,BROOKWOOD DR,38.38187551,-75.56961089
04,22,,01,17,04,,03,01,11,ZVW3020007,10.04,01-27-2015,02:30:00,,N,N,WICOMICO,UNK,16,09,385,CO,,0.37,N,GUY WARD RD,30,F,N,384,CO,,SHOCKLEY RD,38.44398682,-75.44513226
04,22,,01,17,04,1,01,01,11,ZVW3020008,12.04,02-14-2015,21:49:00,,N,N,WICOMICO,UNK,16,09,214,CO,,2.26,W,UNION CHURCH RD,0,M,W,220,CO,,JACKSON RD,38.31062302,-75.5801627
04,22,,01,17,03,1,03,01,23.03,ZVW3020009,08.04,02-16-2015,18:52:00,,N,N,WICOMICO,UNK,16,09,374,CO,,1.96,W,COBBS HILL RD,0,M,W,379,CO,,CALLOWAY RD,38.42547054,-75.38928866
03,22,,02,17,02,1,01,01,05,ZVW304000F,06.01,01-11-2015,23:25:00,,Y,N,WICOMICO,UNK,09,00,212,CO,,0,S,COULBOURN MILL RD,0,F,S,213,CO,,N DIVISION ST,38.330144,-75.597911
01,22,,01,17,03,1,01,01,23.03,ZVW304000G,06.01,02-19-2015,10:29:00,,N,N,WICOMICO,UNK,16,09,420,CO,,4.49,N,JERSEY RD,1,M,N,534,CO,,ADKINS RD,38.44269905,-75.62490463
01,22,,11.04,09,01,1,01,01,00,ZVW304000J,03,03-03-2015,16:00:00,,N,N,WICOMICO,UNK,01,01,57,CO,,3.2,S,OLD RAILROAD RD,150,F,S,347,MD,,S MAIN ST,38.41469432,-75.69477081
01,22,,01,17,01,1,01,01,88,ZVW306000F,06.01,01-25-2015,07:54:00,,N,N,WICOMICO,UNK,09,00,322,CO,,0.3,N,FRIENDSHIP RD,0,M,N,319,CO,,PERDUE RD,38.36188279,-75.37388206
03,22,,02,03,02,1,01,01,00,ZVW306000G,06.01,02-05-2015,18:27:00,,N,N,WICOMICO,UNK,01,00,213,CO,,2.52,N,N DIVISION ST,0,F,N,731,CO,,COULBOURN DR,38.33280318,-75.59986353
01,22,,01,17,04,1,05,01,00,ZVW306000H,10.04,02-19-2015,08:53:00,,N,N,WICOMICO,UNK,16,00,254,CO,,0,N,POWELL SCHOOL RD,2,M,N,354,MD,,POWELLVILLE RD,38.29817178,-75.38719654
01,22,,01,17,02,1,01,01,11,ZVW306000J,00,03-28-2015,16:35:00,,N,N,WICOMICO,UNK,16,09,,,,,,RUM RIDGE RD,0,M,,,,,LOPEZ LN,38.44817769,-75.51473022
01,22,,02,02,01,1,01,01,88,ZVW316000B,07.01,02-10-2015,13:03:00,,N,N,WICOMICO,UNK,01,09,245,CO,,2.39,N,AIRPORT RD,0,F,N,264,CO,,AIRPORT TERMINAL RD,38.34162253,-75.51938117
01,22,,01,17,01,1,01,01,11,ZVW316000C,00,03-02-2015,11:11:00,,N,N,WICOMICO,UNK,16,09,23,CO,,3.14,S,NORRIS TWILLEY RD,0,M,S,28,CO,,MAY TWILLEY RD,38.47485914,-75.7028389
01,22,,01,17,04,1,01,01,23.03,ZVW316000D,08.04,03-05-2015,14:25:00,,N,N,WICOMICO,UNK,16,09,393,CO,,2.62,S,RUM RIDGE RD,0,M,S,395,CO,,CARIOCA RD,38.4268994,-75.53765774