LIGHT_CODE,COUNTY_NO,MUNI_CODE,JUNCTION_CODE,COLLISION_TYPE_CODE,SURF_COND_CODE,LANE_CODE,RD_COND_CODE,RD_DIV_CODE,FIX_OBJ_CODE,REPORT_NO,WEATHER_CODE,ACC_DATE,ACC_TIME,LOC_CODE,SIGNAL_FLAG,C_M_ZONE_FLAG,AGENCY_CODE,AREA_CODE,HARM_EVENT_CODE1,HARM_EVENT_CODE2,RTE_NO,ROUTE_TYPE_CODE,RTE_SUFFIX,LOG_MILE,LOGMILE_DIR_FLAG,MAINROAD_NAME,DISTANCE,FEET_MILES_FLAG,DISTANCE_DIR_FLAG,REFERENCE_NO,REFERENCE_TYPE_CODE,REFERENCE_SUFFIX,REFERENCE_ROAD_NAME,LATITUDE,LONGITUDE
04,23,,02,17,02,1,01,01,06,ZW00440005,06.01,02-14-2015,05:58:00,,N,N,WORCESTER,UNK,09,09,12,MD,,16.8,N,SNOW HILL RD,0,F,N,10,CO,,OLD FURNACE RD,38.21073694,-75.45032501
01,23,,01,17,04,1,00,01,06,ZW00440006,06.01,02-15-2015,11:13:00,,N,N,WORCESTER,UNK,00,09,220,CO,,4.35,S,ST MARTINS NECK RD,0,M,S,336,CO,,BACK CREEK RD,38.41719939,-75.12906075
06.02,23,,01,17,01,1,01,04,11,ZW00440007,08.04,03-05-2015,17:46:00,,N,N,WORCESTER,UNK,09,00,50,US,,1.74,E,OCEAN GATEWAY,0,M,E,,UU,,CROSSOVER,38.38198599,-75.29746056
01,23,,01,17,04,1,01,01,06,ZW00450007,06.01,02-25-2015,08:40:00,,N,N,WORCESTER,UNK,16,10,92,CO,,0.75,E,WHITON CROSSING RD,1,F,E,,UU,,STRUC #WO0403 POCOMOKE RIVER,38.287902,-75.367832
01,23,,01,17,01,1,01,01,23.03,ZW00450008,03,03-26-2015,16:27:00,,N,N,WORCESTER,UNK,16,09,147,CO,,2.32,N,SOUTH POINT RD,300,F,N,419,CO,,BAY LANDING DR,38.240537,-75.175901
01,23,,01,17,02,1,01,01,10,ZW00620002,06.01,03-22-2015,18:41:00,,N,N,WORCESTER,UNK,09,00,1,CO,,0,W,ST LUKES RD,0,M,W,12,MD,,SNOW HILL RD,38.26640478,-75.51419377
01,23,,01,17,01,1,01,01,00,ZW00630007,03,02-10-2015,07:40:00,,N,N,WORCESTER,UNK,08,00,376,MD,,2.86,E,ASSATEAGUE RD,150,F,E,682,CO,,SADDLECREEK DR,38.30436667,-75.17713333
04,23,,01,17,03,1,01,01,10,ZW01160003,10.04,02-14-2015,22:34:00,,N,N,WORCESTER,UNK,09,00,366,MD,,0.83,E,STOCKTON RD,1,M,E,76,CO,,GROTON RD,38.00665,-75.5284
01,19,,02,05,02,1,01,01,00,ZW01160004,07.01,03-27-2015,18:38:00,,N,N,WORCESTER,UNK,01,00,364,MD,,0.04,N,DIVIDING CREEK RD,0,F,N,208,CO,,HAYWARD RD,38.07948252,-75.57627356
01,23,,01,17,04,1,01,01,06,ZW0120000F,07.01,02-23-2015,09:00:00,,N,N,WORCESTER,UNK,09,00,125,CO,,0.5,S,LANGMAID RD,0,M,S,129,CO,,MARSHALL CREEK RD,38.24045181,-75.28231049
04,23,,01,17,02,1,01,05.01,11,ZW01240003,06.01,01-13-2015,17:35:00,,N,N,WORCESTER,UNK,09,00,211,CO,,1.3,N,BEAUCHAMP RD,100,F,N,409,CO,,ST MARTINS PKWY,38.39930896,-75.16441226
01,23,,02,14,02,1,01,01,00,ZW01240004,06.01,02-13-2015,08:19:00,,Y,N,WORCESTER,UNK,01,00,589,MD,,4.606,N,RACETRACK RD,0,F,N,113,US,,WORCESTER HWY,38.39073208,-75.20296097
01,23,,01,17,04,1,88,01,23.03,ZW01240005,09.04,03-01-2015,10:16:00,,N,N,WORCESTER,UNK,09,09,334,CO,,0.95,N,CATHELL RD,200,F,N,193,CO,,ADKINS RD,38.36751898,-75.18862724
01,23,,00,17,02,1,01,01,08,ZW01290006,06.01,01-11-2015,12:41:00,,N,N,WORCESTER,UNK,16,09,125,CO,,0.5,S,LANGMAID RD,75,F,S,129,CO,,MARSHALL CREEK RD,38.24564598,-75.28385639
01,23,,00,17,01,1,01,01,23.03,ZW01290007,03,02-02-2015,15:20:00,,N,N,WORCESTER,UNK,16,09,154,CO,,1.59,E,SINEPUXENT RD,1,M,E,,UU,,LINCOLN LA (PVT),38.313109,-75.154685
01,23,,00,17,04,1,01,01,11,ZW01290008,03,02-22-2015,07:44:00,,N,N,WORCESTER,UNK,15,09,36,CO,,4.38,E,SAND RD,0,M,E,13,CO,,MILLVILLE RD,38.192662,-75.470248
01,23,,08.04,88,02,1,01,01,00,ZW0130000F,06.01,02-03-2015,08:15:00,,N,N,WORCESTER,UNK,01,00,716,CO,,0,W,NATURE PARK DR,141,F,W,195,CO,,KEYSER POINT RD,38.346087,-75.117103
01,23,,02,03,02,1,01,03,00,ZW0130000G,06.01,02-13-2015,07:54:00,,Y,N,WORCESTER,UNK,01,01,589,MD,,2.55,N,RACETRACK RD,0,F,N,90,RP,,RAMP 4 FR MD 589 NB TO MD 90 EB,38.380787,-75.169708
01,23,,09.04,09,01,,01,01,00,ZW0130000H,03,03-20-2015,13:13:00,,N,N,WORCESTER,UNK,01,00,589,MD,,2.37,N,RACETRACK RD,200,F,N,334,CO,,CATHELL RD,38.378057,-75.16576
04,18,,01,17,01,,01,01,06,ZR0280000L,07.01,01-13-2015,05:30:00,003815,N,N,STMARYS,UNK,09,09,4,CO,,3.83,E,GOLDEN BEACH RD,400,F,E,1041,CO,,SUITE LANDING RD,38.4949981,-76.71587706
01,18,,01,11,01,1,01,05.01,00,ZR0280000M,03,01-26-2015,07:35:00,007415,N,N,STMARYS,UNK,01,00,5,MD,,26.7,N,POINT LOOKOUT RD,50,F,N,245,MD,,HOLLYWOOD RD,38.29663933,-76.6343379
03,18,,01,17,04,,01,01,23.03,ZR02830006,06.01,02-25-2015,23:45:00,015215,N,N,STMARYS,UNK,09,16,5,MD,,15.42,N,POINT LOOKOUT RD,0,M,N,,UU,,THOMPSON ORCHARD LN,38.2255808,-76.46547675
01,18,,02,05,02,1,01,01,00,ZR02830007,06.01,03-26-2015,18:04:00,025315,N,N,STMARYS,UNK,01,00,5,MD,,16.92,N,POINT LOOKOUT RD,0,F,N,1205,CO,,BAY RIDGE RD,38.23582055,-76.49086118
03,18,,03,03,02,2,01,03,00,ZR02840003,06.01,01-11-2015,17:50:00,003515,Y,N,STMARYS,UNK,01,00,235,MD,,17.647,N,THREE NOTCH RD,15,F,N,203,CO,,MERVELL DEAN RD,38.31276208,-76.53484941
03,18,,01,17,04,,01,01,11,ZR02840004,06.01,02-23-2015,00:09:00,013915,N,N,STMARYS,UNK,16,09,4,MD,,1.85,N,ST ANDREWS CHURCH RD,600,F,N,,UU,,HONEY TREE LA (PVT),38.28490914,-76.5867877
01,18,,02,03,01,1,01,01,00,ZR0290000T,03,01-18-2015,11:05:00,005315,N,N,STMARYS,UNK,01,00,4,MD,,1.47,N,ST ANDREWS CHURCH RD,0,F,N,224,CO,,BROWN RD,38.28943134,-76.60359979
01,18,,03,09,02,1,01,04,00,ZR0290000V,06.01,02-04-2015,07:56:00,008715,N,N,STMARYS,UNK,01,00,4,MD,,6.06,N,ST ANDREWS CHURCH RD,5,F,N,,UU,,ENT TO BUSINESS,38.30318989,-76.52077317
01,18,,03,03,02,1,01,03,00,ZR02910004,06.01,01-09-2015,10:59:00,002715,Y,N,STMARYS,UNK,01,00,5,MD,,40.25,N,THREE NOTCH RD,20,F,N,29,CO,,MECHANICSVILLE RD,38.44630811,-76.74347699
01,18,,03,17,03,,01,01,09,ZR02910005,08.04,02-16-2015,16:25:00,011015,Y,N,STMARYS,UNK,09,00,82,CO,,0,E,BUSY CORNER RD,10,F,E,5,MD,,POINT LOOKOUT RD,38.37443323,-76.6939795
01,18,,01,17,03,,01,01,00,ZR02910006,06.01,02-17-2015,15:33:00,011415,N,N,STMARYS,UNK,11,00,234,MD,,1.65,E,BUDDS CREEK RD,200,F,E,47,CO,,AVIATION YACHT CLUB RD,38.39017708,-76.82421684
01,18,,02,11,03,1,01,01,00,ZR02910007,06.01,02-20-2015,08:59:00,012415,Y,N,STMARYS,UNK,01,00,238,MD,,1.95,N,MADDOX RD,0,F,N,26,OP,,LONGVIEW BLVD,38.30563147,-76.79715872
04,18,,01,17,02,,01,01,10,ZR02920005,06.01,02-13-2015,23:41:00,010715,N,N,STMARYS,UNK,09,00,29,CO,,2.84,N,MECHANICSVILLE RD,0,M,N,804,CO,,BEVERLY DR,38.4082295,-76.76623821
04,18,,01,17,04,,01,01,06,ZR02920006,06.01,02-20-2015,02:48:00,012315,N,N,STMARYS,UNK,09,16,238,MD,,5.126,N,MADDOX RD,50,F,N,,UU,,GARNER RD,38.34766418,-76.80781245
04,18,,01,17,04,,01,01,10,ZR0296000D,12.04,01-12-2015,03:59:00,003615,N,N,STMARYS,UNK,09,11,242,MD,,9.35,N,COLTON POINT RD,50,F,N,,UU,,STRUC #18020 CLEMENTS CREEK,38.33385516,-76.72495633
04,18,,03,03,02,,01,01,00,ZR0296000F,06.01,02-12-2015,19:32:00,010215,Y,N,STMARYS,UNK,01,00,5,MD,,26.7,N,POINT LOOKOUT RD,10,F,N,245,MD,,HOLLYWOOD RD,38.29708033,-76.63533702
01,18,,01,03,02,1,01,01,00,ZR0296000G,06.01,03-07-2015,14:32:00,019915,N,N,STMARYS,UNK,01,01,29,CO,,3.68,N,MECHANICSVILLE RD,400,F,N,1214,CO,,CARPENTER DR,38.41390412,-76.76198155
01,18,,09.04,03,01,1,01,01,00,ZR0296000H,03,03-11-2015,10:36:00,021715,N,N,STMARYS,UNK,01,01,5,MD,,28.83,N,POINT LOOKOUT RD,0,F,N,234,MD,,BUDDS CREEK RD,38.31522017,-76.66875601
01,18,,06.01,11,02,1,01,04,00,ZR0296000J,06.01,03-12-2015,17:27:00,021915,N,N,STMARYS,UNK,01,00,5,MD,,44.16,N,THREE NOTCH RD,0,F,N,,UU,,CROSSOVER,38.49311818,-76.77499563
04,18,,01,17,02,1,01,01,00,ZR0296000K,07.01,03-25-2015,06:21:00,024915,N,N,STMARYS,UNK,08,00,233,CO,,0,W,POTTER DR,200,F,W,235,CO,,PINE CT,38.30323199,-76.51291832
06.02,18,,01,11,02,1,01,01,00,ZR0297000D,06.01,01-02-2015,20:12:00,000515,N,N,STMARYS,UNK,02,00,,UU,,,,BAYSIDE WAY,200,F,,,UU,,MONTEREY LN,38.29178917,-76.50612831
03,18,,01,17,01,3,01,03,04,ZR0297000F,02,01-03-2015,22:43:00,001015,N,N,STMARYS,UNK,09,09,235,MD,,16.608,N,THREE NOTCH RD,600,F,N,4,MD,,PATUXENT BEACH RD,38.30522735,-76.52329445
03,18,,01,17,02,,01,01,06,ZR0297000G,06.01,01-18-2015,02:48:00,005215,N,N,STMARYS,UNK,09,09,235,MD,,6.056,N,THREE NOTCH RD,500,F,N,530,CO,,ST JAMES CHURCH RD,38.19718009,-76.39377594
03,18,,02,03,02,,01,04,00,ZR0297000H,07.01,02-24-2015,19:39:00,014715,Y,N,STMARYS,UNK,01,00,245,MD,,5.25,N,HOLLYWOOD RD,0,F,N,,UU,,SPUR TO MD 235,38.34566157,-76.57181025
01,18,,01,17,04,,01,01,06,ZR0297000J,12.04,03-01-2015,10:58:00,016515,N,N,STMARYS,UNK,09,09,243,MD,,3.16,N,NEWTOWNE NECK RD,300,F,N,167,CO,,BULL RD,38.28997028,-76.67390585
01,18,,01,17,04,,01,01,11,ZR0297000K,09.04,03-01-2015,12:26:00,016715,N,N,STMARYS,UNK,09,09,167,CO,,0.58,S,BULL RD,1,M,S,625,CO,,COOPER DR,38.28656816,-76.66813374
01,18,,01,17,04,,01,01,23.03,ZR0297000L,09.04,03-01-2015,16:44:00,017215,N,N,STMARYS,UNK,09,09,83,CO,,0.62,S,JONES RD,1,M,S,1128,CO,,RAMBLE CT,38.34505573,-76.63446665
03,18,,03,17,02,,01,04,08,ZR0298000C,06.01,02-21-2015,03:01:00,012715,Y,N,STMARYS,UNK,09,00,237,MD,,0.24,N,CHANCELLORS RUN RD,4,F,N,272,CO,,PEGG RD,38.2525213,-76.48949862
03,18,,03,03,02,,01,03,00,ZR02990004,06.01,01-09-2015,17:59:00,003015,N,N,STMARYS,UNK,01,01,235,MD,,16.572,N,THREE NOTCH RD,900,F,N,,UU,,SPUR TO MD 4,38.30168912,-76.51557237
05.02,18,,03,07,02,3,01,04,00,ZR02990005,06.01,02-11-2015,06:46:00,009815,Y,N,STMARYS,UNK,01,00,235,MD,,16.608,N,THREE NOTCH RD,700,F,N,4,MD,,PATUXENT BEACH RD,38.30321515,-76.5190807
04,18,,01,03,02,1,01,01,00,ZR02990007,06.01,03-07-2015,22:15:00,020015,N,N,STMARYS,UNK,01,00,5,MD,,10.57,N,POINT LOOKOUT RD,800,F,N,371,CO,,ROSECROFT RD,38.18162203,-76.42248631
01,18,,01,03,02,1,01,01,00,ZR03010007,06.01,01-08-2015,07:53:00,002415,N,N,STMARYS,UNK,01,00,5,MD,,24.71,N,POINT LOOKOUT RD,30,F,N,244,MD,,MEDLEYS NECK RD,38.27556911,-76.61168933
01,18,,02,11,02,1,01,03,00,ZR03010008,06.01,01-30-2015,15:31:00,008015,N,N,STMARYS,UNK,01,00,4,MD,,5.43,N,ST ANDREWS CHURCH RD,0,F,N,,UU,,ENT TO BUSINESS,38.29544366,-76.52861595
07.88,18,,00,17,01,,01,01,10,ZR03010009,00,03-14-2015,21:16:00,022615,N,N,STMARYS,UNK,09,09,5,MD,,19.01,N,POINT LOOKOUT RD,100,F,N,1178,CO,,SETH CT,38.23764922,-76.52914166
01,18,,00,17,02,1,01,01,00,ZR0301000B,06.01,03-15-2015,18:45:00,022915,N,N,STMARYS,UNK,08,00,224,CO,,2.4,S,BROWN RD,0,M,S,4,MD,,ST ANDREWS CHURCH RD,38.28851345,-76.59268856
01,18,,00,03,02,1,01,01,00,ZR0301000C,06.01,03-19-2015,17:54:00,023515,Y,N,STMARYS,UNK,01,00,5,MD,,26.7,N,POINT LOOKOUT RD,50,F,N,5,MD,,WASHINGTON ST,38.29658881,-76.63526058
01,18,,00,03,02,1,01,04,00,ZR0301000F,06.01,03-28-2015,19:07:00,025915,Y,N,STMARYS,UNK,01,00,235,MD,,16.627,N,THREE NOTCH RD,25,F,N,,UU,,SPUR FR MD 4,38.30351825,-76.51941061
01,18,,03,03,01,,01,01,00,ZR03020002,03,01-03-2015,14:18:00,000715,Y,N,STMARYS,UNK,01,00,237,MD,,0,N,CHANCELLORS RUN RD,20,F,N,246,MD,,GREAT MILLS RD,38.249523,-76.48864
03,18,,06.01,11,01,1,01,03,00,ZR03020003,06.01,01-03-2015,17:07:00,000815,N,N,STMARYS,UNK,01,00,5,MD,,44.09,N,THREE NOTCH RD,0,F,N,,UU,,CROSSOVER,38.4905979,-76.77514851
04,18,,01,17,02,,01,01,07,ZR03020004,07.01,01-03-2015,21:51:00,001415,N,N,STMARYS,UNK,09,00,897,CO,,2.37,N,YOWAISKI MILL RD,100,F,N,853,CO,,MILL SEAT DR,38.40939809,-76.79699779
01,18,,03,03,01,2,01,03,00,ZR03030005,06.01,01-16-2015,08:30:00,004715,Y,N,STMARYS,UNK,01,00,246,MD,,0.81,E,GREAT MILLS RD,5,F,E,,UU,,TRI COMMUNITY WAY,38.24709524,-76.48969173
01,18,,01,07,02,2,01,03,00,ZR03030006,06.01,01-17-2015,09:30:00,005115,N,N,STMARYS,UNK,01,00,5,MD,,38.395,N,THREE NOTCH RD,75,F,N,,UU,,BEN OAKS RD,38.42850473,-76.71800137
01,18,,01,17,01,,01,01,10,ZR03030007,03,01-18-2015,11:25:00,005415,N,N,STMARYS,UNK,09,00,30,CO,,2.15,S,BAPTIST CHURCH RD,100,F,S,1349,CO,,HIDDEN ACRES CT,38.408562,-76.735023
01,18,,03,03,02,1,01,01,00,ZR03030008,06.01,01-22-2015,15:24:00,006415,Y,N,STMARYS,UNK,01,00,5,MD,,24.71,N,POINT LOOKOUT RD,50,F,N,230,CO,,FAIRGROUNDS RD,38.27540066,-76.61157131
01,18,,01,03,02,1,01,01,00,ZR03030009,06.01,02-23-2015,14:32:00,014215,N,N,STMARYS,UNK,01,00,5,MD,,19.432,N,POINT LOOKOUT RD,100,F,N,,UU,,LILY LN,38.2385172,-76.53698444
03,18,,02,11,01,1,01,01,00,ZR0303000B,06.01,02-28-2015,22:54:00,016415,N,N,STMARYS,UNK,02,00,491,CO,,0.02,S,BRISTOL AVE,0,F,S,490,CO,,WINDSOR DR,38.25365027,-76.43295765
01,18,,08.04,17,03,,01,01,10,ZR03040006,12.04,01-14-2015,08:40:00,004115,N,N,STMARYS,UNK,09,00,232,CO,,0.82,N,INDIAN BRIDGE RD,10,F,N,,UU,,ARTHUR LA (PVT),38.25818495,-76.51948303
01,18,,02,11,02,1,01,01,00,ZR03040007,06.01,01-19-2015,11:22:00,005615,Y,N,STMARYS,UNK,01,01,5,MD,,18.65,N,POINT LOOKOUT RD,0,F,N,249,MD,,PINEY POINT RD,38.23811481,-76.52246296
01,18,,03,07,02,,01,03,04,ZR03040008,06.01,01-20-2015,12:58:00,005715,Y,N,STMARYS,UNK,01,09,235,MD,,14.916,N,THREE NOTCH RD,10,F,N,237,MD,,CHANCELLORS RUN RD,38.29140603,-76.49380356
01,18,,08.04,11,01,1,01,01,00,ZR0304000B,03,02-02-2015,11:43:00,008615,N,N,STMARYS,UNK,01,00,4,MD,,2.996,N,ST ANDREWS CHURCH RD,300,F,N,,UU,,HOOD LN (PVT),38.28442596,-76.57069713
03,18,,03,03,02,2,01,03,00,ZR03050006,06.01,01-20-2015,17:22:00,005815,Y,N,STMARYS,UNK,01,00,235,MD,,16.572,N,THREE NOTCH RD,115,F,N,,UU,,SPUR TO MD 4,38.3032825,-76.51864082
01,18,,01,17,02,,01,03,10,ZR03050008,07.01,01-29-2015,16:06:00,007915,N,N,STMARYS,UNK,16,09,235,MD,,24.692,N,THREE NOTCH RD,50,F,N,1379,CO,,CHRISTINE PL,38.38181043,-76.62524387
04,18,,01,02,02,1,01,01,00,ZR03050009,06.01,03-06-2015,19:28:00,019715,N,N,STMARYS,UNK,01,00,245,MD,,4.715,N,HOLLYWOOD RD,10,F,N,,UU,,HIDDEN FARM LANE,38.34212848,-76.58078089
03,18,,01,17,02,2,01,03,04,ZR0305000B,06.01,03-22-2015,21:38:00,024615,N,N,STMARYS,UNK,09,00,246,MD,,1.177,E,GREAT MILLS RD,30,F,E,,UU,,ENT TO BUSINESS,38.25203158,-76.48601979
01,18,,01,03,02,,01,03,00,ZR0305000C,06.01,03-25-2015,18:27:00,025015,N,N,STMARYS,UNK,01,11,235,MD,,23.037,N,THREE NOTCH RD,100,F,N,1201,CO,,RICKY DR,38.37089207,-76.59793362
03,18,,02,03,02,1,01,04,00,ZR0305000D,06.01,03-31-2015,21:04:00,026715,Y,N,STMARYS,UNK,01,11,5,MD,,42.76,N,THREE NOTCH RD,0,F,N,6,MD,,NEW MARKET TURNER RD,38.47303539,-76.7740649
03,18,,02,11,02,1,01,03,00,ZR03060005,06.01,01-27-2015,18:43:00,007615,Y,N,STMARYS,UNK,01,00,863,CO,,0.32,E,WILDEWOOD BLVD,0,F,E,916,CO,,WHITE OAK PKWY,38.30823186,-76.53162807
01,18,,09.04,11,01,1,01,01,23.03,ZR03060006,07.01,03-04-2015,10:55:00,018415,N,N,STMARYS,UNK,01,09,249,MD,,8.95,N,PINEY POINT RD,0,F,N,,UU,,ENT TO BUSINESS,38.22552707,-76.51864886
06.02,18,,01,17,03,,01,04,04,ZR03060007,10.04,03-05-2015,16:50:00,019215,N,N,STMARYS,UNK,09,16,1313,CO,,0,E,COPLEY RD,100,F,E,224,CO,,BROWN RD,38.30954308,-76.59084186
01,18,,02,15,02,1,01,01,00,ZR03060008,06.01,03-13-2015,12:55:00,022215,Y,N,STMARYS,UNK,01,00,195,CO,,0.04,E,CLARKS LANDING RD,0,F,E,944,MD,,MERVELL DEAN RD,38.32394382,-76.54676914
04,18,,01,17,01,,01,03,04,ZR03070002,06.01,01-04-2015,19:56:00,001515,N,N,STMARYS,UNK,09,00,235,MD,,17.277,N,THREE NOTCH RD,50,F,N,863,CO,,WILDEWOOD BLVD,38.30815715,-76.53009921
01,18,,01,17,04,,01,01,05,ZR03070003,09.04,03-01-2015,12:44:00,016815,N,N,STMARYS,UNK,09,09,5,MD,,26.57,N,POINT LOOKOUT RD,200,F,N,585,OP,,COLLEGE CIR,38.29560575,-76.63181663
01,18,,02,11,02,1,01,01,00,ZR03070004,06.01,03-13-2015,15:29:00,022315,Y,N,STMARYS,UNK,01,00,4,CO,,0.27,E,GOLDEN BEACH RD,0,F,E,5,CO,,TRIANGLE DR,38.49552501,-76.77284986
03,18,,03,03,01,3,01,03,00,ZR03090008,03,01-23-2015,20:15:00,006815,Y,N,STMARYS,UNK,01,01,235,MD,,15.339,N,THREE NOTCH RD,0,F,N,222,CO,,TOWN CREEK DR,38.2943827,-76.50060296
03,18,,02,02,02,1,01,04,00,ZR03090009,06.01,02-12-2015,21:37:00,010315,Y,N,STMARYS,UNK,01,01,235,MD,,12.863,N,THREE NOTCH RD,0,F,N,272,CO,,PEGG RD,38.27544699,-76.46378696
03,18,,02,11,04,2,01,05.01,00,ZR0309000B,06.01,02-17-2015,20:26:00,011515,Y,N,STMARYS,UNK,01,00,246,MD,,0.1,E,GREAT MILLS RD,0,F,E,5,MD,,OLD GREAT MILLS RD,38.238098,-76.495729
01,18,,02,17,02,2,04,03,00,ZR0309000C,06.01,03-08-2015,15:12:00,020315,Y,N,STMARYS,UNK,11,00,5,MD,,44.64,N,THREE NOTCH RD,0,F,N,923,CO,,OAKS RD,38.50043918,-76.77510023
01,18,,01,17,01,1,01,01,11,ZR0309000D,03,03-30-2015,08:40:00,026215,N,N,STMARYS,UNK,09,16,775,CO,,0.51,E,LONG LA,500,F,E,1019,CO,,WEATHERBY LA,38.26071018,-76.40841007
01,18,,02,03,02,1,01,01,00,ZR0309000G,06.01,03-30-2015,13:03:00,026315,N,N,STMARYS,UNK,01,00,4,MD,,4.83,N,ST ANDREWS CHURCH RD,0,F,N,553,CO,,OLD ST ANDREWS CHURCH RD,38.29340593,-76.53719902
04,19,,02,17,01,1,01,03,00,ZS65070001,07.01,02-25-2015,22:30:00,,N,N,SOMERSET,UNK,03,00,380,MD,,0.62,N,LAWSONIA RD,0,F,N,149,CO,,JOHNSON CREEK RD,37.97258669,-75.83188534
06.02,19,,01,17,02,,01,01,10,ZS65140001,00,01-06-2015,17:00:00,,N,N,SOMERSET,UNK,09,00,50,CO,,1.48,S,CLARENCE BARNES RD,1,M,S,,UU,,ROAD END,38.16057751,-75.76238394
01,19,,02,14,02,1,01,01,00,ZS65140002,06.01,02-03-2015,16:30:00,,Y,N,SOMERSET,UNK,01,00,667,MD,,3.81,E,CRISFIELD MARION RD,0,F,E,266,CO,,HEARTS EASE RD,38.02199624,-75.80860376
01,19,,00,17,04,1,01,01,09,ZS65140003,10.04,02-20-2015,11:50:00,,N,N,SOMERSET,UNK,00,00,305,CO,,1.64,S,OLD WESTOVER MARION RD,0,F,S,192,CO,,TURKEY BRANCH RD,38.09900326,-75.70672274
01,19,,02,07,02,1,01,01,00,ZS65140004,06.01,03-08-2015,16:20:00,,N,N,SOMERSET,UNK,04,00,390,CO,,0,N,DOGWOOD DR,0,F,N,302,CO,,FLOWER HILL CHURCH RD,38.27204839,-75.63520432
06.02,19,,01,17,02,1,01,01,23.03,ZS65160001,06.01,03-29-2015,19:00:00,,N,N,SOMERSET,UNK,11,16,304,CO,,2.16,S,RIVER RD,150,F,S,,UU,,STRUC #S0004 BIG ANNEMESSEX CREEK,38.0899518,-75.74706316
01,19,,00,17,02,1,01,01,23.03,ZS65190003,06.01,01-17-2015,14:03:00,ZS7910,N,N,SOMERSET,UNK,16,00,1,CO,,3.71,E,MT VERNON RD,25,F,E,11,CO,,HARRISON LANDING RD,38.2471795,-75.79506397
01,19,,01,17,01,1,01,01,09,ZS65190005,03,03-14-2015,09:55:00,ZS7910,N,N,SOMERSET,UNK,09,09,1,CO,,4.34,E,MT VERNON RD,100,F,E,13,CO,,BOBTOWN RD,38.24803893,-75.78510761
01,19,,01,17,02,,01,01,06,ZS65260001,00,01-06-2015,11:10:00,,N,N,SOMERSET,UNK,09,00,87,CO,,4.3,E,REVELLS NECK RD,100,F,E,93,CO,,SIGN POST RD,38.1481372,-75.71468756
04,19,,01,17,03,1,05,01,11,ZS65260003,08.04,02-16-2015,17:50:00,,N,N,SOMERSET,UNK,09,00,304,CO,,0.37,S,RIVER RD,1,M,S,388,CO,,POND RUN RD,38.08593231,-75.74875832
01,19,,01,17,04,1,01,01,06,ZS65260004,02,03-02-2015,07:45:00,,N,N,SOMERSET,UNK,09,00,26,CO,,0.84,E,PEGGY NECK RD,250,F,E,328,CO,,FRANK CORNISH RD,38.25995199,-75.66925764
01,19,,02,05,01,2,01,01,00,ZS65260005,03,03-30-2015,08:15:00,,Y,N,SOMERSET,UNK,01,00,211,CO,,0.27,S,POCOMOKE RIVER RD,0,F,S,364,MD,,DIVIDING CREEK RD,38.08021515,-75.57605624
04,19,,01,17,03,1,01,01,23.03,ZS65270001,06.01,02-18-2015,04:20:00,,N,N,SOMERSET,UNK,16,00,119,CO,,3.07,S,CHARLES CANNON RD,460,F,S,122,CO,,COULBOURNE CREEK RD,38.04689976,-75.7803762
04,20,,01,17,02,1,01,01,06,ZT00260002,06.01,02-12-2015,21:10:00,,N,N,TALBOT,UNK,09,10,49,CO,,1.97,W,TUNIS MILLS RD,75,F,W,47,CO,,COPPERVILLE RD,38.82449674,-76.1693716
04,20,,01,17,02,1,01,01,06,ZT00260003,07.01,02-14-2015,18:53:00,,N,N,TALBOT,UNK,09,09,58,CO,,0,W,DEEP NECK RD,100,F,W,59,CO,,BELLEVUE RD,38.71838169,-76.19462729
04,20,,00,17,01,1,01,01,23.03,ZT00260004,03,03-10-2015,20:50:00,,N,N,TALBOT,UNK,09,00,14,CO,,1.98,N,CHAPEL RD,0,M,N,311,CO,,GRASSWELL DR,38.80319606,-76.04144096
01,20,,01,17,02,1,01,01,23.03,ZT00260005,07.01,03-24-2015,14:49:00,,N,N,TALBOT,UNK,09,11,19,CO,,2.07,N,LEWISTOWN RD,0,M,N,21,CO,,GEIB RD,38.84878244,-75.94709158
04,20,,01,17,02,1,01,01,10,ZT00260006,07.01,03-25-2015,00:01:00,,N,N,TALBOT,UNK,09,00,113,CO,,2.46,E,KATES POINT RD,0,F,E,,UU,,ROAD END,38.640657,-75.98311901
04,20,,01,17,07.01,1,01,88,88,ZT00660003,06.01,03-25-2015,21:28:00,,N,N,TALBOT,UNK,10,10,329,CO,,0.1,N,OLD ORCHARD RD,50,F,N,12,OP,,OLD ORCHARD RD (AHEAD),38.68324853,-75.98015785
01,20,,01,17,02,1,01,01,04,ZT00670002,06.01,03-10-2015,09:21:00,,N,N,TALBOT,UNK,09,09,28,CO,,3.44,N,BLACK DOG ALLEY,10,F,N,309,MD,,CORDOVA RD,38.81239259,-76.05826378
01,20,,01,17,03,1,04,01,23.03,ZT00820005,08.04,03-05-2015,14:50:00,,N,N,TALBOT,UNK,16,09,309,MD,,8.28,N,CORDOVA RD,1,M,N,1,CO,,BLADES RD E,38.89958343,-75.97376347