LIGHT_CODE,COUNTY_NO,MUNI_CODE,JUNCTION_CODE,COLLISION_TYPE_CODE,SURF_COND_CODE,LANE_CODE,RD_COND_CODE,RD_DIV_CODE,FIX_OBJ_CODE,REPORT_NO,WEATHER_CODE,ACC_DATE,ACC_TIME,LOC_CODE,SIGNAL_FLAG,C_M_ZONE_FLAG,AGENCY_CODE,AREA_CODE,HARM_EVENT_CODE1,HARM_EVENT_CODE2,RTE_NO,ROUTE_TYPE_CODE,RTE_SUFFIX,LOG_MILE,LOGMILE_DIR_FLAG,MAINROAD_NAME,DISTANCE,FEET_MILES_FLAG,DISTANCE_DIR_FLAG,REFERENCE_NO,REFERENCE_TYPE_CODE,REFERENCE_SUFFIX,REFERENCE_ROAD_NAME,LATITUDE,LONGITUDE
01,18,,03,03,02,1,01,01,00,ZR01600004,06.01,03-26-2015,15:08:00,025215,N,N,STMARYS,UNK,01,00,5,MD,,24.88,N,POINT LOOKOUT RD,30,F,N,1510,CO,,HANOVER DR,38.27802004,-76.61299825
03,18,,03,17,01,,01,03,04,ZR01690004,03,01-03-2015,20:43:00,000915,Y,N,STMARYS,UNK,09,00,235,MD,,14.916,N,THREE NOTCH RD,0,F,N,237,MD,,CHANCELLORS RUN RD,38.29130077,-76.49376869
04,18,,01,17,03,,01,01,06,ZR01690005,06.01,02-19-2015,18:48:00,012215,N,N,STMARYS,UNK,16,09,243,MD,,3.16,N,NEWTOWNE NECK RD,300,F,N,167,CO,,BULL RD,38.2926144,-76.67348742
04,18,,02,11,02,2,01,04,00,ZR01690006,06.01,03-09-2015,20:49:00,00020815,N,N,STMARYS,UNK,01,00,863,CO,,0.32,E,WILDEWOOD BLVD,0,F,E,916,CO,,WHITE OAK PKWY,38.30814873,-76.53166294
03,18,,02,11,01,1,01,04,09,ZR01690007,03,03-20-2015,20:17:00,023915,N,N,STMARYS,UNK,01,09,863,CO,,0.32,E,WILDEWOOD BLVD,0,F,E,916,CO,,WHITE OAK PKWY,38.30812347,-76.53165221
01,18,,03,17,02,,01,01,06,ZR01860002,07.01,01-23-2015,10:23:00,006515,Y,N,STMARYS,UNK,09,09,5,MD,,5.01,N,POINT LOOKOUT RD,5,F,N,235,MD,,THREE NOTCH RD,38.11734763,-76.3720125
05.02,18,,01,17,02,1,01,01,00,ZR01860003,06.01,01-29-2015,06:45:00,007815,N,N,STMARYS,UNK,08,00,235,MD,,6.65,N,THREE NOTCH RD,0,M,N,,UU,,CRITTER LA,38.20321902,-76.3965413
01,18,,01,17,02,,01,01,06,ZR0188000N,06.01,02-23-2015,13:47:00,014115,N,N,STMARYS,UNK,16,09,699,CO,,0.46,W,ASHER RD,150,F,W,806,CO,,DOGWOOD LA,38.40357179,-76.77195132
01,18,,09.04,09,01,1,01,01,00,ZR0188000P,03,03-27-2015,10:05:00,025515,N,N,STMARYS,UNK,01,00,5,MD,,18.88,N,POINT LOOKOUT RD,20,F,N,,UU,,GRANDDADDYS LA,38.23769136,-76.5265131
05.02,18,,01,06,03,1,01,01,00,ZR01970003,10.04,01-14-2015,06:42:00,004015,N,N,STMARYS,UNK,01,00,245,MD,,4.715,N,HOLLYWOOD RD,20,F,N,,UU,,HIDDEN FARM LANE,38.34195913,-76.58107996
01,18,,01,08,06.03,2,01,03,00,ZR01970004,08.04,01-14-2015,09:14:00,004215,N,N,STMARYS,UNK,01,00,235,MD,,18.147,N,THREE NOTCH RD,40,F,N,944,MD,,MILES VILLAGE DR,38.31825899,-76.54120088
01,18,,01,17,01,,01,01,18.88,ZR01970005,03,01-24-2015,08:02:00,006915,N,N,STMARYS,UNK,09,09,5,MD,,30.99,N,POINT LOOKOUT RD,10,F,N,,UU,,B. SOMERVILLE LA,38.3415468,-76.67587996
01,18,,09.04,02,01,2,01,01,00,ZR01970006,03,02-02-2015,09:39:00,008415,N,N,STMARYS,UNK,01,00,5,MD,,28.03,N,POINT LOOKOUT RD,0,F,N,,UU,,ENT TO BUSINESS,38.30273103,-76.65215313
01,18,,01,03,01,1,01,01,00,ZR01970007,06.01,02-12-2015,16:09:00,010115,N,N,STMARYS,UNK,01,00,234,MD,,10.01,E,BUDDS CREEK RD,40,F,E,145,CO,,BAYSIDE RD,38.32137344,-76.70984745
01,18,,02,11,02,1,01,01,00,ZR01970008,06.01,02-17-2015,13:30:00,011315,Y,N,STMARYS,UNK,01,00,5,MD,,38.22,N,POINT LOOKOUT RD,0,F,N,44,CO,,OLD VILLAGE RD,38.42612613,-76.71694994
01,18,,09.04,03,02,2,01,01,00,ZR01970009,06.01,02-25-2015,13:06:00,015115,N,N,STMARYS,UNK,01,00,5,MD,,28.03,N,POINT LOOKOUT RD,10,F,N,,UU,,ENT TO BUSINESS,38.30271841,-76.65219069
01,18,,01,17,03,,01,01,23.03,ZR0197000B,08.04,02-26-2015,08:08:00,015415,N,N,STMARYS,UNK,09,16,5,MD,,31.188,N,POINT LOOKOUT RD,400,F,N,,UU,,ROB LANE,38.3462001,-76.67594433
04,18,,01,17,02,,01,01,23.03,ZR0197000C,06.01,03-22-2015,21:02:00,024515,N,N,STMARYS,UNK,16,09,242,MD,,1.22,N,COLTON POINT RD,30,F,N,134,CO,,ED BROWN RD,38.2388627,-76.76458597
04,18,,01,17,01,,01,01,10,ZR0197000D,03,03-27-2015,02:05:00,025415,N,N,STMARYS,UNK,09,16,4,CO,,2.65,E,GOLDEN BEACH RD,300,F,E,7,CO,,ALL FAITH CHURCH RD,38.48936345,-76.73324704
04,18,,00,17,01,1,01,01,11,ZR0200000G,03,03-14-2015,02:10:00,022415,N,N,STMARYS,UNK,16,09,236,MD,,4.24,N,THOMPSONS CORNER RD,0,M,N,32,CO,,DIXIE LYON RD,38.44505189,-76.79127932
03,18,,02,11,02,1,01,04,00,ZR0200000H,06.01,03-24-2015,20:19:00,024815,Y,N,STMARYS,UNK,01,01,5,MD,,28.09,N,POINT LOOKOUT RD,0,F,N,84,CO,,MAYPOLE RD,38.3052947,-76.65843487
01,18,,02,11,02,1,01,03,00,ZR0210000Q,06.01,01-16-2015,12:01:00,004915,Y,N,STMARYS,UNK,01,00,235,MD,,17.647,N,THREE NOTCH RD,0,F,N,944,MD,,AIRPORT DR,38.31265264,-76.53501034
01,18,,03,07,02,2,01,04,00,ZR0210000R,06.01,02-04-2015,15:18:00,008815,Y,N,STMARYS,UNK,01,00,235,MD,,12.106,N,THREE NOTCH RD,20,F,N,1418,CO,,SHANGRI LA DR,38.2659499,-76.45222664
01,18,,01,17,03,,01,01,00,ZR0210000S,06.01,02-19-2015,09:52:00,011815,N,N,STMARYS,UNK,16,11,249,MD,,4.73,N,PINEY POINT RD,100,F,N,476,CO,,OLIVER DR,38.17235307,-76.52843356
01,18,,09.04,02,02,1,01,01,00,ZR0210000T,06.01,02-23-2015,15:47:00,014315,N,N,STMARYS,UNK,01,00,5,MD,,20.8,N,POINT LOOKOUT RD,100,F,N,,UU,,WINTERS LA,38.24131486,-76.56011581
04,18,,01,17,00,,01,01,11,ZR0210000V,06.01,03-29-2015,03:48:00,026015,N,N,STMARYS,UNK,09,16,675,CO,,2.022,N,WILDEWOOD PKWY,20,F,N,1566,CO,,WILDEWOOD DR,38.29916532,-76.54754162
01,18,,01,03,02,1,01,01,00,ZR02150004,06.01,01-05-2015,10:02:00,001615,N,N,STMARYS,UNK,01,00,4,MD,,9.36,N,PATUXENT BEACH RD,0,M,N,,UU,,STRUC #4019 PATUXENT RIVER,38.32493912,-76.47270396
04,18,,01,17,04,,01,01,08,ZR02150005,12.04,02-22-2015,05:44:00,013615,N,N,STMARYS,UNK,09,09,334,CO,,1.735,S,WILLOWS RD,300,F,S,1518,CO,,CRIMSON DR,38.23149306,-76.45938814
01,18,,01,17,04,,01,01,06,ZR02150006,07.01,02-22-2015,09:11:00,013815,N,N,STMARYS,UNK,09,00,5,MD,,15.42,N,POINT LOOKOUT RD,50,F,N,,UU,,THOMPSON ORCHARD LN,38.22547966,-76.46611512
01,18,,01,17,03,,01,01,08,ZR02150007,08.04,02-26-2015,09:59:00,015815,N,N,STMARYS,UNK,09,00,334,CO,,0.43,S,WILLOWS RD,300,F,S,143,OP,,GREEN TREE DR,38.25407153,-76.45365357
04,18,,01,17,04,,01,01,05,ZR02170001,09.04,02-22-2015,00:34:00,013515,N,N,STMARYS,UNK,16,09,4,MD,,5.08,N,ST ANDREWS CHURCH RD,150,F,N,553,CO,,OLD ST ANDREWS CHURCH RD,38.297174,-76.52597666
01,18,,02,11,01,1,01,01,00,ZR02170002,06.01,03-02-2015,08:47:00,017915,Y,N,STMARYS,UNK,01,00,376,CO,,1.2,W,VILLA RD,0,F,W,377,CO,,GRAYSON RD,38.15229299,-76.41703606
01,18,,02,11,02,1,01,01,00,ZR02170003,06.01,03-08-2015,16:14:00,020415,Y,N,STMARYS,UNK,01,00,272,CO,,1.88,S,PEGG RD,0,F,S,1027,CO,,WESTBURY BLVD,38.25744148,-76.48401618
01,18,,01,17,01,1,01,01,88,ZR02170004,03,03-11-2015,08:12:00,021615,N,N,STMARYS,UNK,09,00,334,CO,,1.687,S,WILLOWS RD,300,F,S,1523,CO,,COLBY DR,38.23973065,-76.45751595
01,18,,03,05,02,1,01,01,00,ZR02170005,06.01,03-12-2015,15:30:00,022015,N,N,STMARYS,UNK,01,00,335,CO,,0,W,YORKTOWN RD,30,F,W,253,CO,,MIDWAY DR,38.26417037,-76.45977706
01,18,,01,17,02,3,01,04,11,ZR02170006,06.01,03-17-2015,18:34:00,023215,N,N,STMARYS,UNK,09,09,235,MD,,12.795,N,THREE NOTCH RD,0,F,N,,UU,,ENT TO BUSINESS,38.27433941,-76.46317542
01,18,,01,17,02,,01,01,88,ZR02170007,06.01,03-22-2015,15:21:00,024315,N,N,STMARYS,UNK,16,09,184,CO,,1.21,N,SOTTERLY RD,0,F,N,186,CO,,SOTTERLY HEIGHTS RD,38.37000886,-76.54549241
04,18,,01,17,01,,01,01,18.88,ZR02260002,06.01,01-25-2015,02:16:00,007115,N,N,STMARYS,UNK,09,09,235,MD,,4.673,N,THREE NOTCH RD,1,M,N,365,CO,,BAY FORREST RD,38.18585128,-76.38927519
03,18,,02,02,02,1,01,01,00,ZR02350005,06.01,01-07-2015,18:23:00,002315,Y,N,STMARYS,UNK,01,00,5,MD,,24.71,N,POINT LOOKOUT RD,0,F,N,244,MD,,MEDLEYS NECK RD,38.27582179,-76.61176443
04,18,,01,17,02,,01,01,05,ZR02350006,06.01,01-18-2015,23:47:00,005515,N,Y,STMARYS,UNK,09,11,4,MD,,6.68,N,PATUXENT BEACH RD,427,F,N,,UU,,LOUS WAY (PVT),38.3097567,-76.51632071
01,18,,01,17,04,,01,01,10,ZR02350007,09.04,03-05-2015,13:27:00,018715,N,N,STMARYS,UNK,09,16,235,MD,,10.561,N,THREE NOTCH RD,20,F,N,350,CO,,LINCOLN AVE,38.25503198,-76.43259287
01,18,,01,17,05,1,05,01,00,ZR02350009,06.01,03-15-2015,17:04:00,022815,N,N,STMARYS,UNK,11,00,183,CO,,1.13,S,OLD THREE NOTCH RD,20,F,S,944,MD,,MERVELL DEAN RD,38.34155521,-76.5652442
01,18,,02,11,01,1,01,04,00,ZR0235000B,03,03-27-2015,11:52:00,025615,Y,N,STMARYS,UNK,01,00,1306,CO,,0.39,N,FIRST COLONY BLVD,0,F,N,,UU,,SPUR TO MD 235,38.29874433,-76.51524782
04,18,,00,17,02,1,88,01,11,ZR02410007,06.01,01-30-2015,20:28:00,008115,N,N,STMARYS,UNK,09,00,93,CO,,0,W,OLD CHAPTICO WHARF RD,1,M,W,238,MD,,MADDOX RD,38.33111997,-76.82138443
01,18,,02,03,02,1,01,01,00,ZR02410008,07.01,02-27-2015,12:25:00,016115,Y,N,STMARYS,UNK,01,00,195,CO,,0.04,E,CLARKS LANDING RD,0,F,E,944,MD,,MERVELL DEAN RD,38.32396591,-76.54661894
01,18,,09.04,11,02,,01,03,00,ZR02410009,06.01,02-28-2015,11:54:00,016215,N,N,STMARYS,UNK,01,00,5,MD,,44.16,N,THREE NOTCH RD,0,F,N,,UU,,ENT TO BUSINESS,38.49301636,-76.77489638
01,18,,01,17,04,,01,03,88,ZR0241000B,09.04,03-01-2015,11:27:00,016615,N,N,STMARYS,UNK,09,16,5,MD,,40.604,N,THREE NOTCH RD,5,F,N,,UU,,BONNY LN,38.45019427,-76.74819231
01,18,,01,03,03,1,01,03,00,ZR0241000C,09.04,03-05-2015,11:42:00,018615,N,N,STMARYS,UNK,01,16,5,MD,,40.49,N,THREE NOTCH RD,100,F,N,1324,CO,,OLD LOCKES HILL RD,38.44837095,-76.74630404
04,18,,01,03,01,2,01,03,00,ZR0241000F,06.01,03-14-2015,21:59:00,022715,N,N,STMARYS,UNK,01,00,5,MD,,42.02,N,THREE NOTCH RD,0,M,N,,UU,,ENT TO BUSINESS,38.46524958,-76.76907063
01,18,,02,03,01,1,01,01,00,ZR0246000P,06.01,02-18-2015,09:59:00,011615,N,N,STMARYS,UNK,01,01,5,MD,,27.18,N,POINT LOOKOUT RD,0,F,N,5,MU,,ABELL ST,38.200398,-76.643136
04,18,,03,06,02,1,01,01,00,ZR0246000Q,06.01,02-24-2015,18:42:00,014615,Y,N,STMARYS,UNK,01,00,44,CO,,1.53,S,OLD VILLAGE RD,100,F,S,29,CO,,MECHANICSVILLE RD,38.441665,-76.742753
06.02,18,,03,11,01,1,01,01,00,ZR0246000R,07.01,03-15-2015,19:13:00,022515,Y,N,STMARYS,UNK,01,00,596,OP,,0.38,N,TRIANGLE DR,5,F,N,2,CO,,MT WOLF RD,38.50073306,-76.77329779
01,18,,01,11,00,1,01,01,00,ZR02480003,06.01,03-19-2015,07:17:00,023415,N,N,STMARYS,UNK,01,00,5,MD,,32.61,N,POINT LOOKOUT RD,300,F,N,247,MD,,LOVEVILLE RD,38.36151264,-76.68304682
04,18,,00,17,04,,01,01,00,ZR02480004,08.04,02-19-2015,18:40:00,012115,N,N,STMARYS,UNK,16,00,29,CO,,3.09,N,MECHANICSVILLE RD,1,M,N,700,CO,,COX DR,38.41412268,-76.76190376
06.02,18,,01,08,02,2,01,01,00,ZR02490004,06.01,02-04-2015,18:25:00,009115,N,N,STMARYS,UNK,01,01,5,MD,,27.02,N,POINT LOOKOUT RD,30,F,N,,UU,,ENT TO ST MARY'S HOSPITAL,38.29926636,-76.64060354
01,18,,02,17,03,1,01,01,09,ZR02520001,08.04,03-05-2015,14:26:00,018815,N,N,STMARYS,UNK,09,16,5,MD,,22.821,N,POINT LOOKOUT RD,0,F,N,,UU,,BENNETT ESTATE LN,38.25269823,-76.5946734
01,18,,01,17,03,,01,01,08,ZR02550004,08.04,03-05-2015,17:05:00,019115,N,N,STMARYS,UNK,09,16,334,CO,,1.1,S,WILLOWS RD,75,F,S,,UU,,ABBERLY CREST LN,38.24730273,-76.45461515
05.02,18,,01,17,02,1,01,01,00,ZR02550005,06.01,03-10-2015,07:22:00,021015,N,N,STMARYS,UNK,08,00,533,CO,,1.31,W,BEACHVILLE RD,150,F,W,377,CO,,GRAYSON RD,38.14702926,-76.41346872
01,18,,01,06,00,1,01,01,00,ZR02550006,00,03-11-2015,12:29:00,021315,N,N,STMARYS,UNK,01,00,1170,CO,,0,W,GREEN LEAF RD,40,F,W,352,CO,,HERMANVILLE RD,38.23903966,-76.43420488
04,18,,01,17,02,3,01,03,04,ZR02580009,06.01,01-06-2015,01:18:00,001815,N,N,STMARYS,UNK,09,16,235,MD,,12.566,N,THREE NOTCH RD,10,F,N,938,CO,,CORPORATE DR,38.27233477,-76.46079898
05.02,18,,03,03,02,,01,04,00,ZR0258000B,06.01,02-08-2015,06:34:00,009515,Y,N,STMARYS,UNK,01,00,235,MD,,26.607,N,THREE NOTCH RD,10,F,N,247,MD,,LOVEVILLE RD,38.39668555,-76.65542006
03,18,,01,17,02,,01,01,11,ZR0258000C,06.01,02-21-2015,02:00:00,012615,N,N,STMARYS,UNK,16,09,1050,CO,,0,S,CHESTNUT RIDGE DR,100,F,S,5,MD,,POINT LOOKOUT RD,38.2415508,-76.57080173
01,18,,01,03,01,2,01,01,00,ZR0258000D,06.01,03-02-2015,08:28:00,017815,N,N,STMARYS,UNK,01,00,235,MD,,9.856,N,THREE NOTCH RD,100,F,N,352,CO,,HERMANVILLE RD,38.24849392,-76.4256835
01,18,,01,17,02,1,01,03,00,ZR02600003,06.01,02-13-2015,10:33:00,010515,N,N,STMARYS,UNK,15,15,5,MD,,40.98,N,THREE NOTCH RD,30,F,N,,UU,,EXIT FR MECHANICSVILLE ELEMENTARY SCHOOL,38.45385757,-76.75396442
01,18,,02,11,02,1,01,01,04,ZR02600004,06.01,02-14-2015,10:00:00,010815,Y,N,STMARYS,UNK,01,09,207,CO,,1.03,N,OLD ROLLING RD,0,F,N,235,MD,,THREE NOTCH RD,38.29638672,-76.50885344
01,18,,03,03,01,1,01,04,00,ZR02600005,03,03-27-2015,15:02:00,025715,Y,N,STMARYS,UNK,01,00,5,MD,,38.31,N,POINT LOOKOUT RD,5,F,N,,UU,,SPUR FR MD 5,38.42749615,-76.71693921
01,18,,03,09,02,1,01,01,00,ZR02620007,06.01,02-25-2015,08:49:00,014915,N,N,STMARYS,UNK,01,00,863,CO,,0.38,E,WILDEWOOD BLVD,6,F,E,235,MD,,THREE NOTCH RD,38.30716372,-76.53486013
03,18,,02,02,02,1,01,01,00,ZR02620008,06.01,03-08-2015,23:23:00,020515,Y,N,STMARYS,UNK,01,00,5,MD,,26.7,N,POINT LOOKOUT RD,0,F,N,245,MD,,HOLLYWOOD RD,38.29700981,-76.63519621
03,18,,09.04,11,02,2,01,03,00,ZR02670005,06.01,01-15-2015,18:06:00,004415,N,N,STMARYS,UNK,01,00,246,MD,,2.71,E,GREAT MILLS RD,100,F,E,344,CO,,N ESSEX DR,38.26185587,-76.4621079
01,18,,01,17,03,,01,01,06,ZR02670006,08.04,03-05-2015,15:40:00,019315,N,N,STMARYS,UNK,09,16,5,MD,,11.92,N,POINT LOOKOUT RD,40,F,N,355,CO,,SOUTH SNOW HILL MANOR RD,38.19972641,-76.42778635
05.02,18,,00,17,01,1,01,01,00,ZR0268000H,03,02-02-2015,07:06:00,008315,N,N,STMARYS,UNK,08,00,5,MD,,9.295,N,POINT LOOKOUT RD,10,F,N,,UU,,BLUE STONE LN,38.17245428,-76.40729427
06.02,18,,02,11,03,1,01,01,06,ZR0268000K,10.04,02-16-2015,16:30:00,011215,Y,N,STMARYS,UNK,01,09,249,MD,,9.02,N,PINEY POINT RD,0,F,N,,UU,,TAKE IT EASY RANCH RD,38.22673548,-76.51893854
99,18,,01,17,04,,01,01,07,ZR0268000L,99,02-20-2015,10:15:00,012515,N,N,STMARYS,UNK,09,16,243,MD,,3.39,N,NEWTOWNE NECK RD,150,F,N,169,CO,,WATHEN RD,38.292126,-76.67334795
01,18,,03,88,02,1,01,01,00,ZR0268000M,07.01,02-24-2015,16:20:00,015015,Y,N,STMARYS,UNK,01,00,756,CO,,0,S,SPRING VALLEY DR,10,F,S,272,CO,,PEGG RD,38.27444048,-76.46780491
06.02,18,,03,03,02,,01,03,00,ZR0268000P,06.01,03-17-2015,19:11:00,023315,Y,N,STMARYS,UNK,01,00,5,MD,,44.64,N,THREE NOTCH RD,10,F,N,2,CO,,MT WOLF RD,38.50061551,-76.77505732
04,18,,02,11,02,1,01,03,00,ZR0269000S,06.01,01-05-2015,17:17:00,001715,N,N,STMARYS,UNK,01,00,246,MD,,2.94,E,GREAT MILLS RD,0,F,E,562,OP,,FDR BLVD,38.2638271,-76.45746231
01,18,,01,03,02,1,01,01,00,ZR0269000T,07.01,01-06-2015,14:55:00,001915,N,N,STMARYS,UNK,01,01,235,MD,,6.942,N,THREE NOTCH RD,0,M,N,360,CO,,TIPPETT ROAD,38.21316476,-76.40364647
01,18,,01,17,01,,01,01,23.03,ZR0269000W,03,01-14-2015,12:30:00,004315,N,N,STMARYS,UNK,09,00,235,MD,,3.11,N,THREE NOTCH RD,50,F,N,,UU,,THREE SECOND LA,38.1595652,-76.37391686
01,18,,01,11,02,1,01,01,00,ZR02700004,06.01,02-25-2015,08:31:00,014815,N,N,STMARYS,UNK,01,00,4,MD,,7.2,N,PATUXENT BEACH RD,500,F,N,211,CO,,KINGSTON CREEK RD,38.31061118,-76.50785565
01,18,,01,02,02,2,01,03,23.03,ZR0271000H,06.01,01-07-2015,10:38:00,002215,N,N,STMARYS,UNK,01,09,5,MD,,41.44,N,THREE NOTCH RD,100,F,N,44,CO,,OLD VILLAGE RD,38.436712,-76.729975
01,18,,01,17,02,,01,01,23.03,ZR0271000J,06.01,01-13-2015,08:02:00,003915,N,N,STMARYS,UNK,09,00,29,CO,,1.38,N,MECHANICSVILLE RD,50,F,N,978,CO,,HARROW HILLS CT,38.38674602,-76.77546501
01,18,,02,11,02,2,01,03,00,ZR0271000K,06.01,02-04-2015,17:00:00,008915,Y,N,STMARYS,UNK,01,00,5,MD,,44.38,N,THREE NOTCH RD,0,F,N,,UU,,ENT TO BUSINESS,38.49765152,-76.77475691
01,18,,03,03,02,1,01,03,00,ZR0271000L,06.01,02-13-2015,07:36:00,010415,Y,N,STMARYS,UNK,01,00,5,MD,,42.76,N,THREE NOTCH RD,100,F,N,6,MD,,NEW MARKET TURNER RD,38.472147,-76.773701
04,18,,03,03,02,1,01,03,00,ZR02740005,07.01,01-09-2015,18:43:00,003115,N,N,STMARYS,UNK,01,01,235,MD,,16.608,N,THREE NOTCH RD,300,F,N,4,MD,,PATUXENT BEACH RD,38.30389027,-76.52055256
01,18,,01,09,02,1,01,01,00,ZR02740006,07.01,03-16-2015,15:08:00,023115,N,N,STMARYS,UNK,01,00,4,CO,,0.14,E,GOLDEN BEACH RD,50,F,E,5,MD,,THREE NOTCH RD,38.49529829,-76.77416682
04,18,,01,17,01,,01,01,11,ZR02750009,03,01-03-2015,11:25:00,001115,N,N,STMARYS,UNK,09,00,84,CO,,3.56,N,MAYPOLE RD,1,M,N,518,CO,,PARSONS MILL RD,38.33221406,-76.6618681
01,18,,01,17,02,,01,01,23.03,ZR0275000B,06.01,03-09-2015,17:16:00,020715,N,N,STMARYS,UNK,09,16,5,MD,,24.71,N,POINT LOOKOUT RD,1,M,N,230,CO,,FAIRGROUNDS RD,38.26873809,-76.607548
01,18,,99,11,01,,01,04,00,ZR0275000C,03,03-10-2015,17:23:00,021415,N,N,STMARYS,UNK,01,00,235,MD,,13.355,N,THREE NOTCH RD,1,M,N,,UU,,EXPLORATION PARK DR,38.28217632,-76.47073388
04,18,,01,17,01,,01,01,23.03,ZR02760004,03,01-04-2015,00:16:00,001215,N,N,STMARYS,UNK,08,09,916,CO,,0,S,WHITE OAK PKWY,0,M,S,863,CO,,WILDEWOOD BLVD,38.30497478,-76.52962446
04,18,,01,17,02,1,01,01,11,ZR02760005,05,02-15-2015,01:00:00,010915,N,N,STMARYS,UNK,09,00,5,MD,,11.92,N,POINT LOOKOUT RD,0,M,N,355,CO,,SOUTH SNOW HILL MANOR RD,38.20060327,-76.4275074
01,18,,01,17,04,,01,01,11,ZR02760006,09.04,03-01-2015,15:37:00,017015,N,N,STMARYS,UNK,09,09,235,MD,,7.739,N,THREE NOTCH RD,25,F,N,,UU,,FAIRFIELD WAY,38.21946998,-76.40755177
04,18,,01,17,04,,01,01,10,ZR0278000B,06.01,01-24-2015,23:00:00,007015,N,N,STMARYS,UNK,09,00,236,MD,,4.24,N,THOMPSONS CORNER RD,1,F,N,32,CO,,DIXIE LYON RD,38.44727022,-76.79020643
04,18,,08.04,17,02,,01,01,10,ZR0278000C,06.01,02-11-2015,18:43:00,010015,N,N,STMARYS,UNK,09,00,179,OP,,0,S,OLD RED OAK LN,100,F,S,247,MD,,LOVEVILLE RD,38.3909749,-76.66305766
01,18,,01,06,02,1,01,01,09,ZR0278000D,06.01,03-08-2015,11:43:00,020215,N,N,STMARYS,UNK,01,09,636,CO,,0.8,N,S SANDGATES RD,1,M,N,,UU,,GRAYHOUND LA,38.40078248,-76.60872817
01,18,,02,02,02,2,01,04,00,ZR0278000F,06.01,03-12-2015,12:49:00,021815,Y,N,STMARYS,UNK,01,00,5,MD,,28.47,N,POINT LOOKOUT RD,0,F,N,,UU,,ENT TO LEONARDTOWN CENTRE (NORTH),38.30880434,-76.66389182
04,18,,03,17,02,,01,01,07,ZR02790008,06.01,02-07-2015,04:30:00,009415,N,N,STMARYS,UNK,09,09,283,CO,,2.47,S,FLAT IRON RD,5,F,S,1365,CO,,GREENS REST DR,38.20596113,-76.48793757
04,18,,01,17,06.03,,01,01,00,ZR02790009,12.04,02-21-2015,17:26:00,013315,N,N,STMARYS,UNK,16,00,6,MD,,7.23,E,NEW MARKET TURNER RD,50,F,E,313,OP,,CREMONA RD,38.44883309,-76.67896986
01,18,,01,06,01,1,01,01,00,ZR0279000B,06.01,03-06-2015,10:42:00,019415,N,N,STMARYS,UNK,01,00,4,MD,,5.08,N,ST ANDREWS CHURCH RD,300,F,N,553,CO,,OLD ST ANDREWS CHURCH RD,38.29317015,-76.53429151
01,18,,01,17,02,,01,01,11,ZR0279000C,06.01,03-30-2015,14:03:00,026415,N,N,STMARYS,UNK,09,16,733,CO,,0.81,S,AIRPORT VIEW DR,500,F,S,734,CO,,COMMERCE AVE,38.31836,-76.55436516
03,18,,88,88,02,,01,88,00,MSP5797000R,06.01,01-01-2015,02:14:00,,N,N,MSP,UNK,01,00,1107,CO,,0.07,S,CLIPPER DR,200,F,S,1108,CO,,SCHOONER CT,38.274675,-76.49588
01,18,,01,03,02,1,01,01,00,MSP5797000S,06.01,01-08-2015,08:51:00,,N,N,MSP,UNK,01,00,249,MD,,9.16,N,PINEY POINT RD,200,F,N,,UU,,KILLDEER LA,38.22944867,-76.51900717
00,18,,01,17,01,2,01,01,10,MSP5797000T,03,01-23-2015,23:00:00,,N,N,MSP,UNK,16,09,235,MD,,28.119,N,THREE NOTCH RD,500,F,N,54,CO,,LAUREL GROVE RD,38.406771,-76.66981983
01,18,,01,01,02,1,01,01,00,MSP5797000V,06.01,02-06-2015,08:16:00,,N,N,MSP,UNK,02,00,245,MD,,1.04,N,HOLLYWOOD RD,1,M,N,,UU,,L GRANT PKWY,38.31325383,-76.6456015
01,18,,02,02,01,1,01,04,00,MSP5797000W,07.01,02-10-2015,14:24:00,,Y,N,MSP,UNK,01,00,5,MD,,28.47,N,POINT LOOKOUT RD,0,F,N,,UU,,ENT TO LEONARDTOWN CENTRE (NORTH),38.30884817,-76.6639195
04,18,,03,17,04,1,01,01,05,MSP5797000Y,00,02-27-2015,02:54:00,,N,N,MSP,UNK,09,09,5,MD,,9.63,N,POINT LOOKOUT RD,15,F,N,732,CO,,PLEASANT MANOR RD,38.176369,-76.4112
01,18,,00,17,04,,01,01,23.03,MSP5797000Z,09.04,03-01-2015,08:08:00,,N,N,MSP,UNK,16,88,245,MD,,2.63,N,HOLLYWOOD RD,200,F,N,,UU,,TIN TOP HILL LN,38.32373017,-76.60928233
03,18,,03,17,02,,01,04,23.03,MSP57970010,06.01,03-09-2015,22:17:00,,Y,N,MSP,UNK,16,09,235,MD,,17.647,N,THREE NOTCH RD,50,F,N,203,CO,,MERVELL DEAN RD,38.312518,-76.53441