LIGHT_CODE,COUNTY_NO,MUNI_CODE,JUNCTION_CODE,COLLISION_TYPE_CODE,SURF_COND_CODE,LANE_CODE,RD_COND_CODE,RD_DIV_CODE,FIX_OBJ_CODE,REPORT_NO,WEATHER_CODE,ACC_DATE,ACC_TIME,LOC_CODE,SIGNAL_FLAG,C_M_ZONE_FLAG,AGENCY_CODE,AREA_CODE,HARM_EVENT_CODE1,HARM_EVENT_CODE2,RTE_NO,ROUTE_TYPE_CODE,RTE_SUFFIX,LOG_MILE,LOGMILE_DIR_FLAG,MAINROAD_NAME,DISTANCE,FEET_MILES_FLAG,DISTANCE_DIR_FLAG,REFERENCE_NO,REFERENCE_TYPE_CODE,REFERENCE_SUFFIX,REFERENCE_ROAD_NAME,LATITUDE,LONGITUDE
03,18,,03,17,02,3,01,04,04,MSP57970011,06.01,03-11-2015,22:39:00,,Y,N,MSP,UNK,09,16,235,MD,,14.916,N,THREE NOTCH RD,0,F,N,267,CO,,MAPLE RD,38.291591,-76.49349317
04,18,,01,17,02,1,01,01,08,MSP57970012,06.01,03-18-2015,01:06:00,,N,N,MSP,UNK,09,16,243,MD,,3.73,N,NEWTOWNE NECK RD,100,F,N,,UU,,KISKADEE LA,38.2953456,-76.6667179
03,15,,01,17,04,1,01,04,12,MSP58000024,06.01,01-11-2015,06:06:00,,N,Y,MSP,UNK,09,00,495,IS,,12.52,E,CAPITAL BELTWAY,0,F,E,193,MD,,UNIVERSITY BLVD E,39.0154595,-77.00582817
04,15,,01,17,01,,01,04,14.05,MSP58000025,03,01-12-2015,06:03:00,,N,N,MSP,UNK,09,00,270,IS,,13.97,N,EISENHOWER MEMORIAL HWY,0,F,N,141,CO,,MIDDLEBROOK RD,39.17598559,-77.24740505
01,15,,01,03,02,2,01,04,00,MSP58000026,06.01,01-15-2015,08:21:00,,N,N,MSP,UNK,01,00,270,IS,,8.39,N,EISENHOWER MEMORIAL HWY,0,M,N,212,CO,,SHADY GROVE RD,39.12178133,-77.19869333
01,15,,01,17,02,1,01,04,05,MSP58000027,06.01,01-15-2015,10:20:00,,N,N,MSP,UNK,09,00,270,IS,,8.39,N,EISENHOWER MEMORIAL HWY,0,M,N,212,CO,,SHADY GROVE RD,39.1172865,-77.19505917
06.02,15,,01,17,02,,01,04,05,MSP58000028,06.01,01-20-2015,16:46:00,,N,N,MSP,UNK,09,00,270,IS,,22.29,N,EISENHOWER MEMORIAL HWY,0,M,N,109,MD,,OLD HUNDRED RD,39.27208133,-77.31591133
01,15,,01,03,02,3,01,04,05,MSP58000029,06.01,01-22-2015,17:02:00,,N,N,MSP,UNK,01,09,270,IS,,1.54,N,EISENHOWER MEMORIAL HWY,0,F,N,187,MD,,OLD GEORGETOWN RD,39.0306535,-77.126987
03,15,,01,17,02,,01,04,05,MSP5800002B,06.01,01-28-2015,03:45:00,,N,N,MSP,UNK,09,00,270,IS,,0.05,N,EISENHOWER MEMORIAL HWY,0,M,N,,UU,,EXIT #35 (IS 495),39.0210875,-77.10604833
05.02,15,,01,07,02,3,01,04,00,MSP5800002C,06.01,02-05-2015,06:35:00,,N,N,MSP,UNK,01,09,495,IS,,8.24,E,CAPITAL BELTWAY,0,M,E,185,MD,,CONNECTICUT AVE,39.0099055,-77.08849283
01,15,,01,03,02,1,01,04,00,MSP5800002D,06.01,02-06-2015,15:14:00,,N,N,MSP,UNK,01,01,270,IS,,15.78,N,EISENHOWER MEMORIAL HWY,1,M,N,4556,CO,,FATHER HURLEY BLVD,39.21745817,-77.27792617
01,15,,05.01,17,02,,01,04,04,MSP5800002F,06.01,02-07-2015,10:40:00,,N,N,MSP,UNK,09,11,495,IS,,10.5,E,CAPITAL BELTWAY,0,F,E,495,RP,,RAMP 3 FR IS 495 EB TO MD 97 NB,39.01312017,-77.04078033
01,15,,01,03,02,4,01,04,00,MSP5800002G,07.01,02-09-2015,07:50:00,,N,N,MSP,UNK,01,00,270,IS,,6.46,N,EISENHOWER MEMORIAL HWY,50,F,N,28,MD,,W MONTGOMERY AVE,39.090361,-77.17507017
01,15,,01,07,02,4,01,04,00,MSP5800002H,06.01,02-13-2015,16:18:00,,N,Y,MSP,UNK,01,00,495,IS,,12.52,E,CAPITAL BELTWAY,25,F,E,193,MD,,UNIVERSITY BLVD E,39.01550083,-77.00699333
04,15,,01,03,01,1,01,04,00,MSP5800002J,08.04,02-14-2015,18:15:00,,N,N,MSP,UNK,01,00,495,IS,,6.71,E,CAPITAL BELTWAY,0,M,E,355,MD,,ROCKVILLE PIKE,39.01328233,-77.0939325
04,15,,01,88,04,,01,04,05,MSP5800002K,05,02-15-2015,00:15:00,,N,N,MSP,UNK,01,03,495,IS,,2.37,E,CAPITAL BELTWAY,0,M,E,190,MD,,RIVER RD,38.99908583,-77.1574615
01,15,,01,07,02,4,01,04,05,MSP5800002L,06.01,02-17-2015,15:30:00,,N,N,MSP,UNK,09,01,270,IS,,13.97,N,EISENHOWER MEMORIAL HWY,1,M,N,141,CO,,MIDDLEBROOK RD,39.1623895,-77.235229
01,15,,01,07,03,2,01,04,05,MSP5800002M,08.04,03-05-2015,06:50:00,,N,N,MSP,UNK,01,09,270,IS,,22.29,N,EISENHOWER MEMORIAL HWY,0,M,N,109,MD,,OLD HUNDRED RD,39.26810217,-77.31397117
01,15,,05.01,88,06.03,,01,02,00,MSP5800002N,06.01,03-06-2015,13:18:00,,N,N,MSP,UNK,16,01,270,RP,,0,S,RAMP 7 FR IS 370 WB TO IS 270 SB,0,F,S,370,IS,,NO NAME,39.12124967,-77.19961233
03,15,,01,03,01,4,01,04,00,MSP5800002P,03,03-10-2015,18:30:00,,N,N,MSP,UNK,01,00,495,IS,,2.21,E,CAPITAL BELTWAY,100,F,E,495,IS,,CABIN JOHN PKWY,38.98355333,-77.1626525
04,15,,01,17,01,,01,04,05,MSP5800002Q,07.01,03-10-2015,21:16:00,,N,N,MSP,UNK,09,00,495,IS,,2.37,E,CAPITAL BELTWAY,0,M,E,190,MD,,RIVER RD,38.98329812,-77.16333389
03,15,,01,03,02,2,01,04,00,MSP5800002R,06.01,03-12-2015,19:56:00,,N,N,MSP,UNK,01,00,495,IS,,8.24,E,CAPITAL BELTWAY,1,M,E,185,MD,,CONNECTICUT AVE,39.01241117,-77.06290367
04,15,,01,88,02,3,01,04,00,MSP5800002S,06.01,03-18-2015,01:26:00,,N,N,MSP,UNK,03,00,270,IS,,15.78,N,EISENHOWER MEMORIAL HWY,0,M,N,4556,CO,,FATHER HURLEY BLVD,39.19445283,-77.261126
03,15,,01,17,02,,01,04,05,MSP5800002T,00,03-22-2015,02:52:00,,N,N,MSP,UNK,09,00,495,IS,,6.52,E,CAPITAL BELTWAY,0,F,E,270,IS,,EISENHOWER MEMORIAL HWY,39.01962817,-77.10415817
01,15,,01,03,02,2,01,04,00,MSP5800002V,07.01,03-27-2015,11:51:00,,N,N,MSP,UNK,01,00,270,IS,,5.5,N,EISENHOWER MEMORIAL HWY,50,F,N,189,MD,,FALLS RD,39.07757817,-77.16813767
01,15,,01,07,02,3,01,04,05,MSP5800002W,06.01,03-30-2015,13:20:00,,N,N,MSP,UNK,01,09,495,IS,,5.61,E,CAPITAL BELTWAY,50,F,E,187,MD,,OLD GEORGETOWN RD,39.01599417,-77.117405
01,15,,01,03,02,4,01,04,00,MSP5800002X,06.01,03-31-2015,08:40:00,,N,N,MSP,UNK,01,00,495,IS,,2.37,E,CAPITAL BELTWAY,0,M,E,190,MD,,RIVER RD,38.99939533,-77.1579405
01,21,,01,03,04,2,01,04,05,MSP5802002M,12.04,01-03-2015,08:30:00,00,N,N,MSP,UNK,09,01,70,IS,,9.9,E,EISENHOWER MEMORIAL HWY,50,F,E,,UU,,MILE MARKER 10.0,39.6531375,-78.04753033
04,21,,01,03,02,2,01,04,00,MSP5802002N,06.01,01-10-2015,18:05:00,00,N,N,MSP,UNK,01,00,70,IS,,24.11,E,EISENHOWER MEMORIAL HWY,500,F,E,63,MD,,GREENCASTLE PIKE,39.6280335,-77.80420433
04,21,,01,07,01,1,01,04,05,MSP5802002P,06.01,01-12-2015,17:52:00,00,N,N,MSP,UNK,01,09,81,IS,,0.88,N,MARYLAND VETERANS MEMORIAL HWY,1,M,N,68,MD,,LAPPANS RD,39.59583983,-77.80852483
04,21,,01,17,02,2,01,04,05,MSP5802002Q,06.01,01-21-2015,04:36:00,00,N,N,MSP,UNK,09,00,70,IS,,19.46,E,EISENHOWER MEMORIAL HWY,1,M,E,88,CO,,ST PAUL RD,39.6512395,-77.857204
04,21,,01,17,02,1,01,04,00,MSP5802002R,06.01,02-04-2015,20:30:00,00,N,N,MSP,UNK,11,00,68,IS,,3.52,E,NATIONAL FREEWAY,100,F,E,,UU,,MILE MARKER 75.0,39.70836417,-78.2651565
01,21,,02,11,02,1,01,01,00,MSP5802002S,06.01,02-23-2015,07:20:00,00,N,N,MSP,UNK,01,00,63,MD,,10.19,N,GREENCASTLE PIKE,0,F,N,70,IS,,EISENHOWER MEMORIAL HWY,39.629723,-77.80978033
01,21,,01,17,02,1,01,04,05,MSP5802002T,06.01,02-23-2015,13:42:00,00,N,N,MSP,UNK,09,09,70,IS,,15.811,E,EISENHOWER MEMORIAL HWY,50,F,E,,UU,,MILE MARKER 16.0,39.633152,-77.960266
01,21,,01,03,02,2,01,04,00,MSP5802002V,06.01,03-19-2015,11:51:00,00,N,N,MSP,UNK,01,11,81,IS,,9.59,N,MARYLAND VETERANS MEMORIAL HWY,1,M,N,146,CO,,MAUGANS AVE,39.67922367,-77.7336855
01,21,,01,17,03,2,01,04,05,MSP5802002W,12.04,03-20-2015,08:55:00,00,N,N,MSP,UNK,09,00,70,IS,,1.16,E,EISENHOWER MEMORIAL HWY,0,M,E,522,US,,WARFORDSBURG RD,39.704422,-78.17305883
03,17,,01,17,03,1,01,04,05,MSP57580017,08.04,01-06-2015,06:46:00,,N,N,MSP,UNK,09,00,50,US,,10.63,E,BLUE STAR MEMORIAL HWY,100,F,E,835,MD,,NESBIT RD,38.96782033,-76.18550167
01,17,,01,17,02,1,01,01,00,MSP57580018,07.01,02-08-2015,09:24:00,,N,N,MSP,UNK,08,00,405,MD,,2.76,N,PRICE STATION RD,300,F,N,396,CO,,HOPE RD,39.06157367,-75.92369033
01,14,,02,11,03,1,04,01,88,MSP57580019,05,02-19-2015,15:18:00,,Y,N,MSP,UNK,01,09,298,MD,,8.15,E,LAMBS MEADOW RD,0,F,E,57,CO,,COOPERS LA,39.29252617,-76.0855595
04,14,,03,06,03,1,04,01,00,MSP5758001B,05,02-19-2015,20:13:00,,Y,N,MSP,UNK,01,00,299,MD,,4.21,N,GALENA SASSAFRAS RD,0,F,N,290,MD,,GALENA SASSAFRAS RD,39.36642333,-75.809561
04,14,,01,17,03,1,01,01,19.01,MSP5758001C,08.04,02-26-2015,00:00:00,,N,N,MSP,UNK,09,00,291,MD,,2.445,E,MORGNEC RD,0,F,E,,UU,,END BRIDGE,39.2340855,-76.03930283
01,14,,01,17,03,1,05,01,10,MSP5758001D,08.04,03-05-2015,08:40:00,,N,N,MSP,UNK,09,00,299,MD,,0,N,MASSEY RD,2,M,N,313,MD,,MASSEY GALENA RD,39.32473467,-75.81465517
01,17,,01,17,03,1,05,01,05,MSP5758001F,06.01,03-06-2015,09:41:00,,N,N,MSP,UNK,09,00,213,MD,,15.76,N,CHURCH HILL RD,350,F,N,19,MD,,MAIN ST,39.14025533,-75.99034483
04,17,,01,17,02,1,01,01,22.03,MSP5758001G,06.01,03-23-2015,00:11:00,,N,N,MSP,UNK,16,09,213,MD,,13.03,N,CHURCH HILL RD,100,F,N,,UU,,WHITE PINES LA (PVT),39.10891467,-76.02580217
01,13,,01,03,02,2,01,04,00,MSP5763002T,06.01,01-11-2015,09:08:00,,N,N,MSP,UNK,01,00,95,IS,,10.09,N,NO NAME,1,M,N,136,CO,,MONTGOMERY RD,39.20738433,-76.7481095
01,13,,01,03,02,3,01,04,00,MSP5763002V,06.01,01-13-2015,08:19:00,,N,N,MSP,UNK,01,00,95,IS,,10.09,N,NO NAME,1,M,N,136,CO,,MONTGOMERY RD,39.20742083,-76.74789917
01,13,,01,03,02,4,01,04,00,MSP5763002W,07.01,01-14-2015,08:20:00,,N,N,MSP,UNK,01,00,95,IS,,6.39,N,NO NAME,1,M,N,175,MD,,WATERLOO RD,39.18604117,-76.77934
04,13,,01,17,02,1,01,04,06,MSP5763002X,07.01,01-20-2015,22:15:00,,N,N,MSP,UNK,09,09,70,IS,,19.47,E,NO NAME,0,M,E,,UU,,BALTIMORE CO/L,39.51213883,-77.03987533
01,13,,01,17,02,,01,04,05,MSP5763002Y,06.01,03-30-2015,09:53:00,,N,N,MSP,UNK,09,09,95,IS,,8.27,N,NO NAME,1,M,N,100,MD,,NO NAME,39.205519,-76.75171733
01,13,,01,03,88,1,04,04,00,MSP57710031,06.01,01-15-2015,12:38:00,,N,N,MSP,UNK,01,00,95,IS,,3.7,N,NO NAME,20,F,N,95,RP,,RAMP 4 FR IS 95 NB TO MD 32 EB,39.1596103,-76.82073747
05.02,13,,01,17,04,3,88,04,23.03,MSP57710032,03,01-18-2015,08:00:00,,N,N,MSP,UNK,16,09,70,IS,,13.91,E,NO NAME,50,F,E,70,RP,,RAMP 4 FR MARRIOTTSVILLE RD TO IS 70 EB,39.30479747,-76.8950737
05.02,13,,01,17,04,3,88,04,05,MSP57710033,03,01-18-2015,09:48:00,,N,N,MSP,UNK,09,00,70,IS,,19.47,E,NO NAME,1,F,E,,UU,,BALTIMORE CO/L,39.30435155,-76.79817928
01,13,,01,17,02,2,01,04,05,MSP57710034,06.01,01-25-2015,11:20:00,,N,N,MSP,UNK,16,09,95,IS,,2.12,N,NO NAME,100,F,N,416,CO,,GORMAN RD,39.14705142,-76.84275902
01,13,,01,03,02,1,01,04,00,MSP57710035,06.01,01-28-2015,08:00:00,,N,N,MSP,UNK,01,00,95,IS,,5.99,N,NO NAME,100,F,N,95,RP,,RAMP 4 FR IS 95 NB TO MD 175 EB,39.18339095,-76.7802155
01,13,,01,03,02,4,01,04,00,MSP57710036,06.01,01-28-2015,09:00:00,,N,N,MSP,UNK,01,00,95,IS,,6.84,N,NO NAME,0,F,N,95,RP,,RAMP 8 FR IS 95 SB TO MD 175 WB,39.1822872,-76.78388065
01,13,,01,03,02,1,01,04,00,MSP57710037,06.01,01-29-2015,07:43:00,,N,N,MSP,UNK,01,00,70,IS,,7.27,E,NO NAME,200,F,E,70,RP,,RAMP 2 FR IS 70 WB TO MD 97 NB,39.33167377,-77.02974288
01,01,,01,02,02,1,01,01,00,MSP5773000P,06.01,02-28-2015,16:39:00,00,N,N,MSP,UNK,01,00,220,US,,12.85,N,MCMULLEN HWY,25,F,N,262,CO,,STONE FIELD LA,39.58045233,-78.8472285
01,01,,01,17,02,3,01,04,04,MSP5773000Q,06.01,03-13-2015,08:06:00,00,N,N,MSP,UNK,09,09,68,IS,,9.76,E,NATIONAL FREEWAY,500,F,E,68,RP,,RAMP 2 FR IS 68 WB TO BRADDOCK RD,39.641211,-78.80480467
04,06,,01,17,02,1,01,01,88,MSP57780027,02,01-04-2015,02:11:00,,N,N,MSP,UNK,09,00,32,MD,,14.974,N,WASHINGTON RD,500,F,N,302,CO,,KATE WAGNER RD,39.5512,-76.9907
01,06,,02,03,02,2,00,04,00,MSP57780028,06.01,01-13-2015,08:29:00,,Y,N,MSP,UNK,01,00,140,MD,,4,N,BALTIMORE BLVD,0,F,N,474,CO,,SANDYMOUNT RD,39.52587133,-76.92179183
01,06,,02,03,01,,00,01,00,MSP57780029,08.04,01-14-2015,07:55:00,,Y,N,MSP,UNK,01,00,97,MD,,13.9,N,NEW WASHINGTON RD,0,F,N,327,CO,,HOOK RD,39.54397917,-76.98813517
03,06,,02,03,02,2,01,01,00,MSP5778002B,06.01,01-19-2015,20:39:00,,Y,N,MSP,UNK,01,00,27,MD,,22.6,N,MANCHESTER RD,0,F,N,1133,CO,,OLD MANCHESTER RD,39.58642983,-76.975348
03,06,,01,88,02,,01,04,09,MSP5778002D,06.01,02-12-2015,22:36:00,,N,N,MSP,UNK,01,09,140,MD,,7.16,N,BALTIMORE BLVD,0,F,N,,UU,,DIRECTIONAL CROSSOVER,39.55652767,-76.96154983
01,06,,03,11,02,1,01,01,00,MSP5778002F,06.01,02-16-2015,14:32:00,,N,N,MSP,UNK,01,00,97,MD,,19.02,N,LITTLESTOWN PIKE,500,F,N,325,MU,,MAGNA WAY,39.60458317,-76.99841367
04,06,,01,17,01,1,01,01,10,MSP5778002G,08.04,02-16-2015,19:07:00,,N,N,MSP,UNK,16,09,27,MD,,8.26,N,RIDGE RD,500,F,N,569,CO,,BRADDOCK RD,39.45161283,-77.090799
04,06,,01,17,01,1,01,01,05,MSP5778002H,03,02-22-2015,05:57:00,,N,N,MSP,UNK,09,00,97,MD,,20.33,N,LITTLESTOWN PIKE,500,F,N,496,MD,,BACHMANS VALLEY RD,39.627579,-76.999721
01,06,,01,01,03,1,00,01,00,MSP5778002J,08.04,03-05-2015,08:05:00,,N,N,MSP,UNK,01,00,97,MD,,13.9,N,NEW WASHINGTON RD,1,M,N,327,CO,,HOOK RD,39.535922,-76.98892183
04,06,,01,03,01,1,01,01,00,MSP5778002K,02,03-21-2015,01:46:00,,N,N,MSP,UNK,01,00,32,MD,,14.604,N,WASHINGTON RD,500,F,N,304,CO,,DOROTHY AVE,39.52883733,-76.99340967
01,06,,02,01,01,1,00,01,00,MSP5778002L,06.01,03-26-2015,12:44:00,,Y,N,MSP,UNK,01,01,97,MD,,12.43,N,NEW WASHINGTON RD,0,F,N,32,MD,,SYKESVILLE RD,39.52305417,-76.989145
01,06,,02,03,02,2,01,04,00,MSP5778002M,06.01,03-29-2015,12:30:00,,Y,N,MSP,UNK,01,00,140,MD,,8.73,N,BALTIMORE BLVD,0,F,N,1402,CO,,RALPH ST,39.5729655,-76.98336633
01,10,,02,11,02,1,01,01,00,MSP5780002K,06.01,01-17-2015,11:58:00,,Y,N,MSP,UNK,01,00,32,MU,,0.78,E,FREDERICK ST,0,F,E,100,MU,,MAIN ST,39.48258042,-77.3487711
01,10,,02,17,03,1,01,01,09,MSP5780002L,08.04,01-21-2015,15:30:00,,N,N,MSP,UNK,09,16,75,MD,,3.37,N,GREEN VALLEY RD,0,F,N,995,CO,,PLEASANT GROVE DR,39.32711,-77.27950683
04,10,,01,03,04,2,01,04,06,MSP5780002M,09.04,02-01-2015,23:16:00,,N,N,MSP,UNK,01,09,70,IS,,7.77,E,EISENHOWER MEMORIAL HWY,0,M,E,139,CO,,HOLLOW RD,39.45111433,-77.50388983
04,10,,01,17,03,1,01,05.01,06,MSP5780002N,08.04,02-02-2015,00:15:00,,N,N,MSP,UNK,09,00,26,MD,,10.27,E,LIBERTY RD,1,M,E,1060,CO,,LIBERTY KNOLLS CT,39.48211017,-77.22228067
04,10,,01,17,01,1,01,04,05,MSP5780002P,03,02-02-2015,05:29:00,,N,N,MSP,UNK,09,10,70,IS,,7.77,E,EISENHOWER MEMORIAL HWY,1,M,E,139,CO,,HOLLOW RD,39.4384335,-77.49103733
01,10,,01,09,02,1,01,04,00,MSP5780002Q,06.01,02-15-2015,15:21:00,,N,N,MSP,UNK,01,09,15,US,,8.84,N,JEFFERSON NATIONAL PIKE,1,M,N,229,CO,,MT ZION RD,39.39599517,-77.4442855
99,10,,01,17,00,,01,04,05,MSP5780002R,07.01,02-15-2015,16:52:00,,N,N,MSP,UNK,09,00,270,IS,,0,N,EISENHOWER MEMORIAL HWY,0,M,N,,UU,,MONTGOMERY CO/L,39.340671,-77.38404933
04,10,,01,17,02,1,01,04,06,MSP5780002S,06.01,02-17-2015,21:58:00,,N,N,MSP,UNK,09,00,15,US,B,0.19,N,S JEFFERSON ST,0,M,N,761,MU,,S JEFFERSON ST (AHEAD),39.40437267,-77.43630367
04,10,,09.04,03,02,1,00,04,00,MSP5780002T,06.01,02-19-2015,19:12:00,,N,N,MSP,UNK,01,00,80,MD,,6.73,E,FINGERBOARD RD,0,M,E,392,CO,,THOMPSON DR,39.3462865,-77.30477433
01,10,,01,03,03,1,88,04,00,MSP5780002V,08.04,03-05-2015,08:44:00,,Y,N,MSP,UNK,01,00,340,US,,8.3,E,JEFFERSON NATIONAL PIKE,1,M,E,281,CO,,LANDER RD,39.3630055,-77.50903717
01,10,,02,11,03,2,01,04,00,MSP5780002W,08.04,03-05-2015,14:19:00,,Y,N,MSP,UNK,01,09,15,US,,16.18,N,CATOCTIN MOUNTAIN HWY,0,F,N,714,MU,,HAYWARD RD,39.45527917,-77.3995705
03,10,,01,88,02,,00,04,00,MSP5780002X,06.01,03-16-2015,19:29:00,,N,N,MSP,UNK,15,00,70,IS,,20.25,E,BALTO NATIONAL PIKE,0,M,E,,UU,,EXIT #59,39.39149883,-77.32334917
01,10,,01,17,02,1,01,01,10,MSP5780002Y,06.01,03-29-2015,08:24:00,,N,N,MSP,UNK,09,11,75,MD,,19.48,N,GREEN VALLEY RD,0,M,N,,UU,,ENT TO JOHNSVILLE UMC CHURCH & CEMETERY,39.48809517,-77.24083933
01,10,,01,09,02,2,01,04,00,MSP5780002Z,06.01,03-29-2015,12:29:00,,N,N,MSP,UNK,01,00,270,IS,,8.65,N,EISENHOWER MEMORIAL HWY,30,F,N,85,MD,,BUCKEYSTOWN PIKE,39.38472733,-77.41202317
03,13,,01,07,02,3,01,04,00,MSP5781002K,06.01,01-07-2015,05:20:00,,N,N,MSP,UNK,01,00,95,IS,,1.16,N,NO NAME,200,F,N,216,MD,,SCAGGSVILLE RD,39.13454467,-76.85483667
03,13,,01,17,02,1,01,02,05,MSP5781002L,06.01,01-31-2015,23:54:00,,N,N,MSP,UNK,09,11,95,IS,,3.95,N,NO NAME,300,F,N,95,RP,,RAMP 5 FR IS 95 SB TO MD 32 EB,39.158519,-76.83165783
03,13,,01,07,01,2,01,04,05,MSP5781002M,03,02-01-2015,23:52:00,,N,N,MSP,UNK,01,09,70,IS,,3.81,E,NO NAME,1,M,E,94,MD,,WOODBINE RD,39.33557517,-77.039793
01,13,,01,03,00,3,01,04,00,MSP5781002N,06.01,02-12-2015,08:31:00,,N,N,MSP,UNK,01,00,95,IS,,8.27,N,NO NAME,100,F,N,100,MD,,NO NAME,39.19245617,-76.7721525
01,13,,01,03,02,1,01,04,00,MSP5781002P,06.01,02-12-2015,12:48:00,,N,N,MSP,UNK,01,16,95,IS,,4.08,N,NO NAME,1,M,N,32,MD,,PATUXENT PKWY,39.149344,-76.8411535
03,13,,01,03,02,1,01,04,05,MSP5781002R,06.01,02-20-2015,18:16:00,,N,N,MSP,UNK,01,01,95,IS,,8.27,N,NO NAME,200,F,N,100,MD,,NO NAME,39.20207033,-76.7585805
01,13,,01,17,02,,01,04,05,MSP5781002S,06.01,03-07-2015,08:20:00,,N,N,MSP,UNK,09,00,95,IS,,8.27,N,NO NAME,100,F,N,100,MD,,NO NAME,39.19382583,-76.7703475
01,13,,01,03,02,1,01,04,00,MSP5781002T,06.01,03-10-2015,08:56:00,,N,N,MSP,UNK,01,01,70,IS,,16.07,E,NO NAME,500,F,E,1063,CO,,BETHANY LA,39.30354533,-76.87686317
03,13,,01,03,02,1,01,04,00,MSP5781002V,06.01,03-16-2015,20:46:00,,N,N,MSP,UNK,01,01,70,IS,,12.77,E,NO NAME,1,M,E,40,US,,BALTO NATIONAL PIKE,39.30208467,-76.908207
01,13,,01,17,02,,01,04,11,MSP5781002W,06.01,03-31-2015,07:40:00,,N,N,MSP,UNK,16,09,95,IS,,1.16,N,NO NAME,1,M,N,216,MD,,SCAGGSVILLE RD,39.134381,-76.85475733
01,06,,02,11,02,1,01,01,00,MSP5790000R,06.01,01-10-2015,16:26:00,,Y,N,MSP,UNK,01,00,27,MD,,19.88,N,MANCHESTER RD,0,F,N,1173,CO,,BENNETT CERF DR,39.58674133,-76.97558183
03,05,,08.04,03,04,1,01,01,00,MSP57930014,06.01,01-11-2015,03:11:00,,N,N,MSP,UNK,02,00,120,MU,,0,S,ORIOLE AVE,10,F,S,776,MD,,SUNSET BLVD,38.943381,-75.888601
01,05,,02,11,02,1,01,01,23.03,MSP57930015,06.01,01-20-2015,08:03:00,,Y,N,MSP,UNK,01,16,313,MD,,5.29,N,FEDERALSBURG HWY,0,F,N,394,CO,,OLD DENTON RD,38.72373983,-75.78576683
01,05,,01,17,03,1,88,01,23.03,MSP57930016,08.04,01-21-2015,14:22:00,,N,N,MSP,UNK,16,11,38,CO,,2.32,S,UNION RD,1,M,S,40,CO,,DAVIS RD,39.0156845,-75.8121335
04,05,,01,03,02,1,01,01,23.03,MSP57930017,06.01,02-08-2015,03:52:00,,N,N,MSP,UNK,01,16,63,CO,,4.85,E,KIBLER RD,0,M,E,314,MD,,WHITELEYSBURG RD,38.958547,-75.76032
04,05,,01,17,03,,01,01,07,MSP57930018,08.04,02-14-2015,22:30:00,,N,N,MSP,UNK,16,09,65,CO,,0.82,E,KNIFE BOX RD,100,F,E,66,CO,,GARLAND RD,38.947556,-75.792953
04,05,,01,17,02,,01,01,10,MSP57930019,06.01,02-24-2015,19:58:00,,N,N,MSP,UNK,16,09,313,MD,,19.16,N,GREENSBORO RD,1,M,N,404,MD,,SHORE HWY,38.898253,-75.817083
01,05,,01,03,02,1,01,01,23.03,MSP5793001B,06.01,03-19-2015,15:09:00,,N,N,MSP,UNK,01,16,404,MD,,4.37,E,SHORE HWY,50,F,E,59,CO,,HOLLY RD,38.90338783,-75.87374567
05.02,23,,00,00,02,1,01,01,00,MSP57940019,06.01,02-04-2015,06:30:00,,N,N,MSP,UNK,18,00,610,MD,,2.3,E,WHALEYVILLE RD,350,F,E,233,CO,,DONAWAY RD,38.41054212,-75.28897042
01,13,,01,07,02,4,01,04,05,MSP5796002C,06.01,01-10-2015,12:37:00,,N,N,MSP,UNK,01,01,95,IS,,6.39,N,NO NAME,0,M,N,175,MD,,WATERLOO RD,39.18657617,-76.778677
01,13,,01,17,02,1,01,02,11,MSP5796002D,06.01,01-13-2015,13:13:00,,N,N,MSP,UNK,09,00,70,IS,,17.72,E,NO NAME,0,M,E,70,RP,,RAMP 1 FR US 29 NB TO IS 70 WB,39.297399,-76.82338583
03,13,,01,17,03,,01,02,08,MSP5796002F,08.04,02-14-2015,18:15:00,,N,N,MSP,UNK,09,00,175,MD,,1.998,N,WATERLOO RD,0,M,N,95,IS,,NO NAME,39.17640783,-76.78763067
04,13,,01,07,02,2,01,04,00,MSP5796002G,06.01,02-20-2015,03:05:00,,N,N,MSP,UNK,01,00,100,MD,,7.12,E,NO NAME,0,M,E,100,MD,L,DORSEY MARC STATION ACCESS RD,39.1842525,-76.74916717
01,13,,01,03,01,4,01,04,00,MSP5796002H,03,03-10-2015,15:13:00,,N,N,MSP,UNK,01,01,95,IS,,1.16,N,NO NAME,1,M,N,216,MD,,SCAGGSVILLE RD,39.11875567,-76.86980217
01,13,,01,07,02,3,01,04,00,MSP5796002J,06.01,03-27-2015,14:10:00,,N,N,MSP,UNK,01,00,95,IS,,8.27,N,NO NAME,0,M,N,100,MD,,NO NAME,39.20153106,-76.7586422
01,22,,01,17,04,,01,04,15.05,MSP5359001J,12.04,02-10-2015,08:20:00,,N,N,MSP,UNK,09,00,50,US,,15.459,E,SALISBURY BYPASS,0,F,E,1950,MU,,NORTHWOOD DR,38.40248217,-75.58409333
01,22,,02,12,01,3,01,04,04,MSP5359001K,06.01,02-18-2015,14:09:00,,Y,N,MSP,UNK,01,09,13,US,,13.08,N,N SALISBURY BLVD,0,F,N,1947,MU,,NORTH POINTE DR,38.41695533,-75.56610617
03,18,,02,17,02,1,01,88,04,MSP53600012,06.01,03-11-2015,23:17:00,,N,N,MSP,UNK,09,09,5,MD,,25.97,N,POINT LOOKOUT RD,0,F,N,5,MD,,FENWICK ST,38.2897345,-76.62558317