LIGHT_CODE,COUNTY_NO,MUNI_CODE,JUNCTION_CODE,COLLISION_TYPE_CODE,SURF_COND_CODE,LANE_CODE,RD_COND_CODE,RD_DIV_CODE,FIX_OBJ_CODE,REPORT_NO,WEATHER_CODE,ACC_DATE,ACC_TIME,LOC_CODE,SIGNAL_FLAG,C_M_ZONE_FLAG,AGENCY_CODE,AREA_CODE,HARM_EVENT_CODE1,HARM_EVENT_CODE2,RTE_NO,ROUTE_TYPE_CODE,RTE_SUFFIX,LOG_MILE,LOGMILE_DIR_FLAG,MAINROAD_NAME,DISTANCE,FEET_MILES_FLAG,DISTANCE_DIR_FLAG,REFERENCE_NO,REFERENCE_TYPE_CODE,REFERENCE_SUFFIX,REFERENCE_ROAD_NAME,LATITUDE,LONGITUDE
01,02,,01,03,02,4,01,04,00,MSP6302002V,06.01,03-15-2015,15:18:00,,N,N,MSP,UNK,01,00,595,IS,,8.75,E,JOHN HANSON HWY,300,F,E,595,RP,,RAMP 3 FR IS 595 EB TO MD 450 NB,38.98474283,-76.54102567
01,02,,01,03,02,2,01,02,00,MSP6302002W,06.01,03-17-2015,17:32:00,,N,N,MSP,UNK,01,00,595,IS,,8.18,E,JOHN HANSON HWY,0,F,E,595,RP,,RAMP 11 FR IS 595 WB TO IS 595 WB,38.98419183,-76.56610717
01,17,,02,11,02,2,01,04,00,MSP6303000M,06.01,01-02-2015,14:07:00,,Y,N,MSP,UNK,01,16,405,MD,,5.98,N,PRICE STATION RD,0,F,N,301,US,,BLUE STAR MEMORIAL HWY,39.09919067,-75.9606966
05.02,14,,01,17,01,1,01,01,06,MSP6303000N,03,01-03-2015,11:31:00,,N,N,MSP,UNK,16,00,291,MD,,4.51,E,MORGNEC RD,2,M,E,317,CO,,MORGNEC CUTOFF RD,39.25606732,-75.9695293
01,14,,01,02,02,1,00,01,00,MSP6303000P,05,02-02-2015,16:39:00,,N,N,MSP,UNK,01,01,20,MD,,12.94,E,CHESTERTOWN RD,30,F,E,84,CO,,AIRY HILL RD,39.21555528,-76.0914033
01,14,,01,03,01,1,01,01,00,MSP6303000Q,08.04,02-18-2015,13:30:00,,N,N,MSP,UNK,01,01,213,MD,,0.74,N,WASHINGTON AVE,100,F,N,40,MU,,CAMPUS AVE,39.21695698,-76.06672222
01,14,,01,17,02,1,01,01,10,MSP6303000R,06.01,03-16-2015,10:51:00,,N,N,MSP,UNK,09,00,20,MD,,2.03,E,ROCK HALL RD,200,F,E,288,MD,,CROSBY RD,39.14122747,-76.22332582
01,15,,02,03,01,1,01,01,00,MSP63040033,12.04,01-14-2015,10:39:00,,Y,N,MSP,UNK,01,00,191,MD,,2.63,N,BRADLEY BLVD,0,F,N,169,CO,,BURDETTE RD,39.005451,-77.140457
03,15,,01,88,02,5,01,04,00,MSP63040035,06.01,01-15-2015,20:00:00,,N,N,MSP,UNK,01,01,270,IS,,11.47,N,EISENHOWER MEMORIAL HWY,30,F,N,124,MD,,QUINCE ORCHARD RD,39.14766567,-77.2161285
00,15,,01,08,02,3,00,04,00,MSP63040036,00,01-16-2015,17:15:00,,N,N,MSP,UNK,01,00,495,IS,,10.44,E,CAPITAL BELTWAY,1,M,E,97,MD,,GEORGIA AVE,39.01938033,-76.97875533
03,15,,01,03,02,1,01,04,00,MSP63040037,06.01,01-16-2015,19:25:00,,N,N,MSP,UNK,01,01,495,IS,,3.69,E,CAPITAL BELTWAY,500,F,E,191,MD,,BRADLEY BLVD,39.00690783,-77.15319733
03,15,,01,17,02,1,01,04,00,MSP63040039,06.01,02-01-2015,06:12:00,,N,N,MSP,UNK,08,00,495,IS,,9.82,E,CAPITAL BELTWAY,50,F,E,7073,CO,,SEMINARY RD,39.01441283,-77.05900567
03,15,,01,17,02,1,01,04,00,MSP6304003B,06.01,02-01-2015,07:07:00,,N,N,MSP,UNK,08,08,495,IS,,9.82,E,CAPITAL BELTWAY,50,F,E,7073,CO,,SEMINARY RD,39.0135105,-77.0529215
01,15,,01,09,01,2,01,04,00,MSP6304003C,03,02-02-2015,09:44:00,,Y,N,MSP,UNK,01,00,270,IS,,22.14,N,EISENHOWER MEMORIAL HWY,200,F,N,270,RP,,RAMP 6 FR MD 109 EB TO IS 270 SB,39.27453917,-77.3203275
03,15,,01,03,02,4,01,04,00,MSP6304003D,06.01,02-03-2015,07:06:00,,N,N,MSP,UNK,01,00,495,IS,,1.77,E,CAPITAL BELTWAY,0,F,E,,UU,,BEGIN BRIDGE,38.974408,-77.17882217
00,15,,01,00,02,2,01,04,00,MSP6304003F,06.01,02-03-2015,09:05:00,,N,N,MSP,UNK,01,00,270,IS,,9.32,N,EISENHOWER MEMORIAL HWY,250,F,N,,UU,,EXIT #9,39.1240035,-77.20021833
01,15,,01,03,02,1,01,04,00,MSP6304003G,06.01,02-04-2015,08:30:00,,N,N,MSP,UNK,01,00,495,IS,,11.88,E,CAPITAL BELTWAY,500,F,E,29,US,,COLESVILLE RD,39.01625883,-77.01450033
01,15,,01,03,02,2,01,04,00,MSP6304003H,06.01,02-04-2015,12:42:00,,N,N,MSP,UNK,01,00,495,IS,,6.63,E,CAPITAL BELTWAY,0,M,E,,UU,,MD 355 SB/L,39.01603983,-77.11189917
03,15,,01,03,02,1,01,04,00,MSP6304003J,06.01,02-12-2015,22:43:00,,N,N,MSP,UNK,01,01,270,IS,Y,0.995,N,NO NAME,250,F,N,166,CO,,DEMOCRACY BLVD,39.02068783,-77.143505
03,15,,01,00,02,3,01,04,00,MSP6304003K,06.01,02-18-2015,05:52:00,,N,N,MSP,UNK,09,00,495,IS,,11.88,E,CAPITAL BELTWAY,1,M,E,29,US,,COLESVILLE RD,39.01451783,-77.032628
05.02,15,,01,07,02,,01,04,00,MSP6304003L,06.01,02-25-2015,06:35:00,,N,N,MSP,UNK,01,00,495,IS,,14.1,E,CAPITAL BELTWAY,0,M,E,650,MD,,NEW HAMPSHIRE AVE,39.02001725,-76.9828105
03,15,,01,17,02,1,01,04,05,MSP6304003M,06.01,03-16-2015,21:40:00,,N,N,MSP,UNK,09,00,495,IS,,6.76,E,CAPITAL BELTWAY,500,F,E,495,RP,,RAMP 5 FR MD 355 SB TO IS 495 EB,39.0163095,-77.098713
01,15,,01,08,02,4,01,04,12,MSP6304003N,06.01,03-24-2015,13:00:00,,N,N,MSP,UNK,01,01,495,IS,,6.71,E,CAPITAL BELTWAY,100,F,E,355,MD,,ROCKVILLE PIKE,39.0163305,-77.09945933
01,15,,02,03,02,2,01,02,00,MSP6304003P,06.01,03-24-2015,14:30:00,,Y,N,MSP,UNK,01,00,187,MD,B,0.166,N,ROCKLEDGE BLVD,0,F,N,270,RP,,RAMP 8 FR MD 187B SB TO IS 270 WB,39.03191102,-77.13139415
01,15,,00,17,02,3,00,04,00,MSP6304003Q,06.01,03-25-2015,13:00:00,,N,N,MSP,UNK,10,00,495,IS,,2.37,E,CAPITAL BELTWAY,1,M,E,190,MD,,RIVER RD,38.993759,-77.15817233
01,15,,00,17,01,1,00,04,15.05,MSP6305002W,03,01-04-2015,11:03:00,,N,N,MSP,UNK,09,00,495,IS,,8.24,E,CAPITAL BELTWAY,0,M,E,185,MD,,CONNECTICUT AVE,39.0065958,-77.06947803
03,15,,01,07,02,1,01,04,00,MSP6305002X,06.01,01-07-2015,18:31:00,,N,N,MSP,UNK,01,00,495,IS,,7.36,E,CAPITAL BELTWAY,1,M,E,319,CO,,CEDAR LA,39.01268162,-77.09391832
06.02,15,,00,03,02,2,01,04,00,MSP6305002Y,06.01,01-08-2015,17:31:00,,N,N,MSP,UNK,01,01,270,IS,,8.39,N,EISENHOWER MEMORIAL HWY,1,M,N,212,CO,,SHADY GROVE RD,39.10732776,-77.18353629
03,15,,00,88,00,,01,04,08,MSP6305002Z,06.01,01-15-2015,23:21:00,,N,N,MSP,UNK,09,09,495,IS,,8.24,E,CAPITAL BELTWAY,0,M,E,185,MD,,CONNECTICUT AVE,39.00547028,-77.08197713
01,15,,00,03,01,2,01,04,00,MSP63050030,08.04,01-21-2015,13:57:00,,N,N,MSP,UNK,01,00,495,IS,,14.1,E,CAPITAL BELTWAY,1,M,E,650,MD,,NEW HAMPSHIRE AVE,39.01881692,-76.98862553
01,15,,00,07,02,3,01,04,00,MSP63050031,06.01,01-29-2015,15:46:00,,N,N,MSP,UNK,01,00,270,IS,Y,1.345,N,NO NAME,0,M,N,3438,CO,Y,WESTLAKE TERR,39.03091092,-77.1415329
01,15,,00,03,02,4,01,04,00,MSP63050032,06.01,01-30-2015,14:40:00,,N,N,MSP,UNK,01,00,495,IS,,9.82,E,CAPITAL BELTWAY,1,M,E,7073,CO,,SEMINARY RD,39.01404043,-77.05815911
03,15,,00,03,02,3,01,04,00,MSP63050033,06.01,01-30-2015,19:18:00,,N,N,MSP,UNK,01,00,495,IS,,8.24,E,CAPITAL BELTWAY,0,M,E,185,MD,,CONNECTICUT AVE,39.00554532,-77.07640886
01,15,,00,03,02,4,00,04,00,MSP63050034,06.01,02-02-2015,16:47:00,,N,N,MSP,UNK,01,01,270,IS,,11.97,N,EISENHOWER MEMORIAL HWY,50,F,N,,UU,,END C/D LANE (NB/L),39.153117,-77.220967
03,15,,05.01,17,02,,01,02,05,MSP63050035,06.01,02-07-2015,01:43:00,,N,N,MSP,UNK,09,00,270,RP,,0.09,S,RAMP 7 FR IS 370 WB TO IS 270 SB,0,F,S,270,IS,,EISENHOWER MEMORIAL HWY,39.11982279,-77.19996214
01,15,,05.01,17,04,,00,04,09,MSP63050036,06.01,02-15-2015,07:15:00,,N,N,MSP,UNK,09,16,495,IS,,10.5,E,CAPITAL BELTWAY,0,F,E,495,RP,,RAMP 3 FR IS 495 EB TO MD 97 NB,39.0130901,-77.04061747
01,15,,00,07,04,1,01,04,15.05,MSP63050037,06.01,02-15-2015,08:23:00,,N,N,MSP,UNK,01,09,495,IS,,11.88,E,CAPITAL BELTWAY,0,M,E,29,US,,COLESVILLE RD,39.01638287,-77.02086568
01,15,,00,17,04,2,00,02,05,MSP63050038,06.01,02-15-2015,09:30:00,,N,N,MSP,UNK,09,00,495,IS,,10.32,E,CAPITAL BELTWAY,0,F,E,495,RP,,RAMP 6 FR IS 495 EB TO MD 97 SB,39.01291503,-77.04360008
01,15,,01,03,02,2,01,00,00,MSP63050039,06.01,02-15-2015,12:56:00,,N,N,MSP,UNK,01,00,270,IS,,0.27,N,EISENHOWER MEMORIAL HWY,0,M,N,326,CO,,GROSVENOR LA,39.02390149,-77.10785508
01,15,,00,03,02,2,01,04,00,MSP6305003B,06.01,02-25-2015,15:26:00,,N,N,MSP,UNK,01,01,495,IS,,8.24,E,CAPITAL BELTWAY,1,M,E,185,MD,,CONNECTICUT AVE,39.00611225,-77.08436966
03,15,,00,03,02,1,01,04,00,MSP6305003C,06.01,02-27-2015,19:19:00,,N,N,MSP,UNK,01,00,495,IS,,2.37,E,CAPITAL BELTWAY,0,M,E,190,MD,,RIVER RD,38.99704918,-77.1583128
03,18,,01,03,01,1,01,03,00,MSP6306000N,06.01,01-23-2015,17:10:00,,N,N,MSP,UNK,01,01,4,MD,,8.38,N,PATUXENT BEACH RD,500,F,N,789,CO,,N PATUXENT BEACH RD,38.32234004,-76.47607
04,18,,01,17,03,,01,03,10,MSP6306000P,10.04,02-26-2015,05:18:00,,N,N,MSP,UNK,16,09,242,MD,,12.8,N,COLTON POINT RD,1,M,N,5,MD,,POINT LOOKOUT RD,38.37563,-76.69574
04,16,,01,03,02,4,01,04,00,MSP63070030,06.01,01-09-2015,01:40:00,6,N,N,MSP,UNK,01,00,95,IS,,7.3,N,CAPITAL BELTWAY,300,F,N,5,MD,,BRANCH AVE,38.81823267,-76.93517267
04,16,,01,03,02,3,01,04,00,MSP63070031,06.01,01-09-2015,01:43:00,6,N,N,MSP,UNK,01,00,95,IS,,7.3,N,CAPITAL BELTWAY,500,F,N,5,MD,,BRANCH AVE,38.81820783,-76.93538783
04,16,,01,03,02,2,01,04,00,MSP63070032,06.01,01-09-2015,03:23:00,6,N,N,MSP,UNK,01,00,5,MD,,6.55,N,BRANCH AVE,200,F,N,130,CO,,SURRATTS RD,38.81819883,-76.93538033
06.02,16,,01,03,02,1,01,04,00,MSP63070034,06.01,01-21-2015,07:20:00,4,N,N,MSP,UNK,01,00,5,MD,,3.12,N,BRANCH AVE,400,F,N,599,CO,,BRANDYWINE RD,38.706355,-76.87734433
04,16,,01,17,03,1,01,02,06,MSP63070035,08.04,01-26-2015,17:52:00,2,N,N,MSP,UNK,16,00,202,MD,,7.76,N,LARGO RD,50,F,N,202,RP,,RAMP 1 FR MD 202 NB TO MD 214 WB,38.90043233,-76.83190683
01,16,,01,03,02,1,01,04,00,MSP63070036,06.01,02-12-2015,07:08:00,5,N,N,MSP,UNK,01,00,95,IS,,2.751,N,CAPITAL BELTWAY,300,F,N,210,MD,,INDIAN HEAD HWY,38.8065705,-76.98814017
01,16,,01,17,04,1,01,04,05,MSP63070037,09.04,02-15-2015,08:45:00,1,N,N,MSP,UNK,09,00,301,US,,18.82,N,CRAIN HWY,400,F,N,4639,CO,,TRADE ZONE AVE,38.87749033,-76.720374
01,16,,03,11,04,4,01,03,00,MSP63070038,09.04,02-15-2015,10:17:00,1,Y,N,MSP,UNK,01,00,202,MD,,8.74,N,LARGO RD,10,F,N,64,CO,,LOTTSFORD RD,38.91249617,-76.83909733
01,16,,01,17,04,1,01,02,05,MSP63070039,09.04,02-15-2015,11:45:00,1,N,N,MSP,UNK,09,00,214,MD,,4.2,E,CENTRAL AVE,200,F,E,202,RP,,RAMP 6 FR MD 214 EB TO MD 202 SB,38.89598833,-76.83314017
01,16,,03,88,01,3,01,04,00,MSP6307003B,06.01,02-15-2015,12:43:00,1,Y,N,MSP,UNK,01,01,202,MD,,9.16,N,LANDOVER RD,10,F,N,3132,CO,,ST JOSEPHS DR,38.91611017,-76.84482617
04,16,,02,11,02,3,01,03,00,MSP6307003C,06.01,02-23-2015,22:06:00,2,Y,N,MSP,UNK,01,00,4,MD,,7.68,N,PENNSYLVANIA AVE,0,F,N,4,MD,,DOWER HOUSE RD,38.82069017,-76.84866433
01,16,,01,88,02,1,01,04,00,MSP6307003D,06.01,03-09-2015,07:43:00,2,N,N,MSP,UNK,01,01,4,MD,,2.08,N,PENNSYLVANIA AVE,200,F,N,717,MD,,WATER ST,38.813945,-76.74275983
01,16,,01,03,02,4,01,04,00,MSP6307003F,06.01,03-13-2015,08:05:00,6,N,N,MSP,UNK,01,00,95,IS,,9.99,N,CAPITAL BELTWAY,100,F,N,119,GV,,SUITLAND PKWY,38.82978317,-76.87505733
01,16,,01,88,02,1,01,04,00,MSP6307003G,06.01,03-18-2015,14:48:00,4,N,N,MSP,UNK,01,01,5,MD,,7.85,N,BRANCH AVE,300,F,N,223,MD,,WOODYARD RD,38.76111483,-76.8812875
01,16,,02,11,02,2,01,04,00,MSP6307003H,06.01,03-18-2015,18:52:00,4,Y,N,MSP,UNK,01,01,202,MD,,8.05,N,LARGO RD,0,F,N,5342,CO,,ARENA DR,38.90377267,-76.83383017
04,16,,01,03,02,2,01,03,00,MSP6307003J,06.01,03-25-2015,23:05:00,4,N,N,MSP,UNK,01,00,4,MD,,9.37,N,PENNSYLVANIA AVE,50,F,N,95,IS,,CAPITAL BELTWAY,38.84001133,-76.86818833
03,16,,01,17,01,1,01,04,05,MSP6309000W,03,01-04-2015,02:39:00,,N,N,MSP,UNK,09,09,50,US,,4.1,E,JOHN HANSON HWY,20,F,E,410,MD,,VETERANS PKWY,38.94218583,-76.88102483
03,16,,01,01,03,1,01,04,00,MSP6309000X,08.04,01-06-2015,05:20:00,,N,N,MSP,UNK,01,01,95,IS,,25.19,N,CAPITAL BELTWAY,50,F,N,1,US,,BALTIMORE AVE,39.0183125,-76.92682417
05.02,16,,01,03,01,1,01,04,00,MSP6309000Y,06.01,01-13-2015,07:38:00,,N,N,MSP,UNK,01,01,50,US,,0.5,E,JOHN HANSON HWY,200,F,E,201,MD,,KENILWORTH AVE,38.919278,-76.9373845
01,16,,03,03,02,2,01,04,00,MSP6309000Z,06.01,01-16-2015,13:02:00,,N,N,MSP,UNK,01,00,3,MD,,2.2,N,CRAIN HWY,200,F,N,450,MD,,ANNAPOLIS RD,38.98718767,-76.707615
01,16,,01,17,02,1,01,04,05,MSP63090010,06.01,02-07-2015,13:34:00,,N,N,MSP,UNK,00,09,50,US,,4.1,E,JOHN HANSON HWY,30,F,E,410,MD,,VETERANS PKWY,38.943479,-76.88036817
04,16,,01,17,04,1,01,04,05,MSP63090011,12.04,02-10-2015,06:00:00,,N,N,MSP,UNK,00,09,50,US,,14.39,E,JOHN HANSON HWY,1,M,E,,UU,,ANNE ARUNDEL CO/L,38.9508495,-76.74988167
05.02,16,,01,03,04,3,01,04,00,MSP63090012,06.01,02-10-2015,07:34:00,,N,N,MSP,UNK,01,00,595,IS,,8.08,E,JOHN HANSON HWY,200,F,E,3,MD,,CRAIN HWY,38.9552874,-76.71111882
05.02,16,,01,88,04,1,01,04,05,MSP63090013,06.01,02-10-2015,07:00:00,,N,N,MSP,UNK,09,01,595,IS,,8.08,E,JOHN HANSON HWY,300,F,E,301,US,,CRAIN HWY,38.95504983,-76.715887
01,16,,01,17,02,1,01,04,05,MSP63090014,06.01,02-15-2015,15:30:00,,N,N,MSP,UNK,09,00,595,IS,,6.68,E,JOHN HANSON HWY,1,M,E,197,MD,,COLLINGTON RD,38.95043987,-76.75121784
04,16,,01,03,03,2,01,02,00,MSP63090015,08.04,02-16-2015,23:06:00,,N,N,MSP,UNK,00,01,95,IS,,23.04,N,CAPITAL BELTWAY,100,F,N,201,MD,,KENILWORTH AVE,39.0043305,-76.89343233
01,16,,01,03,02,3,01,04,00,MSP63090016,06.01,03-06-2015,12:23:00,,N,N,MSP,UNK,01,01,595,IS,,8.08,E,JOHN HANSON HWY,100,F,E,301,US,,CRAIN HWY,38.95493817,-76.71917933
05.02,16,,01,07,04,3,01,04,05,MSP63090017,06.01,03-07-2015,06:32:00,,N,N,MSP,UNK,01,09,50,US,,4.52,E,JOHN HANSON HWY,500,F,E,50,US,,ARDWICK ARDMORE RD,38.94562133,-76.85850517
01,16,,01,03,02,1,01,04,00,MSP63090018,06.01,03-07-2015,12:31:00,,N,N,MSP,UNK,01,01,1,US,,10.28,N,BALTIMORE AVE,200,F,N,21,CO,,MUIRKIRK RD,39.0593415,-76.88823067
05.02,16,,01,07,02,4,01,04,05,MSP63090019,06.01,03-08-2015,08:00:00,,N,N,MSP,UNK,01,09,95,IS,,19.59,N,CAPITAL BELTWAY,1,M,N,450,MD,,ANNAPOLIS RD,38.96728033,-76.8681435
01,16,,02,11,02,1,01,01,00,MSP6309001B,06.01,03-08-2015,13:29:00,,Y,N,MSP,UNK,01,01,3,MD,,2.2,N,CRAIN HWY,0,F,N,450,MD,,ANNAPOLIS RD,38.98543717,-76.70875067
01,16,,01,03,02,4,01,04,00,MSP6309001C,06.01,03-13-2015,14:59:00,,N,N,MSP,UNK,01,00,95,IS,,22.12,N,CAPITAL BELTWAY,300,F,N,295,MD,,BALTIMORE WASHINGTON PKWY,38.99682217,-76.8906345
01,16,,01,03,02,1,01,04,00,MSP6309001D,06.01,03-13-2015,15:25:00,,N,N,MSP,UNK,01,01,95,IS,,22.12,N,CAPITAL BELTWAY,200,F,N,295,MD,,BALTIMORE WASHINGTON PKWY,38.986989,-76.88171633
01,16,,01,03,01,2,03,02,00,MSP6309001F,06.01,03-15-2015,17:04:00,,N,N,MSP,UNK,01,00,95,IS,,25.19,N,CAPITAL BELTWAY,10,F,N,1,US,,BALTIMORE AVE,39.018065,-76.92693867
01,16,,01,03,02,4,01,04,00,MSP6309001G,06.01,03-29-2015,14:24:00,,N,N,MSP,UNK,01,01,95,IS,,28.54,N,NO NAME,500,F,N,212,MD,,POWDER MILL RD,39.04733367,-76.932581
01,16,,01,17,02,1,02,02,11,MSP6309001H,06.01,03-31-2015,08:46:00,,N,N,MSP,UNK,16,09,595,IS,,0.29,E,JOHN HANSON HWY,50,F,E,95,IS,,CAPITAL BELTWAY,38.94616917,-76.85498233
01,16,,01,03,02,3,01,04,00,MSP60990039,06.01,01-05-2015,07:57:00,615,N,N,MSP,UNK,01,00,301,US,,0.42,N,CRAIN HWY,500,F,N,185,CO,,CEDARVILLE RD,38.66667867,-76.87531667
03,16,,01,07,02,3,01,04,00,MSP6099003B,06.01,01-11-2015,19:31:00,611,N,N,MSP,UNK,01,00,95,IS,,14.78,N,CAPITAL BELTWAY,50,F,N,214,MD,,CENTRAL AVE,38.89482183,-76.8478735
03,16,,01,01,02,,01,04,00,MSP6099003C,06.01,01-14-2015,20:18:00,,N,N,MSP,UNK,16,01,95,IS,,2.28,N,CAPITAL BELTWAY,100,F,N,,UU,,MILE MARKER 2,38.79293,-77.030179
01,16,,01,88,02,1,01,04,05,MSP6099003D,06.01,02-05-2015,16:38:00,615,N,N,MSP,UNK,09,01,214,MD,,0.87,E,CENTRAL AVE,50,F,E,366,CO,,ADDISON RD,38.89808033,-76.82310633
01,16,,01,03,02,,00,04,00,MSP6099003F,06.01,02-07-2015,17:06:00,616,N,N,MSP,UNK,01,22.15,301,US,,0.94,N,CRAIN HWY,700,F,N,6293,CO,,MATAPEAKE BUSINESS DR,38.66945233,-76.87596367
03,16,,01,17,02,,01,04,06,MSP6099003G,06.01,02-14-2015,04:33:00,617,N,N,MSP,UNK,16,11,95,IS,,4.33,N,CAPITAL BELTWAY,200,F,N,,UU,,EXIT #4,38.81140611,-76.96318746
01,16,,01,17,02,2,01,04,05,MSP6099003H,06.01,02-25-2015,08:55:00,614,N,N,MSP,UNK,09,09,95,IS,,1.161,N,CAPITAL BELTWAY,500,F,N,,UU,,END BRIDGE,38.79264368,-77.02739954
03,16,,01,03,01,,00,04,00,MSP6099003J,12.04,03-05-2015,19:27:00,615,N,N,MSP,UNK,16,01,4,MD,,2.08,N,PENNSYLVANIA AVE,500,F,N,717,MD,,WATER ST,38.80939567,-76.75971017
03,15,,00,17,01,1,01,04,04,MSP61000031,03,01-04-2015,03:33:00,,N,N,MSP,UNK,09,00,495,IS,,8.24,E,CAPITAL BELTWAY,50,F,E,,UU,,EXIT #33,39.00398333,-77.07830383
01,15,,01,07,02,3,01,04,00,MSP61000032,00,01-13-2015,10:33:00,,N,N,MSP,UNK,01,00,495,IS,,2.37,E,CAPITAL BELTWAY,0,M,E,190,MD,,RIVER RD,38.993733,-77.157906
03,15,,01,03,02,5,01,04,00,MSP61000033,06.01,01-19-2015,19:08:00,,N,N,MSP,UNK,01,01,495,IS,,0.06,E,CAPITAL BELTWAY,0,F,E,,UU,,STRUC #15100 POTOMAC RIVER,38.96686267,-77.18026883
01,15,,01,17,01,1,01,04,00,MSP61000034,08.04,01-21-2015,15:17:00,,N,N,MSP,UNK,18,00,270,IS,,18.43,N,EISENHOWER MEMORIAL HWY,1,M,N,121,MD,,CLARKSBURG RD,39.240215,-77.2919715
03,15,,01,03,02,4,01,04,00,MSP61000035,06.01,01-22-2015,18:12:00,,N,N,MSP,UNK,01,00,495,IS,,6.71,E,CAPITAL BELTWAY,0,M,E,355,MD,,ROCKVILLE PIKE,39.00734333,-77.085937
03,15,,01,17,01,1,01,04,08,MSP61000036,07.01,01-27-2015,04:00:00,,N,N,MSP,UNK,16,09,270,IS,,22.29,N,EISENHOWER MEMORIAL HWY,600,F,N,109,MD,,OLD HUNDRED RD,39.27536133,-77.32122817
03,15,,01,88,02,1,01,04,05,MSP61000038,06.01,01-31-2015,03:26:00,,N,N,MSP,UNK,01,01,495,IS,,14.1,E,CAPITAL BELTWAY,0,M,E,650,MD,,NEW HAMPSHIRE AVE,39.018429,-76.9904
01,15,,01,17,02,3,05,04,00,MSP61000039,06.01,02-07-2015,11:01:00,,N,N,MSP,UNK,10,00,270,IS,,4.14,N,EISENHOWER MEMORIAL HWY,50,F,N,927,MD,,MONTROSE RD,39.055833,-77.154107
01,15,,01,03,02,5,01,04,00,MSP6100003B,06.01,02-13-2015,17:11:00,,N,N,MSP,UNK,01,01,495,IS,,8.24,E,CAPITAL BELTWAY,25,F,E,185,MD,,CONNECTICUT AVE,39.005604,-77.07894983
03,15,,01,17,02,,01,04,08,MSP6100003C,06.01,02-21-2015,02:32:00,,N,N,MSP,UNK,09,11,495,IS,,12.52,E,CAPITAL BELTWAY,0,M,E,193,MD,,UNIVERSITY BLVD E,39.015262,-77.005022
01,15,,01,03,01,1,01,04,00,MSP6100003D,06.01,03-06-2015,11:25:00,,N,N,MSP,UNK,01,00,270,IS,,1.54,N,EISENHOWER MEMORIAL HWY,200,F,N,,UU,,EXIT #1A,39.018697,-77.145838
01,15,,01,03,02,3,01,04,00,MSP6100003F,07.01,03-13-2015,16:20:00,,N,N,MSP,UNK,01,00,270,IS,,18.43,N,EISENHOWER MEMORIAL HWY,2,M,N,121,MD,,CLARKSBURG RD,39.226549,-77.281682
01,15,,01,17,03,1,01,04,05,MSP6100003G,08.04,03-05-2015,11:30:00,,N,N,MSP,UNK,16,09,270,IS,,21.18,N,EISENHOWER MEMORIAL HWY,75,F,N,,UU,,EXIT FR MSP WEIGH STATION (NB/L),39.23218004,-77.2846
07.88,17,,03,03,03,,01,88,00,MSP6101001G,08.04,01-06-2015,07:20:00,00,N,N,MSP,UNK,01,01,8,MD,,7.87,N,ROMANCOKE RD,100,F,N,835,MD,,THOMPSON CREEK SERVICE RD,38.976598,-76.32231483
01,14,,00,17,02,1,01,01,22.03,MSP6101001H,06.01,01-17-2015,09:27:00,00,N,N,MSP,UNK,16,09,291,MD,,8.15,E,RIVER RD,0,M,E,298,MD,,CHERRY LA,39.25610283,-75.96717683
04,17,,01,17,03,,01,02,09,MSP6101001J,08.04,01-26-2015,18:59:00,00,N,N,MSP,UNK,16,09,301,US,,35.96,N,BLUE STAR MEMORIAL HWY,0,M,N,,UU,,MILE MARKER 108.0,39.2139925,-75.88398733
01,14,,01,03,04,,01,01,00,MSP6101001M,06.01,02-19-2015,17:45:00,00,N,N,MSP,UNK,02,00,291,MD,,2,E,MORGNEC RD,200,F,E,,UU,,KENT COUNTY PUBLIC WORKS,39.23056533,-76.04703567
01,17,,01,17,03,,88,01,06,MSP6101001N,08.04,03-05-2015,13:32:00,00,N,N,MSP,UNK,16,06,302,MD,,0.48,E,BARCLAY RD,1,M,E,75,CO,,CRANE SWAMP RD,39.143139,-75.90221383
01,16,,01,07,02,4,01,04,00,MSP61080006,06.01,03-31-2015,18:35:00,,N,N,MSP,UNK,01,00,95,IS,,25.19,N,CAPITAL BELTWAY,500,F,N,1,US,,BALTIMORE AVE,39.01856685,-76.92077637
03,06,,01,03,02,1,01,04,00,MSP61110004,06.01,02-04-2015,06:27:00,,N,N,MSP,UNK,01,00,140,MD,,7.59,N,BALTIMORE BLVD,0,M,N,347,MU,,MARKET ST,39.5571084,-76.96231098
01,06,,01,03,02,3,01,04,00,MSP61110005,06.01,02-04-2015,09:26:00,,N,N,MSP,UNK,01,00,140,MD,,10.03,N,BALTIMORE BLVD,1,M,N,,UU,,SPUR FR SULLIVAN RD,39.58734343,-76.9927454
01,06,,01,17,03,1,01,01,00,MSP61110006,08.04,03-01-2015,09:02:00,,N,N,MSP,UNK,11,00,140,MD,,17.05,N,TANEYTOWN PIKE,1,M,N,65,CO,,MAYBERRY RD,39.64126283,-77.12721083
01,06,,01,17,04,1,01,01,10,MSP61110007,07.01,03-02-2015,06:46:00,,N,N,MSP,UNK,09,11,97,MD,,25.97,N,LITTLESTOWN PIKE,50,F,N,92,CO,,SILVER RUN VALLEY RD,39.68968633,-77.04922767
05.02,06,,01,03,01,3,01,04,00,MSP61110008,03,03-04-2015,07:30:00,,N,N,MSP,UNK,01,00,140,MD,,8,N,BALTIMORE BLVD,300,F,N,97,MD,,MALCOLM DR,39.5628435,-76.97177567