LIGHT_CODE,COUNTY_NO,MUNI_CODE,JUNCTION_CODE,COLLISION_TYPE_CODE,SURF_COND_CODE,LANE_CODE,RD_COND_CODE,RD_DIV_CODE,FIX_OBJ_CODE,REPORT_NO,WEATHER_CODE,ACC_DATE,ACC_TIME,LOC_CODE,SIGNAL_FLAG,C_M_ZONE_FLAG,AGENCY_CODE,AREA_CODE,HARM_EVENT_CODE1,HARM_EVENT_CODE2,RTE_NO,ROUTE_TYPE_CODE,RTE_SUFFIX,LOG_MILE,LOGMILE_DIR_FLAG,MAINROAD_NAME,DISTANCE,FEET_MILES_FLAG,DISTANCE_DIR_FLAG,REFERENCE_NO,REFERENCE_TYPE_CODE,REFERENCE_SUFFIX,REFERENCE_ROAD_NAME,LATITUDE,LONGITUDE
01,12,,01,02,03,1,01,01,06,MSP6156001S,08.04,01-06-2015,07:58:00,,N,N,MSP,UNK,01,09,136,MD,,17.24,N,WHITEFORD RD,50,F,N,121,CO,,HEAPS RD,39.697156,-76.320956
03,12,,02,11,02,2,01,01,00,MSP6156001T,06.01,01-15-2015,17:53:00,,Y,N,MSP,UNK,01,00,22,MD,,1.45,E,CHURCHVILLE RD,0,F,E,1036,CO,,MOORES MILL RD,39.544531,-76.323829
03,12,,02,11,01,1,01,01,00,MSP6156001V,03,01-18-2015,17:37:00,,Y,N,MSP,UNK,01,00,152,MD,,9.79,N,FALLSTON RD,0,F,N,214,CO,,CARRS MILL RD,39.519785,-76.414669
04,12,,01,17,01,1,01,01,06,MSP6156001W,06.01,01-25-2015,01:30:00,,N,N,MSP,UNK,09,09,165,MD,,3.24,N,BALDWIN MILL RD,20,F,N,45,CO,,CHARLES ST,39.55687,-76.46381
04,12,,01,17,01,1,01,01,11,MSP6156001X,03,01-24-2015,02:10:00,,N,N,MSP,UNK,09,00,152,MD,,5.52,N,MOUNTAIN RD,10,F,N,,UU,,ENT MOUNTAIN CHRISTIAN CHURCH,39.468105,-76.371884
01,12,,01,03,02,1,01,04,00,MSP6156001Y,06.01,02-04-2015,10:03:00,,N,N,MSP,UNK,01,00,24,MD,,6.27,N,VIETNAM VETERANS MEMORIAL HWY,50,F,N,216,CO,,WHEEL RD,39.49513,-76.328158
03,12,,02,11,02,,01,01,00,MSP6156001Z,06.01,02-10-2015,19:07:00,,Y,N,MSP,UNK,01,00,924,MD,,1.05,N,EMMORTON RD,0,F,N,246,CO,,SINGER RD,39.477842,-76.31007
01,12,,02,05,06.03,1,01,01,00,MSP61560020,09.04,03-01-2015,11:22:00,,Y,N,MSP,UNK,01,01,136,MD,,2.39,N,CALVARY RD,0,F,N,543,MD,,FOUNTAIN GREEN RD,39.507288,-76.269665
01,12,,02,05,02,1,01,01,00,MSP61560021,06.01,03-24-2015,08:43:00,,N,N,MSP,UNK,01,00,543,MD,,0.56,N,RIVERSIDE PKWY,0,F,N,1849,CO,,CREAMERY LA,39.474134,-76.236839
01,12,,03,05,02,,01,01,00,MSP61560022,06.01,03-25-2015,09:13:00,,N,N,MSP,UNK,01,00,7,MD,,11.2,E,OLD PHILADELPHIA RD,20,F,E,718,MU,,HARDEES DR,39.489226,-76.199714
03,10,,01,17,04,2,01,04,00,MSP6157003Y,03,01-03-2015,08:00:00,,N,N,MSP,UNK,09,00,340,US,,6.13,E,JEFFERSON NATIONAL PIKE,20,F,E,,UU,,STRUC #10112 CATOCTIN CREEK,39.355654,-77.571185
01,10,,01,03,01,2,01,04,05,MSP6157003Z,07.01,01-04-2015,12:05:00,,N,N,MSP,UNK,01,09,270,IS,,10.09,N,EISENHOWER MEMORIAL HWY,35,F,N,70,IS,,BALTO NATIONAL PIKE,39.3984885,-77.42517433
01,10,,01,17,01,1,01,04,05,MSP61570040,06.01,01-04-2015,13:10:00,,N,N,MSP,UNK,09,00,340,US,,10.03,E,JEFFERSON NATIONAL PIKE,0,F,E,15,US,,JEFFERSON NATIONAL PIKE,39.36519617,-77.50471467
01,10,,03,07,02,2,01,01,00,MSP61570041,07.01,01-07-2015,13:42:00,,N,N,MSP,UNK,01,00,15,US,,1.4,N,CATOCTIN MOUNTAIN HWY,5,F,N,464,MD,,POINT OF ROCKS RD,39.28674683,-77.530641
03,10,,02,02,01,1,01,01,00,MSP61570042,03,01-11-2015,20:20:00,,Y,N,MSP,UNK,01,01,351,MD,,10.733,N,BALLENGER CREEK PIKE,0,F,N,1179,CO,,CRESTWOOD BLVD,39.39237433,-77.4388835
03,10,,03,11,01,1,01,00,00,MSP61570043,03,01-12-2015,18:00:00,,Y,N,MSP,UNK,01,00,402,CO,,0,N,PENN SHOP RD,20,F,N,80,MD,,FINGERBOARD RD,39.33189233,-77.21907383
01,10,,01,88,02,,01,01,02,MSP61570044,06.01,01-13-2015,16:16:00,,N,N,MSP,UNK,01,01,180,MD,,8.46,E,JEFFERSON PIKE,0,M,E,281,CO,,LANDER RD,39.361491,-77.53628017
01,10,,01,17,02,2,01,04,00,MSP61570045,07.01,01-30-2015,08:43:00,,N,N,MSP,UNK,18,00,70,IS,,14.04,E,EISENHOWER MEMORIAL HWY,10,F,E,70,RP,,RAMP 7 FR IS 70 WB TO US 15 SB,39.39967567,-77.42500917
06.02,10,,01,17,02,1,01,04,06,MSP61570046,06.01,02-06-2015,17:58:00,,N,N,MSP,UNK,16,16,70,IS,,11.62,E,EISENHOWER MEMORIAL HWY,50,F,E,,UU,,MILE MARKER 50.0,39.40406517,-77.4630335
04,10,,01,17,04,1,01,01,10,MSP61570047,09.04,02-09-2015,20:06:00,,N,N,MSP,UNK,09,00,77,MD,,1.63,E,FOXVILLE RD,0,M,E,16,CO,,STOTTLEMEYER RD,39.63676683,-77.50125883
03,10,,01,17,04,1,01,04,05,MSP61570048,07.01,02-15-2015,02:28:00,,N,N,MSP,UNK,09,00,70,IS,,10.74,E,EISENHOWER MEMORIAL HWY,100,F,E,40,US,AL,OLD NATIONAL PIKE,39.42626267,-77.48880317
03,10,,01,17,01,1,01,01,00,MSP61570049,08.04,02-26-2015,06:21:00,,N,N,MSP,UNK,08,00,464,MD,,3.89,E,POINT OF ROCKS RD,10,F,E,,UU,,ENT TO JEFFERSON SCHOOL PRIVATE,39.33244133,-77.56747933
01,10,,01,01,02,1,01,01,00,MSP6157004C,06.01,03-19-2015,08:19:00,,N,N,MSP,UNK,01,23.15,17,MD,,2.065,N,BURKITTSVILLE RD,0,M,N,,UU,,VOLUNTEER DR,39.32921767,-77.62869867
01,10,,03,05,02,1,01,01,00,MSP6157004D,06.01,03-21-2015,12:36:00,,N,N,MSP,UNK,01,16,17,MD,,8.16,N,BURKITTSVILLE MIDDLETOWN RD,10,F,N,258,CO,,PICNIC WOODS RD,39.40221183,-77.607463
01,10,,01,03,02,1,01,04,00,MSP6157004F,06.01,03-27-2015,16:34:00,,N,N,MSP,UNK,01,00,15,US,,13.91,N,FREDERICK FREEWAY,20,F,N,9071,MU,,W 7TH ST,39.416817,-77.43477117
01,10,,02,02,02,1,01,01,05,MSP6157004G,06.01,03-30-2015,18:22:00,,Y,N,MSP,UNK,01,09,180,MD,,14.72,E,BALLENGER CREEK PIKE,0,F,E,70,RP,,RAMP 7 FR IS 70 WB TO US 15 SB,39.40026667,-77.437047
05.02,23,,01,17,04,1,01,01,01,MSP6158000Y,06.01,01-16-2015,07:32:00,6,N,N,MSP,UNK,88,09,90,MD,,8.81,E,OCEAN CITY EXPWY,0,F,E,,UU,,STRUC #23020 ST MARTIN RIVER,38.38995002,-75.11798859
05.02,23,,03,03,02,,01,01,00,MSP6158000Z,06.01,02-12-2015,06:50:00,5,Y,N,MSP,UNK,01,19,367,MD,,0.09,E,BISHOPVILLE RD,0,F,E,113,US,,WORCESTER HWY,38.4287947,-75.21940827
07.88,23,,01,17,02,1,01,01,00,MSP61580010,06.01,03-24-2015,12:22:00,2,N,N,MSP,UNK,08,00,12,MD,,18.69,N,SNOW HILL RD,20,F,N,385,OP,,LUKES LA,38.23113488,-75.47431469
03,02,,01,17,02,1,01,03,05,MSP61590029,06.01,01-10-2015,02:33:00,,N,N,MSP,UNK,09,00,295,MD,,6.45,N,BALTIMORE WASHINGTON PKWY,500,F,N,175,MD,,JESSUP RD,39.1508915,-76.75079783
05.02,02,,01,17,01,1,01,02,11,MSP6159002B,06.01,01-15-2015,07:21:00,,N,N,MSP,UNK,16,10,295,MD,,11.51,N,BALTIMORE WASHINGTON PKWY,0,F,N,195,RP,,RAMP 6 FR MD 295 TO RAMP 7 (TO IS195 SB),39.19665884,-76.69117928
01,02,,01,03,02,1,01,04,00,MSP6159002C,06.01,01-16-2015,09:02:00,,N,N,MSP,UNK,01,00,97,IS,,12.1,N,NO NAME,50,F,N,3,MD,BU,CRAIN HWY,39.11988938,-76.6375351
01,02,,01,17,01,1,01,02,05,MSP6159002D,03,01-18-2015,10:13:00,,N,N,MSP,UNK,09,00,100,MD,,6.69,E,NO NAME,0,F,E,97,RP,,RAMP 2 FR MD 100 WB TO IS 97 NB,39.15545683,-76.64522873
01,02,,01,17,01,,01,04,05,MSP6159002F,03,01-18-2015,11:50:00,,N,N,MSP,UNK,09,00,97,IS,,16.25,N,NO NAME,1,M,N,242,CO,,WELLHAM AVE,39.19089045,-76.63299202
03,02,,01,17,02,,01,04,05,MSP6159002G,06.01,01-24-2015,17:50:00,,N,N,MSP,UNK,09,00,97,IS,,12.1,N,NO NAME,1,M,N,3,MD,BU,CRAIN HWY,39.08612425,-76.62493165
03,02,,02,03,01,2,01,01,00,MSP6159002J,08.04,01-26-2015,22:37:00,,Y,N,MSP,UNK,01,00,713,MD,,2.48,N,ARUNDEL MILLS BLVD,0,F,N,6203,CO,,ARUNDEL MILLS BLVD,39.15173468,-76.72679172
03,02,,01,03,02,4,01,04,00,MSP6159002K,06.01,01-27-2015,19:16:00,,N,N,MSP,UNK,01,01,695,IS,,2.06,N,BALTO BELTWAY,300,F,N,295,MD,,BALTIMORE WASHINGTON PKWY,39.16643862,-76.64521007
01,02,,01,17,02,2,01,04,00,MSP6159002L,06.01,02-13-2015,13:48:00,,N,N,MSP,UNK,10,00,97,IS,,7.44,N,NO NAME,300,F,N,3,MD,,ROBERT CRAIN HWY,39.07170337,-76.63476633
01,02,,01,17,02,2,01,02,05,MSP6159002M,06.01,02-17-2015,15:18:00,,N,N,MSP,UNK,09,09,295,MD,,11.85,N,BALTIMORE WASHINGTON PKWY,500,F,N,195,IS,,METROPOLITAN BLVD,39.199438,-76.698061
03,02,,01,07,02,2,01,04,00,MSP6159002N,06.01,02-20-2015,22:25:00,,N,N,MSP,UNK,01,00,695,IS,,2.06,N,BALTO BELTWAY,0,F,N,295,MD,,BALTIMORE WASHINGTON PKWY,39.21928767,-76.65856361
03,02,,01,17,02,3,01,04,09,MSP6159002P,06.01,02-27-2015,05:09:00,,N,N,MSP,UNK,09,09,97,IS,,17.46,N,NO NAME,50,F,N,695,IS,,BALTO BELTWAY,39.19869912,-76.63174735
04,02,,01,03,02,3,01,04,05,MSP6159002Q,06.01,03-01-2015,02:42:00,,N,N,MSP,UNK,01,18,595,IS,,0,E,JOHN HANSON HWY,1,M,E,,UU,,PRINCE GEORGES CO/L,38.956153,-76.679825
01,02,,01,03,02,3,01,04,00,MSP6159002R,06.01,03-18-2015,14:59:00,,N,N,MSP,UNK,01,01,295,MD,,14.23,N,BALTIMORE WASHINGTON PKWY,500,F,N,695,IS,,BALTO BELTWAY,39.21843912,-76.66037495
01,02,,02,03,02,2,01,04,00,MSP6159002S,06.01,03-18-2015,18:09:00,,N,N,MSP,UNK,01,00,695,IS,,0.76,N,BALTO BELTWAY,0,F,N,648,MD,E,BALTO ANNAPOLIS BLVD,39.20478363,-76.64196753
03,02,,01,07,02,3,01,04,00,MSP6159002T,06.01,03-23-2015,00:05:00,,N,N,MSP,UNK,01,00,295,MD,,14.23,N,BALTIMORE WASHINGTON PKWY,0,F,N,695,IS,,BALTO BELTWAY,39.22063557,-76.65635648
01,03,,01,07,02,2,01,04,05,MSP6046001G,00,01-06-2015,14:30:00,,N,N,MSP,UNK,01,09,95,IS,,20.89,N,J F K MEMORIAL HWY,0,M,N,,UU,,MILE MARKER 67.0,39.58738817,-76.07701783
03,03,,01,17,06.03,1,01,04,05,MSP6046001H,12.04,02-10-2015,01:46:00,,N,N,MSP,UNK,09,00,95,IS,,15.84,N,J F K MEMORIAL HWY,1,M,N,,UU,,MILE MARKER 62.0,39.34140267,-76.51391583
01,03,,01,03,02,1,01,04,00,MSP6046001J,00,02-18-2015,07:10:00,,N,N,MSP,UNK,01,00,95,IS,,21.9,N,J F K MEMORIAL HWY,0,M,N,,UU,,MILE MARKER 68.0,39.5873615,-76.07694433
01,03,,01,03,02,1,01,04,00,MSP6046001K,06.01,02-19-2015,08:30:00,,N,N,MSP,UNK,23.15,00,95,IS,,16.87,N,J F K MEMORIAL HWY,1,M,N,,UU,,MILE MARKER 63.0,39.34942333,-76.501025
03,03,,01,03,02,4,01,04,00,MSP6046001L,06.01,03-07-2015,04:13:00,,N,N,MSP,UNK,01,00,95,IS,,23.911,N,J F K MEMORIAL HWY,0,M,N,,UU,,MILE MARKER 70.0,39.595521,-76.06750567
03,12,,01,17,02,1,01,04,05,MSP6046001N,00,03-24-2015,21:14:00,,N,N,MSP,UNK,09,00,95,IS,,1.435,N,J F K MEMORIAL HWY,1,M,N,,UU,,MILE MARKER 74.0,39.4439025,-76.3380675
01,10,,01,07,01,1,01,04,05,MSP6055002L,10.04,01-14-2015,11:30:00,00,N,N,MSP,UNK,01,09,70,IS,,5.55,E,EISENHOWER MEMORIAL HWY,100,F,E,136,CO,,HARMONY RD,39.48188347,-77.54009797
01,10,,02,11,02,1,01,01,00,MSP6055002M,06.01,01-22-2015,16:43:00,00,Y,N,MSP,UNK,01,00,77,MD,,10.9,E,ROCKY RIDGE RD,0,F,E,64,CO,,OLD FREDERICK RD,39.61289445,-77.35305673
04,10,,01,17,01,1,01,01,10,MSP6055002P,00,02-02-2015,05:12:00,00,N,N,MSP,UNK,09,00,80,MD,,3.37,E,FINGERBOARD RD,500,F,E,332,CO,,PARK MILLS RD,39.32910903,-77.37718985
04,10,,01,03,02,2,01,04,00,MSP6055002Q,06.01,02-07-2015,06:30:00,00,N,N,MSP,UNK,01,16,15,US,,8.84,N,JEFFERSON NATIONAL PIKE,500,F,N,229,CO,,MT ZION RD,39.38071503,-77.4686817
01,10,,02,11,02,,01,01,05,MSP6055002V,06.01,02-11-2015,07:21:00,00,Y,N,MSP,UNK,01,00,180,MD,,14.63,E,JEFFERSON PIKE,0,F,E,1398,MU,,SOLAREX CT,39.40028781,-77.43694067
03,10,,01,03,02,3,00,04,00,MSP6055002W,06.01,02-15-2015,21:03:00,00,N,N,MSP,UNK,01,00,26,MD,,1.09,E,LIBERTY RD,15,F,E,998,MU,,MONOCACY BLVD,39.4482567,-77.38677263
05.02,10,,01,09,02,1,01,04,00,MSP6055002X,06.01,02-24-2015,05:35:00,00,N,N,MSP,UNK,01,00,15,US,,18.02,N,CATOCTIN MOUNTAIN HWY,300,F,N,15,US,A,BIGGS FORD RD,39.4829846,-77.39664832
01,10,,01,17,02,,01,04,05,MSP6055002Y,06.01,03-09-2015,18:00:00,00,N,N,MSP,UNK,09,00,15,US,,21.26,N,CATOCTIN MOUNTAIN HWY,0,M,N,161,CO,,STULL RD,39.52725017,-77.42140315
01,10,,01,02,00,2,01,01,00,MSP60550030,07.01,03-20-2015,17:58:00,00,N,N,MSP,UNK,01,00,806,MD,A,1.29,N,CATOCTIN FURNACE RD,500,F,N,,UU,A,SPUR TO US 15,39.58742611,-77.43347526
01,10,,05.01,03,02,1,01,01,00,MSP60550031,06.01,03-26-2015,07:39:00,00,Y,N,MSP,UNK,01,01,194,MD,,2.56,N,WOODSBORO PIKE,30,F,N,32,MU,,FREDERICK ST,39.48445184,-77.34411478
04,22,,02,11,02,1,01,01,23.03,MSP6077001P,06.01,01-15-2015,20:53:00,,Y,N,MSP,UNK,01,09,54,MD,,19.79,E,E LINE RD,0,F,E,353,MD,,GUMBORO RD,38.42023272,-75.56392423
04,22,,05.01,17,01,,00,02,05,MSP6077001Q,12.04,02-18-2015,23:04:00,,N,N,MSP,UNK,09,00,13,US,,11.49,N,SALISBURY BYPASS,0,F,N,13,RP,,RAMP 5 FR US 13 SB TO US 13/US 50 EB,38.39887093,-75.57296145
01,22,,02,17,03,,05,01,09,MSP6077001R,06.01,02-27-2015,08:35:00,,N,N,MSP,UNK,09,00,342,CO,,2.4,W,ROUNDS RD,0,F,W,346,MD,,OLD OCEAN CITY RD,38.39137133,-75.44690415
04,03,,01,03,02,2,01,04,00,MSP6030007B,06.01,01-01-2015,03:45:00,,N,N,MSP,UNK,01,00,695,IS,,24.35,N,BALTO BELTWAY,0,F,N,41,MD,,PERRING PKWY,39.39678913,-76.5484643
04,03,,02,17,02,1,01,03,04,MSP6030007C,06.01,01-14-2015,19:02:00,,Y,N,MSP,UNK,09,00,25,MD,,3.61,N,FALLS RD,0,F,N,7032,CO,,JOPPA RD W,39.41867371,-76.66944265
04,03,,01,17,02,2,01,02,06,MSP6030007D,06.01,01-23-2015,02:28:00,,N,N,MSP,UNK,15,11,83,IS,,8.74,N,HARRISBURG EXPWY,0,F,N,,UU,,EXIT #18,39.47067817,-76.66098983
01,03,,01,03,01,2,01,04,00,MSP6030007F,03,02-02-2015,08:12:00,,N,N,MSP,UNK,01,01,83,IS,,27.65,N,HARRISBURG EXPWY,500,F,N,,UU,,EXIT #37,39.71540535,-76.650749
05.02,03,,01,03,02,2,01,04,00,MSP6030007G,06.01,02-04-2015,07:44:00,,N,N,MSP,UNK,01,01,83,IS,,7.32,N,HARRISBURG EXPWY,0,F,N,,UU,,EXIT #17,39.4534781,-76.64443802
04,03,,01,17,02,1,01,04,05,MSP6030007H,06.01,02-08-2015,20:28:00,,N,N,MSP,UNK,15,09,83,IS,,1.04,N,JONES FALLS EXPWY,0,F,N,1496,CO,,OLD PIMLICO RD,39.37835083,-76.65938253
01,03,,01,03,02,1,01,04,00,MSP6030007J,06.01,02-12-2015,15:13:00,,N,N,MSP,UNK,01,01,695,IS,,21.125,N,BALTO BELTWAY,0,F,N,146,MD,,DULANEY VALLEY RD,39.41312542,-76.6029109
03,03,,01,03,03,3,01,04,00,MSP6030007K,08.04,02-17-2015,00:43:00,,N,N,MSP,UNK,01,00,695,IS,,19.48,N,BALTO BELTWAY,0,F,N,139,MD,,CHARLES ST,39.41817558,-76.6319498
04,03,,01,17,03,3,01,04,15.05,MSP6030007L,08.04,02-17-2015,03:50:00,,N,N,MSP,UNK,09,00,695,IS,,27.88,N,BALTO BELTWAY,500,F,N,4457,CO,,LILLIAN HOLT DR,39.36459638,-76.50827408
99,03,,01,99,02,,01,04,00,MSP6030007M,06.01,02-25-2015,12:26:00,,N,U,MSP,UNK,02,00,795,IS,,3.93,N,NORTHWEST EXPRESSWAY,1,M,N,940,MD,,OWINGS MILLS BLVD,39.40180095,-76.76502837
01,03,,01,17,01,2,01,04,05,MSP6030007N,06.01,02-26-2015,11:27:00,,N,N,MSP,UNK,15,09,83,IS,,7.32,N,HARRISBURG EXPWY,500,F,N,,UU,,EXIT #17,39.45931358,-76.65480878
01,03,,01,03,02,2,01,02,00,MSP6030007P,06.01,02-28-2015,11:39:00,,N,N,MSP,UNK,01,00,695,IS,,23.21,N,BALTO BELTWAY,0,F,N,695,RP,,RAMP 5 FR IS 695 SB TO MD 542 EB,39.40303975,-76.56780268
01,03,,01,17,02,3,01,04,08,MSP6030007Q,06.01,03-06-2015,16:29:00,,N,N,MSP,UNK,15,09,83,IS,,5.885,N,HARRISBURG EXPWY,500,F,N,810,CO,,TIMONIUM RD,39.43523517,-76.6337795
01,03,,01,17,02,1,01,04,05,MSP6030007R,06.01,03-22-2015,09:27:00,,N,N,MSP,UNK,16,09,83,IS,,7.32,N,HARRISBURG EXPWY,500,F,N,773,CO,,PADONIA RD,39.44515975,-76.63535488
01,03,,01,03,02,1,01,04,00,MSP6030007S,06.01,03-23-2015,08:25:00,,N,N,MSP,UNK,01,01,83,IS,,5.885,N,HARRISBURG EXPWY,0,F,N,810,CO,,TIMONIUM RD,39.43991473,-76.63424345
01,03,,01,03,02,1,01,04,00,MSP6030007T,06.01,03-25-2015,16:09:00,,N,N,MSP,UNK,01,00,695,IS,,25.49,N,BALTO BELTWAY,500,F,N,147,MD,,HARFORD RD,39.3747344,-76.51843832
01,03,,01,03,02,3,01,04,00,MSP6030007V,06.01,03-25-2015,17:26:00,,N,N,MSP,UNK,01,01,695,IS,,16.98,N,BALTO BELTWAY,500,F,N,25,MD,,FALLS RD,39.40808044,-76.66723251
00,03,,01,17,02,3,01,04,05,MSP6030007W,06.01,03-30-2015,17:16:00,,N,N,MSP,UNK,16,09,83,IS,,7.32,N,HARRISBURG EXPWY,500,F,N,773,CO,,PADONIA RD,39.44518938,-76.63557517
04,03,,02,17,02,1,01,04,04,MSP60300088,06.01,02-19-2015,02:29:00,,N,N,MSP,UNK,09,00,1600,CO,,2.42,S,STEVENSON RD,0,F,S,695,IS,,BALTO BELTWAY,39.41649955,-76.6670556
04,14,,01,17,01,1,01,01,18.88,MSP60310011,02,01-06-2015,18:48:00,,N,N,MSP,UNK,01,09,291,MD,,18.363,E,CYPRESS RD,500,F,E,,UU,,FLETCHER LA,39.25687217,-75.76591883
05.02,17,,01,17,01,1,01,01,10,MSP60310012,03,01-19-2015,07:20:00,,N,N,MSP,UNK,88,16,302,MD,,3.48,E,CHURCH ST,1,M,E,313,MD,,GOLDSBORO RD,39.14239133,-75.81150133
03,17,,00,17,02,2,01,04,05,MSP60310013,06.01,02-06-2015,05:13:00,00,N,N,MSP,UNK,09,00,301,US,,11.82,N,BLUE STAR MEMORIAL HWY,10,F,N,50,US,,OCEAN GATEWAY (BACK),38.98041,-76.169231
04,17,,03,06,02,1,88,01,00,MSP60310014,06.01,02-22-2015,18:38:00,,N,N,MSP,UNK,01,16,304,MD,A,1.01,E,RUTHSBURG RD,5,F,E,92,CO,A,CARVILLE LA,39.021194,-76.010715
05.02,22,,01,17,03,,01,04,09,MSP6047001B,08.04,01-14-2015,07:21:00,,N,N,MSP,UNK,16,09,13,US,BU,7.847,N,N SALISBURY BLVD,0,F,N,13,RP,BU,RAMP 4 FR US 13BU NB TO RAMP 5 (TO US13),38.394735,-75.5729925
01,22,,01,17,01,,01,02,11,MSP6047001C,08.04,01-14-2015,09:13:00,,N,N,MSP,UNK,16,11,50,US,,22.795,E,OCEAN GATEWAY,1,M,E,297,CO,,FOREST GROVE RD,38.37841997,-75.48405647
01,22,,02,03,02,1,01,01,00,MSP6047001D,06.01,02-05-2015,08:05:00,,Y,N,MSP,UNK,01,00,13,US,BU,7.52,N,N SALISBURY BLVD,0,F,N,624,CO,BU,W GORDY RD,38.38986483,-75.577356
01,22,,00,17,04,,01,01,11,MSP6047001G,03,03-02-2015,07:25:00,,N,N,MSP,UNK,16,09,346,MD,,4.76,E,OLD OCEAN CITY RD,0,M,E,565,CO,,WAINWRIGHT AVE,38.386176,-75.49645283
01,22,,00,17,04,,01,01,10,MSP6047001H,07.01,03-03-2015,08:26:00,,N,N,MSP,UNK,16,09,420,CO,,2.95,N,JERSEY RD,500,F,N,1040,CO,,BURNT BRANCH DR,38.42068667,-75.60004767
03,02,,01,17,03,1,01,04,05,MSP6056002K,08.04,01-06-2015,06:08:00,,N,N,MSP,UNK,16,09,695,IS,,0.13,N,BALTO BELTWAY,200,F,N,,UU,,EXIT #4,39.20333667,-76.629141
01,02,,05.01,03,02,3,01,04,00,MSP6056002L,06.01,01-09-2015,09:31:00,,N,N,MSP,UNK,01,00,695,IS,,2.06,N,BALTO BELTWAY,25,F,N,295,MD,,BALTIMORE WASHINGTON PKWY,39.218035,-76.657835
03,02,,01,17,02,1,01,04,00,MSP6056002M,06.01,01-14-2015,22:32:00,,N,N,MSP,UNK,88,00,97,IS,,16.25,N,NO NAME,0,M,N,242,CO,,WELLHAM AVE,39.177737,-76.60624767
03,02,,01,04,02,1,01,04,05,MSP6056002N,06.01,01-16-2015,18:04:00,,N,N,MSP,UNK,01,09,695,IS,,2.06,N,BALTO BELTWAY,300,F,N,295,MD,,BALTIMORE WASHINGTON PKWY,39.185267,-76.632771
01,02,,02,07,03,1,01,01,00,MSP6056002P,08.04,01-24-2015,08:07:00,,N,N,MSP,UNK,01,00,170,MD,,11.72,N,BELLE GROVE RD,0,F,N,133,CO,,THOMAS AVE,39.222101,-76.628394
03,02,,05.01,17,04,1,01,02,05,MSP6056002Q,12.04,02-10-2015,06:32:00,,N,N,MSP,UNK,16,09,97,IS,,13.49,N,NO NAME,0,M,N,97,RP,,RAMP 1 FR IS 97 NB TO MD 100 WB,39.15258,-76.64555
04,02,,01,17,01,3,01,04,05,MSP6056002R,03,01-24-2015,03:45:00,,N,N,MSP,UNK,16,09,295,MD,,13.06,N,BALTIMORE WASHINGTON PKWY,0,M,N,6,CO,,W NURSERY RD,39.216175,-76.668449
03,02,,01,17,03,1,01,04,05,MSP6056002S,08.04,02-17-2015,02:06:00,,N,N,MSP,UNK,09,00,695,IS,,2.06,N,BALTO BELTWAY,0,M,N,295,MD,,BALTIMORE WASHINGTON PKWY,39.22368767,-76.66138427
01,02,,01,09,03,1,01,04,00,MSP6056002T,08.04,02-26-2015,07:12:00,,N,N,MSP,UNK,01,00,97,IS,,9.67,N,NO NAME,0,M,N,,UU,,EXIT #10,39.10003055,-76.62851587
01,02,,01,08,03,3,01,04,00,MSP6056002V,08.04,02-26-2015,09:02:00,,N,N,MSP,UNK,01,01,97,IS,,9.67,N,NO NAME,200,F,N,,UU,,EXIT #10,39.0964877,-76.62710883
01,02,,01,03,02,1,01,04,00,MSP6056002W,06.01,02-27-2015,16:53:00,,N,N,MSP,UNK,01,00,295,MD,,9,N,BALTIMORE WASHINGTON PKWY,0,M,N,295,RP,,RAMP 1 FR MD 295 NB TO MD 100 WB,39.16631072,-76.64512713
01,02,,02,15,03,,01,01,00,MSP6056002X,08.04,02-26-2015,10:28:00,,N,N,MSP,UNK,01,03,648,MD,E,2.33,N,BALTO ANNAPOLIS BLVD,0,F,N,733,CO,E,CHESTER CIR,39.158243,-76.609824
01,02,,01,17,02,,01,04,05,MSP6056002Y,06.01,02-28-2015,07:22:00,,N,N,MSP,UNK,16,09,97,IS,,14.07,N,NO NAME,600,F,N,97,RP,,RAMP 2 FR MD 100 WB TO IS 97 NB,39.1566569,-76.64527718
01,02,,01,03,02,2,01,04,00,MSP6056002Z,06.01,02-24-2015,13:44:00,,N,Y,MSP,UNK,13,01,97,IS,,4.15,N,NO NAME,0,M,N,,UU,,MILE MARKER 4.0,39.11618183,-76.63590547
01,02,,05.01,17,02,1,01,02,11,MSP60560030,06.01,03-21-2015,11:29:00,,N,N,MSP,UNK,16,09,100,MD,,6.56,E,NO NAME,500,F,E,97,RP,,RAMP 5 FR IS 97 SB TO MD 100 EB,39.15289418,-76.64915887
01,02,,01,03,02,2,01,02,00,MSP60560031,06.01,03-22-2015,07:13:00,,N,N,MSP,UNK,01,00,295,MD,,8.89,N,BALTIMORE WASHINGTON PKWY,0,M,N,295,RP,,RAMP 3 FR RAMP 9 (FR MD100) TO MD 295 NB,39.18416395,-76.71868373
04,02,,05.01,17,01,,01,02,05,MSP60790029,03,01-03-2015,20:07:00,00,Y,N,MSP,UNK,09,00,97,IS,,13.81,N,NO NAME,0,F,N,97,RP,,RAMP 3 FR RAMP 6 (FR MD 100) TO IS 97 NB,39.15117467,-76.643197
04,02,,01,07,01,3,01,04,00,MSP6079002B,03,01-03-2015,22:05:00,00,N,N,MSP,UNK,01,00,97,IS,,16.25,N,NO NAME,100,F,N,242,CO,,WELLHAM AVE,39.184525,-76.63284533
01,02,,05.01,17,01,1,01,04,08,MSP6079002C,07.01,01-04-2015,14:47:00,00,N,N,MSP,UNK,16,09,97,IS,,13.84,N,NO NAME,0,F,N,100,MD,,NO NAME,39.151987,-76.64290533