LIGHT_CODE,COUNTY_NO,MUNI_CODE,JUNCTION_CODE,COLLISION_TYPE_CODE,SURF_COND_CODE,LANE_CODE,RD_COND_CODE,RD_DIV_CODE,FIX_OBJ_CODE,REPORT_NO,WEATHER_CODE,ACC_DATE,ACC_TIME,LOC_CODE,SIGNAL_FLAG,C_M_ZONE_FLAG,AGENCY_CODE,AREA_CODE,HARM_EVENT_CODE1,HARM_EVENT_CODE2,RTE_NO,ROUTE_TYPE_CODE,RTE_SUFFIX,LOG_MILE,LOGMILE_DIR_FLAG,MAINROAD_NAME,DISTANCE,FEET_MILES_FLAG,DISTANCE_DIR_FLAG,REFERENCE_NO,REFERENCE_TYPE_CODE,REFERENCE_SUFFIX,REFERENCE_ROAD_NAME,LATITUDE,LONGITUDE
01,03,,05.01,03,01,,01,04,00,MSP6079002D,03,01-24-2015,08:07:00,00,Y,N,MSP,UNK,01,00,695,IS,,0.44,N,BALTO BELTWAY,0,F,N,3239,CO,,HOLLINS FERRY RD,39.23724317,-76.66634667
01,02,,05.01,17,01,,01,04,05,MSP6079002F,07.01,01-24-2015,12:30:00,00,N,N,MSP,UNK,09,00,295,MD,,14.23,N,BALTIMORE WASHINGTON PKWY,0,M,N,695,IS,,BALTO BELTWAY,39.220361,-76.65566117
04,02,,01,17,02,2,01,04,00,MSP6079002G,06.01,01-30-2015,21:36:00,,N,N,MSP,UNK,03,00,295,MD,,8.95,N,BALTIMORE WASHINGTON PKWY,0,M,N,100,MD,,NO NAME,39.1809424,-76.72083378
03,02,,01,17,02,2,01,04,11,MSP6079002H,00,02-01-2015,00:35:00,00,N,N,MSP,UNK,09,09,295,MD,,8.24,N,BALTIMORE WASHINGTON PKWY,0,M,N,176,MD,,WRIGHT RD,39.160153,-76.74055183
05.02,02,,01,03,04,3,01,04,00,MSP6079002J,06.01,02-15-2015,06:40:00,,N,N,MSP,UNK,01,00,97,IS,,14.8,N,NO NAME,0,M,N,176,MD,,DORSEY RD,39.16933483,-76.64070833
01,02,,01,17,04,1,01,04,00,MSP6079002K,06.01,02-15-2015,08:59:00,00,N,N,MSP,UNK,16,11,97,IS,,17.46,N,NO NAME,100,F,N,695,IS,,BALTO BELTWAY,39.20077917,-76.63197517
01,02,,01,03,02,4,01,04,00,MSP6079002L,06.01,02-15-2015,13:14:00,00,N,N,MSP,UNK,01,01,695,IS,,2.85,N,BALTO BELTWAY,100,F,N,17,CO,,HAMMONDS FERRY RD,39.22756567,-76.66336683
01,02,,01,03,02,3,01,04,00,MSP6079002N,06.01,02-23-2015,16:55:00,00,N,N,MSP,UNK,01,01,295,MD,,14.23,N,BALTIMORE WASHINGTON PKWY,0,M,N,695,IS,,BALTO BELTWAY,39.21589317,-76.66785967
01,02,,02,07,02,3,01,04,00,MSP6079002P,06.01,02-26-2015,16:52:00,00,N,N,MSP,UNK,01,00,3,MD,BU,1.67,N,CRAIN HWY,0,F,N,1371,CO,BU,HOSPITAL DR,39.14162883,-76.631803
03,02,,01,17,01,1,01,04,05,MSP6079002Q,07.01,02-26-2015,20:43:00,00,N,N,MSP,UNK,16,09,97,IS,,17.46,N,NO NAME,100,F,N,695,IS,,BALTO BELTWAY,39.1997945,-76.631972
01,02,,01,17,01,1,01,04,11,MSP6079002R,07.01,03-11-2015,08:08:00,00,N,N,MSP,UNK,16,09,97,IS,,13.84,N,NO NAME,0,F,N,100,MD,,NO NAME,39.151137,-76.64729683
01,02,,01,03,02,1,01,04,00,MSP6079002S,06.01,03-12-2015,08:57:00,00,N,N,MSP,UNK,01,01,97,IS,,7.82,N,NO NAME,0,M,N,3,MD,,ROBERT CRAIN HWY,39.07836533,-76.62809483
01,02,,01,17,01,1,01,04,05,MSP6079002T,03,03-14-2015,09:50:00,00,N,N,MSP,UNK,16,09,97,IS,,16.25,N,NO NAME,0,F,N,242,CO,,WELLHAM AVE,39.184706,-76.63272767
01,02,,01,17,02,2,01,04,12,MSP6079002V,00,03-15-2015,09:14:00,00,N,N,MSP,UNK,16,09,97,IS,,15.58,N,NO NAME,0,M,N,648,MD,,BALTO ANNAPOLIS BLVD,39.171731,-76.639242
01,02,,01,17,01,2,01,04,05,MSP6079002W,09.04,03-20-2015,14:10:00,00,N,N,MSP,UNK,16,09,295,MD,,13.06,N,BALTIMORE WASHINGTON PKWY,0,M,N,6,CO,,W NURSERY RD,39.216051,-76.66906583
01,02,,01,03,01,1,01,04,00,MSP6079002X,03,03-20-2015,16:34:00,00,N,N,MSP,UNK,01,00,97,IS,,15.58,N,NO NAME,0,M,N,648,MD,,BALTO ANNAPOLIS BLVD,39.182013,-76.63275733
03,02,,05.01,07,01,2,01,04,00,MSP6079002Y,07.01,03-20-2015,19:19:00,00,N,N,MSP,UNK,01,00,295,MD,,14.23,N,BALTIMORE WASHINGTON PKWY,0,M,N,695,IS,,BALTO BELTWAY,39.220571,-76.6556435
00,02,,05.01,17,02,,01,04,05,MSP60790032,06.01,03-22-2015,21:31:00,00,N,N,MSP,UNK,16,09,595,IS,,8.65,E,JOHN HANSON HWY,100,F,E,450,MD,,WEST ST,38.98451573,-76.54067516
03,02,,05.01,17,02,,01,04,05,MSP60790036,00,03-31-2015,00:40:00,00,N,N,MSP,UNK,09,09,295,MD,,14.07,N,BALTIMORE WASHINGTON PKWY,0,F,N,695,RP,,RAMP 4 FR MD 295 NB TO IS 695 EB,39.21809489,-76.659666
01,03,,00,17,01,4,01,04,15.05,MSP60480049,03,01-06-2015,07:32:00,,N,N,MSP,UNK,09,16,795,IS,,3.93,N,NORTHWEST EXPRESSWAY,1,M,N,940,MD,,OWINGS MILLS BLVD,39.40362467,-76.76697083
01,07,,01,17,03,1,01,04,06,MSP6057000T,08.04,01-06-2015,08:47:00,,N,N,MSP,UNK,09,00,95,IS,,5.98,N,J F K MEMORIAL HWY,0,M,N,,UU,,MILE MARKER 97.0,39.61680983,-75.99780183
01,07,,01,17,03,2,01,04,11,MSP6057000V,08.04,01-06-2015,09:35:00,,N,N,MSP,UNK,09,00,95,IS,,12,N,J F K MEMORIAL HWY,1,M,N,,UU,,MILE MARKER 103.0,39.644339,-75.88836167
03,07,,02,03,03,1,00,88,00,MSP6057000W,08.04,03-05-2015,18:09:00,,N,N,MSP,UNK,01,00,279,MD,,3.37,N,ELKTON RD,0,F,N,25,MU,,BELLE HILL RD,39.63565483,-75.80590967
01,22,,01,03,02,2,01,04,00,MSP6058000X,06.01,03-07-2015,12:58:00,,Y,N,MSP,UNK,01,00,13,US,,12.15,N,N SALISBURY BLVD,500,F,N,,UU,,CENTRE RD,38.40475726,-75.56855679
01,05,,01,17,04,1,01,01,11,MSP6080001F,06.01,01-07-2015,12:27:00,,N,N,MSP,UNK,09,00,86,CO,,1.91,S,CENTRAL AVE,300,F,S,59,CO,,HOLLY RD,38.91726587,-75.86293459
04,05,,02,17,02,1,01,01,05,MSP6080001G,06.01,01-08-2015,17:30:00,,N,N,MSP,UNK,09,00,331,MD,D,0,N,PAYNE RD,0,F,N,331,MD,D,MAIN ST,38.70758653,-75.90316772
04,05,,01,17,02,1,01,01,08,MSP6080001H,02,01-22-2015,01:45:00,,N,N,MSP,UNK,09,09,313,MD,,0.4,N,RELIANCE RD,500,F,N,384,CO,,FOOKS AVE (DOR CO),38.67969741,-75.75686932
01,05,,02,11,02,2,01,04,00,MSP6080001J,06.01,02-03-2015,08:02:00,,Y,N,MSP,UNK,01,00,404,MD,,6.44,E,SHORE HWY,0,F,E,328,MD,,NEW BRIDGE RD,38.89653257,-75.83741223
04,05,,01,17,04,1,01,01,00,MSP6080001K,10.04,02-15-2015,03:10:00,,N,N,MSP,UNK,11,00,222,CO,,1.17,N,WRIGHT RD,0,M,N,223,CO,,GUARD RD,38.6838293,-75.74096238
04,05,,01,17,04,1,00,01,18.88,MSP6080001L,06.01,02-18-2015,22:58:00,,N,N,MSP,UNK,09,00,16,MD,,10.64,N,HARMONY RD,200,F,N,,UU,,LAKE DR,38.832646,-75.844227
01,05,,02,03,02,1,01,01,00,MSP6080001M,06.01,03-08-2015,14:43:00,,N,N,MSP,UNK,01,00,313,MD,,20.28,N,GREENSBORO RD,0,F,N,,UU,,PINEY BRANCH LA,38.90946877,-75.81742287
04,20,,01,17,01,2,01,01,00,MSP6080001N,03,03-13-2015,23:48:00,,N,N,MSP,UNK,11,00,331,MD,,2.11,N,DOVER RD,500,F,N,96,CO,,DOVER NECK RD,38.77344138,-76.02549358
04,05,,02,17,02,2,01,01,09,MSP6080001P,06.01,03-29-2015,22:21:00,,N,N,MSP,UNK,09,00,107,CO,,3.32,W,HOBBS RD,0,F,W,120,CO,,ANDERSONTOWN RD,38.86143179,-75.78478575
01,05,,01,17,02,1,01,01,00,MSP6080001Q,06.01,03-31-2015,16:23:00,,N,N,MSP,UNK,08,00,328,MD,,2.86,E,NEW BRIDGE RD,250,F,E,454,CO,,ASBURY DR,38.85599233,-75.87430367
01,17,,01,17,02,1,01,01,10,MSP60810016,06.01,01-01-2015,12:16:00,,N,N,MSP,UNK,09,00,18,MD,B,6.88,E,MAIN ST,300,F,E,173,CO,B,BENNETT POINT RD,38.96814927,-76.1786145
01,17,,01,17,02,,01,03,09,MSP60810017,06.01,02-21-2015,12:13:00,,Y,N,MSP,UNK,16,09,301,US,,24.94,N,BLUE STAR MEMORIAL HWY,300,F,N,834,MD,,HAYDEN CLARK RD,39.07896617,-75.97995317
01,17,,01,17,06.03,1,01,03,09,MSP60810018,09.04,03-01-2015,15:32:00,,N,N,MSP,UNK,16,09,301,US,,30.11,N,BLUE STAR MEMORIAL HWY,0,M,N,302,MD,,BARCLAY RD,39.1389045,-75.92735533
01,17,,01,17,02,1,01,04,05,MSP60810019,06.01,03-25-2015,18:02:00,,N,N,MSP,UNK,09,00,50,US,,18.78,E,OCEAN GATEWAY,1,M,E,404,MD,,QUEEN ANNES HWY (TALBOT CO),38.94745517,-76.06468967
04,02,,01,17,02,,01,02,11,MSP6032002P,06.01,01-16-2015,05:17:00,,N,N,MSP,UNK,16,09,595,IS,,9.4,E,JOHN HANSON HWY,0,F,E,595,RP,,RAMP 7 FR IS 595 WB TO MD 2AD SB,38.9876656,-76.5307492
01,02,,01,03,02,5,01,04,00,MSP6032002Q,06.01,01-29-2015,08:16:00,,N,N,MSP,UNK,01,00,595,IS,,10.37,E,JOHN HANSON HWY,0,M,E,70,MD,,ROWE BLVD,38.9819946,-76.5118048
03,02,,01,03,02,3,01,04,00,MSP6032002R,06.01,02-05-2015,17:58:00,,N,N,MSP,UNK,01,00,50,US,,11.09,E,JOHN HANSON HWY,100,F,E,,UU,,BEGIN BRIDGE,38.9997815,-76.50926617
04,02,,01,03,02,1,01,04,05,MSP6032002S,00,02-02-2015,21:41:00,,N,N,MSP,UNK,01,09,97,IS,,8.14,N,NO NAME,150,F,N,,UU,,MD 3 (SB/L),39.0714148,-76.6344566
03,02,,01,09,04,2,01,04,05,MSP6032002T,12.04,02-10-2015,05:07:00,,N,N,MSP,UNK,01,09,50,US,,12.28,E,BLUE STAR MEMORIAL HWY,0,F,E,,UU,,STRUC #2101,39.0070685,-76.5018163
03,02,,01,88,04,,01,04,15.05,MSP6032002V,12.04,02-10-2015,06:31:00,,N,N,MSP,UNK,01,09,50,US,,12.28,E,BLUE STAR MEMORIAL HWY,0,F,E,,UU,,STRUC #2101,39.005768,-76.5025673
01,02,,03,03,03,2,01,04,00,MSP6032002W,08.04,02-21-2015,13:43:00,,N,N,MSP,UNK,01,01,2,MD,,29.44,N,GOV RITCHIE HWY,100,F,N,2209,CO,,ROBINSON RD,39.0810199,-76.5491659
01,02,,01,17,06.03,,01,04,05,MSP6032002X,08.04,02-22-2015,09:15:00,,N,N,MSP,UNK,16,09,97,IS,,9.67,N,NO NAME,200,F,N,3,MD,,BENFIELD BLVD,39.09789,-76.6283445
01,02,,01,03,02,3,01,04,00,MSP6032002Y,06.01,02-27-2015,17:33:00,,N,N,MSP,UNK,01,00,595,IS,,10.37,E,JOHN HANSON HWY,1,M,E,70,MD,,ROWE BLVD,38.98722917,-76.53113017
06.02,02,,01,03,02,3,01,04,00,MSP6032002Z,06.01,02-27-2015,18:07:00,,N,N,MSP,UNK,01,00,595,IS,,8.65,E,JOHN HANSON HWY,0,F,E,,UU,,EXIT #22,38.983975,-76.54601717
04,02,,01,17,02,,01,04,06,MSP60320030,06.01,02-27-2015,21:22:00,,N,N,MSP,UNK,16,09,97,IS,,0.12,N,NO NAME,1,M,N,595,IS,,JOHN HANSON HWY,38.98632633,-76.57641167
04,02,,01,17,04,,01,02,05,MSP60320031,03,03-01-2015,18:58:00,,N,N,MSP,UNK,09,16,695,IS,,0.76,N,BALTO BELTWAY,0,M,N,648,MD,,BALTO ANNAPOLIS BLVD,39.2021536,-76.6319478
01,02,,01,03,02,2,01,04,00,MSP60320032,06.01,03-18-2015,08:09:00,,N,N,MSP,UNK,01,00,97,IS,,0.38,N,NO NAME,0,F,N,97,RP,,RAMP 3 FR IS 595 EB TO IS 97 NB,38.98529083,-76.57407233
01,02,,01,17,01,,01,04,05,MSP60320034,08.04,03-20-2015,09:02:00,,N,N,MSP,UNK,09,09,50,US,,12.28,E,BLUE STAR MEMORIAL HWY,0,M,E,,UU,,EXIT #27,39.0104262,-76.5013702
01,02,,01,03,01,2,01,04,00,MSP60320035,03,03-20-2015,12:45:00,,N,N,MSP,UNK,01,00,595,IS,,6.9,E,JOHN HANSON HWY,0,M,E,595,RP,,RAMP 11 FR IS 595 WB TO IS 595 WB,38.9841599,-76.5514207
01,02,,01,03,02,1,01,04,00,MSP60320036,06.01,03-27-2015,16:06:00,,N,N,MSP,UNK,01,16,97,IS,,5.19,N,NO NAME,1,M,N,,UU,,EXIT #5,39.0388891,-76.6133798
01,03,,05.01,03,02,,01,02,00,MSP6048004B,06.01,01-31-2015,11:22:00,,N,N,MSP,UNK,01,00,695,IS,,12.97,N,BALTO BELTWAY,50,F,N,140,MD,,REISTERSTOWN RD,39.38470783,-76.73304467
01,03,,00,11,02,2,01,04,15.05,MSP6048004C,06.01,01-31-2015,14:04:00,,N,N,MSP,UNK,01,09,695,IS,,16.98,N,BALTO BELTWAY,50,F,N,25,MD,,FALLS RD,39.4171555,-76.65766267
01,03,,00,03,01,1,01,04,00,MSP6048004D,03,02-02-2015,10:12:00,,N,N,MSP,UNK,01,00,695,IS,,13.71,N,BALTO BELTWAY,15,F,N,129,MD,,PARK HEIGHTS AVE,39.38987733,-76.72168567
01,03,,00,88,01,4,01,04,00,MSP6048004F,06.01,02-02-2015,13:40:00,,N,N,MSP,UNK,01,00,695,MD,,4.56,N,BALTO BELTWAY,150,F,N,144,MD,,FREDERICK RD,39.26978933,-76.720263
01,03,,00,03,02,3,01,04,00,MSP6048004G,06.01,02-04-2015,09:34:00,,N,N,MSP,UNK,01,00,70,IS,,2.89,E,NO NAME,1,M,E,695,IS,,BALTO BELTWAY,39.30772667,-76.757272
01,03,,00,03,02,2,01,04,00,MSP6048004H,06.01,02-08-2015,16:49:00,,N,N,MSP,UNK,01,00,695,MD,,2.79,N,BALTO BELTWAY,50,F,N,3004,CO,,WESTLAND BLVD,39.25730117,-76.696117
04,03,,00,03,02,2,01,04,00,MSP6048004J,06.01,02-08-2015,19:11:00,,N,Y,MSP,UNK,01,00,695,MD,,10.2,N,BALTO BELTWAY,100,F,N,26,MD,,LIBERTY RD,39.35367417,-76.74601883
04,03,,00,17,04,2,00,04,00,MSP6048004K,09.04,02-09-2015,23:10:00,,N,N,MSP,UNK,16,10,795,IS,,6.55,N,NORTHWEST EXPRESSWAY,50,F,N,6781,CO,,FRANKLIN BLVD,39.4417825,-76.82339533
06.02,03,,00,07,02,2,01,04,00,MSP6048004N,06.01,02-11-2015,17:23:00,,N,N,MSP,UNK,01,16,695,IS,,10.2,N,BALTO BELTWAY,150,F,N,26,MD,,LIBERTY RD,39.33672317,-76.74441883
04,03,,00,09,01,3,01,04,00,MSP6048004P,08.04,02-17-2015,01:01:00,,N,N,MSP,UNK,01,00,695,IS,,10.2,N,BALTO BELTWAY,1,M,N,26,MD,,LIBERTY RD,39.33545217,-76.74468267
04,03,,00,09,03,2,01,04,15.05,MSP6048004Q,08.04,02-17-2015,03:28:00,,N,N,MSP,UNK,01,09,695,IS,,4.56,N,BALTO BELTWAY,50,F,N,144,MD,,FREDERICK RD,39.26915117,-76.7185945
01,03,,00,03,02,5,01,04,00,MSP6048004R,06.01,02-25-2015,08:35:00,,N,N,MSP,UNK,01,00,695,IS,,1.59,N,BALTO BELTWAY,150,F,N,,UU,,EXIT #11,39.255636,-76.69084033
01,03,,00,03,02,1,01,04,00,MSP6048004S,06.01,02-25-2015,09:10:00,,N,N,MSP,UNK,01,00,695,MD,,3.32,N,BALTO BELTWAY,0,M,N,372,MD,,WILKENS AVE,39.25620983,-76.69184617
01,03,,00,03,02,1,01,04,00,MSP6048004T,06.01,02-28-2015,14:07:00,,N,N,MSP,UNK,01,00,695,IS,,16.98,N,BALTO BELTWAY,50,F,N,25,MD,,FALLS RD,39.41025617,-76.665114
01,03,,00,03,02,3,01,04,00,MSP6048004V,06.01,03-06-2015,15:02:00,,N,N,MSP,UNK,01,00,695,IS,,0.69,N,BALTO BELTWAY,100,F,N,7,MD,,PHILADELPHIA RD,39.341421,-76.49443917
04,03,,00,03,01,3,01,04,00,MSP6048004W,03,03-14-2015,02:43:00,,N,N,MSP,UNK,01,00,95,IS,,2.78,N,NO NAME,1,M,N,695,IS,,BALTO BELTWAY,39.2444425,-76.6896485
01,03,,00,17,02,2,01,04,15.05,MSP6048004X,06.01,03-22-2015,10:11:00,,N,N,MSP,UNK,09,00,695,IS,,7.66,N,BALTO BELTWAY,1,M,N,122,MD,,SECURITY BLVD,39.330537,-76.74466367
01,03,,00,07,02,3,01,04,00,MSP6048004Y,00,03-22-2015,13:37:00,,N,N,MSP,UNK,01,00,695,IS,,1.59,N,BALTO BELTWAY,150,F,N,,UU,,EXIT #11,39.26334117,-76.67110883
01,03,,00,03,02,4,01,04,00,MSP6048004Z,06.01,03-23-2015,10:39:00,,N,N,MSP,UNK,01,00,695,IS,,10.2,N,BALTO BELTWAY,0,M,N,26,MD,,LIBERTY RD,39.340599,-76.74504333
01,03,,05.01,03,01,,01,02,00,MSP60480050,03,03-26-2015,11:44:00,,N,N,MSP,UNK,01,00,95,IS,,3.18,N,NO NAME,150,F,N,95,RP,,RAMP 2 FR IS 695 WB TO IS 95 NB,39.25123117,-76.67742167
01,03,,00,03,02,1,01,04,00,MSP60480051,06.01,03-31-2015,15:13:00,,N,N,MSP,UNK,01,00,695,IS,,24.35,N,BALTO BELTWAY,50,F,N,41,MD,,PERRING PKWY,39.39540233,-76.5463215
01,03,,00,03,02,1,01,04,00,MSP60480052,06.01,03-31-2015,17:18:00,,N,N,MSP,UNK,01,00,695,IS,,14.2,N,BALTO BELTWAY,100,F,N,1600,CO,,STEVENSON RD,39.39048783,-76.71593467
01,03,,00,03,01,2,01,04,00,MSP60480053,06.01,03-31-2015,18:30:00,,N,N,MSP,UNK,01,00,695,IS,,10.2,N,BALTO BELTWAY,50,F,N,26,MD,,LIBERTY RD,39.35213133,-76.74548383
04,20,,01,17,02,1,01,01,23.03,MSP6082000X,06.01,01-09-2015,05:00:00,,N,N,MSP,UNK,09,00,370,MD,,1.57,N,UNIONVILLE RD,1,M,N,51,CO,,MILES RIVER RD,38.80379033,-76.13793417
06.02,20,,01,17,02,1,01,04,05,MSP6082000Y,06.01,02-11-2015,17:58:00,,N,N,MSP,UNK,09,00,50,US,,4.85,E,OCEAN GATEWAY,50,F,E,18,CO,,PLUGGE RD,38.86927667,-76.06102033
01,20,,01,08,02,2,01,04,00,MSP6082000Z,06.01,02-24-2015,12:46:00,,N,N,MSP,UNK,01,09,50,US,,4.85,E,OCEAN GATEWAY,0,F,E,18,CO,,PLUGGE RD,38.8707645,-76.06104933
05.02,20,,01,17,03,1,01,01,23.03,MSP60820010,08.04,02-26-2015,06:54:00,,N,N,MSP,UNK,09,09,331,MD,,2.11,N,DOVER RD,1,M,N,96,CO,,DOVER NECK RD,38.77181417,-76.03683717
04,22,,01,03,01,1,01,04,00,MSP6083000Y,06.01,01-14-2015,18:16:00,,N,N,MSP,UNK,01,00,50,US,,5.36,E,OCEAN GATEWAY,200,F,E,54,CO,,ATHOL RD,38.45951467,-75.74043733
06.02,22,,00,17,02,,01,01,23.03,MSP6083000Z,07.01,02-09-2015,16:10:00,,N,N,MSP,UNK,16,00,349,MD,,15.14,E,NANTICOKE RD,200,F,E,347,MD,,QUANTICO RD,38.35586217,-75.73780617
04,22,,00,17,02,1,01,01,00,MSP60830010,06.01,02-12-2015,19:00:00,,N,N,MSP,UNK,08,00,54,MD,,2.23,E,DELMAR RD,500,F,E,23,CO,,NORRIS TWILLEY RD,38.46576883,-75.713843
04,22,,02,17,03,,01,01,23.03,MSP60830011,08.04,02-16-2015,21:51:00,,N,N,MSP,UNK,16,00,54,MD,,0.71,E,DELMAR RD,0,F,E,53,CO,,BARREN CREEK RD,38.46349385,-75.73540092
01,15,,01,03,02,2,01,04,00,MSP6059003P,06.01,01-13-2015,16:33:00,,N,N,MSP,UNK,01,00,270,IS,,14.74,N,EISENHOWER MEMORIAL HWY,25,F,N,118,MD,,GERMANTOWN RD,39.19036533,-77.25892717
03,15,,01,07,02,2,01,04,00,MSP6059003Q,00,01-13-2015,20:30:00,,N,N,MSP,UNK,01,00,495,IS,,1.87,E,CAPITAL BELTWAY,100,F,E,,UU,,BEGIN BRIDGE,38.9667602,-77.1801356
03,15,,01,03,00,1,01,04,00,MSP6059003R,06.01,01-16-2015,18:29:00,,N,N,MSP,UNK,01,00,270,IS,,8.39,N,EISENHOWER MEMORIAL HWY,5,F,N,212,CO,,SHADY GROVE RD,39.10918817,-77.18550667
01,15,,01,17,01,2,01,00,00,MSP6059003S,06.01,01-18-2015,14:50:00,,N,N,MSP,UNK,09,00,270,IS,,4.14,N,EISENHOWER MEMORIAL HWY,20,F,N,,UU,,EXIT #4,39.05708617,-77.15504867
03,15,,01,03,01,4,01,04,00,MSP6059003T,06.01,01-16-2015,18:21:00,,N,N,MSP,UNK,01,00,270,IS,,11.47,N,EISENHOWER MEMORIAL HWY,100,F,N,124,MD,,QUINCE ORCHARD RD,39.161903,-77.23393
03,15,,01,03,02,3,01,04,00,MSP6059003W,06.01,02-08-2015,23:01:00,,N,N,MSP,UNK,01,00,495,IS,,14.1,E,CAPITAL BELTWAY,5,F,E,,UU,,EXIT #28,39.0194125,-76.97934117
01,15,,01,03,02,3,01,04,00,MSP6059003X,06.01,02-11-2015,15:03:00,,N,N,MSP,UNK,01,01,495,IS,,6.52,E,CAPITAL BELTWAY,20,F,E,,UU,,EXIT #35,39.01944333,-77.10354683
03,15,,01,17,02,2,01,04,05,MSP6059003Y,06.01,02-16-2015,04:20:00,,N,N,MSP,UNK,09,00,270,IS,,10.85,N,EISENHOWER MEMORIAL HWY,10,F,N,,UU,,EXIT #10,39.13877617,-77.21133
03,15,,01,17,03,1,01,04,05,MSP6059003Z,06.01,02-18-2015,05:39:00,,N,N,MSP,UNK,09,00,495,IS,,1.9,E,CAPITAL BELTWAY,5,F,E,,UU,,EXIT #40,38.98076983,-77.15529233
01,15,,01,17,04,1,01,00,11,MSP60590040,06.01,02-28-2015,06:56:00,,N,N,MSP,UNK,09,00,495,IS,,14.1,E,CAPITAL BELTWAY,0,F,E,,UU,,EXIT #28,39.01872467,-76.97238117
03,15,,01,17,02,1,01,04,05,MSP60590041,06.01,03-06-2015,18:07:00,,N,N,MSP,UNK,09,00,270,IS,,19.73,N,EISENHOWER MEMORIAL HWY,5,F,N,200,CO,,COMUS RD,39.250429,-77.370709
03,15,,01,07,02,3,01,04,00,MSP60590042,06.01,03-09-2015,20:01:00,,N,N,MSP,UNK,01,00,495,IS,,11.88,E,CAPITAL BELTWAY,50,F,E,29,US,,COLESVILLE RD,39.36856233,-77.4459935
01,15,,01,03,02,1,01,04,00,MSP60590043,06.01,03-22-2015,08:28:00,,N,N,MSP,UNK,01,00,495,IS,,14.1,E,CAPITAL BELTWAY,20,F,E,,UU,,EXIT #28,39.019501,-76.98631033
01,15,,01,03,02,1,01,04,00,MSP60590044,06.01,03-23-2015,08:17:00,,N,N,MSP,UNK,01,00,270,IS,,4.14,N,EISENHOWER MEMORIAL HWY,5,F,N,927,MD,,MONTROSE RD,39.05119967,-77.15232767
03,15,,01,88,02,3,01,04,00,MSP60590045,06.01,03-25-2015,06:40:00,,N,N,MSP,UNK,01,09,495,IS,,6.71,E,CAPITAL BELTWAY,100,F,E,355,MD,,ROCKVILLE PIKE,39.017433,-77.101452
01,06,,01,17,03,1,01,01,06,MSP6086001P,08.04,01-26-2015,16:44:00,,N,N,MSP,UNK,16,09,27,MD,,12.365,N,RIDGE RD,0,M,N,,UU,,SHORTY HILLS DR,39.50431133,-77.050504
01,06,,02,11,01,1,01,01,00,MSP6086001Q,03,02-09-2015,09:22:00,N/A,Y,N,MSP,UNK,01,00,97,MD,,13.9,N,NEW WASHINGTON RD,0,F,N,327,CO,,HOOK RD,39.543744,-76.98817933
01,06,,02,11,04,1,01,01,00,MSP6086001R,07.01,02-10-2015,09:24:00,N/A,N,N,MSP,UNK,01,00,140,MD,,14.19,N,TANEYTOWN PIKE,0,F,N,1600,CO,,PLEASANT VALLEY RD S,39.607112,-77.06267383
01,06,,01,17,03,,01,04,05,MSP6060001F,08.04,01-21-2015,13:00:00,,N,N,MSP,UNK,09,00,140,MD,,6.12,N,1400 BALTIMORE BLVD,0,F,N,,UU,,NORTHERN LANDFILL,39.5503605,-76.949722
01,06,,02,11,01,1,01,01,00,MSP6060001G,06.01,01-28-2015,17:00:00,,Y,N,MSP,UNK,01,01,140,MD,,12.34,N,TANEYTOWN PIKE,0,F,N,832,MD,,OLD TANEYTOWN RD,39.59199933,-77.034376
01,06,,02,11,02,1,01,01,00,MSP6060001H,06.01,02-23-2015,16:28:00,,Y,N,MSP,UNK,01,00,27,MD,,14.56,N,RIDGE RD,0,F,N,290,CO,,WARFIELDSBURG RD,39.52569183,-77.02805117
01,06,,01,03,02,2,01,03,00,MSP6060001J,06.01,03-11-2015,12:32:00,,Y,N,MSP,UNK,01,00,140,MD,,8.37,N,BALTIMORE BLVD,20,F,N,398,CO,,GORSUCH RD,39.56808633,-76.97987433
05.02,06,,01,03,02,1,01,04,00,MSP6060001K,06.01,03-12-2015,06:57:00,,N,N,MSP,UNK,01,01,140,MD,,1.69,N,BALTIMORE BLVD,0,F,N,483,CO,,OLD WESTMINSTER PIKE,39.49868617,-76.89441367
01,06,,02,03,01,1,01,01,23.03,MSP6060001L,02,03-20-2015,17:55:00,,N,N,MSP,UNK,01,11,140,MD,,15.99,N,TANEYTOWN PIKE,0,F,N,71,CO,,TYRONE RD,39.62020367,-77.09228233
06.02,06,,01,07,02,2,01,03,00,MSP6060001M,06.01,03-23-2015,18:43:00,,N,N,MSP,UNK,01,11,140,MD,,9.62,N,BALTIMORE BLVD,200,F,N,368,CO,,ENGLAR RD,39.58537167,-76.990986
03,06,,00,17,04,2,01,01,06,MSP60840016,03,01-12-2015,01:29:00,,N,N,MSP,UNK,09,09,27,MD,,1.19,N,RIDGE RD,50,F,N,,UU,,ENT TO PARK & RIDE,39.36528317,-77.152482
01,06,,05.01,17,02,,01,04,05,MSP60840017,06.01,01-20-2015,07:44:00,,N,N,MSP,UNK,09,00,70,IS,,0.17,E,BALTO NATIONAL PIKE,50,F,E,70,RP,,RAMP 1 FR MD 27 NB TO IS 70 WB,39.3599005,-77.16384583
04,06,,05.01,17,03,,01,04,06,MSP60840018,02,03-01-2015,23:33:00,,N,N,MSP,UNK,11,00,70,IS,,0.14,E,BALTO NATIONAL PIKE,150,F,E,70,RP,,RAMP 4 FR MD 27 NB TO IS 70 EB,39.35942617,-77.16431083