LIGHT_CODE,COUNTY_NO,MUNI_CODE,JUNCTION_CODE,COLLISION_TYPE_CODE,SURF_COND_CODE,LANE_CODE,RD_COND_CODE,RD_DIV_CODE,FIX_OBJ_CODE,REPORT_NO,WEATHER_CODE,ACC_DATE,ACC_TIME,LOC_CODE,SIGNAL_FLAG,C_M_ZONE_FLAG,AGENCY_CODE,AREA_CODE,HARM_EVENT_CODE1,HARM_EVENT_CODE2,RTE_NO,ROUTE_TYPE_CODE,RTE_SUFFIX,LOG_MILE,LOGMILE_DIR_FLAG,MAINROAD_NAME,DISTANCE,FEET_MILES_FLAG,DISTANCE_DIR_FLAG,REFERENCE_NO,REFERENCE_TYPE_CODE,REFERENCE_SUFFIX,REFERENCE_ROAD_NAME,LATITUDE,LONGITUDE
01,06,,02,11,01,2,01,01,00,MSP60840019,07.01,03-20-2015,16:32:00,,Y,N,MSP,UNK,01,00,300,MU,,0.68,E,RIDGE AVE,0,F,E,,UU,,ENT TO MOUNT AIRY SC,39.36461017,-77.15904483
01,06,,02,11,02,2,01,04,00,MSP6084001B,06.01,03-21-2015,16:49:00,,Y,N,MSP,UNK,01,00,27,MD,,0.07,N,RIDGE RD,0,F,N,70,RP,,RAMP 3 FR RAMP 6 (FR IS 70) TO MD 27 NB,39.35671683,-77.16853567
01,06,,02,06,02,1,01,01,00,MSP6084001C,06.01,03-23-2015,14:03:00,,N,N,MSP,UNK,01,00,808,MD,A,1.49,N,N MAIN ST,0,F,N,91,MU,A,W CHURCH ST,39.378538,-77.15236217
03,12,,01,17,02,,01,01,06,MSP6033008S,06.01,01-02-2015,01:07:00,,N,N,MSP,UNK,16,09,152,MD,,7.14,N,MOUNTAIN RD,400,F,N,749,CO,,STONEYBROOK RD,39.48721783,-76.39072183
06.02,12,,01,17,04,1,01,01,05,MSP6033008T,07.01,01-15-2015,07:12:00,,N,N,MSP,UNK,09,09,23,MD,,16.55,W,NORRISVILLE RD,10,F,W,12,CO,,HARFORD CREAMERY RD,39.67526144,-76.53848648
01,12,,01,17,01,,01,01,06,MSP6033008V,07.01,01-22-2015,14:41:00,,N,N,MSP,UNK,16,09,543,MD,,17.79,N,ADY RD,500,F,N,121,CO,,HEAPS RD,39.67801467,-76.36637017
03,12,,01,17,02,1,01,03,10,MSP60490087,06.01,01-05-2015,04:42:00,,N,N,MSP,UNK,09,00,161,MD,,4.38,N,MAIN ST,0,M,N,539,CO,,OLD QUAKER RD,39.6357765,-76.2044754
01,12,,01,17,03,1,01,03,08,MSP60490088,08.04,01-06-2015,08:04:00,,N,N,MSP,UNK,09,00,24,MD,,3.65,N,VIETNAM VETERANS MEMORIAL HWY,0,M,N,95,IS,,J F K MEMORIAL HWY,39.4607887,-76.3119202
01,12,,01,17,02,1,01,04,23.03,MSP6049008B,06.01,01-13-2015,10:46:00,,N,N,MSP,UNK,09,00,24,MD,,6.27,N,VIETNAM VETERANS MEMORIAL HWY,0,M,N,216,CO,,WHEEL RD,39.4898911,-76.3250732
01,12,,01,11,02,1,01,03,00,MSP6049008C,06.01,01-15-2015,07:44:00,,Y,N,MSP,UNK,01,00,136,MD,,2.39,N,CALVARY RD,0,M,N,543,MD,,FOUNTAIN GREEN RD,39.506855,-76.2699127
01,12,,01,03,02,1,01,05.01,05,MSP6049008D,06.01,01-15-2015,09:49:00,,N,N,MSP,UNK,01,09,136,MD,,9.15,N,PRIESTFORD RD,0,M,N,193,CO,,HARMONY CHURCH RD,39.61086564,-76.21781955
03,12,,02,11,02,1,01,05.01,00,MSP6049008F,06.01,01-19-2015,21:32:00,,Y,N,MSP,UNK,01,00,24,MD,,2.86,N,VIETNAM VETERANS MEMORIAL HWY,0,F,N,7,MD,,PHILADELPHIA RD,39.44776004,-76.30134
03,12,,01,17,02,1,01,04,04,MSP6049008G,06.01,01-22-2015,19:16:00,,N,N,MSP,UNK,09,00,7,MD,,2.05,E,PHILADELPHIA RD,0,M,E,152,MD,,MOUNTAIN RD,39.4384422,-76.3440704
03,12,,02,03,01,2,01,03,00,MSP6049008H,09.04,01-23-2015,20:15:00,,Y,N,MSP,UNK,01,00,152,MD,,2.97,N,MOUNTAIN RD,0,F,N,7,MD,,PHILADELPHIA RD,39.4381599,-76.3456421
04,12,,01,17,02,1,01,04,12,MSP6049008J,06.01,01-30-2015,23:36:00,,N,N,MSP,UNK,09,00,40,US,,4.68,E,PULASKI HWY,0,M,E,1913,CO,,WEST SHORE DR,39.4407616,-76.2939606
01,12,,01,03,02,1,01,03,00,MSP6049008K,06.01,02-09-2015,08:36:00,,N,N,MSP,UNK,01,00,1,US,,9.56,N,CONOWINGO RD,0,M,N,240,CO,,WAVERLY DR,39.5921035,-76.24511719
01,12,,01,03,01,2,01,03,00,MSP6049008L,06.01,02-09-2015,11:09:00,,N,N,MSP,UNK,01,00,924,MD,,1.05,N,EMMORTON RD,0,M,N,1044,CO,,ABINGDON RD,39.4798191,-76.3105488
01,12,,00,03,02,2,01,04,00,MSP6049008M,06.01,02-13-2015,14:54:00,,Y,N,MSP,UNK,01,00,24,MD,,12.87,N,ROCK SPRING AVE,0,M,N,1875,CO,,OSBORNE PKWY,39.5710258,-76.3814011
01,12,,02,02,02,1,01,03,00,MSP6049008N,06.01,02-13-2015,17:18:00,,Y,N,MSP,UNK,01,01,1,US,,18.02,N,CONOWINGO RD,0,F,N,623,MD,,CASTLETON RD,39.64825004,-76.20338
04,12,,01,11,02,2,01,04,00,MSP6049008P,06.01,02-21-2015,00:46:00,,N,N,MSP,UNK,01,00,40,US,,1.54,E,PULASKI HWY,0,M,E,538,CO,,PINE RD,39.43063598,-76.34486141
01,12,,01,03,01,1,01,03,00,MSP6049008Q,03,03-04-2015,13:22:00,,N,N,MSP,UNK,01,00,22,MD,,5.81,E,CHURCHVILLE RD,0,M,E,218,CO,,GLENVILLE RD,39.559045,-76.244799
05.02,12,,01,17,01,1,01,04,00,MSP6049008R,03,03-27-2015,07:09:00,,N,Y,MSP,UNK,16,11,40,US,,7.17,E,PULASKI HWY,1,M,E,2561,CO,,PAMELA DR,39.466382,-76.243289
03,12,,01,17,01,1,01,03,10,MSP6049008S,08.04,03-21-2015,03:45:00,,N,N,MSP,UNK,16,09,136,MD,,5.53,N,CALVARY RD,1,M,N,1595,OP,,COALE LA,39.547768,-76.252588
01,12,,01,03,02,1,01,04,00,MSP6049008T,06.01,03-31-2015,13:14:00,,N,N,MSP,UNK,01,22.15,24,MD,,2.86,N,VIETNAM VETERANS MEMORIAL HWY,0,M,N,7,MD,,PHILADELPHIA RD,39.4485703,-76.3019714
04,08,,01,17,01,1,01,03,10,MSP6061002N,06.01,01-04-2015,18:19:00,00,N,N,MSP,UNK,16,09,5,MD,,9.125,N,LEONARDTOWN RD,50,F,N,,UU,,FOREST KNOLLS PL,38.595291,-76.86989583
04,08,,01,02,02,1,01,03,00,MSP6061002P,06.01,01-07-2015,18:12:00,00,N,N,MSP,UNK,01,00,225,MD,,1.63,E,HAWTHORNE RD,50,F,E,224,MD,,CHICAMUXEN RD,38.58117717,-77.1160355
01,08,,01,11,02,4,01,04,00,MSP6061002Q,06.01,01-08-2015,16:52:00,00,N,N,MSP,UNK,01,00,301,US,,25.74,N,CRAIN HWY,10,F,N,301,US,,SUB STATION RD,38.6528185,-76.881294
01,08,,03,11,02,2,01,04,00,MSP6061002R,06.01,01-23-2015,12:02:00,00,Y,N,MSP,UNK,01,00,301,US,,19.55,N,CRAIN HWY,0,F,N,258,CO,,WILLETTS CROSSING RD,38.58238533,-76.950974
01,08,,03,11,01,1,01,03,00,MSP6061002S,06.01,01-24-2015,07:31:00,00,N,N,MSP,UNK,01,00,227,MD,,4.38,E,MARSHALL HALL RD,0,F,E,18,CO,,MATTHEWS RD,38.6289245,-77.07258483
01,08,,03,11,01,2,01,04,04,MSP6061002T,06.01,01-24-2015,10:26:00,00,Y,N,MSP,UNK,01,11,210,MD,,5.33,N,INDIAN HEAD HWY,0,F,N,227,MD,,LIVINGSTON RD,38.62709883,-77.07352517
06.02,08,,03,02,01,1,01,04,00,MSP6061002V,03,01-29-2015,17:47:00,00,Y,N,MSP,UNK,01,00,210,MD,,5.33,N,INDIAN HEAD HWY,0,F,N,227,MD,,LIVINGSTON RD,38.62730817,-77.07265317
01,08,,01,03,02,3,01,04,00,MSP6061002W,06.01,01-31-2015,15:23:00,00,N,N,MSP,UNK,01,00,301,US,,22.87,N,CRAIN HWY,100,F,N,874,CO,,PLAZA DR,38.62354967,-76.91377533
06.02,08,,01,17,02,1,01,03,00,MSP6061002X,06.01,02-06-2015,05:50:00,00,N,N,MSP,UNK,08,00,6,MD,,17.42,E,PORT TOBACCO RD,40,F,E,610,CO,,WEDDING DR,38.48330967,-77.10527317
01,08,,03,11,02,2,01,04,00,MSP6061002Y,06.01,02-15-2015,14:34:00,00,Y,N,MSP,UNK,01,00,228,MD,,3.41,E,BERRY RD,0,F,E,1688,CO,,STREAMVIEW DR,38.64696117,-76.93836917
01,08,,03,11,02,4,01,04,00,MSP6061002Z,06.01,02-18-2015,14:17:00,00,N,N,MSP,UNK,01,00,301,US,,25.29,N,CRAIN HWY,0,F,N,,UU,,GILLISPIE CIR,38.64845783,-76.88724683
03,08,,03,11,02,3,01,04,00,MSP60610030,06.01,02-23-2015,22:53:00,00,Y,N,MSP,UNK,01,00,301,US,,23.31,N,CRAIN HWY,0,F,N,5,MD,,LEONARDTOWN RD,38.626148,-76.9106125
04,08,,01,17,01,1,01,03,07,MSP60610031,06.01,03-07-2015,00:00:00,00,N,N,MSP,UNK,11,09,257,MD,,0,N,ROCK POINT RD,40,F,N,254,MD,,COBB ISLAND RD,38.28220383,-76.86352017
01,08,,01,03,02,1,01,03,00,MSP60610032,06.01,03-12-2015,08:48:00,00,N,N,MSP,UNK,01,00,5,MD,,8.584,N,LEONARDTOWN RD,40,F,N,287,CO,,THOMPSON DR,38.58723817,-76.8640475
01,08,,03,11,01,1,01,04,00,MSP60610033,03,03-14-2015,13:38:00,,Y,N,MSP,UNK,01,00,210,MD,,1.74,N,INDIAN HEAD HWY,0,F,N,1478,CO,,GLYMONT RD,38.60362433,-77.13154767
01,12,,01,03,02,1,01,01,00,MSP6085002K,06.01,01-05-2015,16:43:00,00,N,N,MSP,UNK,01,01,543,MD,,3.46,N,CRESWELL RD,50,F,N,474,CO,,NOVA SCOTIA RD,39.50511938,-76.2680935
01,12,,03,03,01,1,01,04,00,MSP6085002L,07.01,01-22-2015,09:47:00,00,N,N,MSP,UNK,01,01,152,MD,,2.36,N,MAGNOLIA RD,100,F,N,,UU,,SPUR TO US 40,39.43123482,-76.33663408
01,12,,01,03,02,2,01,01,00,MSP6085002M,06.01,01-23-2015,07:57:00,00,N,N,MSP,UNK,01,01,40,US,,16.3,E,PULASKI HWY,300,F,E,7,MD,,REVOLUTION ST,39.50676367,-76.38076683
01,12,,01,17,02,1,01,01,06,MSP6085002N,07.01,01-25-2015,12:00:00,00,N,N,MSP,UNK,09,00,7,MD,,7.56,E,PHILADELPHIA RD,500,F,E,,UU,,STRUC #12009 JAMES RUN,39.47765622,-76.25885305
03,12,,03,03,02,1,01,04,00,MSP6085002P,06.01,01-31-2015,18:54:00,00,Y,N,MSP,UNK,01,01,152,MD,,3.15,N,MOUNTAIN RD,50,F,N,95,RP,,RAMP 4 FR MD 152 NB TO RAMP 5 (TO IS 95),39.44044248,-76.34691825
01,12,,02,03,02,1,01,01,00,MSP6085002Q,06.01,02-18-2015,07:34:00,00,N,N,MSP,UNK,01,00,136,MD,,3.1,N,CALVARY RD,0,F,N,1056,CO,,SCHUCKS RD,39.51748322,-76.26574828
01,12,,03,03,02,2,01,04,00,MSP6085002R,06.01,02-24-2015,16:14:00,00,N,N,MSP,UNK,01,01,24,MD,,1.7,N,EMMORTON RD,300,F,N,755,MD,,EDGEWOOD RD,39.45124595,-76.30505237
03,12,,01,17,02,1,01,01,10,MSP6085002S,06.01,03-13-2015,06:34:00,00,N,N,MSP,UNK,16,09,152,MD,,1.58,N,MAGNOLIA RD,100,F,N,512,CO,,HANSON RD,39.4232927,-76.32870047
03,12,,01,17,02,2,01,04,08,MSP6085002T,00,03-23-2015,20:04:00,00,N,N,MSP,UNK,16,09,152,MD,,2.36,N,MAGNOLIA RD,200,F,N,,UU,,SPUR TO US 40,39.43105168,-76.33713557
03,12,,01,17,04,,01,01,11,MSP6033008W,08.04,01-23-2015,23:10:00,,N,N,MSP,UNK,16,09,136,MD,,5.67,N,CALVARY RD,50,F,N,2020,CO,,KRAGL DR,39.55147487,-76.25333548
01,12,,01,03,02,1,01,01,00,MSP6033008X,06.01,02-06-2015,12:21:00,,N,N,MSP,UNK,01,00,23,MD,,10.44,W,NORRISVILLE RD,50,F,W,22,CO,,MADONNA RD,39.61331667,-76.51696033
01,12,,02,11,01,1,01,01,05,MSP6033008Y,07.01,02-17-2015,14:36:00,,N,N,MSP,UNK,01,09,136,MD,,26.43,N,HARKINS RD,0,F,N,18,CO,,TELEGRAPH RD,39.69803017,-76.46563633
03,12,,01,17,04,,01,01,05,MSP6033008Z,07.01,02-24-2015,00:02:00,,N,N,MSP,UNK,09,00,623,MD,,5.74,N,FLINTVILLE RD,1,M,N,139,CO,,SUSQUEHANNA HALL RD,39.70078467,-76.246846
01,12,,01,03,01,1,01,04,00,MSP60330090,03,03-03-2015,13:19:00,,N,N,MSP,UNK,01,01,1,US,,4.61,N,BELAIR BYPASS,100,F,N,24,MD,,VIETNAM VETERANS MEMORIAL HWY,39.53415083,-76.36793183
01,12,,01,17,04,,01,01,09,MSP60330091,09.04,03-03-2015,17:09:00,,N,N,MSP,UNK,16,09,23,MD,,5.025,W,EAST WEST HWY,1,M,W,,UU,,MILE MARKER 5.0,39.57597467,-76.43523317
03,12,,02,17,04,,01,01,06,MSP60330092,09.04,03-03-2015,20:03:00,,N,N,MSP,UNK,16,09,155,MD,,4.741,E,LEVEL RD,0,F,E,462,MD,,PARADISE RD,39.57227,-76.16927417
01,12,,01,03,01,1,01,01,00,MSP60330094,03,03-10-2015,16:22:00,,N,N,MSP,UNK,01,01,165,MD,,13.72,N,FEDERAL HILL RD,1,M,N,,UU,,BEGIN ROUNDABOUT,39.66774083,-76.41715867
01,12,,00,08,02,2,01,04,11,MSP60330095,06.01,03-12-2015,15:15:00,,N,N,MSP,UNK,01,09,1,US,,4.61,N,BELAIR BYPASS,500,F,N,24,MD,,VIETNAM VETERANS MEMORIAL HWY,39.528602,-76.36805133
01,12,,02,02,02,1,01,01,04,MSP60330096,07.01,03-13-2015,15:12:00,,Y,N,MSP,UNK,01,09,543,MD,,5.23,N,FOUNTAIN GREEN RD,0,F,N,216,CO,,WHEEL RD,39.52462083,-76.28666317
03,12,,03,03,01,,01,01,00,MSP60330098,07.01,03-14-2015,20:08:00,,N,N,MSP,UNK,01,00,246,CO,,2.95,E,SINGER RD,25,F,E,24,MD,,VIETNAM VETERANS MEMORIAL HWY,39.47885717,-76.318719
03,12,,01,17,02,,01,01,11,MSP60330099,07.01,03-20-2015,00:50:00,,N,N,MSP,UNK,16,09,136,MD,,15.08,N,WHITEFORD RD,20,F,N,156,CO,,MACTON RD,39.67810417,-76.28858367
01,15,,02,11,02,,01,01,00,MSP6050002P,06.01,01-01-2015,16:47:00,,Y,N,MSP,UNK,01,00,121,MD,,3.745,N,CLARKSBURG RD,0,F,N,,UU,,SALT DOME,39.23088967,-77.28606117
06.02,15,,01,03,02,1,01,04,00,MSP6050002Q,06.01,01-02-2015,18:37:00,,N,N,MSP,UNK,01,00,495,IS,,10.44,E,CAPITAL BELTWAY,1,M,E,97,MD,,GEORGIA AVE,39.0080115,-77.067238
01,15,,01,17,01,1,01,04,05,MSP6050002R,03,01-03-2015,15:40:00,,N,N,MSP,UNK,09,00,495,IS,,8.24,E,CAPITAL BELTWAY,1,M,E,185,MD,,CONNECTICUT AVE,39.0093955,-77.08848867
03,15,,01,17,01,2,01,04,06,MSP6050002S,03,01-03-2015,20:59:00,,N,N,MSP,UNK,01,01,495,IS,,2.21,E,CAPITAL BELTWAY,0,M,E,495,IS,X,CABIN JOHN PKWY,38.9835505,-77.1624445
03,15,,01,03,02,4,01,04,00,MSP6050002T,06.01,01-10-2015,04:23:00,,N,N,MSP,UNK,01,00,270,IS,,11.47,N,EISENHOWER MEMORIAL HWY,0,F,N,124,MD,,QUINCE ORCHARD RD,39.14882004,-77.21678
03,15,,01,17,02,4,01,04,08,MSP6050002V,06.01,01-11-2015,02:23:00,,N,N,MSP,UNK,09,09,495,IS,,12.52,E,CAPITAL BELTWAY,0,F,E,193,MD,,UNIVERSITY BLVD E,39.01339,-77.041916
01,15,,01,03,03,2,08,04,00,MSP6050002W,08.04,02-21-2015,16:02:00,,N,N,MSP,UNK,01,00,270,IS,,6.46,N,EISENHOWER MEMORIAL HWY,100,F,N,28,MD,,W MONTGOMERY AVE,39.085371,-77.173355
01,15,,01,17,02,1,01,04,05,MSP6050002X,06.01,03-07-2015,07:21:00,,N,N,MSP,UNK,09,00,495,IS,,10.44,E,CAPITAL BELTWAY,1,M,E,97,MD,,GEORGIA AVE,39.00737717,-77.06773967
01,15,,01,03,02,1,01,04,00,MSP6050002Y,06.01,03-07-2015,11:31:00,,N,N,MSP,UNK,01,00,270,IS,,19.73,N,EISENHOWER MEMORIAL HWY,0,M,N,200,CO,,COMUS RD,39.24351883,-77.2949675
01,15,,01,08,02,4,01,04,00,MSP6050002Z,06.01,03-19-2015,18:01:00,,N,N,MSP,UNK,01,00,270,IS,,8.39,N,EISENHOWER MEMORIAL HWY,1,M,N,212,CO,,SHADY GROVE RD,39.12832933,-77.20303167
04,12,,01,03,02,2,01,04,04,MSP60630031,06.01,01-25-2015,18:58:00,,N,N,MSP,UNK,01,09,7,MD,,8.25,E,PHILADELPHIA RD,500,F,E,543,MD,,CRESWELL RD,39.48133383,-76.24652033
03,12,,01,17,03,1,01,01,06,MSP60630032,08.04,01-26-2015,18:39:00,,N,N,MSP,UNK,16,09,1,US,,9.56,N,CONOWINGO RD,100,F,N,240,CO,,WAVERLY DR,39.59159,-76.32507
01,12,,01,17,02,1,01,01,23.03,MSP60630033,06.01,01-27-2015,14:24:00,,N,N,MSP,UNK,16,00,159,MD,,1.96,N,PERRYMAN RD,0,M,N,443,CO,,CANNING HOUSE RD,39.455119,-76.21170333
01,12,,02,02,02,1,01,01,00,MSP60630034,06.01,01-28-2015,16:25:00,,Y,N,MSP,UNK,01,00,165,MD,,5.52,N,BALDWIN MILL RD,0,F,N,23,MD,,EAST WEST HWY,39.586765,-76.4728455
04,12,,01,17,02,1,01,01,06,MSP60630035,06.01,02-12-2015,06:27:00,,N,N,MSP,UNK,09,00,23,MD,,16.55,W,NORRISVILLE RD,1,M,W,12,CO,,HARFORD CREAMERY RD,39.68080767,-76.53332117
01,12,,01,03,02,1,01,04,00,MSP60630036,06.01,02-12-2015,13:46:00,,N,N,MSP,UNK,01,00,24,MD,,12.87,N,ROCK SPRING AVE,500,F,N,1516,CO,,COLGATE DR,39.57109367,-76.38276983
03,12,,02,02,02,1,01,03,00,MSP60630037,06.01,02-18-2015,18:45:00,,Y,N,MSP,UNK,01,00,1,US,,1.98,N,BELAIR RD,0,F,N,2709,CO,,FALLSTON BLVD,39.499,-76.38687067
04,12,,01,03,02,1,01,02,00,MSP60630038,06.01,02-19-2015,18:23:00,,N,N,MSP,UNK,01,00,1,US,,2.67,N,BELAIR BYPASS,0,M,N,147,MD,,HARFORD RD,39.51108667,-76.37990733
03,12,,01,17,02,1,01,04,00,MSP6063003B,06.01,02-27-2015,03:38:00,,N,N,MSP,UNK,16,00,95,IS,,16.51,N,J F K MEMORIAL HWY,200,F,N,155,MD,,LEVEL RD,39.569544,-76.133548
01,12,,01,17,02,1,01,04,05,MSP6063003C,06.01,03-08-2015,10:22:00,,N,N,MSP,UNK,09,00,1,US,,5.35,N,BELAIR BYPASS,0,M,N,1580,CO,,VALE RD,39.5461845,-76.36937767
01,12,,01,01,04,1,88,01,00,MSP6063003D,06.01,03-09-2015,09:34:00,,N,N,MSP,UNK,01,01,165,MD,,2.19,N,BALDWIN MILL RD,1,M,N,152,MD,,FALLSTON RD,39.55225367,-76.4682405
01,12,,01,01,04,1,01,01,05,MSP6063003F,06.01,03-10-2015,09:28:00,,N,N,MSP,UNK,01,09,165,MD,,3.24,N,BALDWIN MILL RD,200,F,N,45,CO,,CHARLES ST,39.55569967,-76.465621
01,12,,01,03,02,1,01,01,00,MSP6063003H,06.01,03-17-2015,14:59:00,,N,N,MSP,UNK,01,01,165,MD,,14.34,N,PYLESVILLE RD,1,M,N,,UU,,EXIT FR NORTH HARFORD HIGH SCHOOL,39.67733,-76.39700533
04,22,,01,17,02,2,01,04,00,MSP60650010,06.01,01-11-2015,20:04:00,,N,N,MSP,UNK,08,00,50,US,,24.915,E,OCEAN GATEWAY,500,F,E,618,CO,,MAIN ST EXT,38.38415997,-75.43817282
01,22,,02,01,02,1,01,04,00,MSP60650011,06.01,02-05-2015,14:42:00,,Y,N,MSP,UNK,01,00,50,US,,25.475,E,OCEAN GATEWAY,0,F,E,,UU,,SPUR FR SIXTY FOOT RD,38.38441838,-75.4225856
00,22,,01,17,04,1,88,03,00,MSP60650012,10.04,02-20-2015,11:20:00,,N,N,MSP,UNK,16,17,157,CO,,0,S,WHITEHAVEN RD,500,F,S,352,MD,,WHITEHAVEN RD,38.31421475,-75.77099527
01,22,,01,17,01,2,01,04,00,MSP60650013,07.01,03-04-2015,16:06:00,,N,N,MSP,UNK,18,00,50,US,,13.186,E,SALISBURY BYPASS,500,F,E,50,US,UA,NAYLOR MILL RD,38.40193958,-75.6212239
03,22,,01,17,01,2,01,04,01,MSP60650014,03,03-01-2015,19:35:00,,N,N,MSP,UNK,09,09,50,US,,1.69,E,OCEAN GATEWAY,100,F,E,32,CO,,OLD BRADLEY RD,38.484084,-75.784039
01,22,,01,17,02,1,01,03,11,MSP60650015,88,03-19-2015,14:27:00,,N,N,MSP,UNK,16,09,54,MD,,2.23,E,DELMAR RD,500,F,E,23,CO,,NORRIS TWILLEY RD,38.38404303,-75.37461505
01,16,,01,17,02,4,01,04,15.05,MSP60090034,06.01,01-01-2015,07:51:00,N/A,N,N,MSP,UNK,09,00,595,IS,,5.09,E,JOHN HANSON HWY,1,M,E,950,MD,,CHURCH RD,38.94416833,-76.78513983
01,16,,01,17,02,2,01,04,05,MSP60090035,06.01,01-02-2015,10:01:00,N/A,N,N,MSP,UNK,09,00,95,IS,,32.7,N,NO NAME,100,F,N,198,MD,,SANDY SPRING RD,39.09107183,-76.89202967
01,16,,01,03,02,4,01,04,00,MSP60090036,06.01,01-02-2015,10:57:00,N/A,N,N,MSP,UNK,01,00,95,IS,,18.54,N,CAPITAL BELTWAY,100,F,N,595,IS,,JOHN HANSON HWY,38.95178233,-76.8619885
03,16,,01,03,02,1,01,04,00,MSP60090037,06.01,01-08-2015,18:20:00,N/A,N,N,MSP,UNK,01,00,95,IS,,19.59,N,CAPITAL BELTWAY,300,F,N,450,MD,,ANNAPOLIS RD,38.96267904,-76.86704636
03,16,,01,17,02,1,01,02,11,MSP60090038,06.01,01-16-2015,03:33:00,N/A,N,N,MSP,UNK,16,09,595,IS,,8.08,E,JOHN HANSON HWY,10,F,E,301,US,,CRAIN HWY,38.95265467,-76.71805567
01,16,,02,11,02,1,01,01,00,MSP60090039,06.01,01-31-2015,15:51:00,N/A,Y,N,MSP,UNK,01,00,1,US,,12.12,N,BALTIMORE AVE,0,F,N,100,MU,,CYPRESS ST,39.08198567,-76.86398717
01,16,,01,17,02,2,04,04,00,MSP6009003B,07.01,02-02-2015,14:43:00,N/A,N,N,MSP,UNK,10,11,595,IS,,1.02,E,JOHN HANSON HWY,100,F,E,704,MD,,MARTIN LUTHER KING JR HWY,38.94692708,-76.83940887
03,16,,01,17,02,2,04,04,00,MSP6009003C,06.01,02-02-2015,22:03:00,N/A,N,N,MSP,UNK,10,16,95,IS,,32.7,N,NO NAME,50,F,N,198,MD,,SANDY SPRING RD,39.10769567,-76.88220117
01,16,,01,00,02,1,01,04,00,MSP6009003D,06.01,02-04-2015,17:04:00,N/A,N,N,MSP,UNK,15,00,95,IS,,28.54,N,NO NAME,100,F,N,212,MD,,POWDER MILL RD,39.05534467,-76.92863
03,16,,01,03,02,4,01,04,00,MSP6009003F,06.01,02-04-2015,18:13:00,N/A,N,N,MSP,UNK,01,00,595,IS,,0.29,E,JOHN HANSON HWY,100,F,E,95,IS,,CAPITAL BELTWAY,38.94592217,-76.85666517
03,16,,01,03,02,4,01,04,00,MSP6009003G,06.01,02-08-2015,23:12:00,N/A,N,N,MSP,UNK,01,00,95,IS,,32.7,N,NO NAME,100,F,N,198,MD,,SANDY SPRING RD,39.1146715,-76.87474217
04,16,,01,09,02,2,01,04,15.05,MSP6009003H,06.01,02-09-2015,00:18:00,N/A,N,N,MSP,UNK,01,09,50,US,,4.1,E,JOHN HANSON HWY,50,F,E,410,MD,,VETERANS PKWY,38.94212833,-76.88302783
03,16,,05.01,88,04,1,88,02,00,MSP6009003J,12.04,02-10-2015,05:19:00,N/A,N,N,MSP,UNK,16,01,595,IS,,8.08,E,JOHN HANSON HWY,0,F,E,301,US,,CRAIN HWY,38.9553315,-76.718154
04,16,,01,17,04,3,01,04,05,MSP6009003K,12.04,02-10-2015,05:30:00,N/A,N,N,MSP,UNK,11,09,595,IS,,5.09,E,JOHN HANSON HWY,100,F,E,950,MD,,CHURCH RD,38.94381967,-76.79738317
03,16,,01,17,04,1,01,02,04,MSP6009003L,12.04,02-10-2015,04:42:00,N/A,N,N,MSP,UNK,09,00,595,IS,,8.08,E,JOHN HANSON HWY,0,F,E,301,US,,CRAIN HWY,39.0197035,-76.92398333
03,16,,01,17,04,1,01,02,04,MSP6009003M,12.04,02-10-2015,04:42:00,N/A,N,N,MSP,UNK,09,00,595,IS,,8.08,E,JOHN HANSON HWY,0,F,E,301,US,,CRAIN HWY,39.0196565,-76.9239745
01,16,,01,08,03,3,01,04,00,MSP6009003N,03,02-17-2015,09:49:00,N/A,N,N,MSP,UNK,01,00,95,IS,,19.59,N,CAPITAL BELTWAY,1,M,N,450,MD,,ANNAPOLIS RD,38.97384167,-76.87064083
01,16,,01,08,03,2,01,04,00,MSP6009003P,07.01,02-17-2015,10:42:00,N/A,N,N,MSP,UNK,01,00,95,IS,,19.59,N,CAPITAL BELTWAY,200,F,N,450,MD,,ANNAPOLIS RD,38.96731383,-76.8684285
03,16,,02,02,02,,01,01,00,MSP6009003Q,06.01,02-18-2015,06:34:00,N/A,Y,N,MSP,UNK,01,01,1,US,,12.85,N,BALTIMORE AVE,0,F,N,7,CO,,CHERRY LA,39.09145733,-76.85704033
01,16,,01,03,02,5,01,04,00,MSP6009003R,06.01,02-18-2015,07:43:00,N/A,N,N,MSP,UNK,01,01,95,IS,,25.19,N,CAPITAL BELTWAY,200,F,N,1,US,,BALTIMORE AVE,39.02251567,-76.93937133
01,16,,03,08,02,2,88,04,00,MSP6009003S,06.01,02-18-2015,09:44:00,N/A,N,N,MSP,UNK,01,00,1,US,,10.28,N,BALTIMORE AVE,20,F,N,21,CO,,MUIRKIRK RD,39.060494,-76.8871365
01,16,,03,03,02,1,01,04,00,MSP6009003T,06.01,02-18-2015,10:05:00,N/A,Y,N,MSP,UNK,01,00,1,US,,10.28,N,BALTIMORE AVE,15,F,N,21,CO,,MUIRKIRK RD,39.05992433,-76.88837017
01,16,,01,08,02,4,01,04,05,MSP6009003V,06.01,02-19-2015,08:50:00,N/A,N,N,MSP,UNK,01,09,95,IS,,19.59,N,CAPITAL BELTWAY,500,F,N,450,MD,,ANNAPOLIS RD,38.97350267,-76.87041967
03,16,,01,88,02,4,01,04,00,MSP6009003W,06.01,02-27-2015,19:09:00,N/A,N,N,MSP,UNK,01,00,95,IS,,19.59,N,CAPITAL BELTWAY,100,F,N,450,MD,,ANNAPOLIS RD,38.9535815,-76.8623525