LIGHT_CODE,COUNTY_NO,MUNI_CODE,JUNCTION_CODE,COLLISION_TYPE_CODE,SURF_COND_CODE,LANE_CODE,RD_COND_CODE,RD_DIV_CODE,FIX_OBJ_CODE,REPORT_NO,WEATHER_CODE,ACC_DATE,ACC_TIME,LOC_CODE,SIGNAL_FLAG,C_M_ZONE_FLAG,AGENCY_CODE,AREA_CODE,HARM_EVENT_CODE1,HARM_EVENT_CODE2,RTE_NO,ROUTE_TYPE_CODE,RTE_SUFFIX,LOG_MILE,LOGMILE_DIR_FLAG,MAINROAD_NAME,DISTANCE,FEET_MILES_FLAG,DISTANCE_DIR_FLAG,REFERENCE_NO,REFERENCE_TYPE_CODE,REFERENCE_SUFFIX,REFERENCE_ROAD_NAME,LATITUDE,LONGITUDE
01,16,,01,03,02,1,04,04,88,MSP6009003X,06.01,03-18-2015,16:26:00,N/A,N,N,MSP,UNK,09,01,595,IS,,0.29,E,JOHN HANSON HWY,100,F,E,95,IS,,CAPITAL BELTWAY,38.945179,-76.86136533
03,16,,01,07,01,4,01,04,11,MSP6009003Y,03,03-26-2015,22:16:00,N/A,N,N,MSP,UNK,01,09,95,IS,,18.54,N,CAPITAL BELTWAY,10,F,N,595,IS,,JOHN HANSON HWY,38.94637317,-76.85849817
00,03,,01,17,01,1,01,04,05,MSP6036005F,03,01-03-2015,22:26:00,,N,N,MSP,UNK,09,00,695,IS,,23.29,N,BALTO BELTWAY,0,M,N,542,MD,,LOCH RAVEN BLVD,39.4013724,-76.56670602
01,03,,03,17,02,2,01,00,12,MSP6036005G,06.01,01-17-2015,09:29:00,,N,N,MSP,UNK,09,00,83,IS,,4.66,N,HARRISBURG EXPWY,0,M,N,83,RP,,RAMP 5 FR IS 83 SB TO IS 695 EB,39.42143687,-76.63896763
01,03,,01,09,02,2,01,04,00,MSP6036005H,06.01,01-19-2015,13:46:00,,N,N,MSP,UNK,01,00,95,IS,,2.78,N,NO NAME,0,M,N,695,IS,,BALTO BELTWAY,39.34179722,-76.7445992
04,03,,01,88,01,1,01,04,00,MSP6036005J,07.01,01-25-2015,18:59:00,,N,N,MSP,UNK,23.15,13,83,IS,,18.64,N,HARRISBURG EXPWY,5,M,N,6122,CO,,BUNKER HILL RD,39.6130235,-76.66127867
04,03,,01,03,02,1,01,04,00,MSP6036005K,06.01,01-28-2015,17:49:00,,N,N,MSP,UNK,01,01,95,IS,,0.811,N,NO NAME,0,M,N,195,IS,,METROPOLITAN BLVD,39.2402945,-76.69668083
04,03,,01,03,02,1,01,04,00,MSP6036005L,06.01,01-28-2015,19:26:00,,N,N,MSP,UNK,01,00,95,IS,,2.78,N,NO NAME,100,F,N,695,IS,,BALTO BELTWAY,39.24809117,-76.682945
03,03,,01,03,01,3,01,04,00,MSP6036005M,03,02-02-2015,05:35:00,,N,N,MSP,UNK,01,00,695,IS,,19.48,N,BALTO BELTWAY,0,M,N,139,MD,,CHARLES ST,39.41641817,-76.62780333
04,03,,01,07,02,2,01,04,00,MSP6036005N,00,02-02-2015,22:33:00,,N,N,MSP,UNK,01,01,695,IS,,22.38,N,BALTO BELTWAY,1,M,N,3334,CO,,PROVIDENCE RD,39.41358567,-76.5870695
01,03,,01,17,04,3,00,04,05,MSP6036005P,06.01,02-15-2015,13:42:00,,N,N,MSP,UNK,09,00,695,IS,,4.56,N,BALTO BELTWAY,0,M,N,144,MD,,FREDERICK RD,39.27790417,-76.725995
01,03,,01,07,03,1,01,04,11,MSP6036005Q,08.04,02-21-2015,16:20:00,,N,N,MSP,UNK,01,16,83,IS,,14.27,N,HARRISBURG EXPWY,2,M,N,197,CO,,BELFAST RD,39.5486349,-76.6694408
07.88,03,,01,17,02,,01,04,05,MSP60510027,06.01,01-11-2015,02:52:00,,N,N,MSP,UNK,09,00,95,IS,,20.25,N,J F K MEMORIAL HWY,0,M,N,6880,CO,,CAMPBELL BLVD,39.3725,-76.4556
01,07,,05.01,03,02,1,01,02,00,MSP60510028,06.01,01-20-2015,08:04:00,,N,N,MSP,UNK,01,00,95,IS,,2.87,N,J F K MEMORIAL HWY,0,M,N,95,RP,,RAMP 4 FR MD 222 NB TO IS 95 EB,39.587,-76.076
01,12,,01,08,01,2,01,04,00,MSP60510029,03,01-24-2015,13:55:00,,N,N,MSP,UNK,01,00,95,IS,,13.29,N,J F K MEMORIAL HWY,0,M,N,,UU,,MILE MARKER 86.0,39.5429,-76.1699
07.88,03,,01,17,01,,01,04,05,MSP6051002B,03,02-02-2015,00:58:00,,N,N,MSP,UNK,09,09,95,IS,,18.89,N,J F K MEMORIAL HWY,0,M,N,,UU,,MILE MARKER 65.0,39.3644,-76.4714
07.88,07,,01,03,02,3,01,04,00,MSP6051002C,06.01,02-12-2015,05:56:00,,N,N,MSP,UNK,01,00,95,IS,,0.96,N,J F K MEMORIAL HWY,1,M,N,,UU,,MILE MARKER 92.0,39.587,-76.0741
03,12,,01,11,03,2,01,04,05,MSP6051002D,03,02-21-2015,21:50:00,,N,N,MSP,UNK,01,09,95,IS,,3.455,N,J F K MEMORIAL HWY,0,M,N,,UU,,MILE MARKER 76.0,39.454,-76.316
01,12,,01,03,02,,01,04,11,MSP6051002F,00,03-08-2015,12:46:00,,N,N,MSP,UNK,02,09,95,IS,,5.43,N,J F K MEMORIAL HWY,1,M,N,,UU,,MILE MARKER 78.0,39.4761,-76.2711
01,23,,01,17,04,1,01,01,00,MSP60660018,10.04,02-20-2015,09:11:00,06,N,N,MSP,UNK,11,00,610,MD,,4.7,E,WHALEYVILLE RD,25,F,E,243,CO,,MURRAY RD,38.43770952,-75.23462119
06.02,23,,01,17,02,2,01,01,05,MSP60660019,06.01,03-24-2015,18:48:00,03,N,N,MSP,UNK,09,00,113,US,,29.48,N,WORCESTER HWY,10,F,N,50,RP,,RAMP 1 FR US 113 NB TO US 50 WB,38.34364917,-75.21356767
01,17,,01,01,03,1,01,01,11,MSP6067000Z,08.04,01-21-2015,15:30:00,,N,N,MSP,UNK,01,09,18,MD,A,2.5,S,LOVE POINT RD,200,F,S,584,CO,A,LARCH PL,38.993761,-76.3118055
01,17,,01,11,01,,01,05.01,00,MSP60670013,03,03-10-2015,18:07:00,,N,N,MSP,UNK,01,00,404,MD,,0.98,E,QUEEN ANNES HWY,100,F,E,309,MD,,STARR RD,38.918649,-75.962392
01,17,,02,11,02,1,01,01,00,MSP60670014,06.01,03-11-2015,17:58:00,,Y,N,MSP,UNK,01,00,18,MD,A,1.55,S,LOVE POINT RD,0,F,S,214,CO,A,OLD LOVE POINT RD,38.98551367,-76.3099385
05.02,17,,00,03,01,,01,04,00,MSP60670015,03,03-27-2015,07:08:00,,N,N,MSP,UNK,01,00,50,US,,14.82,E,OCEAN GATEWAY,150,F,E,156,CO,,CARMICHAEL RD,38.96964917,-76.119582
01,22,,00,02,02,1,01,01,00,MSP60370017,06.01,01-23-2015,08:16:00,,N,N,MSP,UNK,01,00,346,MD,,2.55,E,OLD OCEAN CITY RD,200,F,E,452,CO,,BENITA AVE,38.37533183,-75.53522983
01,15,,01,17,01,1,01,04,05,MSP6028003K,03,01-03-2015,09:43:00,,N,N,MSP,UNK,16,09,495,IS,,8.24,E,CAPITAL BELTWAY,0,M,E,185,MD,,CONNECTICUT AVE,39.00643867,-77.07006933
01,15,,01,17,01,1,01,04,05,MSP6028003L,03,01-03-2015,11:10:00,,N,N,MSP,UNK,16,09,495,IS,,10.44,E,CAPITAL BELTWAY,0,M,E,97,MD,,GEORGIA AVE,39.0128495,-77.0629385
01,15,,01,17,01,,01,04,05,MSP6028003M,03,01-04-2015,08:50:00,,N,N,MSP,UNK,16,09,495,IS,,10.44,E,CAPITAL BELTWAY,1,M,E,97,MD,,GEORGIA AVE,39.013456,-77.0624395
01,12,,01,08,02,1,01,04,05,MSP60390015,06.01,01-02-2015,07:40:00,,N,N,MSP,UNK,01,09,95,IS,,1.7,N,J F K MEMORIAL HWY,0,M,N,,UU,,EXIT #74,39.44218983,-76.34717167
01,03,,01,17,02,3,01,04,06,MSP60390016,06.01,01-05-2015,08:59:00,,N,N,MSP,UNK,09,00,95,IS,,23.911,N,J F K MEMORIAL HWY,0,M,N,,UU,,MILE MARKER 70.0,39.417625,-76.4082825
04,12,,01,09,02,1,01,04,05,MSP60390017,06.01,01-26-2015,06:42:00,,N,N,MSP,UNK,01,09,95,IS,,2.497,N,J F K MEMORIAL HWY,0,M,N,,UU,,MILE MARKER 75.0,39.44554217,-76.33396133
03,12,,02,03,02,1,01,01,00,MSP6052003B,06.01,01-01-2015,18:13:00,00,N,N,MSP,UNK,01,00,165,MD,,14.94,N,PYLESVILLE RD,0,F,N,624,MD,,GRACETON RD,39.67985683,-76.388657
06.02,12,,02,03,02,1,01,01,05,MSP6052003G,06.01,01-08-2015,16:45:00,00,N,N,MSP,UNK,01,09,152,MD,,4.99,N,MOUNTAIN RD,0,F,N,1331,CO,,OLD MOUNTAIN RD CEN,39.462334,-76.3649675
01,12,,02,12,02,2,01,04,00,MSP6052003H,06.01,01-29-2015,16:36:00,00,Y,N,MSP,UNK,01,00,40,US,,6.59,E,PULASKI HWY,0,F,E,459,CO,,B&O RD,39.45630783,-76.26390567
06.02,12,,01,03,02,1,01,01,00,MSP6052003J,06.01,02-02-2015,17:51:00,00,N,N,MSP,UNK,01,01,152,MD,,4.52,N,MOUNTAIN RD,0,M,N,1331,CO,,OLD MOUNTAIN RD CEN,39.46127533,-76.36377617
03,12,,01,17,03,1,01,01,10,MSP6052003K,08.04,02-15-2015,06:39:00,,N,N,MSP,UNK,09,00,23,MD,,8.43,W,NORRISVILLE RD,50,F,W,34,CO,,SCHUSTER RD,39.602325,-76.482942
01,12,,03,03,04,1,01,01,09,MSP6052003L,10.04,02-15-2015,08:54:00,00,Y,N,MSP,UNK,09,01,755,MD,,0.95,N,EDGEWOOD RD,0,F,N,512,CO,,HANSON RD,39.42610583,-76.2991595
01,12,,02,17,06.03,1,01,01,10,MSP6052003M,06.01,02-19-2015,10:20:00,00,Y,N,MSP,UNK,09,00,165,MD,,5.93,N,BALDWIN MILL RD,0,F,N,2356,CO,,CENTENNIAL OAKS DR,39.59252267,-76.47449567
01,12,,01,88,02,1,01,01,00,MSP6052003N,06.01,02-19-2015,12:20:00,00,N,N,MSP,UNK,01,00,22,MD,,2.42,E,CHURCHVILLE RD,0,F,E,,UU,,ENT TO MT. CARMEL BAPTIST CHURCH,39.54848,-76.30632433
03,12,,02,02,02,1,01,01,00,MSP6052003P,06.01,02-26-2015,20:04:00,00,Y,N,MSP,UNK,01,00,22,MD,,3.59,E,CHURCHVILLE RD,0,F,E,197,CO,,THOMAS RUN RD,39.55526533,-76.286584
01,12,,01,01,02,1,01,01,00,MSP6052003Q,06.01,02-27-2015,16:04:00,00,N,N,MSP,UNK,01,09,543,MD,,7.85,N,FOUNTAIN GREEN RD,0,M,N,1892,CO,,SPARTA CT,39.55328367,-76.32262533
04,12,,01,17,02,1,01,01,00,MSP6052003R,06.01,02-27-2015,22:29:00,00,N,N,MSP,UNK,08,00,543,MD,,15.92,N,ADY RD,1,M,N,646,MD,,PROSPECT RD,39.65948767,-76.34145967
04,12,,01,01,02,1,01,01,05,MSP6052003S,06.01,03-16-2015,05:50:00,00,N,N,MSP,UNK,09,01,161,MD,,1.93,N,DARLINGTON RD,0,M,N,1852,CO,,WILKINSON RD,39.60465083,-76.19482667
01,12,,02,11,02,1,01,01,00,MSP6052003T,00,03-22-2015,18:22:00,00,Y,N,MSP,UNK,01,00,23,MD,,4,W,EAST WEST HWY,0,F,W,60,CO,,HIGH POINT RD,39.57448833,-76.423284
01,12,,09.04,11,02,1,01,01,00,MSP6052003V,00,03-24-2015,15:56:00,00,N,N,MSP,UNK,01,00,22,MD,,2,E,CHURCHVILLE RD,0,F,E,,UU,,ENT TO BUSINESS,39.546589,-76.31498233
03,12,,03,01,02,,01,01,00,MSP6052003W,06.01,03-24-2015,19:26:00,00,N,N,MSP,UNK,01,01,332,CO,,3.88,N,CARSINS RUN RD,30,F,N,22,MD,,CHURCHVILLE RD,39.537008,-76.212537
03,12,,11.04,17,02,,01,01,08,MSP6052003X,06.01,03-29-2015,04:08:00,00,N,N,MSP,UNK,09,09,543,MD,,9.91,N,FOUNTAIN GREEN RD,0,F,N,,UU,,ENT TO HARFORD CO DPW,39.5749,-76.3385
04,09,,01,17,02,1,01,01,05,MSP6053000X,06.01,01-02-2015,23:19:00,,N,N,MSP,UNK,08,09,335,MD,,14.82,N,GOLDEN HILL RD,0,F,N,,UU,,STRUC #9018 BIRCH DAM CREEK,38.4845682,-76.14224911
01,09,,01,88,02,,01,88,00,MSP6053000Y,06.01,01-13-2015,08:39:00,,N,N,MSP,UNK,02,00,442,CO,,0,E,RICHARD WAY,0,F,E,,UU,,CUL DE SAC,38.58794386,-75.88014364
88,09,,01,17,04,1,01,04,05,MSP6053000Z,08.04,01-14-2015,07:11:00,,N,N,MSP,UNK,09,00,50,US,,11.61,E,OCEAN GATEWAY,50,F,E,237,CO,,MAIDEN FOREST RD,38.51587016,-75.89475632
01,09,,01,17,01,1,00,01,06,MSP60530010,03,01-14-2015,11:32:00,,N,N,MSP,UNK,09,00,392,MD,,8.07,E,HARRISON FERRY RD,20,F,E,291,CO,,NORTH TARA RD,38.63175683,-75.8088398
03,09,,03,17,02,2,01,04,09,MSP60530011,06.01,01-29-2015,05:13:00,,N,N,MSP,UNK,09,09,50,US,,3.63,E,OCEAN GATEWAY,0,F,E,,UU,,SPUR FR AIREYS RD,38.55118607,-76.01856709
03,09,,01,17,03,1,01,01,06,MSP60530012,08.04,02-16-2015,19:56:00,,N,N,MSP,UNK,09,10,16,MD,,19.57,N,MT HOLLY RD,20,F,N,,UU,,SPUR FR US 50,38.55317459,-76.00255966
04,09,,03,03,01,,01,04,00,MSP60530013,03,02-21-2015,22:32:00,,N,N,MSP,UNK,01,00,50,US,,7.09,E,OCEAN GATEWAY,0,F,E,183,CO,,BEAVER NECK VILLAGE RD,38.55231039,-75.96402168
04,09,,01,17,02,2,01,04,88,MSP60530014,06.01,03-19-2015,00:09:00,,N,N,MSP,UNK,09,00,50,US,,3.27,E,OCEAN GATEWAY,0,F,E,,UU,,ENT TO BUSINESS,38.55126997,-76.03195667
04,16,,01,17,01,3,01,04,00,MSP6068003K,06.01,01-05-2015,05:59:00,,N,N,MSP,UNK,08,00,5,MD,,6.55,N,BRANCH AVE,800,F,N,130,CO,,SURRATTS RD,38.75786017,-76.87913983
04,16,,01,02,03,,01,04,00,MSP6068003L,08.04,01-06-2015,06:20:00,,N,N,MSP,UNK,01,03,95,IS,,2.751,N,CAPITAL BELTWAY,800,F,N,210,MD,,INDIAN HEAD HWY,38.80491017,-76.995868
01,16,,01,17,01,,01,03,06,MSP6068003M,12.04,01-14-2015,07:38:00,,N,N,MSP,UNK,16,09,4,MD,,6.31,N,PENNSYLVANIA AVE,800,F,N,223,MD,,WOODYARD RD,38.811057,-76.81714533
04,16,,03,03,02,1,01,04,00,MSP6068003N,06.01,01-22-2015,19:26:00,,Y,N,MSP,UNK,01,01,95,IS,,4.28,N,CAPITAL BELTWAY,0,F,N,95,RP,,RAMP 7 FR IS 95 WB TO MD 414 SB,38.8113875,-76.96678017
01,16,,01,17,02,,01,03,05,MSP6068003P,06.01,02-07-2015,08:05:00,,N,N,MSP,UNK,16,10,4,MD,,3.6,N,PENNSYLVANIA AVE,800,F,N,980,MD,D,RITCHIE MARLBORO RD,38.812964,-76.80036567
04,16,,01,07,04,1,01,04,00,MSP6068003Q,09.04,02-10-2015,07:32:00,,N,N,MSP,UNK,01,00,95,IS,,7.44,N,CAPITAL BELTWAY,10,F,N,95,RP,,RAMP 3 FR IS 95 NB TO MD 5 NB,38.81549833,-76.9151685
01,16,,01,17,04,1,01,04,05,MSP6068003R,09.04,02-10-2015,12:53:00,,N,N,MSP,UNK,16,09,5,MD,,9.33,N,BRANCH AVE,400,F,N,5,RP,,RAMP 9 FR OLD ALEX FERRY RD TO MD 5 NB,38.78751633,-76.896864
04,16,,01,17,03,,01,04,06,MSP6068003S,08.04,02-26-2015,05:35:00,,N,N,MSP,UNK,16,09,95,IS,,10.78,N,CAPITAL BELTWAY,800,F,N,4,MD,,PENNSYLVANIA AVE,38.843715,-76.864293
01,16,,01,11,03,3,01,04,05,MSP6068003T,08.04,03-05-2015,09:11:00,,N,N,MSP,UNK,01,09,95,IS,,13.14,N,CAPITAL BELTWAY,500,F,N,221,MD,A,RITCHIE MARLBORO RD,38.86416633,-76.84703433
01,16,,01,17,02,,01,04,05,MSP6068003V,06.01,03-29-2015,08:18:00,,N,N,MSP,UNK,16,09,202,MD,,9.55,N,LANDOVER RD,10,F,N,95,IS,,CAPITAL BELTWAY,38.91707333,-76.84840017
04,14,,01,17,01,2,00,04,00,MSP6069000X,06.01,01-05-2015,05:55:00,,N,N,MSP,UNK,08,00,301,US,,3.48,N,BLUE STAR MEMORIAL HWY,0,F,N,,UU,,MILE MARKER 115.0,39.29141078,-75.85424495
01,17,,02,17,02,,01,04,23.03,MSP6069000Y,06.01,01-07-2015,12:16:00,,N,N,MSP,UNK,09,09,301,US,,39.17,N,BLUE STAR MEMORIAL HWY,0,F,N,100,OP,,POWERS LA,39.25698063,-75.86510181
01,07,,02,03,01,1,01,02,00,MSP6069000Z,03,01-12-2015,13:16:00,,Y,N,MSP,UNK,01,00,316,MD,,0.01,N,APPLETON RD,0,F,N,,UU,,SPUR TO MD 279,39.621805,-75.82774
01,14,,01,17,03,,01,01,08,MSP60690010,08.04,01-06-2015,10:14:00,,N,N,MSP,UNK,16,09,20,MD,,13.55,E,CHESTERTOWN RD,0,M,E,514,MD,,FLATLAND RD,39.2171,-76.0872
01,15,,01,17,01,,01,04,05,MSP6028003N,03,01-04-2015,09:09:00,,N,N,MSP,UNK,16,09,495,IS,,10.44,E,CAPITAL BELTWAY,1,M,E,97,MD,,GEORGIA AVE,39.013077,-77.06299633
01,15,,01,03,01,,01,04,00,MSP6028003P,03,01-04-2015,09:43:00,,N,N,MSP,UNK,16,01,495,IS,,10.44,E,CAPITAL BELTWAY,1,M,E,97,MD,,GEORGIA AVE,39.0130905,-77.06302983
01,15,,01,03,01,1,01,04,05,MSP6028003Q,03,01-04-2015,10:04:00,,N,N,MSP,UNK,01,09,495,IS,,10.44,E,CAPITAL BELTWAY,1,M,E,97,MD,,GEORGIA AVE,39.01308533,-77.063052
01,16,,01,08,02,4,01,04,00,MSP6041002V,06.01,01-10-2015,11:23:00,,N,N,MSP,UNK,01,00,95,IS,,22.12,N,CAPITAL BELTWAY,250,F,N,295,MD,,BALTIMORE WASHINGTON PKWY,38.98967017,-76.8839715
01,16,,05.01,03,02,,01,02,00,MSP6041002W,06.01,01-16-2015,14:56:00,,Y,N,MSP,UNK,01,00,95,RP,,0.2,W,RAMP 7 FR MD 450 WB TO IS 95 SB,0,F,W,95,IS,,CAPITAL BELTWAY,38.95924767,-76.86749783
06.02,16,,01,03,02,3,01,04,00,MSP6041002X,06.01,01-16-2015,17:11:00,,N,N,MSP,UNK,01,00,95,IS,,32.7,N,NO NAME,300,F,N,198,MD,,SANDY SPRING RD,39.10545817,-76.88557817
03,16,,05.01,03,02,1,01,02,00,MSP6041002Y,06.01,01-16-2015,18:27:00,,N,N,MSP,UNK,01,00,95,IS,,18.49,N,CAPITAL BELTWAY,0,F,N,95,RP,,RAMP 5 FR IS 95 SB TO IS 595 EB,38.945189,-76.8564985
03,16,,01,07,02,1,01,04,00,MSP6041002Z,06.01,01-16-2015,20:30:00,,N,N,MSP,UNK,01,00,95,IS,,25.19,N,CAPITAL BELTWAY,150,F,N,1,US,,BALTIMORE AVE,39.014335,-76.90759033
04,16,,01,17,02,,01,04,11,MSP60410030,06.01,01-20-2015,22:44:00,,N,N,MSP,UNK,09,00,50,US,,2.8,E,JOHN HANSON HWY,1,M,E,202,MD,,LANDOVER RD,38.9366265,-76.88848833
03,16,,01,17,01,,01,04,11,MSP60410031,03,01-23-2015,23:23:00,,N,N,MSP,UNK,09,00,95,IS,,29.4,N,NO NAME,100,F,N,2,CO,,OLD GUNPOWDER RD,39.06173717,-76.91998967
03,16,,01,17,01,,01,04,05,MSP60410032,03,01-24-2015,01:45:00,,N,N,MSP,UNK,09,00,495,IS,,1.75,E,CAPITAL BELTWAY,300,F,E,95,IS,,NO NAME (AHEAD),39.018485,-76.96758517
03,16,,01,03,02,2,01,04,00,MSP60410033,06.01,02-03-2015,05:51:00,,N,N,MSP,UNK,01,00,495,IS,,1.75,E,CAPITAL BELTWAY,125,F,E,95,IS,,NO NAME (AHEAD),39.02252317,-76.94047883
03,16,,01,03,02,5,01,04,00,MSP60410034,06.01,02-04-2015,06:56:00,,N,N,MSP,UNK,01,00,95,IS,,22.12,N,CAPITAL BELTWAY,0,M,N,295,MD,,BALTIMORE WASHINGTON PKWY,38.99884117,-76.89214317
01,16,,01,03,02,1,01,04,00,MSP60410035,07.01,02-06-2015,12:59:00,,N,N,MSP,UNK,01,00,50,US,,1.45,E,JOHN HANSON HWY,0,M,E,459,MD,,COLUMBIA PARK RD,38.91684567,-76.91994217
01,16,,01,17,02,1,01,04,00,MSP60410036,06.01,02-10-2015,17:32:00,,N,N,MSP,UNK,22.15,00,3,MD,,0,N,CRAIN HWY,150,F,N,595,IS,,JOHN HANSON HWY,38.9571725,-76.71742
04,16,,05.01,03,02,3,01,04,00,MSP60410037,06.01,02-10-2015,20:48:00,,N,N,MSP,UNK,01,00,50,US,,0.5,E,JOHN HANSON HWY,0,F,E,201,MD,,KENILWORTH AVE,38.919459,-76.93440317
01,16,,01,03,02,4,01,04,00,MSP60410038,06.01,02-13-2015,15:13:00,,N,N,MSP,UNK,01,00,95,IS,,20.97,N,CAPITAL BELTWAY,0,M,N,42,CO,,GOOD LUCK RD,38.97302783,-76.87019217
03,16,,05.01,17,02,,01,04,05,MSP60410039,06.01,02-18-2015,02:28:00,,N,N,MSP,UNK,09,00,595,IS,,0.29,E,JOHN HANSON HWY,100,F,E,95,IS,,CAPITAL BELTWAY,38.94606767,-76.85343283
04,16,,01,17,02,,01,04,11,MSP6041003B,06.01,02-21-2015,04:25:00,,N,N,MSP,UNK,16,09,495,IS,,1.17,E,CAPITAL BELTWAY,0,M,E,95,IS,X,NO NAME,39.01872333,-76.96279367
03,16,,01,17,06.03,,01,04,14.05,MSP6041003C,12.04,02-21-2015,23:31:00,,N,N,MSP,UNK,09,00,495,IS,,1.04,E,CAPITAL BELTWAY,0,M,E,95,IS,X,NO NAME,39.020392,-76.95110533
06.02,16,,01,17,06.03,,01,04,14.05,MSP6041003D,07.01,02-22-2015,06:50:00,,N,N,MSP,UNK,09,00,495,IS,,1.17,E,CAPITAL BELTWAY,125,F,E,95,IS,,NO NAME,39.02266617,-76.94135767
01,16,,01,03,02,4,01,04,00,MSP6041003F,06.01,02-27-2015,09:43:00,,N,N,MSP,UNK,01,00,95,IS,,22.12,N,CAPITAL BELTWAY,150,F,N,295,MD,,BALTIMORE WASHINGTON PKWY,38.99731617,-76.8910305
01,16,,01,09,06.03,1,01,04,00,MSP6041003G,09.04,03-01-2015,11:25:00,,N,N,MSP,UNK,01,01,595,IS,,8.08,E,JOHN HANSON HWY,150,F,E,3,MD,,CRAIN HWY,38.95557817,-76.70671067
01,16,,01,03,02,1,01,04,00,MSP6041003H,06.01,03-03-2015,08:53:00,,N,N,MSP,UNK,01,00,95,IS,,28.54,N,NO NAME,250,F,N,212,MD,,POWDER MILL RD,39.04106017,-76.936346
00,16,,01,03,02,1,01,04,00,MSP6041003J,06.01,03-07-2015,14:39:00,,N,N,MSP,UNK,01,01,1,US,,6.27,N,BALTIMORE AVE,25,F,N,95,RP,,RAMP 6 FR RAMP 10 (FR IS 495) TO US 1 SB,39.01717683,-76.92684367
03,16,,05.01,17,01,,01,02,05,MSP6041003K,00,03-07-2015,10:46:00,,N,N,MSP,UNK,09,00,95,RP,,0,N,RAMP 2 FR IS 95 WB TO MD 201 NB,0,F,N,95,IS,,CAPITAL BELTWAY,39.000303,-76.892501
03,16,,01,07,02,1,01,04,05,MSP6041003L,06.01,03-16-2015,03:06:00,,N,N,MSP,UNK,09,01,95,IS,,25.19,N,CAPITAL BELTWAY,150,F,N,1,US,,BALTIMORE AVE,39.01853767,-76.9198295
06.02,16,,01,03,02,1,01,04,00,MSP6041003M,06.01,03-24-2015,06:45:00,,N,N,MSP,UNK,01,00,495,IS,,1.04,E,CAPITAL BELTWAY,0,M,E,95,IS,X,NO NAME,39.01879517,-76.929267
01,16,,01,03,02,1,01,04,00,MSP6041003N,06.01,03-25-2015,07:25:00,,N,N,MSP,UNK,01,00,95,IS,,28.54,N,NO NAME,75,F,N,212,MD,,POWDER MILL RD,39.0520545,-76.9301855
01,16,,01,03,01,1,01,04,00,MSP6041003P,03,03-27-2015,09:27:00,,N,N,MSP,UNK,01,01,95,IS,,18.54,N,CAPITAL BELTWAY,75,F,N,595,IS,,JOHN HANSON HWY,38.94846833,-76.85992483
01,16,,01,17,02,,01,04,05,MSP6041003Q,06.01,03-28-2015,08:55:00,,N,N,MSP,UNK,09,00,95,IS,,25.19,N,CAPITAL BELTWAY,1,M,N,1,US,,BALTIMORE AVE,39.0147095,-76.90810133
01,17,,02,11,02,2,01,04,00,MSP60690011,06.01,01-13-2015,15:56:00,,Y,N,MSP,UNK,01,01,301,US,,26.59,N,BLUE STAR MEMORIAL HWY,0,F,N,405,MD,,PRICE STATION RD,39.0977448,-75.9591186
03,14,,01,17,01,,01,01,08,MSP60690012,03,01-12-2015,21:35:00,,N,N,MSP,UNK,16,09,20,MD,,11.6,E,CHESTERTOWN RD,500,F,E,446,MD,,BROAD NECK RD,39.21440006,-76.11147881
05.02,17,,01,07,01,3,01,04,00,MSP60690013,03,02-02-2015,06:48:00,,N,N,MSP,UNK,01,00,50,US,,10.63,E,BLUE STAR MEMORIAL HWY,0,M,E,835,MD,,NESBIT RD,38.97349737,-76.1757023
04,17,,01,01,02,1,01,02,00,MSP60690014,00,02-07-2015,18:39:00,,N,N,MSP,UNK,01,00,18,MD,R,0,E,MAIN ST,0,M,E,18,MD,R,MAIN ST,38.979528,-76.313774
05.02,17,,01,17,02,,01,04,14.05,MSP60690015,06.01,03-22-2015,19:40:00,,N,N,MSP,UNK,09,16,301,US,,17.58,N,BLUE STAR MEMORIAL HWY,600,F,N,213,MD,,CENTREVILLE RD,39.0144445,-76.07996517
04,10,,01,17,01,,01,04,00,MSP6029003M,03,01-03-2015,05:57:00,N/A,N,N,MSP,UNK,11,00,340,US,,5.5,E,JEFFERSON NATIONAL PIKE,0,M,E,180,MD,,JEFFERSON PIKE,39.356536,-77.56819567
01,10,,01,17,04,,01,04,05,MSP6029003N,03,01-12-2015,08:39:00,N/A,N,N,MSP,UNK,09,00,70,IS,,7.77,E,EISENHOWER MEMORIAL HWY,0,M,E,139,CO,,HOLLOW RD,39.455122,-77.50552683
01,10,,01,03,02,2,01,04,00,MSP6029003P,06.01,01-20-2015,15:52:00,N/A,N,N,MSP,UNK,01,00,15,US,,12.63,N,FREDERICK FREEWAY,0,M,N,1625,MU,,W PATRICK ST,39.418902,-77.43340217
03,10,,01,17,03,,01,04,05,MSP6029003Q,08.04,01-23-2015,23:26:00,N/A,N,N,MSP,UNK,09,00,70,IS,,13.96,E,EISENHOWER MEMORIAL HWY,0,M,E,180,MD,,BALLENGER CREEK PIKE,39.39906483,-77.43744267
04,10,,01,17,03,,01,04,06,MSP6029003R,08.04,01-27-2015,00:09:00,N/A,N,N,MSP,UNK,09,11,270,IS,,6.48,N,EISENHOWER MEMORIAL HWY,100,F,N,359,CO,,BAKER VALLEY RD,39.35275467,-77.39330317
01,10,,02,15,02,,01,01,00,MSP6029003S,06.01,02-11-2015,15:09:00,N/A,Y,N,MSP,UNK,01,00,281,CO,,5.36,W,LANDER RD,0,F,W,180,MD,,JEFFERSON PIKE,39.36158467,-77.53186833