LIGHT_CODE,COUNTY_NO,MUNI_CODE,JUNCTION_CODE,COLLISION_TYPE_CODE,SURF_COND_CODE,LANE_CODE,RD_COND_CODE,RD_DIV_CODE,FIX_OBJ_CODE,REPORT_NO,WEATHER_CODE,ACC_DATE,ACC_TIME,LOC_CODE,SIGNAL_FLAG,C_M_ZONE_FLAG,AGENCY_CODE,AREA_CODE,HARM_EVENT_CODE1,HARM_EVENT_CODE2,RTE_NO,ROUTE_TYPE_CODE,RTE_SUFFIX,LOG_MILE,LOGMILE_DIR_FLAG,MAINROAD_NAME,DISTANCE,FEET_MILES_FLAG,DISTANCE_DIR_FLAG,REFERENCE_NO,REFERENCE_TYPE_CODE,REFERENCE_SUFFIX,REFERENCE_ROAD_NAME,LATITUDE,LONGITUDE
07.88,20,,01,17,02,1,01,01,00,ZT01190007,06.01,03-21-2015,06:00:00,N/A,N,N,TALBOT,UNK,08,00,36,CO,,0.32,W,GOLDSBOROUGH NECK RD,0,M,W,38,CO,,VILLA RD,38.79911577,-76.08317614
01,20,,01,17,02,1,01,01,18.88,ZT01190008,06.01,03-22-2015,09:30:00,N/A,N,N,TALBOT,UNK,16,09,33,MD,,9.56,E,ST MICHAELS RD,0,M,E,79,CO,,OLD CLAIBORNE RD,38.81996628,-76.26685381
01,20,,01,17,01,2,01,01,23.03,ZT01190009,07.01,03-28-2015,16:29:00,N/A,N,N,TALBOT,UNK,16,09,176,CO,,0,S,SEWELL POINT RD,0,M,S,85,CO,,POT PIE RD,38.78729164,-76.28665924
01,20,,01,17,02,,01,01,11,ZT01220004,06.01,03-16-2015,13:04:00,,N,N,TALBOT,UNK,16,09,14,CO,,3.32,N,CHAPEL RD,0,M,N,25,CO,,GANNON RD,38.8173415,-76.02150679
06.02,20,,01,17,03,1,01,01,23.03,ZT01230004,08.04,02-16-2015,17:27:00,,N,N,TALBOT,UNK,11,00,116,CO,,2.16,N,WINDY HILL RD,1,M,N,109,CO,,BRUCEVILLE RD,38.6726449,-75.9828186
01,20,,01,17,02,1,01,01,00,ZT01230005,06.01,03-30-2015,14:06:00,,N,N,TALBOT,UNK,00,00,400,CO,,0,S,BLADES RD,1,M,S,1,CO,,BLADES RD E (BACK),38.87074609,-76.01712942
01,20,,01,17,06.03,1,01,01,23.03,ZT01250001,12.04,01-14-2015,11:44:00,,N,N,TALBOT,UNK,16,00,105,CO,,0,S,SPRING RD,300,F,S,333,MD,,OXFORD RD,38.70265093,-76.09506369
01,20,,01,17,03,,01,01,88,ZT01270001,08.04,01-06-2015,08:58:00,,N,N,TALBOT,UNK,00,00,106,CO,,1.09,S,WHITE MARSH RD,0,M,S,110,CO,,SANDERSTOWN RD,38.68144786,-76.0775435
03,20,,01,17,03,,04,04,88,ZT01270002,08.04,02-14-2015,23:06:00,N/A,N,N,TALBOT,UNK,09,00,50,US,,8.52,E,OCEAN GATEWAY,0,F,E,662,MD,,NO NAME,38.81554421,-76.05996966
01,20,,01,17,03,1,04,01,23.03,ZT01270003,08.04,03-05-2015,14:45:00,,N,N,TALBOT,UNK,16,09,328,MD,,4.19,E,MATTHEWSTOWN RD,1,M,E,17,CO,,THREE BRIDGE BRANCH RD,38.80251046,-75.9961009
01,21,,01,17,03,1,05,01,10,ZU37900001,06.01,01-08-2015,09:54:00,,N,N,WASHINGTON,UNK,09,00,855,CO,,0.57,N,BYERS RD,100,F,N,175,CO,,REIDTOWN RD,39.71945833,-77.71591
04,21,,00,17,04,1,88,01,05,ZU37990004,12.04,03-01-2015,18:30:00,,N,N,WASHINGTON,UNK,09,09,65,CO,,2.22,S,BLAIRS VALLEY RD,200,F,S,,UU,,STRUC OV STREAM,39.69095758,-77.93842793
01,21,,03,03,02,1,88,03,00,ZU37990005,06.01,03-26-2015,12:12:00,,N,Y,WASHINGTON,UNK,01,00,783,CO,,1.59,S,ROBINWOOD DR,200,F,S,1143,CO,,ROBINS GLENN DR,39.62386,-77.67315833
04,21,,01,17,02,1,00,01,11,ZU39510005,00,01-12-2015,22:07:00,,N,N,WASHINGTON,UNK,15,09,70,CO,,2.15,S,COVE RD,1,M,S,75,CO,,BOYD RD,39.63490243,-77.97269583
04,21,,01,17,02,1,01,01,09,ZU40490003,07.01,02-12-2015,06:06:00,,N,N,WASHINGTON,UNK,08,09,545,CO,,1.02,S,WHEELER RD,1,M,S,796,CO,,GIRL SCOUT RD,39.50958685,-77.69456148
01,24,,02,02,02,1,01,01,00,ADJ5200004,00,03-16-2015,17:30:00,CAD51846,Y,N,BALTIMORE,UNK,01,00,1,US,,9.53,N,BELAIR RD,0,F,N,55,MU,,MORAVIA RD,39.33103611,-76.56145692
01,24,,02,11,02,1,01,03,04,ADJ5480001,06.01,02-13-2015,14:08:00,1688,Y,N,BALTIMORE,UNK,00,00,1680,MU,,0.905,W,E FAYETTE ST,0,F,W,,UU,,N COLLINGTON AVE,39.29423819,-76.58637464
01,24,,01,07,01,1,01,02,00,ADJ553000D,06.01,03-04-2015,07:00:00,234,N,N,BALTIMORE,UNK,01,01,,,,,,SPELMAN RD,15,F,N,,,,BRIDGEVIEW RD,39.24533255,-76.6278255
01,24,,02,11,02,,01,01,00,ADJ563000N,06.01,02-20-2015,12:45:00,CAD#1107,Y,N,BALTIMORE,UNK,01,03,,MU,,0.53,N,GREENMOUNT AVE,0,F,N,,MU,,E PRESTON ST,39.30481553,-76.60817564
06.02,24,,01,03,00,1,01,03,00,ADJ5640002,06.01,01-17-2015,20:10:00,,N,N,BALTIMORE,UNK,02,00,1040,MU,,1.646,E,E BELVEDERE AVE,20,F,E,,UU,,NASCO PL,39.0789081,-77.09106445
06.02,24,,01,03,04,2,00,00,00,ADJ5640003,09.04,01-19-2015,00:10:00,2846,N,N,BALTIMORE,UNK,02,00,697,MU,,0,E,WALTHER AVE,20,F,E,147,MD,,HARFORD RD,39.35765334,-76.53727412
03,24,,01,17,02,1,01,03,08,ADJ5640004,06.01,02-02-2015,22:17:00,3003,N,N,BALTIMORE,UNK,09,00,2455,MU,,0,S,FRANKFORD AVE,20,F,S,961,MU,,HAMILTON AVE,39.31512565,-76.54004216
01,24,,01,01,00,1,01,04,00,ADJ5640005,06.01,02-12-2015,15:22:00,1897,N,N,BALTIMORE,UNK,00,00,697,MU,,1.662,E,WALTHER AVE,50,F,E,,UU,,BAYONNE AVE,39.34816257,-76.55000925
01,24,,01,11,02,1,01,03,00,ADJ5640006,06.01,02-14-2015,11:54:00,1151,N,N,BALTIMORE,UNK,01,00,2450,MU,,0.12,N,FRANKFORD AVE,100,F,N,2455,MU,,FRANKFORD AVE,39.33727647,-76.55094266
01,24,,01,08,03,1,01,04,00,ADJ5640007,10.04,02-15-2015,09:45:00,667,N,N,BALTIMORE,UNK,01,01,151,MD,,2.12,N,ERDMAN AVE,100,F,N,1180,MU,,FEDERAL ST,39.30900783,-76.56225085
01,24,,02,02,06.03,,01,03,00,ADJ5640008,08.04,02-15-2015,13:00:00,1054,N,N,BALTIMORE,UNK,01,01,151,MD,,2.55,N,ERDMAN AVE,0,F,N,1070,MU,,SINCLAIR LA,39.31357342,-76.56769037
01,24,,01,02,03,1,01,03,00,ADJ5640009,10.04,02-15-2015,12:50:00,1059,N,N,BALTIMORE,UNK,01,01,1020,MU,,0,S,MORAVIA PARK DR,500,F,S,2935,MU,,BOWLEYS LA,39.31542447,-76.5466404
01,24,,01,08,03,1,00,04,00,ADJ564000B,08.04,02-21-2015,13:18:00,1384,N,N,BALTIMORE,UNK,01,01,1070,MU,,2.54,E,SINCLAIR LA,100,F,E,55,MU,,MORAVIA RD,39.32189862,-76.54716611
01,24,,01,02,03,1,01,01,00,ADJ564000C,08.04,02-21-2015,13:37:00,7909,N,N,BALTIMORE,UNK,01,01,1445,MU,,0,N,N BROADWAY,100,F,N,1665,MU,,E BALTIMORE ST,39.32572472,-76.53218865
01,24,,02,03,00,2,01,04,00,ADJ564000D,00,02-27-2015,15:22:00,1848,Y,N,BALTIMORE,UNK,01,01,41,MD,,2.47,N,PERRING PKWY,0,F,N,1040,MU,,E BELVEDERE AVE,39.35508167,-76.5752542
03,24,,02,02,02,1,01,03,04,ADJ564000F,06.01,03-12-2015,19:29:00,2740,Y,N,BALTIMORE,UNK,01,01,147,MD,,3.883,N,HARFORD RD,0,F,N,1010,MU,,GLENMORE AVE,39.35495723,-76.55920386
06.02,24,,01,03,02,2,01,03,00,ADJ564000G,00,03-26-2015,19:21:00,2619,N,N,BALTIMORE,UNK,01,01,1,US,,10.25,N,BELAIR RD,100,F,N,2455,MU,,FRANKFORD AVE,39.33914349,-76.55005217
01,03,,01,03,02,1,01,04,00,AE43400004,06.01,03-31-2015,08:48:00,"11,1142",N,N,BACOPD,UNK,01,00,,MD,,0,E,SOUTHEAST BLVD,500,F,E,,MD,,BALTO BELTWAY,39.3226373,-76.47065878
03,03,,02,11,04,1,01,01,00,AE47350002,06.01,01-24-2015,20:44:00,"PC2, 211",Y,N,BACOPD,UNK,01,00,2356,CO,,0,E,DOGWOOD RD,0,F,E,125,MD,,OLD COURT RD,39.34369881,-76.82574034
04,03,,01,17,02,3,01,88,05,AE49730006,06.01,03-12-2015,03:15:00,PC11,N,N,BACOPD,UNK,09,16,,MD,,0.78,E,SOUTHEAST BLVD,200,F,E,,CO,,MACE AVE,39.32267879,-76.4730835
01,03,,08.04,17,02,1,01,01,00,AE51450006,00,03-16-2015,17:30:00,,N,N,BACOPD,UNK,04,00,4984,CO,,0.47,N,FRANKLIN AVE,200,F,N,,UU,,ROAD END,39.31251921,-76.47089481
04,03,,01,17,01,1,01,00,88,AE54580007,03,03-21-2015,01:07:00,,N,N,BACOPD,UNK,88,10,3919,CO,,0.26,S,CHAPMAN RD,50,F,S,3905,CO,,CEDAR LA,39.45083323,-76.40720844
04,13,,00,17,02,1,01,01,10,CB5168000D,06.01,02-28-2015,03:29:00,E3,N,N,HOCPD,UNK,09,00,983,MD,,0.374,N,OLD SCAGGSVILLE RD,40,F,N,94,CO,,GRANT AVE,39.11677624,-76.85990095
03,13,,02,17,02,,01,01,11,CB52580002,06.01,01-01-2015,02:04:00,B1,Y,N,HOCPD,UNK,09,09,108,MD,,10.71,E,OLD ANNAPOLIS RD,0,F,E,2053,CO,,BENDIX RD,39.23493736,-76.83068901
01,24,999,02,02,02,2,01,01,00,ADG2440001,06.01,01-27-2015,11:40:00,CAD# UNK,N,N,BALTIMORE,UNK,01,01,1,US,,2.314,N,WILKENS AVE,0,F,N,0,UU,,S PAYSON ST,39.28159145,-76.64821029
03,16,,02,05,03,1,05,04,00,DA27170009,08.04,02-16-2015,21:14:00,,N,N,PGCOPD,UNK,01,01,4,MD,,10.78,N,PENNSYLVANIA AVE,0,F,N,85,CO,,WALTERS LA,38.84533147,-76.89174414
01,16,,01,07,02,1,01,04,00,DA28310005,06.01,03-13-2015,10:30:00,RA813,N,N,PGCOPD,UNK,01,00,295,MD,,6.65,N,BALTIMORE WASHINGTON PKWY,0,M,N,295,RP,,RAMP 3 FR MD 193 EB TO MD 295 NB,39.00213531,-76.86490059
01,16,,02,88,02,,01,04,00,DA29910003,06.01,01-08-2015,17:00:00,,Y,N,PGCOPD,UNK,03,00,704,MD,,1.51,E,MARTIN LUTHER KING JR HWY,0,F,E,75,CO,,SHERIFF RD,38.90949382,-76.89218402
06.02,16,,03,11,02,2,01,04,00,DA30580003,06.01,02-09-2015,06:25:00,,Y,N,PGCOPD,UNK,01,01,193,MD,,6.88,E,GREENBELT RD,0,F,E,295,MD,,BALTIMORE WASHINGTON PKWY,38.9951397,-76.88204527
01,16,,00,17,00,,00,00,16.05,DA31550006,07.01,03-24-2015,11:06:00,,N,N,PGCOPD,UNK,09,00,,CO,,0,W,DILLE DR,0,F,W,,CO,,BROWN STATION RD,38.82332654,-76.7727828
03,16,,00,88,04,,00,00,00,DA31670005,06.01,02-26-2015,18:50:00,,N,N,PGCOPD,UNK,02,02,21,CO,,0,S,MUIRKIRK RD,250,F,S,197,MD,,LAUREL BOWIE RD,39.06408378,-76.84088141
01,10,,00,03,03,,01,04,00,MSP4797001K,08.04,03-20-2015,07:21:00,,N,N,MSP,UNK,02,00,15,US,,35.02,N,CATOCTIN MOUNTAIN HWY,0,M,N,15,US,BU,S SETON AVE,39.69052827,-77.32448101
01,07,,01,17,02,1,01,01,10,MSP48380015,06.01,02-21-2015,08:32:00,,N,N,MSP,UNK,16,88,2,CO,,0.65,E,W RED HILL RD,0,F,E,,UU,,ROAD END,39.61599515,-75.80402255
01,03,,01,09,02,1,01,04,00,MSP5047000T,06.01,03-27-2015,07:21:00,,N,N,MSP,UNK,01,00,695,IS,,25.49,N,BALTO BELTWAY,500,F,N,,UU,,EXIT #31,39.38862004,-76.53007
01,16,,01,09,03,1,00,03,00,DA33300002,08.04,03-05-2015,15:04:00,,N,N,PGCOPD,UNK,01,00,58,MU,,0.11,E,CHEVERLY AVE,50,F,E,130,MU,,FOREST RD,38.92549614,-76.91785812
03,16,,02,03,04,1,01,04,00,DA36010006,08.04,02-15-2015,00:41:00,,N,N,PGCOPD,UNK,01,00,458,MD,A,3.216,W,WALKER MILL RD,0,F,W,458,MD,,SILVER HILL RD,38.86250112,-76.90103531
03,16,,01,03,02,1,01,04,00,DA36010007,06.01,02-20-2015,23:30:00,,N,N,PGCOPD,UNK,01,02,4,MD,,11.6,N,PENNSYLVANIA AVE,0,M,N,86,CO,,PARKLAND DR,38.85035329,-76.9053483
01,24,000,02,88,02,1,01,01,00,ADF853000D,06.01,03-07-2015,12:00:00,61129,Y,N,BALTIMORE,UNK,01,01,1,US,,6.94,N,NORTH AVE,0,F,N,0,UU,,EASTSIDE DISTRICT COURT,39.31200455,-76.59722686
03,16,,03,11,02,2,01,01,00,DA3747000B,06.01,02-27-2015,03:00:00,,N,N,PGCOPD,UNK,01,00,3642,CO,,0.94,S,PAINT BRANCH PKWY,0,M,S,5000,OP,,RIVER RD,38.97672602,-76.92332983
04,16,,01,03,02,2,01,03,00,MSP63070033,06.01,01-11-2015,00:00:00,1,N,N,MSP,UNK,01,00,202,MD,,5.37,N,LARGO RD,200,F,N,97,CO,,WHITE HOUSE RD,38.87528917,-76.7986685
01,07,,01,03,00,1,01,01,00,DB00570004,06.01,01-23-2015,12:24:00,,N,N,RISINGSUN,UNK,01,00,273,MD,,1.6,E,MAIN ST,75,F,E,274,MD,,S QUEEN ST,39.69788388,-76.06419683
01,02,,11.04,88,02,1,00,01,10,DGSP01910001,06.01,02-04-2015,08:00:00,,N,N,DGS,UNK,09,00,70,MD,,0,N,BLADEN ST,50,F,N,450,MD,,COLLEGE AVE,38.97984534,-76.49344683
04,13,,01,03,02,4,01,04,00,MSP64650004,06.01,01-15-2015,17:36:00,N/A,N,N,MSP,UNK,01,01,95,IS,,6.39,N,NO NAME,0,M,N,175,MD,,WATERLOO RD,39.16630617,-76.8089335
04,13,,01,17,01,,01,04,14.05,MSP64650005,03,01-24-2015,03:32:00,N/A,N,N,MSP,UNK,16,09,95,IS,,6.39,N,NO NAME,1,M,N,175,MD,,WATERLOO RD,39.14956554,-76.75091743
01,20,,02,88,02,1,01,01,06,DX01430001,00,03-30-2015,09:52:00,,N,N,STMICHAELS,UNK,01,01,33,MD,,14.061,E,TALBOT ST,0,F,E,,UU,,ENT TO ST MICHEALS BUSINESS PARK,38.77668254,-76.21661067
01,24,000,02,03,02,1,01,02,00,ADJ258001L,06.01,02-28-2015,11:55:00,1138,N,N,BALTIMORE,UNK,02,00,40,US,,5.045,W,FRANKLIN ST (WB COUPLET),0,F,W,0,UU,,TYSON ST,39.29494985,-76.61906675
01,24,999,11.04,99,02,,88,88,00,ADC063001F,06.01,03-24-2015,10:15:00,1975,N,N,BALTIMORE,UNK,01,00,40,US,,6.53,E,ORLEANS ST,0,U,E,1025,MU,,N WOLFE ST,39.295148,-76.59137025
03,16,,01,17,02,,01,04,04,MSP64970004,06.01,02-03-2015,03:34:00,03,N,N,MSP,UNK,09,16,301,US,,2.45,N,CRAIN HWY,100,F,N,164,CO,,SHORT CUT RD,38.6923115,-76.871935
01,06,,02,03,02,1,01,03,00,ES00450005,06.01,03-17-2015,12:45:00,,Y,N,TANEYTOWN,UNK,01,00,,MD,,20.36,N,E BALTIMORE ST,0,F,N,,OP,,CHEVRO DR,39.65024427,-77.15934277
01,16,,03,11,06.03,1,00,04,00,GE02330003,08.04,03-06-2015,12:47:00,509,Y,N,MORNINGSIDE,UNK,01,01,337,MD,,1.61,N,ALLENTOWN RD,15,F,N,81,CO,,SUITLAND RD,38.82078547,-76.88644409
01,24,,03,08,00,2,01,04,00,HF02210004,06.01,03-12-2015,19:06:00,,Y,N,COPPIN,UNK,01,01,2210,MU,,0.471,W,W NORTH AVE,300,F,W,,UU,,N WARWICK AVE,39.3094312,-76.65715814
01,01,,01,03,02,2,01,04,00,MSP35080004,00,03-09-2015,10:10:00,,Y,N,MSP,UNK,01,00,36,MD,,16.44,N,NEW GEORGES CREEK RD,50,F,N,743,MD,,OLD NATIONAL PIKE,39.64997167,-78.91037464
01,03,,00,03,02,1,01,04,00,MSP6048004L,00,02-10-2015,16:20:00,,N,N,MSP,UNK,01,00,695,IS,,18.86,N,BALTO BELTWAY,1,M,N,,UU,,EXIT #24,39.41885583,-76.65413383
04,03,,00,03,02,1,01,04,00,MSP6048004M,06.01,02-10-2015,19:44:00,,N,N,MSP,UNK,01,00,695,IS,,5.79,N,BALTO BELTWAY,150,F,N,40,US,,BALTO NATIONAL PIKE,39.31277933,-76.7445895
06.02,16,,01,88,02,,01,01,00,HV01230003,06.01,03-18-2015,06:57:00,,N,N,UNIVERSITYPARK,UNK,02,02,150,MU,,0.45,S,VAN BUREN ST,195,F,S,105,MU,,QUEENS CHAPEL RD,38.97145456,-76.94225013
03,15,,01,17,01,1,01,01,05,MCP20810004,03,02-09-2015,22:27:00,54114,N,N,MONTGOMERY,UNK,09,00,117,MD,,12.708,E,W DIAMOND AVE,500,F,E,644,MU,,FULKS CORNER AVE,39.14112001,-77.19731212
05.02,03,,00,03,02,3,01,02,00,MTA02420005,06.01,02-22-2015,04:18:00,,N,N,MTA,UNK,01,01,,,,,,I695 NB,50,U,U,,,,YORK RD,39.41281363,-76.61615252
01,15,,02,02,02,1,01,03,04,MCP23510005,06.01,02-28-2015,13:50:00,54112,Y,N,MONTGOMERY,UNK,01,00,,CO,,1.06,S,CRABBS BRANCH WAY,0,F,S,,CO,,REDLAND RD,39.12108833,-77.15871333
01,15,,02,02,02,1,01,04,00,MCP23510006,06.01,03-09-2015,12:01:00,55114,Y,N,MONTGOMERY,UNK,01,00,,CO,,1.81,S,TWINBROOK PKWY,0,F,S,,CO,,PARKLAWN DR,39.06178167,-77.116325
03,15,,01,03,01,2,01,01,00,MCP2354000F,03,01-23-2015,22:24:00,55122,N,N,MONTGOMERY,UNK,01,00,164,CO,,0.01,W,TUCKERMAN LA,40,F,W,,UU,,STRUC METRO OVERHEAD,39.03105333,-77.10307
03,24,,02,11,02,4,01,04,00,ADJ1680002,06.01,03-13-2015,00:25:00,CAD060,Y,N,BALTIMORE,UNK,01,00,1495,MU,,0.288,N,LOCH RAVEN BLVD,0,F,N,500,MU,,E 33RD ST,39.32829748,-76.59782767
99,24,,10.04,06,03,,01,88,00,ADJ2110002,08.04,02-22-2015,12:20:00,CAD#0746,N,N,BALTIMORE,UNK,01,00,699,MU,,0.32,W,COOKS LA,30,F,W,,UU,,LINDSAY RD,39.29569401,-76.70700029
07.88,24,,03,09,01,1,00,88,00,ADJ2230005,03,01-23-2015,22:30:00,CAD#3255,N,N,BALTIMORE,UNK,01,01,1615,MU,,0.199,W,W 29TH ST,10,F,W,,UU,,CRESMONT AVE,39.3224298,-76.62142038
01,24,,02,03,02,1,01,02,00,ADJ247000M,06.01,03-23-2015,16:30:00,1835,N,N,BALTIMORE,UNK,01,01,,MD,,2.298,S,S HANOVER ST (SB COUPLET),0,F,S,,UU,,HUGHES ST,39.28032084,-76.61575556
01,24,,01,88,02,,01,02,00,ADJ2630004,06.01,01-31-2015,08:50:00,0832,N,N,BALTIMORE,UNK,01,01,2060,MU,,0.74,S,N LONGWOOD ST,100,F,S,,UU,,WESTWOOD AVE,39.30782903,-76.66744709
03,24,,02,08,02,2,01,01,00,ADJ5680002,07.01,01-11-2015,00:48:00,CAD#104,Y,N,BALTIMORE,UNK,01,01,1,US,,9.87,N,BELAIR RD,0,F,N,2460,MU,,WOODLEA AVE,39.33455468,-76.55671477
03,24,,01,03,02,1,01,04,00,ADJ5680003,07.01,01-11-2015,02:52:00,CAD#318,N,N,BALTIMORE,UNK,01,00,41,MD,,3.245,N,PERRING PKWY,0,U,N,,UU,,CROZIER RD,39.36203326,-76.5729475
03,24,,00,03,01,2,01,04,99,ADJ5680004,09.04,01-24-2015,00:00:00,CAD#3539,N,N,BALTIMORE,UNK,02,99,147,MD,,2.935,N,HARFORD RD,0,U,N,,UU,,HALCYON AVE,39.3457233,-76.566993
01,24,,02,11,04,1,01,04,04,ADJ5680005,06.01,02-18-2015,08:00:00,CAD#402,Y,N,BALTIMORE,UNK,01,09,1026,MU,,0.373,W,E NORTHERN PKWY,0,F,W,697,MU,,WALTHER AVE,39.3586571,-76.53907657
01,24,,00,09,01,1,01,02,04,ADJ5680007,03,03-03-2015,10:24:00,CAD1538,N,N,BALTIMORE,UNK,01,00,1021,MU,,0,N,E NORTHERN PKWY,50,F,N,1022,MU,,W NORTHERN PKWY (BACK),39.35757039,-76.53395891
03,24,,01,07,02,1,01,01,00,ADJ568000B,06.01,03-24-2015,20:00:00,CAD2565,N,N,BALTIMORE,UNK,02,00,2515,MU,,0.35,N,CHESTERFIELD AVE,0,U,N,1,US,,BELAIR RD,39.32149193,-76.56527638
01,24,,02,08,04,1,01,01,00,ADJ5950001,07.01,02-10-2015,08:45:00,CAD#0952,Y,N,BALTIMORE,UNK,01,00,,,,,,E. LOMBARD,0,F,S,,,,S. HAVEN,39.29149812,-76.56269073
01,24,,02,03,02,1,01,03,00,ADJ6070001,06.01,01-13-2015,16:00:00,CAD#2171,Y,N,BALTIMORE,UNK,01,01,1357,MU,,0.26,N,ENSOR ST,0,F,N,1370,MU,,E MONUMENT ST,39.29778352,-76.6041255
03,24,,00,07,02,1,01,02,00,ADJ265000C,06.01,03-26-2015,20:00:00,3115,N,N,BALTIMORE,UNK,02,00,2500,MU,,0,N,RIDGECROFT RD,20,F,N,2460,MU,,WOODLEA AVE,39.29402231,-76.6569221
03,24,,02,02,01,3,01,04,00,ADJ2740003,03,01-23-2015,22:06:00,CAD#3242,Y,N,BALTIMORE,UNK,01,00,40,US,,1.18,E,EDMONDSON AVE,0,F,E,2290,MU,,N ATHOL AVE,39.29357394,-76.68937683
03,24,,02,88,02,1,01,01,00,ADJ2890006,06.01,01-15-2015,21:38:00,,Y,N,BALTIMORE,UNK,03,00,4005,MU,,0.392,S,PENNSYLVANIA AVE,0,F,S,,UU,,CUMBERLAND ST,39.30931705,-76.64165899
01,24,,02,88,02,1,01,02,00,ADJ2970005,06.01,03-30-2015,07:55:00,90448,N,N,BALTIMORE,UNK,01,00,,,,,,100 N. MONASTERY AVE,0,F,U,,,,3500 W. CATON AVE,39.28855035,-76.67566538
03,24,,01,03,02,1,01,01,00,ADJ2980001,06.01,01-17-2015,20:30:00,CAD#2725,Y,N,BALTIMORE,UNK,01,00,2210,MU,,0,W,W NORTH AVE,10,F,W,1,US,,MONROE ST (SB COUPLET),39.31003304,-76.64254278
03,24,,00,99,01,,01,02,00,ADJ2980002,00,01-18-2015,19:30:00,2201,N,N,BALTIMORE,UNK,02,02,1,US,,7.98,S,MONROE ST (SB COUPLET),100,F,S,,UU,,PRESSTMAN ST,39.30584495,-76.64787769
01,24,,01,07,00,2,01,00,00,ADJ3020004,00,03-17-2015,12:40:00,,N,N,BALTIMORE,UNK,02,01,2290,MU,,0.82,N,N ATHOL AVE,100,F,N,144,MD,,FREDERICK RD,39.28302813,-76.68860435
01,24,,01,03,02,,01,88,00,ADJ3020005,00,03-30-2015,09:30:00,0480,N,N,BALTIMORE,UNK,02,01,2300,MU,,0.65,S,OLD FREDERICK RD,500,F,S,,UU,,WOODINGTON RD,39.28585988,-76.68669462
03,24,,02,88,02,1,01,02,00,ADJ3230001,06.01,01-06-2015,01:20:00,CAD#0130,Y,N,BALTIMORE,UNK,02,00,,,,,,500 BLK DOSWELL AVENUE,0,F,E,,,,2500 BLK OF LAURETTA AVENUE,39.29395589,-76.65783405
03,24,,01,03,02,1,01,02,00,ADJ3330001,06.01,01-18-2015,01:10:00,CAD#0178,N,N,BALTIMORE,UNK,02,00,1681,MU,,1.47,W,W FAYETTE ST,20,F,W,6377,MU,,N GILMOR ST,39.28960077,-76.641891
03,24,,01,03,06.03,2,00,02,08,ADJ3510005,00,02-15-2015,21:40:00,CAD#2380,Y,N,BALTIMORE,UNK,01,09,1690,MU,,0.08,W,E SARATOGA ST,5,F,W,5880,MU,,HOLIDAY ST,39.29251113,-76.6099593
01,24,,02,09,01,,01,02,10,ADJ351000B,03,03-27-2015,10:20:00,CAD60958,Y,N,BALTIMORE,UNK,01,10,,,,,,W FRANKLIN ST,0,F,,,,,N GREENE ST,39.29474053,-76.62393093
01,24,,01,99,02,2,01,03,00,ADJ6300002,06.01,02-10-2015,16:00:00,CAD#1816,N,N,BALTIMORE,UNK,02,00,1680,MU,,1.07,W,E FAYETTE ST,100,F,W,1087,MU,,N WASHINGTON ST,39.29413233,-76.58889189
01,24,,00,03,02,2,01,01,00,ADJ6350002,06.01,02-02-2015,16:30:00,,N,N,BALTIMORE,UNK,01,00,1,US,,8.41,N,BELAIR RD,5,F,N,,UU,,CLIFTMONT AVE,39.32038804,-76.57510132
01,24,,01,88,01,1,01,01,00,ADJ6440001,08.04,01-26-2015,15:37:00,CAD1603,N,N,BALTIMORE,UNK,02,01,,,,,,TIVOLY AVE,0,U,U,,,,MEDFORD RD,39.33602346,-76.59302115
01,16,,01,17,01,1,01,04,05,MSP61650042,06.01,01-06-2015,15:18:00,00,N,N,MSP,UNK,15,09,95,IS,,10.78,N,CAPITAL BELTWAY,0,M,N,4,MD,,PENNSYLVANIA AVE,38.8491405,-76.86033517
01,16,,01,03,02,4,01,04,00,MSP61650043,06.01,01-08-2015,15:39:00,00,N,N,MSP,UNK,01,00,95,IS,,10.78,N,CAPITAL BELTWAY,0,M,N,4,MD,,PENNSYLVANIA AVE,38.83376167,-76.87073383
03,16,,02,17,02,3,01,04,05,MSP61650044,06.01,01-17-2015,01:37:00,00,Y,N,MSP,UNK,09,00,4,MD,,8.43,N,PENNSYLVANIA AVE,0,F,N,5529,CO,,PRESIDENTIAL PKWY,38.82986817,-76.85612733
00,16,,03,17,01,4,01,04,00,MSP61650045,06.01,01-19-2015,01:27:00,00,N,N,MSP,UNK,16,00,5,MD,,11.95,N,BRANCH AVE,100,F,N,95,IS,,CAPITAL BELTWAY,38.81911767,-76.91914517
01,16,,02,02,02,4,01,03,00,MSP61650046,06.01,01-31-2015,16:30:00,00,Y,N,MSP,UNK,01,00,301,US,,0.94,N,CRAIN HWY,0,F,N,5551,CO,,CLYMER DR,38.67094217,-76.876365
04,16,,01,88,02,,01,03,00,MSP61650047,06.01,01-31-2015,21:00:00,00,N,N,MSP,UNK,03,00,301,US,,7.57,N,CRAIN HWY,0,M,N,4252,CO,,RHODENDA PL,38.75174767,-76.8133285
04,16,,01,03,04,1,01,04,00,MSP61650048,03,02-10-2015,04:26:00,00,N,N,MSP,UNK,01,01,5,MD,,7.85,N,BRANCH AVE,0,F,N,223,MD,,WOODYARD RD,38.76900517,-76.8851895
01,16,,01,17,04,2,01,02,05,MSP61650049,06.01,02-10-2015,07:25:00,00,N,N,MSP,UNK,09,00,4,MD,,6.31,N,PENNSYLVANIA AVE,0,F,N,223,MD,,WOODYARD RD,38.81279233,-76.82252267