LIGHT_CODE,COUNTY_NO,MUNI_CODE,JUNCTION_CODE,COLLISION_TYPE_CODE,SURF_COND_CODE,LANE_CODE,RD_COND_CODE,RD_DIV_CODE,FIX_OBJ_CODE,REPORT_NO,WEATHER_CODE,ACC_DATE,ACC_TIME,LOC_CODE,SIGNAL_FLAG,C_M_ZONE_FLAG,AGENCY_CODE,AREA_CODE,HARM_EVENT_CODE1,HARM_EVENT_CODE2,RTE_NO,ROUTE_TYPE_CODE,RTE_SUFFIX,LOG_MILE,LOGMILE_DIR_FLAG,MAINROAD_NAME,DISTANCE,FEET_MILES_FLAG,DISTANCE_DIR_FLAG,REFERENCE_NO,REFERENCE_TYPE_CODE,REFERENCE_SUFFIX,REFERENCE_ROAD_NAME,LATITUDE,LONGITUDE
04,17,,02,17,04,1,01,01,06,MSP65060008,09.04,03-01-2015,19:51:00,,Y,N,MSP,UNK,16,16,213,MD,,4.19,N,CENTREVILLE RD,0,F,N,309,MD,,STARR RD,39.00036717,-76.07331367
01,14,,01,17,02,1,01,01,08,MSP65060009,06.01,03-24-2015,16:19:00,,N,N,MSP,UNK,16,09,291,MD,,15.47,E,CYPRESS RD,2,M,E,26,CO,,BIG STONE RD,39.25212888,-75.78931332
03,04,,01,17,02,1,01,01,07,MSP65070007,06.01,03-15-2015,10:58:00,,N,N,MSP,UNK,16,09,261,MD,,4.16,N,BAYSIDE RD,1,M,N,,UU,,SUMMER CITY BLVD,38.66519749,-76.53083118
01,18,,01,03,06.03,2,01,01,00,MSP65080004,06.01,03-02-2015,09:51:00,,N,N,MSP,UNK,01,00,246,MD,,2.94,E,GREAT MILLS RD,20,F,E,562,OP,,FDR BLVD,38.26371483,-76.456622
05.02,15,,01,03,02,4,01,04,05,MSP65100004,06.01,01-17-2015,07:22:00,N/A,N,N,MSP,UNK,01,09,270,IS,,9.4,N,EISENHOWER MEMORIAL HWY,0,F,N,270,RP,,RAMP 1 FR IS 270 NB TO IS 370 WB,39.07517,-77.12092
03,15,,01,17,01,1,01,04,15.05,MSP65100005,03,01-18-2015,13:45:00,,N,N,MSP,UNK,09,09,495,IS,,8.24,E,CAPITAL BELTWAY,1,M,E,185,MD,,CONNECTICUT AVE,39.007046,-77.06840515
05.02,15,,01,17,02,3,01,04,15.05,MSP65100006,06.01,01-19-2015,07:07:00,,N,N,MSP,UNK,09,11,270,IS,,8.39,N,EISENHOWER MEMORIAL HWY,1,M,N,212,CO,,SHADY GROVE RD,39.114641,-77.192086
03,15,,01,03,02,4,01,04,00,MSP65100007,06.01,01-27-2015,17:59:00,,N,N,MSP,UNK,01,00,495,IS,,8.24,E,CAPITAL BELTWAY,1,M,E,185,MD,,CONNECTICUT AVE,39.00685,-77.068825
01,15,,01,03,02,1,01,04,00,MSP65100008,06.01,01-28-2015,15:30:00,,N,N,MSP,UNK,01,00,495,IS,,8.24,E,CAPITAL BELTWAY,1,M,E,185,MD,,CONNECTICUT AVE,39.009333,-77.065949
03,15,,01,03,02,2,01,04,00,MSP65100009,06.01,01-28-2015,18:17:00,,N,N,MSP,UNK,01,00,270,IS,,5.5,N,EISENHOWER MEMORIAL HWY,1,M,N,189,MD,,FALLS RD,39.09378,-77.175597
03,15,,01,17,02,1,01,04,15.05,MSP6510000B,06.01,02-05-2015,02:39:00,,N,N,MSP,UNK,09,00,270,IS,,2.28,N,EISENHOWER MEMORIAL HWY,200,F,N,,UU,,CROSSOVER,39.035071,-77.143793
01,15,,01,03,02,1,01,04,00,MSP6510000C,06.01,02-11-2015,07:07:00,,N,N,MSP,UNK,01,00,270,IS,,4.14,N,EISENHOWER MEMORIAL HWY,1,M,N,927,MD,,MONTROSE RD,39.06391509,-77.15702534
01,15,,01,03,02,2,01,04,00,MSP6510000D,06.01,02-11-2015,10:15:00,,N,N,MSP,UNK,01,00,495,IS,,8.24,E,CAPITAL BELTWAY,1,M,E,185,MD,,CONNECTICUT AVE,39.00737948,-77.08673
01,15,,00,07,02,3,01,04,15.05,MSP6510000F,00,02-11-2015,13:15:00,,N,N,MSP,UNK,01,09,495,IS,,3.69,E,CAPITAL BELTWAY,0,F,E,191,MD,,BRADLEY BLVD,39.01138946,-77.15014815
01,15,,01,03,02,1,01,04,00,MSP6510000G,06.01,02-18-2015,15:19:00,,N,N,MSP,UNK,01,00,495,IS,,10.44,E,CAPITAL BELTWAY,300,F,E,97,MD,,GEORGIA AVE,39.013323,-77.044133
01,15,,00,03,02,1,01,04,00,MSP6510000H,06.01,02-18-2015,16:11:00,,N,N,MSP,UNK,01,00,495,IS,,8.24,E,CAPITAL BELTWAY,1,M,E,185,MD,,CONNECTICUT AVE,39.00582,-77.07413
03,15,,01,03,01,2,01,04,00,MSP6510000J,08.04,02-18-2015,18:27:00,,N,N,MSP,UNK,01,00,270,IS,,1.54,N,EISENHOWER MEMORIAL HWY,300,F,N,187,MD,,OLD GEORGETOWN RD,39.029885,-77.120925
01,15,,01,03,02,1,01,04,00,MSP6510000K,06.01,02-20-2015,16:57:00,,N,N,MSP,UNK,01,00,270,IS,,22.51,N,EISENHOWER MEMORIAL HWY,0,F,N,,UU,,FREDERICK CO/L,39.289871,-77.331691
03,15,,01,07,02,3,01,04,00,MSP6510000L,06.01,02-20-2015,21:17:00,,N,N,MSP,UNK,01,00,495,IS,,8.24,E,CAPITAL BELTWAY,1,M,E,185,MD,,CONNECTICUT AVE,39.012782,-77.090635
03,15,,01,03,02,2,01,04,00,MSP6510000M,06.01,02-27-2015,18:57:00,,N,N,MSP,UNK,01,00,270,IS,,0,N,EISENHOWER MEMORIAL HWY,1,M,N,495,IS,,CAPITAL BELTWAY,39.01885633,-77.1454655
03,15,,01,17,01,3,01,04,01,MSP6510000N,06.01,03-06-2015,05:50:00,,N,N,MSP,UNK,09,00,495,IS,,10.44,E,CAPITAL BELTWAY,1,M,E,97,MD,,GEORGIA AVE,39.01406183,-77.058809
03,15,,01,09,04,3,01,04,15.05,MSP6510000P,06.01,03-07-2015,00:03:00,,N,N,MSP,UNK,01,09,495,IS,,2.37,E,CAPITAL BELTWAY,0,M,E,190,MD,,RIVER RD,38.983882,-77.159386
03,15,,01,17,02,1,01,04,15.05,MSP6510000Q,06.01,03-07-2015,02:45:00,,N,N,MSP,UNK,09,00,495,IS,,10.44,E,CAPITAL BELTWAY,1,M,E,97,MD,,GEORGIA AVE,39.014043,-77.060676
03,15,,01,03,02,4,01,04,00,MSP6510000R,06.01,03-12-2015,06:56:00,,N,N,MSP,UNK,01,00,270,IS,,4.14,N,EISENHOWER MEMORIAL HWY,1,M,N,927,MD,,MONTROSE RD,39.035086,-77.144463
01,15,,01,03,02,3,01,04,00,MSP6510000S,06.01,03-12-2015,09:18:00,,N,N,MSP,UNK,01,00,270,IS,,13.97,N,EISENHOWER MEMORIAL HWY,0,F,N,141,CO,,MIDDLEBROOK RD,39.174257,-77.24653333
03,15,,01,17,01,,01,04,15.05,MSP6510000T,03,03-14-2015,05:35:00,,N,N,MSP,UNK,09,00,270,IS,,4.9,N,EISENHOWER MEMORIAL HWY,300,F,N,2593,MU,,WOOTTON PKWY,39.06499683,-77.15685517
01,15,,01,07,01,3,01,04,00,MSP6510000V,03,03-14-2015,15:41:00,,N,N,MSP,UNK,01,00,495,IS,,10.44,E,CAPITAL BELTWAY,1,M,E,97,MD,,GEORGIA AVE,39.01694971,-77.02497482
01,15,,01,03,02,4,01,04,00,MSP6510000W,06.01,03-22-2015,16:55:00,,N,N,MSP,UNK,01,00,495,IS,,8.24,E,CAPITAL BELTWAY,300,F,E,185,MD,,CONNECTICUT AVE,39.00598083,-77.07177383
03,15,,05.01,17,02,,01,02,05,MSP6510000X,00,03-28-2015,01:08:00,,N,N,MSP,UNK,09,09,29,US,,2.48,N,COLESVILLE RD,0,F,N,495,RP,,RAMP 8 FR US 29 SB TO IS 495 WB,39.05920033,-77.15488717
03,04,,00,11,00,,01,00,10,ZD55400003,06.01,01-14-2015,20:24:00,,N,N,CALVERT,UNK,09,01,252,CO,,1.63,N,OLD BAYSIDE RD,50,F,N,145,MU,,H ST,38.67887661,-76.54631853
05.02,04,,02,02,01,,00,03,00,ZD55400004,02,03-11-2015,10:25:00,,Y,N,CALVERT,UNK,01,00,261,MD,,6.037,N,BAYSIDE RD,0,F,N,260,MD,,CHESAPEAKE BEACH RD,38.69462097,-76.53367996
01,04,,01,17,03,1,01,01,05,ZD55500008,12.04,01-06-2015,08:30:00,,N,N,CALVERT,UNK,09,00,252,CO,,1.51,N,OLD BAYSIDE RD,200,F,N,155,MU,,I ST,38.67736061,-76.55065566
01,04,,01,01,04,1,01,01,00,ZD55500009,08.04,01-06-2015,08:49:00,,N,N,CALVERT,UNK,01,00,261,MD,,4.79,N,BAYSIDE RD,0,M,N,,UU,,CHESAPEAKE VILLAGE BLVD,38.67448767,-76.53436661
04,04,,01,01,01,1,00,01,00,ZD5550000B,03,01-23-2015,23:13:00,,N,N,CALVERT,UNK,01,00,261,MD,,4.79,N,BAYSIDE RD,0,M,N,,UU,,CHESAPEAKE VILLAGE BLVD,38.67588646,-76.53513908
01,04,,03,03,02,1,01,04,00,ZD5550000C,00,02-06-2015,17:03:00,,N,N,CALVERT,UNK,01,00,2,MD,,21.979,N,SOLOMONS ISLAND RD,300,F,N,263,MD,,PLUM POINT RD,38.58225778,-76.6045332
01,04,,02,05,02,,01,01,00,ZD5550000D,00,02-11-2015,16:50:00,,Y,N,CALVERT,UNK,01,00,2,MD,,30.53,N,SOLOMONS ISLAND RD,0,F,N,133,CO,,MT HARMONY RD,38.69867374,-76.60708666
06.02,04,,02,17,02,1,01,04,10,ZD5550000F,06.01,02-12-2015,17:23:00,,Y,N,CALVERT,UNK,09,00,260,MD,,7.165,E,CHESAPEAKE BEACH RD,0,F,E,156,MU,,HARRISON BLVD,38.69957805,-76.55658603
01,04,,01,17,03,1,01,01,07,ZD5550000G,08.04,02-26-2015,07:48:00,,N,N,CALVERT,UNK,09,00,27,CO,,0.25,S,SUMMER CITY BLVD,10,F,S,232,CO,,4TH ST,38.66491315,-76.53334737
01,04,,01,17,01,1,01,01,11,ZD5550000H,00,03-03-2015,15:04:00,,N,N,CALVERT,UNK,09,09,17,CO,,2.17,W,5TH ST EXT,100,F,W,520,CO,,EASY ST,38.71109859,-76.56685352
01,04,,01,17,04,1,01,01,88,ZD55520006,07.01,01-07-2015,07:59:00,,N,N,CALVERT,UNK,09,00,23,CO,,4.06,E,DALRYMPLE RD,0,M,E,26,CO,,CHRISTIANA PARRAN RD,38.65153348,-76.54593229
01,04,,03,17,02,2,01,02,11,ZD55520007,06.01,01-16-2015,14:25:00,,N,N,CALVERT,UNK,09,09,4,MD,,29.158,N,SOUTHERN MD BLVD,0,F,N,381,CO,,LORD BALTIMORE DR,38.67152247,-76.62044406
03,04,,03,03,02,2,01,03,00,ZD55520008,06.01,02-09-2015,20:28:00,,Y,N,CALVERT,UNK,01,00,2,MD,,19.208,N,SOLOMONS ISLAND RD,50,F,N,402,MD,,DARES BEACH RD,38.54705782,-76.59024239
05.02,04,,01,17,01,1,01,01,01,ZD55520009,09.04,02-10-2015,06:21:00,,N,N,CALVERT,UNK,09,00,231,MD,,0,E,HALLOWING POINT RD,0,F,E,,UU,,STRUC #4008 PATUXENT RIVER,38.51123617,-76.66603088
01,04,,03,07,02,1,01,04,09,ZD5552000B,06.01,02-24-2015,13:40:00,,Y,N,CALVERT,UNK,01,09,4,MD,,28.11,N,SOUTHERN MD BLVD,0,F,N,2,MD,,SOLOMONS ISLAND RD,38.66113492,-76.6070652
01,04,,01,17,04,1,01,01,11,ZD5552000C,06.01,02-28-2015,09:28:00,,N,N,CALVERT,UNK,09,00,23,CO,,4.06,E,DALRYMPLE RD,0,M,E,26,CO,,CHRISTIANA PARRAN RD,38.65146645,-76.54541731
01,04,,03,17,06.03,2,01,04,05,ZD5552000D,12.04,03-01-2015,10:47:00,,N,N,CALVERT,UNK,09,00,2,MD,,26.735,N,SOLOMONS ISLAND RD,10,F,N,,UU,,ENT TO BUSINESS,38.64662335,-76.60560608
01,04,,01,17,06.03,1,01,01,23.03,ZD5552000F,12.04,03-01-2015,11:46:00,,N,N,CALVERT,UNK,09,11,33,CO,,1.88,E,COX RD,0,M,E,651,CO,,BELL HAVEN WAY,38.60780805,-76.58804297
01,04,,02,17,06.03,2,01,04,05,ZD5552000G,12.04,03-05-2015,11:43:00,,N,N,CALVERT,UNK,09,00,4,MD,,29.158,N,SOUTHERN MD BLVD,0,F,N,381,CO,,LORD BALTIMORE DR,38.67160623,-76.62051916
01,04,,00,17,02,1,01,01,11,ZD5552000H,07.01,03-15-2015,09:42:00,,N,N,CALVERT,UNK,09,00,14,CO,,0,W,DEEP LANDING RD,0,M,W,521,MD,,HUNTING CREEK RD,38.58926048,-76.65360689
04,04,,01,17,01,1,01,01,02,ZD5552000J,06.01,03-15-2015,01:32:00,,N,N,CALVERT,UNK,09,00,249,CO,,0.604,E,JEWELL RD,0,M,E,348,CO,,CAVALIER DR,38.75142259,-76.63453102
01,04,,02,11,02,2,01,04,00,ZD55710007,06.01,02-18-2015,14:15:00,ZD,N,N,CALVERT,UNK,01,09,1188,CO,,0.064,S,TOWN SQUARE DR,0,F,S,1201,CO,,LUSBY LA,38.37466874,-76.43428802
05.02,15,,01,03,02,2,01,04,00,MSP6357002M,06.01,01-02-2015,17:54:00,,N,N,MSP,UNK,01,00,270,IS,,13.97,N,EISENHOWER MEMORIAL HWY,1,M,N,141,CO,,MIDDLEBROOK RD,39.1630592,-77.2367706
01,15,,01,17,01,2,01,04,05,MSP6357002N,03,01-03-2015,16:12:00,,N,N,MSP,UNK,15,09,495,IS,,5.61,E,CAPITAL BELTWAY,1,M,E,187,MD,,OLD GEORGETOWN RD,39.0195007,-77.1039658
05.02,15,,05.01,17,01,,01,04,08,MSP6357002P,03,01-03-2015,17:10:00,,N,N,MSP,UNK,09,00,270,IS,,4.14,N,EISENHOWER MEMORIAL HWY,50,F,N,,UU,,EXIT #4,39.055481,-77.1546326
03,15,,05.01,17,01,,01,04,05,MSP6357002Q,03,01-03-2015,19:37:00,,N,N,MSP,UNK,16,09,270,IS,,2.6,N,EISENHOWER MEMORIAL HWY,25,F,N,,UU,,IS 270Y (SB/L),39.0238266,-77.1424026
03,15,,01,07,01,1,01,04,00,MSP6357002R,03,01-03-2015,22:17:00,,N,N,MSP,UNK,01,01,495,IS,,10.44,E,CAPITAL BELTWAY,0,M,E,97,MD,,GEORGIA AVE,39.0131454,-77.0374374
01,15,,01,03,01,2,01,04,00,MSP6357002S,06.01,01-18-2015,14:03:00,,N,N,MSP,UNK,01,01,495,IS,,8.24,E,CAPITAL BELTWAY,0,M,E,185,MD,,CONNECTICUT AVE,39.0066566,-77.0692673
01,15,,01,03,02,3,01,04,00,MSP6357002T,06.01,01-26-2015,15:16:00,,N,N,MSP,UNK,01,00,270,IS,,0.27,N,EISENHOWER MEMORIAL HWY,50,F,N,326,CO,,GROSVENOR LA,39.02340138,-77.14282036
07.88,15,,01,17,01,1,01,04,11,MSP6357002V,03,02-01-2015,23:11:00,,N,N,MSP,UNK,16,09,200,MD,,2.54,E,INTERCOUNTY CONNECTOR,1,M,E,,UU,,EXIT #3,39.1228409,-77.1942368
01,15,,05.01,88,02,,01,88,05,MSP6357002W,06.01,02-10-2015,16:56:00,,Y,N,MSP,UNK,09,00,650,MD,,3.01,N,NEW HAMPSHIRE AVE,25,F,N,495,RP,,RAMP 4 FR MD 650 NB TO IS 495 EB,39.0165138,-76.9770203
01,15,,01,03,02,1,01,04,00,MSP6357002X,06.01,02-18-2015,15:47:00,,N,N,MSP,UNK,01,00,270,IS,,13.97,N,EISENHOWER MEMORIAL HWY,0,M,N,141,CO,,MIDDLEBROOK RD,39.16315,-77.23692467
01,15,,01,17,02,1,01,04,05,MSP6357002Y,06.01,03-15-2015,13:57:00,,N,N,MSP,UNK,09,11,270,IS,,21.19,N,EISENHOWER MEMORIAL HWY,0,M,N,,UU,,ENT TO MSP WEIGH STATION (SB/L),39.260085,-77.30879417
01,15,,01,07,02,4,01,04,00,MSP6357002Z,06.01,03-16-2015,18:11:00,,N,N,MSP,UNK,01,00,495,IS,,1.9,E,CAPITAL BELTWAY,1,M,E,,UU,,EXIT #40,38.98436561,-77.15964317
01,15,,01,03,02,3,01,04,00,MSP63570030,06.01,03-18-2015,17:58:00,,N,N,MSP,UNK,01,00,270,IS,,2.76,N,EISENHOWER MEMORIAL HWY,25,F,N,164,CO,,TUCKERMAN LA,39.03663733,-77.14516983
01,15,,01,03,02,3,01,04,00,MSP63570031,06.01,03-19-2015,16:10:00,,N,N,MSP,UNK,01,00,495,IS,,2.37,E,CAPITAL BELTWAY,0,M,E,190,MD,,RIVER RD,38.98632633,-77.15723167
01,02,,01,17,03,2,01,03,05,MSP6452000G,10.04,02-26-2015,08:51:00,,N,N,MSP,UNK,16,09,97,IS,,9.67,N,NO NAME,0,M,N,3,MD,C,BENFIELD BLVD,39.100822,-76.628694
01,02,,01,17,01,2,01,03,11,MSP6452000H,10.04,02-26-2015,09:30:00,,N,N,MSP,UNK,16,09,97,IS,,8.11,N,NO NAME,1,M,N,,UU,,MILE MARKER 8.0,39.068773,-76.638821
01,02,,01,17,01,1,01,03,05,MSP6452000J,88,02-26-2015,10:37:00,,N,N,MSP,UNK,16,09,97,IS,,16.25,N,NO NAME,0,M,N,242,CO,,WELLHAM AVE,39.184267,-76.632539
01,02,,01,17,01,2,01,03,05,MSP6452000K,06.01,03-21-2015,08:23:00,,N,N,MSP,UNK,16,10,97,IS,,6.51,N,NO NAME,1,M,N,1207,CO,,MILLERSVILLE RD,39.037908,-76.612604
01,02,,01,03,02,1,01,03,00,MSP6452000M,06.01,03-24-2015,09:20:00,,N,N,MSP,UNK,01,00,695,MD,,2.92,N,BALTO BELTWAY,0,M,N,,UU,,BALTIMORE CO/L,39.22927,-76.664831
01,02,,01,03,02,,01,04,00,MSP6452000N,06.01,03-21-2015,14:23:00,,N,N,MSP,UNK,01,01,50,US,,12.02,E,JOHN HANSON HWY,0,M,E,50,RP,,RAMP 6 FR US 50 EB TO MD 450 SB,38.984309,-76.542939
01,02,,01,08,02,3,01,04,00,MSP6452000P,07.01,03-27-2015,16:21:00,,N,N,MSP,UNK,01,00,595,IS,,2.53,E,JOHN HANSON HWY,0,M,E,595,RP,,RAMP 2 FR IS 595 WB TO MD 424 NB,38.963574,-76.63845
01,02,,01,17,02,1,01,03,06,MSP6452000Q,06.01,03-28-2015,14:20:00,,N,N,MSP,UNK,16,10,97,IS,,4.15,N,NO NAME,0,M,N,,UU,,MILE MARKER 4.0,39.02545417,-76.61534767
01,02,,01,03,02,3,01,03,00,MSP6452000R,06.01,03-28-2015,18:11:00,,N,N,MSP,UNK,10,01,50,US,,12.02,E,JOHN HANSON HWY,0,M,E,50,RP,,RAMP 6 FR US 50 EB TO MD 450 SB,38.98354433,-76.54638233
03,22,,03,03,02,2,01,04,00,MSP64550002,06.01,01-09-2015,19:58:00,,Y,N,MSP,UNK,01,00,13,US,,13.43,N,N SALISBURY BLVD,50,F,N,330,CO,,DAGSBORO RD,38.42128617,-75.56494283
01,22,,00,88,00,,01,00,00,MSP64550003,00,01-30-2015,13:22:00,,N,N,MSP,UNK,01,00,13,US,BU,3.87,N,S SALISBURY BLVD,300,F,N,122,MU,BU,BATEMAN ST,38.34333915,-75.60374737
01,22,,00,03,02,2,01,04,00,MSP64550004,06.01,02-07-2015,15:40:00,,N,N,MSP,UNK,01,00,13,US,BU,3.49,N,S SALISBURY BLVD,100,F,N,1775,MU,BU,MILFORD ST,38.33976867,-75.6057945
07.88,22,,00,17,03,,01,04,08,MSP64550005,08.04,02-16-2015,19:55:00,,N,N,MSP,UNK,16,09,50,US,,12.481,E,SALISBURY BYPASS,0,F,E,50,US,BU,OCEAN GATEWAY,38.403973,-75.63467583
01,22,,00,17,04,1,01,03,10,MSP64550009,06.01,02-20-2015,06:53:00,,N,N,MSP,UNK,16,09,12,MD,,2.51,N,SNOW HILL RD,200,F,N,245,CO,,AIRPORT RD,38.31531277,-75.53819418
01,22,,00,17,04,1,01,03,09,MSP6455000B,06.01,02-20-2015,10:43:00,,N,N,MSP,UNK,16,09,349,MD,,12,E,NANTICOKE RD,200,F,E,77,CO,,ROYAL OAK RD,38.31004293,-75.86252689
05.02,22,,00,17,01,1,01,03,10,MSP6455000C,03,02-22-2015,07:27:00,,N,N,MSP,UNK,16,09,349,MD,,17.74,E,NANTICOKE RD,80,F,E,122,CO,,FIRE TOWER RD,38.36221817,-75.695368
01,22,,00,17,04,1,01,03,00,MSP6455000D,03,02-22-2015,09:52:00,,N,N,MSP,UNK,16,00,349,MD,,12.78,E,NANTICOKE RD,1,M,E,,UU,,EASTERN CORRECT INST PRE-RELEASE STATION,38.35210617,-75.772093
01,22,,00,17,02,1,01,03,11,MSP6455000F,07.01,02-24-2015,15:08:00,,N,N,MSP,UNK,16,09,349,MD,,3.53,E,NANTICOKE RD,50,F,E,722,CO,,COVE RD,38.286878,-75.89579533
01,03,,05.01,17,04,,01,02,01,MSP64560004,07.01,02-10-2015,09:56:00,,N,N,MSP,UNK,11,09,695,IS,,6.8,N,BALTO BELTWAY,0,M,N,70,RP,,RAMP 6 FR IS 70 EB TO IS 695 SB,39.30551383,-76.743058
01,03,,01,17,02,1,01,04,05,MSP64560005,07.01,02-10-2015,12:59:00,,N,Y,MSP,UNK,09,00,695,IS,,3.22,N,BALTO BELTWAY,100,F,N,5069,CO,,CHESACO AVE,39.31451217,-76.4927045
01,03,,01,03,02,1,01,04,00,MSP64560006,07.01,02-12-2015,07:38:00,,N,N,MSP,UNK,01,01,83,IS,,20.91,N,HARRISBURG EXPWY,50,F,N,70,CO,,MIDDLETOWN RD,39.63935783,-76.670015
01,03,,01,08,02,1,01,04,00,MSP64560007,06.01,02-18-2015,16:39:00,,N,N,MSP,UNK,01,00,695,IS,,1.59,N,BALTO BELTWAY,0,F,N,,UU,,EXIT #11,39.24881933,-76.67744933
03,03,,01,17,02,,01,04,09,MSP64560008,07.01,02-18-2015,22:17:00,,N,N,MSP,UNK,09,11,695,IS,,25.49,N,BALTO BELTWAY,0,F,N,147,MD,,HARFORD RD,39.38784567,-76.528561
04,03,,01,07,02,2,01,04,05,MSP64560009,07.01,02-19-2015,20:06:00,,N,N,MSP,UNK,01,09,695,IS,,10.2,N,BALTO BELTWAY,100,F,N,26,MD,,LIBERTY RD,39.35928867,-76.74654517
01,03,,01,03,02,1,01,04,00,MSP6456000C,07.01,03-10-2015,08:06:00,,N,N,MSP,UNK,01,00,695,IS,,1.59,N,BALTO BELTWAY,0,F,N,,UU,,EXIT #11,39.24818958,-76.67717527
01,03,,01,03,02,3,01,04,00,MSP6456000D,07.01,03-16-2015,18:38:00,,N,N,MSP,UNK,01,01,695,IS,,9.09,N,BALTO BELTWAY,0,F,N,1900,CO,,WINDSOR MILL RD,39.33166843,-76.7444245
03,03,,01,03,02,1,01,04,00,MSP6456000F,07.01,03-16-2015,20:34:00,,N,N,MSP,UNK,01,01,95,IS,,17.68,N,J F K MEMORIAL HWY,0,F,N,695,IS,,BALTO BELTWAY,39.25234645,-76.6795317
01,03,,01,08,02,2,01,04,00,MSP6456000G,00,03-16-2015,16:05:00,,N,N,MSP,UNK,01,00,695,IS,,1.59,N,BALTO BELTWAY,100,F,N,95,IS,,NO NAME,39.24692783,-76.67557955
06.02,03,,01,07,02,3,01,04,00,MSP6456000H,07.01,03-18-2015,21:33:00,,N,Y,MSP,UNK,01,00,695,IS,,1.59,N,BALTO BELTWAY,0,F,N,95,IS,,NO NAME,39.25099898,-76.68070793
03,03,,01,03,01,5,01,04,00,MSP6456000J,03,03-27-2015,00:09:00,,N,N,MSP,UNK,01,00,695,IS,,12,N,BALTO BELTWAY,100,F,N,795,IS,,NORTHWEST EXPRESSWAY,39.36700182,-76.74769878
01,16,,01,11,03,,01,04,05,MSP64570004,08.04,02-16-2015,17:48:00,,N,N,MSP,UNK,09,01,95,IS,,7.3,N,CAPITAL BELTWAY,25,F,N,5,MD,,BRANCH AVE,38.81941458,-76.91721439
06.02,16,,01,03,02,1,01,04,00,MSP64570005,06.01,02-18-2015,18:37:00,,N,N,MSP,UNK,01,01,95,IS,,15.83,N,CAPITAL BELTWAY,50,F,N,202,MD,F,ARENA DR,38.84030183,-76.87348033
03,16,,05.01,17,01,,01,04,05,MSP64570006,06.01,02-23-2015,01:48:00,,N,N,MSP,UNK,09,00,95,RP,,0.223,N,RAMP 1 FR MD 210 NB TO IS 95 LS,60,F,N,95,IS,,CAPITAL BELTWAY,38.80118939,-76.99898958
01,16,,02,11,01,2,01,04,04,MSP64570007,03,03-04-2015,13:54:00,,N,N,MSP,UNK,01,00,5,MD,,4.01,N,BRANCH AVE,0,F,N,823,CO,,MOORES RD,38.7142295,-76.87822267
01,16,,03,03,02,3,01,04,00,MSP64570008,06.01,03-06-2015,14:08:00,,Y,N,MSP,UNK,01,01,301,US,,23.55,N,CRAIN HWY,10,F,N,3,MD,,GOVERNOR BRIDGE RD,38.9482445,-76.7176795
01,16,,01,17,02,3,01,04,05,MSP64570009,06.01,03-07-2015,08:34:00,,N,N,MSP,UNK,09,00,95,IS,,14.78,N,CAPITAL BELTWAY,500,F,N,214,MD,,CENTRAL AVE,38.88015633,-76.84354583
01,16,,02,11,02,1,01,03,00,MSP6457000B,06.01,03-07-2015,11:56:00,,Y,N,MSP,UNK,01,00,4,MD,,9.07,N,PENNSYLVANIA AVE,0,F,N,4461,CO,,OLD MARLBORO PIKE,38.83710067,-76.8619545
03,16,,01,17,02,1,01,03,11,MSP6457000C,00,03-16-2015,21:23:00,,N,N,MSP,UNK,09,00,4,MD,,7.68,N,PENNSYLVANIA AVE,200,F,N,4,MD,,DOWER HOUSE RD,38.818796,-76.840653
01,16,,01,07,02,3,01,04,00,MSP6457000D,06.01,03-31-2015,10:05:00,,N,N,MSP,UNK,01,00,95,IS,,14.78,N,CAPITAL BELTWAY,250,F,N,214,MD,,CENTRAL AVE,38.88680033,-76.84473117
04,22,,00,17,02,,01,03,23.03,MSP65110005,06.01,01-07-2015,04:01:00,,N,N,MSP,UNK,16,00,13,US,,6.98,N,SALISBURY BYPASS,500,F,N,,UU,,CROSSOVER,38.34443542,-75.54533988
05.02,22,,01,17,04,,01,04,23.03,MSP65110006,02,01-16-2015,07:21:00,,N,N,MSP,UNK,16,11,13,US,,1.02,N,SALISBURY BYPASS,0,F,N,13,US,BU,S FRUITLAND BLVD,38.30152284,-75.63456059
03,22,,00,03,01,,01,04,00,MSP65110007,03,01-26-2015,19:41:00,,N,N,MSP,UNK,01,00,13,US,,13.08,N,N SALISBURY BLVD,0,F,N,1947,MU,,NORTH POINTE DR,38.41587121,-75.56619644
05.02,22,,01,88,04,1,01,02,05,MSP65110008,12.04,02-10-2015,07:05:00,,N,N,MSP,UNK,09,00,50,US,,19.063,E,OCEAN GATEWAY,0,F,E,13,US,,SALISBURY BYPASS,38.37497153,-75.53881645
04,22,,00,17,01,2,01,02,05,MSP65110009,03,02-21-2015,19:58:00,,N,N,MSP,UNK,09,00,50,US,,12.38,E,OCEAN GATEWAY,0,F,E,50,US,,OCEAN GATEWAY (OUT OF SIGHT LA),38.4022854,-75.63078403
04,22,,01,17,04,1,01,02,23.03,MSP6511000B,06.01,02-22-2015,20:48:00,,N,N,MSP,UNK,16,11,74,CO,,0,E,HEAD OF CREEK RD,100,F,E,349,MD,,NANTICOKE RD,38.31926279,-75.80391258
06.02,16,,00,03,01,1,01,03,00,MSP65120004,03,02-09-2015,17:31:00,2,N,N,MSP,UNK,01,00,5,MD,,6.55,N,BRANCH AVE,0,M,N,130,CO,,SURRATTS RD,38.73639417,-76.881411
04,16,,01,17,02,1,01,04,09,MSP65120005,88,02-13-2015,04:53:00,6,N,N,MSP,UNK,09,11,301,US,,2.45,N,CRAIN HWY,30,F,N,164,CO,,SHORT CUT RD,38.69302133,-76.8723715