LIGHT_CODE,COUNTY_NO,MUNI_CODE,JUNCTION_CODE,COLLISION_TYPE_CODE,SURF_COND_CODE,LANE_CODE,RD_COND_CODE,RD_DIV_CODE,FIX_OBJ_CODE,REPORT_NO,WEATHER_CODE,ACC_DATE,ACC_TIME,LOC_CODE,SIGNAL_FLAG,C_M_ZONE_FLAG,AGENCY_CODE,AREA_CODE,HARM_EVENT_CODE1,HARM_EVENT_CODE2,RTE_NO,ROUTE_TYPE_CODE,RTE_SUFFIX,LOG_MILE,LOGMILE_DIR_FLAG,MAINROAD_NAME,DISTANCE,FEET_MILES_FLAG,DISTANCE_DIR_FLAG,REFERENCE_NO,REFERENCE_TYPE_CODE,REFERENCE_SUFFIX,REFERENCE_ROAD_NAME,LATITUDE,LONGITUDE
01,15,,01,03,02,3,01,04,00,MSP63610038,05,02-02-2015,15:07:00,,N,N,MSP,UNK,01,00,270,IS,,14.74,N,EISENHOWER MEMORIAL HWY,0,M,N,118,MD,,GERMANTOWN RD,39.18236917,-77.25307683
01,15,,01,03,02,3,01,04,00,MSP63610039,06.01,02-18-2015,07:04:00,,N,N,MSP,UNK,01,00,495,IS,,1.11,E,CAPITAL BELTWAY,0,M,E,781,CO,,PERSIMMON TREE RD,38.97759817,-77.177294
01,15,,01,03,02,1,01,04,00,MSP6361003B,06.01,02-18-2015,09:15:00,,N,N,MSP,UNK,01,00,370,IS,,1.61,E,NO NAME,0,F,E,355,MD,,FREDERICK RD,39.1226305,-77.17893833
01,12,,03,11,03,1,01,01,88,MSP6461000M,08.04,02-21-2015,13:31:00,00,Y,N,MSP,UNK,01,09,152,MD,,5.24,N,MOUNTAIN RD,0,F,N,246,CO,,SINGER RD,39.46513078,-76.36855245
04,12,,01,07,02,2,01,04,06,MSP6461000N,06.01,03-10-2015,03:30:00,00,N,N,MSP,UNK,01,09,40,US,,14.76,E,PULASKI HWY,800,F,E,394,CO,,ROBIN HOOD RD,39.520239,-76.147807
01,12,,02,11,02,1,01,01,00,MSP6461000P,06.01,02-21-2015,07:17:00,00,N,N,MSP,UNK,01,00,23,MD,,12.66,W,NORRISVILLE RD,0,F,W,20,CO,,TROYER RD,39.62456522,-76.55095339
01,12,,08.04,11,02,1,01,01,00,MSP6461000Q,06.01,02-22-2015,11:17:00,00,N,N,MSP,UNK,01,00,136,MD,,7.87,N,PRIESTFORD RD,200,F,N,219,CO,,COOL BRANCH RD,39.58224175,-76.25853896
01,12,,02,11,02,1,01,01,10,MSP6461000R,06.01,02-28-2015,16:43:00,,Y,N,MSP,UNK,01,09,24,MD,,22.48,N,ROCKS RD,0,F,N,99,CO,,ST MARYS RD,39.69259617,-76.41163633
07.88,12,,01,01,04,1,01,01,00,MSP6461000S,08.04,03-01-2015,19:39:00,00,N,N,MSP,UNK,01,01,1,US,,11.51,N,CONOWINGO RD,200,F,N,189,CO,,ALLIBONE RD,39.6159125,-76.30376101
01,12,,02,11,01,1,01,01,00,MSP6461000T,03,03-04-2015,14:36:00,00,Y,N,MSP,UNK,01,00,165,MD,,6.8,N,FEDERAL HILL RD,0,F,N,23,MD,,NORRISVILLE RD,39.60519221,-76.477772
06.02,12,,01,07,01,,01,02,00,MSP6461000V,03,03-04-2015,18:00:00,00,N,N,MSP,UNK,01,00,924,MD,,5.83,N,N MAIN ST,50,F,N,500,MU,,E LEE ST,39.537646,-76.350779
03,12,,02,17,01,1,01,01,00,MSP6461000W,03,03-11-2015,02:00:00,00,N,N,MSP,UNK,11,00,543,MD,,11.76,N,ADY RD,0,F,N,200,CO,,CHESTNUT HILL RD,39.29179704,-76.9619751
03,12,,01,17,02,1,01,04,05,MSP6461000X,06.01,03-12-2015,22:40:00,00,N,N,MSP,UNK,09,00,1,US,,6.55,N,BELAIR BYPASS,100,F,N,1,RP,,RAMP 2 FR MD 924 WB TO US 1 NB,39.558548,-76.364341
05.02,12,,01,17,02,1,01,04,06,MSP6461000Y,06.01,03-18-2015,05:21:00,00,N,N,MSP,UNK,09,00,155,MD,,7.045,E,LEVEL RD,0,F,E,180,CO,,LAPIDUM RD,39.567689,-76.130075
03,12,,02,11,01,1,01,01,00,MSP6461000Z,03,03-26-2015,21:45:00,00,Y,N,MSP,UNK,01,00,543,MD,,1.47,N,CRESWELL RD,0,F,N,7,MD,,PHILADELPHIA RD,39.48114067,-76.24956117
01,12,,02,07,02,2,01,04,00,MSP64610010,06.01,03-18-2015,13:49:00,00,N,N,MSP,UNK,01,00,40,US,,10.71,E,S PHILADELPHIA BLVD,0,F,E,7,MD,,OLD PHILADELPHIA RD,39.487698,-76.19894
01,12,,02,03,03,1,01,01,00,MSP64610011,08.04,03-20-2015,08:08:00,00,Y,N,MSP,UNK,01,00,1,US,,1.35,N,BELAIR RD,0,F,N,152,MD,,MOUNTAIN RD,39.49211914,-76.39377594
03,12,,02,03,02,1,01,01,00,MSP64610012,06.01,03-25-2015,21:56:00,00,Y,N,MSP,UNK,01,00,1,US,,14.14,N,CONOWINGO RD,0,F,N,136,MD,,WHITEFORD RD,39.650914,-76.266733
01,12,,01,17,02,1,01,01,09,MSP64610013,06.01,03-28-2015,16:35:00,00,N,N,MSP,UNK,09,00,22,MD,,1.23,E,CHURCHVILLE RD,100,F,E,1218,CO,,BRIERHILL DR,39.54377933,-76.3255355
03,12,,01,17,02,1,01,01,10,MSP64610014,06.01,03-28-2015,22:12:00,00,N,N,MSP,UNK,09,00,543,MD,,5.23,N,FOUNTAIN GREEN RD,100,F,N,216,CO,,WHEEL RD,39.51943683,-76.28220017
01,08,,03,17,01,4,01,04,04,MSP64620004,07.01,03-03-2015,15:44:00,,Y,N,MSP,UNK,09,00,301,US,,23.31,N,CRAIN HWY,0,F,N,228,MD,,BERRY RD,38.62671,-76.91056033
03,08,,02,11,02,2,01,04,00,MSP64620005,06.01,03-10-2015,00:02:00,,Y,N,MSP,UNK,01,01,301,US,,25.2,N,CRAIN HWY,0,F,N,1436,CO,,PIERCE RD,38.647615,-76.88942283
03,16,,05.01,17,02,1,01,02,05,MSP64630004,06.01,02-06-2015,01:29:00,N/A,N,N,MSP,UNK,09,09,595,IS,,0.54,E,JOHN HANSON HWY,0,M,E,95,RP,,RAMP 7 FR IS 595 WB TO IS 95 SB,38.947233,-76.858704
05.02,16,,01,03,02,6,01,04,00,MSP64630005,07.01,02-12-2015,06:53:00,N/A,N,N,MSP,UNK,01,01,595,IS,,0.29,E,JOHN HANSON HWY,0,M,E,95,IS,,CAPITAL BELTWAY,38.946695,-76.846442
05.02,16,,01,05,02,2,01,02,05,MSP64630006,06.01,02-14-2015,06:05:00,N/A,N,N,MSP,UNK,09,01,95,IS,,26.31,N,NO NAME,0,M,N,95,RP,,RAMP 7 FR IS 95 WB TO IS 95X SB,39.02739767,-76.94993833
05.02,16,,01,17,03,1,01,04,06,MSP64630007,10.04,02-15-2015,06:41:00,,N,N,MSP,UNK,09,09,95,IS,,26.11,N,NO NAME,15,F,N,495,IS,,CAPITAL BELTWAY,39.08941767,-76.89344483
01,16,,01,07,04,3,01,04,00,MSP64630008,08.04,02-15-2015,09:38:00,N/A,N,N,MSP,UNK,01,01,95,IS,,22.46,N,CAPITAL BELTWAY,50,F,N,193,MD,,GREENBELT RD,39.003199,-76.895614
01,16,,01,17,02,1,01,04,06,MSP64630009,06.01,02-20-2015,14:22:00,,N,N,MSP,UNK,09,09,95,IS,,30.655,N,NO NAME,0,M,N,200,MD,,INTERCOUNTY CONNECTOR,39.06820117,-76.90910283
06.02,16,,01,07,02,4,01,04,05,MSP6463000D,06.01,02-22-2015,18:52:00,N/A,N,N,MSP,UNK,02,09,95,IS,,22.12,N,CAPITAL BELTWAY,1,M,N,295,MD,,BALTIMORE WASHINGTON PKWY,38.98618883,-76.88078683
06.02,16,,01,07,02,3,01,04,00,MSP6463000F,06.01,02-22-2015,20:39:00,N/A,N,N,MSP,UNK,01,01,95,IS,,28.54,N,NO NAME,1,M,N,212,MD,,POWDER MILL RD,39.05688967,-76.92787133
03,16,,01,03,02,1,01,04,00,MSP6463000G,06.01,02-24-2015,18:52:00,,N,N,MSP,UNK,01,01,95,IS,,18.54,N,CAPITAL BELTWAY,0,M,N,595,IS,,JOHN HANSON HWY,38.95371167,-76.862827
07.88,16,,01,03,02,4,01,04,00,MSP6463000H,06.01,02-24-2015,22:17:00,,N,N,MSP,UNK,01,01,595,IS,,5.09,E,JOHN HANSON HWY,0,M,E,950,MD,,CHURCH RD,38.948809,-76.753992
01,16,,01,88,02,4,01,04,00,MSP6463000J,06.01,03-10-2015,08:10:00,N/A,N,N,MSP,UNK,01,01,95,IS,,32.7,N,NO NAME,0,M,N,,UU,,EXIT #33,39.10255726,-76.88910484
01,16,,02,03,02,2,01,03,00,MSP6463000K,06.01,03-13-2015,07:56:00,,N,N,MSP,UNK,01,01,14,CO,,2.193,W,CHERRY HILL RD,0,F,W,212,MD,,POWDER MILL RD,39.040429,-76.947898
01,16,,01,04,02,3,01,04,00,MSP6463000L,06.01,03-18-2015,16:51:00,,N,N,MSP,UNK,01,01,95,IS,,25.19,N,CAPITAL BELTWAY,10,F,N,1,US,,BALTIMORE AVE,39.01958667,-76.923845
01,16,,01,03,02,1,01,04,00,MSP6463000M,06.01,03-21-2015,17:26:00,,N,N,MSP,UNK,01,01,95,IS,,28.54,N,NO NAME,0,M,N,212,MD,,POWDER MILL RD,39.04247933,-76.935364
03,16,,01,17,02,5,01,04,05,MSP6463000N,06.01,03-29-2015,23:19:00,,N,N,MSP,UNK,09,09,,,,,,O/L 495,1,F,,,,,295,38.991208,-76.885266
04,03,,01,03,03,3,01,04,00,MSP64640004,08.04,01-06-2015,05:20:00,,N,N,MSP,UNK,01,01,695,IS,,7.2,N,BALTO BELTWAY,0,M,N,70,IS,,NO NAME,39.29151767,-76.74178683
01,03,,01,17,02,2,01,04,05,MSP64640005,06.01,01-11-2015,12:22:00,,N,N,MSP,UNK,09,00,695,IS,,12.97,N,BALTO BELTWAY,80,F,N,140,MD,,REISTERSTOWN RD,39.4137725,-76.5774375
01,03,,01,07,02,2,01,04,06,MSP64640006,06.01,01-11-2015,14:03:00,,N,N,MSP,UNK,01,09,83,IS,,17.56,N,HARRISBURG EXPWY,1,M,N,137,MD,,MT CARMEL RD,39.60582783,-76.6581375
01,03,,01,03,01,2,01,04,05,MSP64640007,03,01-12-2015,09:11:00,,N,N,MSP,UNK,09,01,695,IS,,27.12,N,BALTO BELTWAY,1,M,N,1,US,,BELAIR RD,39.36043217,-76.50504583
01,03,,01,03,01,1,01,04,00,MSP64640008,03,01-12-2015,11:11:00,,N,N,MSP,UNK,01,00,695,IS,,23.29,N,BALTO BELTWAY,100,F,N,542,MD,,LOCH RAVEN BLVD,39.4013505,-76.56455383
01,03,,05.01,17,01,,01,02,05,MSP64640009,03,01-12-2015,14:11:00,,N,N,MSP,UNK,09,09,83,IS,,5.75,N,HARRISBURG EXPWY,25,F,N,83,RP,,RAMP 4 FR IS 83 NB TO TIMONIUM RD EB,39.43697283,-76.6329235
01,03,,01,03,02,1,01,04,00,MSP6464000B,06.01,01-13-2015,08:29:00,,N,N,MSP,UNK,01,00,695,IS,,27.12,N,BALTO BELTWAY,10,F,N,1,US,,BELAIR RD,39.369649,-76.513642
01,03,,01,03,02,4,01,04,00,MSP6464000D,06.01,01-15-2015,07:58:00,,N,N,MSP,UNK,01,00,695,IS,,9.09,N,BALTO BELTWAY,0,M,N,1900,CO,,WINDSOR MILL RD,39.33517433,-76.74495833
01,03,,05.01,07,02,3,01,04,00,MSP6464000F,06.01,01-15-2015,12:06:00,,N,Y,MSP,UNK,01,01,695,IS,,25.49,N,BALTO BELTWAY,200,F,N,147,MD,,HARFORD RD,39.39048517,-76.53576783
06.02,03,,05.01,03,02,1,01,04,00,MSP6464000G,06.01,01-20-2015,17:30:00,,N,N,MSP,UNK,01,00,695,IS,,23.12,N,BALTO BELTWAY,500,F,N,3353,CO,,CROMWELL BRIDGE RD,39.3348765,-76.49068017
04,03,,01,03,02,2,01,04,00,MSP6464000H,06.01,01-20-2015,17:30:00,,N,N,MSP,UNK,01,00,695,IS,,26.33,N,BALTO BELTWAY,500,F,N,3482,CO,,PUTTY HILL AVE,39.401386,-76.56399233
04,03,,01,03,01,4,01,04,00,MSP6464000J,06.01,01-21-2015,22:10:00,,N,N,MSP,UNK,01,01,695,IS,,3.32,N,BALTO BELTWAY,0,M,N,372,MD,,WILKENS AVE,39.26792617,-76.716534
01,24,,01,03,03,3,01,02,00,MTA0116000C,08.04,03-03-2015,11:45:00,9S22,Y,N,MTA,UNK,01,00,1370,MU,,1.06,E,E MONUMENT ST,150,M,E,1025,MU,,N WOLFE ST,39.29843113,-76.59149766
01,24,,03,07,02,1,01,01,00,MTA0116000D,06.01,03-17-2015,09:10:00,9S21,Y,N,MTA,UNK,01,00,1670,MU,,2.878,E,W BALTIMORE ST,0,F,E,1703,MU,,N HOWARD ST,39.28929768,-76.61937118
01,24,,01,08,04,3,01,04,00,MTA01200005,07.01,02-10-2015,09:30:00,,Y,N,MTA,UNK,01,00,1370,MU,,2.55,E,E MONUMENT ST,10,F,E,1241,MU,,N HAVEN ST,39.29943573,-76.56333447
00,24,,01,88,02,3,01,04,00,MTA01200006,00,02-11-2015,00:00:00,,N,N,MTA,UNK,01,00,1070,MU,,2.54,E,SINCLAIR LA,45,F,E,55,MU,,MORAVIA RD,39.32159982,-76.54874325
01,03,,03,88,02,2,01,02,00,MTA01200007,06.01,02-10-2015,14:30:00,,N,N,MTA,UNK,01,00,5251,CO,,0.13,N,CHESTNUT ST,5,F,N,5252,CO,,PINE ST,39.2450999,-76.51052713
01,24,,01,17,02,3,01,04,00,MTA01200008,06.01,02-12-2015,15:40:00,,Y,N,MTA,UNK,00,00,40,US,,1.47,E,EDMONDSON AVE,15,F,E,4333,MU,,WILDWOOD PKWY,39.29370679,-76.68392658
01,24,,03,08,02,2,01,03,00,MTA01200009,07.01,02-12-2015,09:53:00,9S21,Y,N,MTA,UNK,01,00,1920,MU,,0.82,E,EDMONDSON AVE,15,F,E,4500,MU,,N PULASKI ST,39.29498547,-76.65043116
01,24,,01,88,02,3,01,02,00,MTA0120000B,06.01,03-12-2015,12:00:00,9S22,Y,N,MTA,UNK,01,00,6168,MU,,1.24,E,W MULBERRY ST,20,F,E,6020,MU,,MARTIN LUTHER KING JR BLVD,39.29344109,-76.62843704
01,24,,01,00,02,,01,01,00,MTA0122000H,06.01,03-24-2015,14:30:00,,N,N,MTA,UNK,00,00,45,MD,,3.479,N,YORK RD,400,F,N,,UU,,HALWYN AVE,39.3533644,-76.6077733
06.02,24,,01,88,02,2,01,03,00,MTA0122000J,07.01,03-28-2015,05:00:00,9N24,N,N,MTA,UNK,02,00,1590,MU,,0.56,N,KIRK AVE,100,F,N,1600,MU,,EXETER HALL AVE,39.32079473,-76.6053915
01,24,,01,07,02,2,01,01,00,MTA01350007,06.01,02-05-2015,15:37:00,9S21,N,N,MTA,UNK,01,00,4465,MU,,0.273,S,S HILTON ST,75,F,S,,UU,,FREDHILTON PASS,39.28149197,-76.67203635
01,24,,02,88,02,,01,01,00,MTA01350008,06.01,02-24-2015,13:15:00,9S23,Y,N,MTA,UNK,01,00,1552,MU,,0.7,E,E FORT AVE,0,F,E,,UU,,LAWRENCE ST,39.27169947,-76.60141513
01,24,,02,05,02,1,01,01,00,MTA01390006,06.01,01-23-2015,07:30:00,,Y,N,MTA,UNK,01,00,4260,MU,,0.664,W,E EAGER ST,0,F,W,,UU,,N EDEN ST,39.30167004,-76.59936
01,24,,02,07,02,1,01,01,00,MTA01520003,06.01,03-09-2015,12:58:00,9N99,N,N,MTA,UNK,01,00,,,,,,RESERVOIR ,0,F,,,,,PARK,39.31281804,-76.62837267
01,24,,02,13,02,1,01,01,00,MTA01530005,00,02-10-2015,15:29:00,,Y,N,MTA,UNK,01,00,395,IS,,1.24,N,HOWARD ST,0,F,N,5875,MU,,CONWAY ST,39.28375891,-76.61906004
01,24,,02,02,02,1,08,04,00,MTA01550007,06.01,01-23-2015,08:10:00,,Y,N,MTA,UNK,01,01,140,MD,,1.27,N,REISTERSTOWN RD,0,F,N,2725,MU,,DRUID PARK DR,39.32546744,-76.65749073
04,03,,03,03,00,1,01,03,00,MTA01550008,88,03-23-2015,02:08:00,,Y,N,MTA,UNK,01,01,1500,CO,,1.55,E,SMITH AVE,0,F,E,1496,CO,,OLD PIMLICO RD,39.37359559,-76.65500164
01,24,,01,88,02,2,01,04,00,MTA01550009,06.01,03-24-2015,07:30:00,,N,N,MTA,UNK,01,02,1023,MU,,0.62,E,GWYNNS FALLS PKWY,400,F,E,2880,MU,,N HILTON ST,39.31419597,-76.67176008
04,06,,01,17,02,1,01,01,00,ZF00560007,00,02-15-2015,18:25:00,ZF 06,N,N,CARROLL,UNK,08,00,285,CO,,1.68,S,NICODEMUS RD,200,F,S,283,CO,,BOWERSOX RD,39.52513851,-77.05157161
04,06,,01,03,02,1,01,01,00,ZF02310002,06.01,03-25-2015,00:22:00,,N,N,CARROLL,UNK,01,00,26,MD,,4.297,E,LIBERTY RD,100,F,E,,UU,,WINFIELD COMM V.F.D.,39.44303709,-77.0458746
01,06,,01,11,03,1,01,01,00,ZF02650006,08.04,01-21-2015,12:12:00,,N,N,CARROLL,UNK,01,00,48,CO,,1.02,E,RUGGLES RD,500,F,E,49,CO,,TEETER RD,39.703852,-77.15262651
01,06,,01,17,03,1,01,01,10,ZF02650007,08.04,01-21-2015,13:49:00,,N,N,CARROLL,UNK,09,11,194,MD,,4.44,N,FRANCIS SCOTT KEY HWY,500,F,N,19,CO,,KEYSVILLE RD,39.64429631,-77.20175385
01,06,,01,17,01,1,01,03,22.03,ZF02650008,00,02-11-2015,08:55:00,,N,N,CARROLL,UNK,09,11,4,CO,,2.77,N,HARNEY RD,750,M,N,3,CO,,PINEY CREEK RD,39.6974959,-77.19739795
01,06,,01,17,03,1,01,03,10,ZF02650009,06.01,02-17-2015,10:12:00,,N,N,CARROLL,UNK,09,00,398,CO,,0.02,S,GORSUCH RD,15,M,S,1372,CO,,NAUGAHYDE RD,39.56815023,-76.94382191
05.02,06,,01,17,03,1,01,03,07,ZF0265000B,08.04,03-20-2015,06:44:00,,N,N,CARROLL,UNK,09,09,30,MD,,10.579,N,HANOVER PIKE,500,F,N,1283,CO,,DEEP RUN RD E,39.7044298,-76.91204309
01,06,,01,01,02,1,01,01,00,ZF02730002,06.01,02-27-2015,10:50:00,,N,N,CARROLL,UNK,01,00,61,CO,,0,N,UNGER RD,500,F,N,65,CO,,MAYBERRY RD,39.66722621,-77.10831642
04,06,,01,17,01,,01,01,10,ZF0295000N,06.01,01-06-2015,17:11:00,,N,N,CARROLL,UNK,09,00,19,CO,,0.02,W,KEYSVILLE RD,1,M,W,11,CO,,ROOP RD,39.64451667,-77.2081
01,06,,02,14,02,1,01,01,00,ZF0295000P,06.01,01-10-2015,15:45:00,,N,N,CARROLL,UNK,01,00,1082,CO,,0,W,WASHINGTON LA,0,F,W,32,MD,,WASHINGTON RD,39.54308333,-76.99453333
04,06,,01,17,02,,01,01,10,ZF0295000Q,06.01,02-12-2015,04:25:00,,N,N,CARROLL,UNK,09,00,77,MD,,1.86,E,MIDDLEBURG RD,1,M,E,,UU,,ENT TO KEYMAR POST OFFICE,39.60337365,-77.2440362
01,06,,01,17,02,1,01,01,00,ZF0295000R,06.01,03-30-2015,12:12:00,,N,N,CARROLL,UNK,08,00,133,CO,,1.45,S,ALBERT RILL RD,1,F,S,134,CO,,OLD FORT SCHOOLHOUSE RD,39.63203527,-76.91270828
01,06,,01,17,03,1,01,01,05,ZF03060005,08.04,01-21-2015,13:50:00,,N,N,CARROLL,UNK,09,11,757,CO,,0,W,RAINCLIFFE RD,0,M,W,755,CO,,SLACKS RD,39.37033611,-76.94725513
01,06,,01,03,02,1,01,04,00,ZF03740008,06.01,02-18-2015,07:45:00,,N,N,CARROLL,UNK,01,00,1427,CO,,0.82,W,CENTER ST,100,F,W,1579,CO,,CRANBERRY RD S,39.57504749,-76.97846532
03,18,,01,08,02,,01,04,00,MSP6362000G,06.01,01-07-2015,05:41:00,,N,N,MSP,UNK,04,00,235,MD,,14.916,N,THREE NOTCH RD,20,F,N,237,MD,,CHANCELLORS RUN RD,38.29133004,-76.49352
05.02,18,,00,17,04,1,01,04,04,MSP6362000H,12.04,03-05-2015,13:26:00,,Y,N,MSP,UNK,09,00,235,MD,,14.916,N,THREE NOTCH RD,150,F,N,237,MD,,CHANCELLORS RUN RD,38.29184983,-76.49451733
01,03,,05.01,17,02,1,01,04,05,MSP6464000K,06.01,02-06-2015,11:25:00,,N,N,MSP,UNK,09,00,695,IS,,1.4,N,BALTO BELTWAY,0,M,N,702,MD,,SOUTHEAST BLVD,39.31773199,-76.48939133
01,03,,01,07,02,1,01,04,05,MSP6464000L,06.01,02-08-2015,11:49:00,,N,Y,MSP,UNK,01,09,695,IS,,10.94,N,BALTO BELTWAY,0,F,N,1800,CO,,MILFORD MILL RD,39.2866695,-76.73487233
03,03,,01,07,02,2,01,04,00,MSP6464000M,06.01,02-13-2015,21:56:00,,N,N,MSP,UNK,01,00,695,IS,,22.38,N,BALTO BELTWAY,50,F,N,3334,CO,,PROVIDENCE RD,39.33561867,-76.48160233
01,03,,05.01,07,02,2,01,04,00,MSP6464000N,00,02-15-2015,17:00:00,,N,N,MSP,UNK,01,00,695,IS,,1.59,N,BALTO BELTWAY,100,F,N,,UU,,EXIT #11,39.25428064,-76.68451667
04,03,,01,17,03,1,01,04,05,MSP6464000P,08.04,02-16-2015,22:19:00,,N,N,MSP,UNK,09,00,695,IS,,26.33,N,BALTO BELTWAY,500,F,N,3482,CO,,PUTTY HILL AVE,39.37591902,-76.51884912
01,03,,01,17,01,2,01,04,05,MSP6464000Q,06.01,03-08-2015,08:38:00,,N,N,MSP,UNK,09,00,83,IS,,26.52,N,HARRISBURG EXPWY,500,F,N,439,MD,,OLD YORK RD,39.7024245,-76.64099483
05.02,03,,05.01,03,02,3,01,04,00,MSP6464000R,06.01,03-09-2015,09:09:00,,N,N,MSP,UNK,01,01,795,IS,,0,N,NORTHWEST EXPRESSWAY,0,M,N,695,IS,,BALTO BELTWAY,39.380206,-76.75398083
01,03,,01,03,02,1,01,04,00,MSP6464000S,06.01,03-11-2015,07:48:00,,N,Y,MSP,UNK,01,00,695,IS,,12,N,BALTO BELTWAY,0,M,N,795,IS,,NORTHWEST EXPRESSWAY,39.35930733,-76.74648083
04,03,,01,03,02,3,01,04,05,MSP6464000T,06.01,03-15-2015,21:24:00,,N,N,MSP,UNK,01,09,95,IS,,1.93,N,NO NAME,50,F,N,1,US,,SOUTHWESTERN BLVD,39.283916,-76.73485683
01,03,,01,07,02,,01,04,05,MSP6464000V,06.01,03-16-2015,16:23:00,,N,N,MSP,UNK,01,01,695,IS,,4.56,N,BALTO BELTWAY,500,F,N,144,MD,,FREDERICK RD,39.269783,-76.719911
01,03,,01,03,02,3,01,04,00,MSP6464000W,06.01,03-18-2015,17:05:00,,N,N,MSP,UNK,01,01,695,IS,,5.79,N,BALTO BELTWAY,0,M,N,40,US,,BALTO NATIONAL PIKE,39.28297633,-76.73261883
01,03,,05.01,03,02,3,01,04,00,MSP6464000X,06.01,03-19-2015,14:41:00,,N,Y,MSP,UNK,01,01,695,IS,,27.12,N,BALTO BELTWAY,0,M,N,1,US,,BELAIR RD,39.36059617,-76.5055345
01,03,,01,07,02,,01,04,05,MSP6464000Y,06.01,03-19-2015,15:48:00,,N,Y,MSP,UNK,01,09,695,IS,,1.9,N,BALTO BELTWAY,0,M,N,702,MD,,SOUTHEAST BLVD,39.31397883,-76.49321067
01,03,,05.01,03,02,1,01,04,00,MSP6464000Z,06.01,03-19-2015,16:47:00,,N,N,MSP,UNK,01,01,695,IS,,4.16,N,BALTO BELTWAY,500,F,N,150,MD,,EASTERN AVE,39.31397883,-76.49321067
04,03,,01,17,02,,01,04,05,MSP64640011,06.01,03-25-2015,02:30:00,39.40172,N,Y,MSP,UNK,09,10,695,IS,,24.35,N,BALTO BELTWAY,0,M,N,41,MD,,PERRING PKWY,39.401725,-76.558158
01,03,,01,03,01,1,01,04,00,MSP64640012,03,03-27-2015,08:16:00,,N,Y,MSP,UNK,01,00,695,IS,,25.49,N,BALTO BELTWAY,0,M,N,147,MD,,HARFORD RD,39.39072183,-76.536561
01,13,,01,17,02,,01,04,05,MSP64650006,06.01,02-08-2015,17:16:00,N/A,N,N,MSP,UNK,16,09,95,IS,,1.16,N,NO NAME,1,M,N,216,MD,,SCAGGSVILLE RD,39.14617288,-76.84338391
04,13,,01,08,02,4,01,04,00,MSP64650007,06.01,02-10-2015,18:28:00,N/A,N,N,MSP,UNK,01,00,95,IS,,4.08,N,NO NAME,0,M,N,32,MD,,PATUXENT PKWY,39.15787517,-76.82453083
01,13,,01,17,02,3,01,04,05,MSP64650008,06.01,02-25-2015,09:50:00,N/A,N,N,MSP,UNK,13,09,95,IS,,1.16,N,NO NAME,1,M,N,216,MD,,SCAGGSVILLE RD,39.11882967,-76.8698655
05.02,13,,01,03,02,,01,04,00,MSP64650009,06.01,02-27-2015,06:36:00,N/A,N,N,MSP,UNK,01,00,95,IS,,6.39,N,NO NAME,0,M,N,175,MD,,WATERLOO RD,39.17653451,-76.79248095
01,13,,01,03,02,1,01,04,00,MSP6465000B,06.01,02-27-2015,07:14:00,N/A,N,N,MSP,UNK,01,00,95,IS,,8.27,N,NO NAME,1,M,N,100,MD,,NO NAME,39.20234167,-76.75769269
01,16,,01,03,02,2,01,04,00,MSP6465000C,06.01,03-09-2015,10:01:00,2,N,N,MSP,UNK,01,00,95,IS,,15.83,N,CAPITAL BELTWAY,500,F,N,202,MD,,ARENA DR,38.90679719,-76.8495369
01,16,,01,08,02,2,01,04,00,MSP6465000D,07.01,03-10-2015,11:30:00,3,N,N,MSP,UNK,01,01,5,MD,,9.02,N,BRANCH AVE,100,F,N,5,MD,,COVENTRY WAY,38.78282572,-76.89434052
01,16,,01,08,02,1,01,04,00,MSP6465000F,06.01,03-12-2015,10:09:00,5,N,N,MSP,UNK,01,00,95,IS,,4.33,N,CAPITAL BELTWAY,100,F,N,414,MD,,ST BARNABAS RD,38.81154483,-76.96330283
01,16,,01,13,02,2,01,04,09,MSP6465000G,06.01,03-17-2015,17:34:00,3,N,N,MSP,UNK,01,09,5,MD,,4.01,N,BRANCH AVE,3,F,N,823,CO,,MOORES RD,38.71424632,-76.87781811
06.02,16,,01,17,02,3,01,04,00,MSP6465000H,06.01,03-17-2015,19:13:00,3,N,N,MSP,UNK,11,00,5,MD,,11.95,N,BRANCH AVE,500,F,N,95,IS,,CAPITAL BELTWAY,38.8172579,-76.91663504
01,16,,01,03,02,2,01,02,00,MSP6465000J,06.01,03-18-2015,17:01:00,4,N,N,MSP,UNK,01,01,202,MD,,9.35,N,LANDOVER RD,500,F,N,95,RP,,RAMP 2 FR MD 202 WB TO IS 95 NB,38.91891868,-76.85050249
04,16,,01,08,02,3,01,04,06,MSP6465000K,06.01,03-29-2015,01:46:00,1,N,N,MSP,UNK,01,16,5,MD,,10.68,N,BRANCH AVE,300,F,N,337,MD,,ALLENTOWN RD,38.80376461,-76.90481186
03,24,,01,17,03,1,01,02,00,MTA01740003,08.04,02-14-2015,22:05:00,9S09,N,N,MTA,UNK,15,00,55,MU,,2.93,S,MORAVIA RD,0,M,S,40,RP,,RAMP 8 FR MORAVIA RD TO US 40 WB,39.30635965,-76.53777838
03,24,,02,11,02,2,01,04,00,MTA01940007,06.01,01-05-2015,05:50:00,,Y,N,MTA,UNK,01,00,,,,,,4400 PARK HEIGHTS AVE,0,F,,,,,3200 WYLIE AVE,39.34115982,-76.66747928