LIGHT_CODE,COUNTY_NO,MUNI_CODE,JUNCTION_CODE,COLLISION_TYPE_CODE,SURF_COND_CODE,LANE_CODE,RD_COND_CODE,RD_DIV_CODE,FIX_OBJ_CODE,REPORT_NO,WEATHER_CODE,ACC_DATE,ACC_TIME,LOC_CODE,SIGNAL_FLAG,C_M_ZONE_FLAG,AGENCY_CODE,AREA_CODE,HARM_EVENT_CODE1,HARM_EVENT_CODE2,RTE_NO,ROUTE_TYPE_CODE,RTE_SUFFIX,LOG_MILE,LOGMILE_DIR_FLAG,MAINROAD_NAME,DISTANCE,FEET_MILES_FLAG,DISTANCE_DIR_FLAG,REFERENCE_NO,REFERENCE_TYPE_CODE,REFERENCE_SUFFIX,REFERENCE_ROAD_NAME,LATITUDE,LONGITUDE
01,24,,02,12,02,,01,02,00,MTA01940008,06.01,02-09-2015,08:00:00,,Y,N,MTA,UNK,01,00,1612,MU,,0.37,W,E 29TH ST,0,F,W,1510,MU,,ST PAUL ST,39.32326807,-76.61576629
01,24,,01,09,01,1,01,01,00,MTA01940009,88,02-19-2015,09:34:00,,N,N,MTA,UNK,01,01,1050,MU,,0.539,S,ERDMAN AVE,50,F,S,,UU,,BUS STOP,39.32320997,-76.57621443
03,24,,02,01,01,2,88,01,88,MTA01950002,88,01-22-2015,05:30:00,,N,N,MTA,UNK,01,01,4005,MU,,0.207,S,PENNSYLVANIA AVE,0,F,S,,UU,,RETREAT AVE,39.30988777,-76.64593577
03,24,,02,11,02,1,01,03,00,MTA02250007,06.01,02-08-2015,04:30:00,9S81,Y,N,MTA,UNK,01,01,1670,MU,,1.488,E,W BALTIMORE ST,0,F,E,1,US,,FULTON AVE (NB COUPLET),39.28824311,-76.64517403
03,24,,02,10,03,1,00,03,00,MTA02250008,08.04,02-15-2015,23:55:00,9S82,Y,N,MTA,UNK,01,00,1020,MU,,0.99,S,MORAVIA PARK DR,0,F,S,40,US,,PULASKI HWY,39.30868408,-76.5323925
01,24,,00,07,03,4,01,04,05,MTA02250009,08.04,02-17-2015,08:00:00,9S82,N,N,MTA,UNK,01,09,,,,,,IS 95 SB,500,F,,,,,MD 150,39.292799,-76.532157
04,24,,02,11,00,1,01,03,00,MTA02260001,00,01-18-2015,02:09:00,,Y,N,MTA,UNK,01,01,1695,MU,,1.02,W,W SARATOGA ST,0,F,W,4225,MU,,N SCHROEDER ST,39.29477789,-76.63594723
01,24,,01,07,02,2,01,03,00,MTA02260002,06.01,01-24-2015,08:40:00,,N,N,MTA,UNK,01,01,,,,,,1700 WASHINGTON BLVD,200,F,,,,,1200 S MONROE ST,39.27530459,-76.64214849
03,24,,02,08,01,3,01,02,88,MTA02280003,03,01-12-2015,18:00:00,9S51,N,N,MTA,UNK,03,00,1681,MU,,1.24,W,W FAYETTE ST,0,F,W,1870,MU,,N CAREY ST,39.28975438,-76.63822174
03,24,,01,07,02,2,01,01,00,MTA02280004,06.01,02-27-2015,19:22:00,9S52,N,N,MTA,UNK,01,00,1680,MU,,0.44,W,2800 E. FAYETTE STREET,5,F,W,,UU,,200 N. KENWOOD STREET,39.29445407,-76.57801151
03,03,,01,17,02,1,01,01,07,MTA02320001,06.01,01-01-2015,21:15:00,,N,N,MTA,UNK,09,00,1700,CO,,4.8,E,OLD COURT RD,700,F,E,6451,CO,,GREENWOOD PL,39.37406833,-76.74010277
06.02,24,,03,11,02,1,01,01,00,MTA02380005,06.01,01-21-2015,07:12:00,9N83,Y,N,MTA,UNK,01,01,1,US,,4.89,N,NORTH AVE,0,F,N,129,MD,,MCCULLOH ST,39.31024472,-76.63704157
01,24,,01,03,02,2,01,04,00,MTA02380006,06.01,01-29-2015,08:34:00,9N83,N,N,MTA,UNK,01,01,2210,MU,,0.228,W,W NORTH AVE,25,F,W,,UU,,N SMALLWOOD ST,39.30953911,-76.65291488
01,24,,02,09,02,2,01,01,00,MTA02420003,06.01,01-15-2015,08:05:00,,Y,N,MTA,UNK,00,03,147,MD,,0.027,N,HARFORD RD,0,F,N,,UU,,BUS STOP,39.32096073,-76.59101486
01,03,,01,03,02,1,01,01,00,MTA02420004,00,02-18-2015,08:30:00,,N,N,MTA,UNK,02,00,1,CO,,0,S,SHAFFER MILL RD,30,F,S,,UU,,PENNSYLVANIA ST/L,39.37430055,-76.54219866
03,24,,01,07,01,1,01,03,00,MTA02450004,08.04,01-29-2015,17:05:00,9S52,Y,N,MTA,UNK,01,01,1670,MU,,2.878,N,N.HOWARD  ST.,0,F,N,1703,MU,,W.BALTIMORE ST.,39.30454987,-76.59118652
01,24,,01,08,02,1,01,04,00,MTA02520003,00,02-23-2015,16:15:00,,N,N,MTA,UNK,01,01,2100,MU,,2.452,E,W COLD SPRING LA,5,F,E,,UU,,GRAND VIEW AVE,39.34471107,-76.64224505
01,03,,09.04,11,02,1,01,01,00,MTA02520004,06.01,02-18-2015,10:58:00,,N,N,MTA,UNK,01,01,26,MD,,4.647,E,LIBERTY RD,5,F,E,,UU,,ENT TO BUSINESS,39.35933732,-76.77335143
01,03,,01,88,04,1,05,05.01,04,MTA02540007,03,01-18-2015,07:30:00,,N,N,MTA,UNK,09,09,,,,,,MILFORD MILL ROAD,25,F,,,,,BEDFFORD ROAD ,39.34798834,-76.76662445
06.02,04,,03,03,02,1,01,01,00,ZD57840009,00,01-15-2015,19:41:00,,Y,N,CALVERT,UNK,01,00,6,CO,,0.11,W,CHANEYVILLE RD,50,F,W,4,MD,,SOUTHERN MD BLVD,38.69047166,-76.63929462
01,04,,01,17,01,,01,04,06,ZD5784000B,03,02-02-2015,11:31:00,,N,N,CALVERT,UNK,09,00,2,MD,,24.206,N,SOLOMONS ISLAND RD,500,F,N,33,CO,,COX RD,38.61348372,-76.61247253
05.02,04,,01,17,02,1,01,04,11,ZD5784000C,06.01,03-03-2015,06:07:00,,N,N,CALVERT,UNK,00,00,4,MD,,36.297,N,SOUTHERN MD BLVD,100,F,N,4,RP,,RAMP 2 FR MD 260 WB TO MD 4 NB,38.76214839,-76.65693283
01,04,,01,06,01,1,01,01,00,ZD5835000J,09.04,02-10-2015,08:57:00,,N,N,CALVERT,UNK,01,00,264,MD,,6.48,N,BROOMES ISLAND RD,160,F,N,264,MD,,YOES CORNER LA,38.49694619,-76.53839529
01,04,,01,17,02,1,01,01,10,ZD5835000K,06.01,02-05-2015,14:21:00,,N,N,CALVERT,UNK,09,00,1500,CO,,0.327,S,TOMAHAWK TR,50,F,S,1506,CO,,TEXOMA LN,38.37034006,-76.41583174
01,04,,08.04,09,02,1,01,01,00,ZD5835000L,06.01,03-23-2015,13:16:00,,N,N,CALVERT,UNK,01,00,760,MD,,1.57,N,ROUSBY HALL RD,75,F,N,1656,CO,,ANCHOR DR,38.33809029,-76.42635405
01,04,,02,17,03,,00,04,04,ZD58550007,08.04,01-06-2015,09:55:00,,N,N,CALVERT,UNK,09,00,4,MD,,32.975,N,SOUTHERN MD BLVD,0,F,N,,UU,,ENT TO COUNTRY PLAZA,38.71674097,-76.66008711
01,04,,03,05,02,1,01,01,00,ZD58550008,06.01,01-10-2015,10:28:00,,N,N,CALVERT,UNK,01,16,260,MD,,5.147,E,CHESAPEAKE BEACH RD,0,F,E,709,CO,,WOODLAND WAY,38.70776653,-76.58942699
01,04,,01,07,01,,01,04,00,ZD58550009,07.01,01-10-2015,12:13:00,,N,N,CALVERT,UNK,01,00,2,MD,,20.859,N,SOLOMONS ISLAND RD,70,M,N,165,CO,,M F BOWEN RD,38.57054874,-76.60217285
01,04,,01,88,04,2,01,04,05,ZD5855000B,08.04,01-14-2015,07:59:00,,N,N,CALVERT,UNK,01,09,2,MD,,22.404,N,SOLOMONS ISLAND RD,100,F,N,100,CO,,WALTON RD,38.58759164,-76.60974741
01,04,,11.04,17,02,1,01,01,04,ZD5855000C,07.01,01-23-2015,13:34:00,,N,N,CALVERT,UNK,09,09,2,MD,,27.89,N,SOLOMONS ISLAND RD,0,F,N,,UU,,ENT TO PARK & RIDE,38.66431417,-76.60410941
04,04,,01,17,02,1,00,04,05,ZD5855000D,06.01,02-11-2015,22:00:00,,N,N,CALVERT,UNK,09,11,2,MD,,22.404,N,SOLOMONS ISLAND RD,300,F,N,100,CO,,WALTON RD,38.58799417,-76.61017656
06.02,04,,01,17,02,1,01,04,05,ZD5855000F,06.01,02-06-2015,17:51:00,,N,N,CALVERT,UNK,09,00,2,MD,,26.17,N,SOLOMONS ISLAND RD,200,F,N,1104,CO,,NORTHWEST DR,38.640657,-76.60547733
03,04,,01,17,04,1,01,01,06,ZD5855000G,07.01,02-17-2015,19:47:00,,N,N,CALVERT,UNK,09,00,41,CO,,0,E,BOWIE SHOP RD,0,M,E,42,CO,,LOWERY RD,38.596091,-76.626171
04,04,,01,07,03,1,01,04,05,ZD5855000H,08.04,02-21-2015,20:04:00,,N,N,CALVERT,UNK,01,09,2,MD,,23.125,N,SOLOMONS ISLAND RD,100,F,N,41,CO,,BOWIE SHOP RD,38.60122639,-76.61494017
01,04,,08.04,11,02,1,01,01,00,ZD5855000J,06.01,03-22-2015,12:48:00,,N,N,CALVERT,UNK,06,00,969,CO,,0.61,E,SMALL REWARD RD,100,F,E,,UU,,CUL DE SAC,38.60558628,-76.59292459
04,04,,01,17,02,1,00,01,00,ZD5855000K,00,03-31-2015,23:15:00,,N,N,CALVERT,UNK,08,00,231,MD,,3.02,E,HALLOWING POINT RD,100,F,E,1168,CO,,THUNDER HILL DR,38.51690269,-76.62010074
04,04,,01,17,01,1,01,01,06,ZD5880000B,03,01-04-2015,00:50:00,,N,N,CALVERT,UNK,16,00,765,MD,A,1.077,N,MAIN ST,300,F,N,,UU,,HAWK HILL DR,38.53327431,-76.57903612
03,04,,00,17,02,1,01,04,00,ZD5880000F,00,01-30-2015,18:39:00,,N,N,CALVERT,UNK,10,00,2,MD,,18.359,N,SOLOMONS ISLAND RD,0,F,N,208,CO,,DUKE ST,38.54125942,-76.58992052
01,04,,02,03,02,1,01,01,00,ZD5880000G,00,02-18-2015,08:50:00,,Y,N,CALVERT,UNK,01,00,231,MD,,1.53,E,HALLOWING POINT RD,0,F,E,54,CO,,SIXES RD,38.50709514,-76.64102733
01,04,,02,02,02,,01,04,00,ZD5880000J,06.01,02-24-2015,10:08:00,,Y,N,CALVERT,UNK,01,00,402,MD,,0,E,DARES BEACH RD,0,F,E,2,MD,,SOLOMONS ISLAND RD,38.54672218,-76.58981323
01,04,,03,03,02,,01,03,00,ZD5880000K,06.01,02-27-2015,16:40:00,,N,N,CALVERT,UNK,01,01,231,MD,,4.17,E,HALLOWING POINT RD,1,F,E,137,CO,,STAFFORD RD,38.53089497,-76.61193609
01,16,,01,07,01,1,01,04,00,MSP6366001Q,06.01,01-18-2015,15:13:00,,N,N,MSP,UNK,01,00,95,IS,,14.78,N,CAPITAL BELTWAY,50,F,N,,UU,,EXIT #15,38.90161217,-76.85054167
03,16,,01,03,02,2,01,04,00,MSP6366001R,06.01,01-19-2015,18:39:00,,Y,N,MSP,UNK,01,01,301,US,,14.81,N,CRAIN HWY,100,F,N,725,MD,,MARLBORO PIKE,38.82423017,-76.73501767
04,16,,01,17,02,2,01,02,05,MSP6366001S,06.01,01-29-2015,02:45:00,,N,N,MSP,UNK,09,00,210,MD,,13.132,N,INDIAN HEAD HWY,100,F,N,95,IS,,CAPITAL BELTWAY,38.7290355,-76.9926365
01,16,,01,99,01,3,01,04,00,MSP6366001T,03,02-02-2015,10:35:00,,N,N,MSP,UNK,01,00,95,IS,,10.78,N,CAPITAL BELTWAY,100,F,N,,UU,,EXIT #11,38.89902,-76.82298617
01,16,,01,03,02,1,01,04,00,MSP6366001V,06.01,02-03-2015,07:38:00,,N,N,MSP,UNK,01,01,95,IS,,1.525,N,CAPITAL BELTWAY,100,F,N,,UU,,CROSSOVER,38.7942185,-77.0194195
03,16,,01,03,02,3,01,04,00,MSP6366001W,06.01,02-11-2015,17:18:00,,N,N,MSP,UNK,01,00,95,IS,,18.54,N,CAPITAL BELTWAY,200,F,N,,UU,,EXIT #19,38.921566,-76.85256217
00,16,,00,03,02,3,01,04,00,MSP6366001X,06.01,02-11-2015,20:19:00,,N,N,MSP,UNK,01,00,301,US,,1.17,N,CRAIN HWY,100,F,N,6554,CO,,CHADDS FORD DR,38.6786785,-76.87528817
01,16,,01,88,02,2,01,04,00,MSP6366001Y,06.01,02-12-2015,14:24:00,,N,N,MSP,UNK,01,00,95,IS,,14.78,N,CAPITAL BELTWAY,200,F,N,,UU,,EXIT #15,38.90612167,-76.85031483
03,16,,01,03,02,3,01,04,00,MSP6366001Z,06.01,02-12-2015,17:45:00,,N,N,MSP,UNK,01,01,5,MD,,11.93,N,BRANCH AVE,100,F,N,95,RP,,RAMP 5 FR MD 5 SB TO IS 95 NB,39.47155467,-76.334403
01,16,,01,03,02,1,01,04,00,MSP63660020,06.01,02-14-2015,15:31:00,,N,N,MSP,UNK,01,00,301,US,,13.95,N,CRAIN HWY,50,F,N,301,RP,,RAMP 4 FR US 301 NB TO MD 4 EB,38.81490917,-76.73813033
01,16,,01,03,02,3,01,04,00,MSP63660021,06.01,02-27-2015,13:36:00,,N,N,MSP,UNK,01,01,5,MD,,11.95,N,BRANCH AVE,1,M,N,,UU,,EXIT #7,38.8114435,-76.91033117
01,16,,01,17,01,,88,02,05,MSP63660022,12.04,03-01-2015,08:35:00,,N,N,MSP,UNK,09,00,95,IS,,7.331,N,CAPITAL BELTWAY,1,M,N,95,RP,,RAMP 1 FR MD 5 NB TO IS 95 SB (WB),38.81718867,-76.91699183
01,16,,01,17,01,4,01,01,11,MSP63660023,12.04,03-01-2015,09:36:00,,N,N,MSP,UNK,00,00,95,IS,,10.78,N,CAPITAL BELTWAY,100,F,N,,UU,,EXIT #11,38.8366515,-76.869366
01,16,,01,03,01,,01,04,00,MSP63660024,12.04,03-01-2015,09:58:00,,N,N,MSP,UNK,01,00,95,IS,,10.78,N,CAPITAL BELTWAY,100,F,N,,UU,,EXIT #11,38.8366475,-76.86937317
01,16,,01,03,02,1,01,04,00,MSP63660026,06.01,03-09-2015,15:59:00,,N,N,MSP,UNK,01,00,301,US,,21.31,N,CRAIN HWY,200,F,N,73,CO,,MITCHELLVILLE RD,38.91494483,-76.71735517
01,16,,01,03,01,2,01,04,00,MSP63660027,03,03-10-2015,15:00:00,,N,N,MSP,UNK,01,00,5,MD,,6.55,N,BRANCH AVE,1,M,N,130,CO,,SURRATTS RD,38.75958333,-76.88040817
01,16,,02,88,01,1,01,04,00,MSP63660028,03,03-10-2015,18:14:00,,Y,N,MSP,UNK,01,00,214,MD,,9.645,E,CENTRAL AVE,0,F,E,,UU,,HALL STATION RD,38.9021355,-76.74026817
01,16,,01,07,02,2,01,04,05,MSP63660029,06.01,03-11-2015,14:32:00,,N,N,MSP,UNK,01,09,5,MD,,8.53,N,BRANCH AVE,1,M,N,5,MD,,MALCOLM RD,38.79179067,-76.89813667
01,16,,01,07,01,3,01,04,00,MSP6366002B,03,03-27-2015,10:33:00,,N,N,MSP,UNK,01,00,95,IS,,15.83,N,CAPITAL BELTWAY,1,M,N,202,MD,F,ARENA DR,38.92638867,-76.85436067
01,16,,01,07,02,1,01,04,05,MSP6366002C,06.01,03-28-2015,10:23:00,,N,N,MSP,UNK,01,09,95,IS,,10.78,N,CAPITAL BELTWAY,1,M,N,,UU,,EXIT #11,38.82335617,-76.884302
01,13,,01,17,01,2,01,04,00,MSP64660004,03,02-02-2015,12:09:00,,N,N,MSP,UNK,15,00,95,IS,,9.585,N,NO NAME,100,F,N,,UU,,MILE MARKER 44,39.22559,-76.71754
01,13,,01,17,02,3,01,04,00,MSP64660005,06.01,02-03-2015,11:54:00,,N,N,MSP,UNK,15,00,95,IS,,8.27,N,NO NAME,0,F,N,100,MD,,NO NAME,39.19542826,-76.76885605
01,13,,01,03,01,1,01,04,00,MSP64660006,03,03-04-2015,16:23:00,,N,N,MSP,UNK,01,00,95,IS,,1.74,N,NO NAME,0,F,N,,UU,,CROSSOVER,39.13428167,-76.85453817
01,13,,01,17,03,1,01,04,05,MSP64660007,10.04,03-05-2015,17:39:00,,N,N,MSP,UNK,09,13,95,IS,,1.22,N,NO NAME,200,F,N,95,RP,,RAMP 1 FR IS 95 NB TO MD 216 WB,39.13415333,-76.85436267
03,13,,00,17,02,,01,04,14.05,MSP64660008,06.01,03-06-2015,21:29:00,,N,N,MSP,UNK,09,00,95,IS,,5.99,N,NO NAME,200,F,N,95,RP,,RAMP 4 FR IS 95 NB TO MD 175 EB,39.1750385,-76.7938915
04,13,,00,03,02,4,01,04,00,MSP64660009,06.01,03-07-2015,19:34:00,,N,N,MSP,UNK,01,16,95,IS,,8.27,N,NO NAME,0,F,N,100,MD,,NO NAME,39.18647917,-76.77708267
04,13,,01,17,02,3,01,04,01,MSP6466000B,06.01,03-08-2015,20:05:00,,N,N,MSP,UNK,09,09,70,IS,,19.39,E,NO NAME,0,F,E,,UU,,BEGIN BRIDGE,39.30450421,-76.79615557
01,13,,05.01,03,02,,01,04,00,MSP6466000C,06.01,03-23-2015,09:20:00,,N,N,MSP,UNK,01,01,100,MD,,5.55,E,NO NAME,0,F,E,95,RP,,RAMP 7 FR MD 100 WB TO IS 95 SB,39.1927715,-76.7611265
04,15,,01,03,02,3,01,04,00,MSP64670004,06.01,02-05-2015,18:38:00,,N,N,MSP,UNK,01,00,495,IS,,6.63,E,CAPITAL BELTWAY,200,F,E,,UU,,MD 355 SB/L,39.000498,-77.157002
06.02,15,,01,09,02,4,01,04,00,MSP64670005,06.01,02-07-2015,14:10:00,,N,N,MSP,UNK,01,00,495,IS,,10.44,E,CAPITAL BELTWAY,10,F,E,97,MD,,GEORGIA AVE,39.0132985,-77.04353571
04,15,,01,03,02,3,01,04,00,MSP64670006,06.01,02-07-2015,18:20:00,,N,N,MSP,UNK,01,00,270,IS,,6.46,N,EISENHOWER MEMORIAL HWY,100,F,N,28,MD,,W MONTGOMERY AVE,39.09366477,-77.17567205
06.02,15,,01,03,02,2,01,04,00,MSP64670007,06.01,02-06-2015,17:35:00,,N,N,MSP,UNK,01,00,495,IS,,1.11,E,CAPITAL BELTWAY,500,F,E,781,CO,,PERSIMMON TREE RD,38.98283109,-77.16741085
03,15,,01,17,02,1,01,04,15.05,MSP64670008,06.01,02-14-2015,03:49:00,,N,N,MSP,UNK,09,00,270,IS,,8.39,N,EISENHOWER MEMORIAL HWY,200,F,N,212,CO,,SHADY GROVE RD,39.10716958,-77.18371868
04,15,,01,17,04,1,01,04,15.05,MSP64670009,12.04,02-14-2015,23:31:00,,N,N,MSP,UNK,09,00,495,IS,,2.37,E,CAPITAL BELTWAY,300,F,E,190,MD,,RIVER RD,39.00181014,-77.15620995
04,15,,01,17,02,1,01,04,15.05,MSP6467000B,06.01,02-14-2015,04:28:00,,N,N,MSP,UNK,09,00,495,IS,,8.24,E,CAPITAL BELTWAY,300,F,E,185,MD,,CONNECTICUT AVE,39.00934699,-77.06634521
01,15,,01,11,03,1,01,04,00,MSP6467000C,08.04,02-21-2015,14:12:00,,N,N,MSP,UNK,01,00,495,IS,,4.21,E,CAPITAL BELTWAY,400,F,E,167,CO,,GREENTREE RD,39.01308176,-77.14632869
01,15,,01,03,03,2,01,04,00,MSP6467000D,07.01,02-22-2015,08:40:00,,N,N,MSP,UNK,01,00,270,IS,,4.14,N,EISENHOWER MEMORIAL HWY,100,F,N,927,MD,,MONTROSE RD,39.05448452,-77.15333462
04,15,,01,88,06.03,4,01,04,00,MSP6467000F,12.04,02-21-2015,22:30:00,,N,N,MSP,UNK,10,00,495,IS,,8.24,E,CAPITAL BELTWAY,2,M,E,185,MD,,CONNECTICUT AVE,39.01308176,-77.06286907
01,15,,01,03,03,3,01,04,00,MSP6467000G,08.04,02-21-2015,10:44:00,,N,N,MSP,UNK,01,00,270,IS,,18.43,N,EISENHOWER MEMORIAL HWY,1,M,N,121,MD,,CLARKSBURG RD,39.23717275,-77.28961229
01,15,,01,07,02,3,01,04,05,MSP6467000H,06.01,02-20-2015,12:53:00,,N,N,MSP,UNK,01,09,495,IS,,8.24,E,CAPITAL BELTWAY,200,F,E,185,MD,,CONNECTICUT AVE,39.00647908,-77.07003593
01,15,,01,03,02,3,01,04,00,MSP6467000J,06.01,02-24-2015,09:24:00,,N,N,MSP,UNK,01,00,270,IS,,15.78,N,EISENHOWER MEMORIAL HWY,1,M,N,4556,CO,,FATHER HURLEY BLVD,39.20510602,-77.27178097
01,15,,01,17,01,2,01,04,15.05,MSP6467000K,09.04,03-01-2015,16:20:00,,N,N,MSP,UNK,09,00,270,IS,,5.5,N,EISENHOWER MEMORIAL HWY,1,M,N,189,MD,,FALLS RD,39.0799908,-77.17095137
07.88,15,,01,03,01,2,01,04,00,MSP6467000M,08.04,03-01-2015,18:42:00,,N,N,MSP,UNK,01,00,29,US,,12.249,N,COLUMBIA PIKE,1,M,N,,UU,,HOWARD CO/L,39.1273304,-76.92232132
07.88,15,,01,03,02,1,01,04,15.05,MSP6467000N,00,03-02-2015,22:07:00,,N,N,MSP,UNK,01,09,495,IS,,11.88,E,CAPITAL BELTWAY,1,M,E,29,US,,COLESVILLE RD,39.01704233,-77.02719883
05.02,15,,01,03,02,1,01,04,00,MSP6467000P,06.01,03-18-2015,05:20:00,,N,N,MSP,UNK,01,00,270,IS,Y,0.995,N,NO NAME,100,F,N,166,CO,Y,DEMOCRACY BLVD,39.01950044,-77.14481592
01,15,,01,03,01,3,01,04,00,MSP6467000Q,08.04,03-20-2015,09:13:00,,N,N,MSP,UNK,01,00,495,IS,,3.69,E,CAPITAL BELTWAY,1,M,E,191,MD,,BRADLEY BLVD,39.01274831,-77.14977264
01,15,,01,03,02,1,01,04,00,MSP6467000R,06.01,03-27-2015,18:20:00,,N,N,MSP,UNK,01,00,495,IS,,2.37,E,CAPITAL BELTWAY,200,F,E,190,MD,,RIVER RD,38.99320617,-77.15768583
01,15,,01,88,02,2,01,04,00,MSP6467000S,06.01,03-28-2015,15:20:00,,N,N,MSP,UNK,12,00,270,IS,,4.9,N,EISENHOWER MEMORIAL HWY,200,F,N,2593,MU,,WOOTTON PKWY,39.06489283,-77.15642367
01,15,,01,03,02,1,01,04,00,MSP6467000T,06.01,03-28-2015,16:39:00,,N,N,MSP,UNK,01,00,495,IS,,2.37,E,CAPITAL BELTWAY,100,F,E,190,MD,,RIVER RD,38.988615,-77.15683167
01,15,,01,17,02,1,01,04,15.05,MSP6467000V,06.01,03-28-2015,17:27:00,,N,N,MSP,UNK,15,09,495,IS,,6.63,E,CAPITAL BELTWAY,50,F,E,,UU,,MD 355 SB/L,39.0169247,-77.09982991
01,15,,01,07,02,4,01,04,00,MSP64670012,06.01,03-26-2015,16:29:00,,N,N,MSP,UNK,01,00,270,IS,,1.54,N,EISENHOWER MEMORIAL HWY,100,F,N,,UU,,EXIT #1A,39.01746653,-77.14736938
01,17,,01,17,01,1,01,04,05,MSP64680004,06.01,01-13-2015,08:10:00,,N,N,MSP,UNK,16,09,301,US,,20.48,N,BLUE STAR MEMORIAL HWY,300,F,N,304,MD,,RUTHSBURG RD,39.02357467,-76.031711
01,17,,01,02,02,1,01,01,00,MSP64680005,06.01,01-13-2015,13:49:00,,N,N,MSP,UNK,01,00,309,MD,,9.11,N,STARR RD,600,F,N,213,MD,,CENTREVILLE RD,39.00055633,-76.07051183
03,17,,01,17,02,1,01,01,04,MSP64680006,06.01,01-25-2015,23:55:00,,N,N,MSP,UNK,08,09,18,MD,A,2.5,S,LOVE POINT RD,1,M,S,584,CO,A,LARCH PL,38.98424617,-76.31652917
03,17,,01,17,02,1,01,01,00,MSP64680007,06.01,02-11-2015,18:06:00,,N,N,MSP,UNK,08,00,213,MD,,12.25,N,CHURCH HILL RD,750,F,N,104,CO,,BRICK SCHOOL HOUSE RD,39.086755,-76.03260017
01,24,,01,01,02,1,01,03,00,MTA02540008,06.01,03-28-2015,10:40:00,,N,N,MTA,UNK,01,01,,,,,, 500 E. PATAPSCO AVE.,35,F,,,,,3600 BLOCK OF 4TH STREET,39.23722261,-76.60116434
01,24,,01,03,01,1,01,04,00,MTA02570006,06.01,01-22-2015,09:15:00,9N23,N,N,MTA,UNK,01,01,129,MD,,2.61,N,PARK HEIGHTS AVE,20,F,N,140,MD,,REISTERSTOWN RD,39.33325183,-76.66179299
01,24,,01,03,02,2,01,04,00,MTA02570007,06.01,01-22-2015,15:10:00,9N23,Y,N,MTA,UNK,01,01,,,,,,4100 BELVEDERE AVE,10,F,,,,,5200 REISTERSTOWN RD,39.3428276,-76.68359399
01,24,,01,07,02,2,01,03,00,MTA02570009,07.01,02-14-2015,11:30:00,9N23,N,N,MTA,UNK,02,00,1,US,,4.39,N,NORTH AVE,500,F,N,140,MD,,N FULTON AVE (NB COUPLET),39.30982966,-76.64674044
01,24,,01,03,03,1,01,02,00,MTA02610001,08.04,01-06-2015,12:24:00,9N22,Y,N,MTA,UNK,01,01,1611,MU,,0.93,E,W 28TH ST,0,U,E,139,MD,,N CHARLES ST,39.32174922,-76.61732197
03,24,,01,03,02,2,01,03,00,MTA02610002,06.01,01-13-2015,01:15:00,9S81,N,N,MTA,UNK,01,01,144,MD,,1.87,E,FREDERICK AVE,100,F,E,4110,MU,,S MORLEY ST,39.28179076,-76.6776824
01,03,,01,07,03,3,88,04,00,MTA02610004,06.01,02-27-2015,10:47:00,,N,N,MTA,UNK,01,01,542,MD,,2.08,N,LOCH RAVEN BLVD,20,F,N,3488,CO,,YAKONA RD,39.39633313,-76.56322718
01,24,,11.04,11,02,4,01,02,00,MTA02700006,06.01,03-15-2015,15:30:00,,N,N,MTA,UNK,01,00,1390,MU,,1.179,W,E LOMBARD ST,0,F,W,,UU,,ENT TO PARKING GARAGE,39.28799399,-76.60564899
03,03,,02,03,02,,01,01,00,MTA02750002,06.01,02-11-2015,19:50:00,9N52,Y,N,MTA,UNK,01,01,866,CO,,1.41,W,RIDGELY RD,0,F,W,45,MD,,YORK RD,39.43011893,-76.62151694
01,24,,01,13,00,2,01,04,07,MTA02760003,06.01,02-05-2015,13:38:00,,N,N,MTA,UNK,01,09,1022,MU,,1.824,N,W NORTHERN PKWY,5,F,N,,UU,,MAGNOLIA AVE,39.35179643,-76.68550372
01,03,,03,03,02,2,01,03,00,MTA02770002,06.01,01-05-2015,11:00:00,,Y,N,MTA,UNK,01,00,45,MD,,7.259,N,YORK RD,15,F,N,,UU,,FRANKEL WAY,39.46877511,-76.63841486
01,24,,03,03,02,,01,04,00,MTA02770003,06.01,01-19-2015,15:53:00,,Y,N,MTA,UNK,01,00,1,US,,5.54,N,NORTH AVE,90,F,N,1780,MU,,MT ROYAL AVE,39.31077599,-76.62725687
01,02,,01,03,02,2,01,04,00,MTA0279000B,06.01,01-28-2015,08:50:00,9S24,N,N,MTA,UNK,01,00,2,MD,,40.18,N,GOV RITCHIE HWY,400,F,N,321,CO,,SHORT ST,39.21668597,-76.61432862
01,24,,02,17,01,,01,02,00,MTA0279000C,12.04,02-25-2015,15:00:00,9S22,Y,N,MTA,UNK,15,00,1392,MU,,0.14,E,E PRATT ST,0,F,E,2,MD,,CALVERT ST (NB COUPLET),39.28655326,-76.61224723
01,02,,01,03,01,3,00,88,00,MTA02800004,03,01-12-2015,08:50:00,9S42,Y,N,MTA,UNK,01,01,2,MD,,35.59,N,GOV RITCHIE HWY,4,F,N,698,CO,,AQUAHART RD,39.15355913,-76.61438227
01,24,,01,03,02,1,03,01,00,MTA02800005,06.01,02-28-2015,15:56:00,00012304,Y,N,MTA,UNK,01,00,648,MD,E,0.14,N,ANNAPOLIS RD,1,F,N,100,MU,E,W PATAPSCO AVE,39.24877234,-76.63980961
01,24,,02,00,02,4,01,02,00,MTA02810008,07.01,01-22-2015,16:45:00,,Y,N,MTA,UNK,01,00,1480,MU,,0.38,E,GAY ST,0,F,E,1690,MU,,E SARATOGA ST,39.29210427,-76.60889983