LIGHT_CODE,COUNTY_NO,MUNI_CODE,JUNCTION_CODE,COLLISION_TYPE_CODE,SURF_COND_CODE,LANE_CODE,RD_COND_CODE,RD_DIV_CODE,FIX_OBJ_CODE,REPORT_NO,WEATHER_CODE,ACC_DATE,ACC_TIME,LOC_CODE,SIGNAL_FLAG,C_M_ZONE_FLAG,AGENCY_CODE,AREA_CODE,HARM_EVENT_CODE1,HARM_EVENT_CODE2,RTE_NO,ROUTE_TYPE_CODE,RTE_SUFFIX,LOG_MILE,LOGMILE_DIR_FLAG,MAINROAD_NAME,DISTANCE,FEET_MILES_FLAG,DISTANCE_DIR_FLAG,REFERENCE_NO,REFERENCE_TYPE_CODE,REFERENCE_SUFFIX,REFERENCE_ROAD_NAME,LATITUDE,LONGITUDE
01,21,,02,11,02,1,01,01,00,MSP56620029,06.01,02-01-2015,09:13:00,,Y,N,MSP,UNK,01,00,40,US,,28.87,E,NATIONAL PIKE,0,F,E,84,CO,,INDEPENDENCE RD,39.65716683,-77.849481
01,21,,01,17,04,1,01,01,05,MSP5662002B,07.01,02-02-2015,07:51:00,,N,N,MSP,UNK,09,09,40,US,,22.97,E,NATIONAL PIKE,500,F,E,,UU,,BAKERS LA,39.65473933,-77.9572475
01,21,,01,03,02,1,01,04,00,MSP5662002C,00,03-30-2015,16:34:00,,N,N,MSP,UNK,01,00,81,IS,,4.63,N,MARYLAND VETERANS MEMORIAL HWY,0,F,N,666,CO,,HALFWAY BLVD,39.628003,-77.774556
01,12,,03,03,02,1,01,01,00,MSP5740003W,06.01,01-05-2015,12:11:00,00,Y,N,MSP,UNK,01,00,1,US,,0.52,N,BELAIR RD,0,F,N,274,CO,,RECKORD RD,39.47997633,-76.40457467
05.02,12,,01,17,02,1,01,01,05,MSP5740003X,07.01,01-05-2015,07:20:00,00,N,N,MSP,UNK,09,16,543,MD,,12.88,N,ADY RD,500,F,N,564,CO,,SMITHSON DR,39.6096227,-76.33205295
05.02,12,,01,01,04,1,01,01,05,MSP5740003Y,03,01-18-2015,08:10:00,00,N,N,MSP,UNK,09,01,23,MD,,2.78,W,EAST WEST HWY,1,M,W,225,CO,,GRAFTON SHOP RD,39.57487383,-76.40628117
06.02,06,,02,02,01,,01,01,00,MSP5459002F,06.01,01-20-2015,16:39:00,,Y,N,MSP,UNK,01,00,26,MD,,10.93,E,LIBERTY RD,0,F,E,697,CO,,HEMLOCK DR W,39.39988633,-76.9358185
01,06,,00,17,03,,01,01,06,MSP5459002J,08.04,03-01-2015,09:15:00,,N,N,MSP,UNK,09,09,97,MD,,10.15,N,NEW WASHINGTON RD,600,F,N,285,CO,,NICODEMUS RD,39.484688,-76.99750133
01,06,,02,11,06.03,,01,01,00,MSP5459002K,12.04,03-01-2015,12:19:00,,N,N,MSP,UNK,01,00,1404,CO,,1.202,W,PINEY RIDGE PKWY,0,F,W,26,MD,,LIBERTY RD,39.40875967,-76.96854617
01,06,,02,02,02,2,01,01,00,MSP5459002L,06.01,03-09-2015,18:36:00,,Y,N,MSP,UNK,01,00,26,MD,,10.41,E,LIBERTY RD,0,F,E,1043,CO,,GEORGETOWN BLVD,39.40238733,-76.94471317
01,15,,01,17,02,1,01,04,09,MSP54610013,07.01,02-09-2015,13:45:00,,N,Y,MSP,UNK,09,00,144,CO,,1,E,MONTROSE RD,200,F,E,148,CO,,SEVEN LOCKS RD,39.057109,-77.160753
05.02,10,,01,17,02,1,01,04,00,MSP54610014,06.01,03-16-2015,07:45:00,,N,N,MSP,UNK,88,00,70,IS,,16.89,E,BALTO NATIONAL PIKE,700,F,E,,UU,,EXIT #56,39.40476454,-77.38778114
03,12,,02,11,02,1,01,01,00,MSP56560020,06.01,01-02-2015,19:59:00,00,Y,N,MSP,UNK,01,00,7,MD,,4.03,E,PHILADELPHIA RD,0,F,E,1988,CO,,EDGEWOOD RD,39.44512557,-76.30934463
06.02,12,,01,17,02,1,01,04,00,MSP56560021,06.01,01-02-2015,17:09:00,00,N,N,MSP,UNK,04,00,24,MD,,2.86,N,VIETNAM VETERANS MEMORIAL HWY,20,F,N,7,MD,,PHILADELPHIA RD,39.44741165,-76.30092859
01,12,,02,11,01,1,01,01,00,MSP56560022,03,01-03-2015,16:03:00,,Y,N,MSP,UNK,01,00,924,MD,,1.91,N,EMMORTON RD,0,F,N,452,CO,,ST MARYS CHURCH RD,39.48832693,-76.31831073
03,12,,01,17,04,,01,04,05,MSP56560023,00,01-07-2015,05:12:00,00,N,N,MSP,UNK,09,00,40,US,,6.35,E,PULASKI HWY,0,M,E,1044,CO,,ABINGDON RD,39.45325708,-76.2731062
03,12,,01,17,04,1,01,01,00,MSP56560024,06.01,01-11-2015,05:57:00,00,N,N,MSP,UNK,11,00,543,MD,,12.01,N,ADY RD,0,M,N,195,CO,,GIBSON RD,39.60128842,-76.34004887
01,12,,01,03,04,2,01,04,05,MSP56560025,03,01-18-2015,07:59:00,00,N,N,MSP,UNK,01,09,24,MD,,2.05,N,VIETNAM VETERANS MEMORIAL HWY,0,F,N,40,US,,PULASKI HWY,39.43764487,-76.302218
01,12,,01,17,04,,01,01,07,MSP56560026,03,01-18-2015,11:24:00,00,N,N,MSP,UNK,16,09,136,MD,,8.1,N,PRIESTFORD RD,0,M,N,2017,CO,,NORTHERN DANCER CT,39.59094957,-76.25894368
03,04,,01,01,02,1,01,01,09,MSP5668000H,07.01,03-09-2015,06:17:00,,N,N,MSP,UNK,01,16,263,MD,,1.81,E,PLUM POINT RD,50,F,E,761,MD,,OLD PLUM POINT RD,38.599944,-76.580635
03,04,,02,03,02,,05,01,00,MSP5668000J,06.01,03-28-2015,00:14:00,,Y,N,MSP,UNK,01,00,765,MD,J,0,E,CALVERT BEACH RD,0,F,E,2,MD,J,SOLOMONS ISLAND RD,38.470385,-76.511182
01,12,,01,88,03,1,01,01,07,MSP5740003Z,08.04,01-26-2015,11:19:00,00,N,N,MSP,UNK,01,09,439,MD,,1.22,E,OLD YORK RD,1,M,E,23,MD,,NORRISVILLE RD,39.64561567,-76.556887
01,12,,01,17,02,1,01,01,10,MSP57400040,07.01,02-28-2015,16:10:00,00,Y,N,MSP,UNK,09,00,23,MD,,10.44,W,NORRISVILLE RD,1,M,W,22,CO,,MADONNA RD,39.61226283,-76.531693
01,12,,01,17,04,1,01,01,05,MSP57400041,07.01,03-21-2015,07:44:00,00,N,N,MSP,UNK,09,00,1,US,,11.51,N,CONOWINGO RD,0,M,N,189,CO,,ALLIBONE RD,39.62081336,-76.29908323
01,07,,02,11,02,1,01,04,00,MSP5741000Y,06.01,01-13-2015,09:50:00,00,Y,N,MSP,UNK,01,00,40,US,,3.94,E,PULASKI HWY,0,F,E,,UU,,SPUR FR BELVIDERE RD,39.5827755,-76.02147767
01,07,,01,17,02,1,01,01,11,MSP57410010,06.01,03-07-2015,07:36:00,00,N,N,MSP,UNK,16,09,281,MD,,1.17,E,RED HILL RD,15,F,E,478,MU,,PATRIOTS WAY,39.61651583,-75.80330372
01,07,,01,17,03,1,01,04,05,MSP57410011,08.04,03-05-2015,11:30:00,00,N,N,MSP,UNK,16,09,40,US,,13.02,E,PULASKI HWY,10,F,E,204,CO,,OLD ELK NECK RD,39.60684541,-75.85774183
01,07,,01,02,01,1,03,01,02,MSP57410012,06.01,03-07-2015,12:15:00,00,N,N,MSP,UNK,15,09,222,MD,,3.25,N,BAINBRIDGE RD,25,F,N,105,CO,,RED BARN RD,39.60014983,-76.0735015
01,07,,02,11,02,1,01,04,05,MSP57410013,06.01,03-13-2015,15:46:00,00,Y,N,MSP,UNK,01,00,40,US,,3.95,E,PULASKI HWY,0,F,E,87,CO,,BELVIDERE RD,39.58269567,-76.0216615
01,07,,02,11,02,1,01,01,00,MSP57410014,06.01,03-15-2015,17:29:00,00,Y,N,MSP,UNK,01,00,102,CO,,0,N,JACKSON STATION RD,0,F,N,7,MD,B,PRINCIPIO FURNACE RD,39.57653067,-76.035466
01,19,,00,17,02,1,01,04,00,MSP5464000Q,00,01-31-2015,11:51:00,07,N,N,MSP,UNK,18,00,13,US,,9.73,N,OCEAN HWY,0,M,N,640,MD,,REVELLS NECK RD,38.15643883,-75.691867
03,12,,02,07,02,1,01,01,00,MSP56560027,06.01,01-25-2015,17:46:00,00,N,N,MSP,UNK,01,16,543,MD,,2.65,N,CRESWELL RD,0,F,N,473,CO,,GOAT HILL RD,39.49501267,-76.2612031
03,12,,01,17,01,1,01,01,10,MSP56560028,03,01-26-2015,18:19:00,00,N,N,MSP,UNK,16,09,7,MD,,0.74,E,PHILADELPHIA RD,20,F,E,2380,CO,,GUNPOWDER RIDGE RD,39.43126328,-76.36721975
03,12,,01,03,02,1,01,01,00,MSP56560029,06.01,01-27-2015,18:22:00,00,N,N,MSP,UNK,01,00,543,MD,,2.65,N,CRESWELL RD,0,M,N,473,CO,,GOAT HILL RD,39.49108293,-76.2575136
01,12,,02,07,04,,01,04,04,MSP5656002B,06.01,02-10-2015,08:07:00,00,N,N,MSP,UNK,09,01,24,MD,,2.86,N,VIETNAM VETERANS MEMORIAL HWY,0,F,N,7,MD,,PHILADELPHIA RD,39.44807743,-76.3016732
01,12,,01,07,04,,01,04,04,MSP5656002C,06.01,02-10-2015,10:42:00,00,N,N,MSP,UNK,16,02,40,US,,0.4,E,PULASKI HWY,0,M,E,588,CO,,ENFIELD RD,39.4275664,-76.36503313
01,12,,01,06,02,1,01,01,00,MSP5656002D,06.01,03-17-2015,18:51:00,00,N,N,MSP,UNK,01,00,152,MD,,4.52,N,MOUNTAIN RD,0,M,N,1331,CO,,OLD MOUNTAIN RD CEN,39.46121967,-76.363736
01,21,,01,17,02,1,01,04,05,MSP57430021,06.01,01-10-2015,08:36:00,,N,N,MSP,UNK,09,00,70,IS,,25.69,E,EISENHOWER MEMORIAL HWY,15,F,E,,UU,,BEGIN BRIDGE,39.61647467,-77.7860805
04,21,,02,11,00,1,01,01,00,MSP57430022,06.01,01-16-2015,20:10:00,,Y,N,MSP,UNK,01,00,57,MD,,1.85,N,ST PAUL RD,0,F,N,756,CO,,BROADFORDING RD,39.68524933,-77.8837155
03,21,,02,11,01,1,01,01,00,MSP57430023,03,02-09-2015,17:56:00,,Y,N,MSP,UNK,01,00,65,MD,,11.04,N,SHARPSBURG PIKE,0,F,N,400,CO,,OAK RIDGE DR,39.61233633,-77.73024267
04,21,,01,17,02,,01,04,05,MSP57430024,06.01,02-10-2015,19:16:00,,N,N,MSP,UNK,09,00,70,IS,,32.58,E,EISENHOWER MEMORIAL HWY,300,F,E,,UU,,MILE MARKER 33.0,39.6003995,-77.67262567
01,21,,01,03,02,1,01,04,00,MSP57430025,06.01,03-06-2015,14:44:00,,N,N,MSP,UNK,01,00,81,IS,,6.47,N,MARYLAND VETERANS MEMORIAL HWY,100,F,N,144,MD,,WASHINGTON ST,39.648481,-77.75444783
04,21,,01,17,02,,01,04,06,MSP57430026,06.01,03-09-2015,22:02:00,,N,N,MSP,UNK,09,00,70,IS,,7.91,E,EISENHOWER MEMORIAL HWY,0,F,E,,UU,,MILE MARKER 8.0,39.66881,-78.07093
01,21,,01,03,02,1,01,04,00,MSP57430027,06.01,03-23-2015,07:47:00,,N,N,MSP,UNK,01,01,70,IS,,27.75,E,EISENHOWER MEMORIAL HWY,300,F,E,,UU,,EXIT #28,39.60569644,-77.74539471
01,21,,01,03,02,1,01,04,00,MSP57430028,06.01,03-23-2015,11:26:00,,N,N,MSP,UNK,01,00,81,IS,,7.98,N,MARYLAND VETERANS MEMORIAL HWY,0,F,N,,UU,,MILE MARKER 8.0,39.67284117,-77.7347385
01,21,,01,03,04,1,01,04,05,MSP57430029,03,03-25-2015,09:17:00,,N,N,MSP,UNK,09,01,68,IS,,2.52,E,NATIONAL FREEWAY,1,M,E,,UU,,MILE MARKER 74.0,39.71945086,-78.2836175
01,21,,01,17,04,2,01,04,05,MSP5743002B,12.04,03-25-2015,09:32:00,,N,N,MSP,UNK,09,00,68,IS,,2.52,E,NATIONAL FREEWAY,1,M,E,,UU,,MILE MARKER 74.0,39.71948387,-78.28452945
01,16,,01,07,02,3,01,04,00,MSP54660043,06.01,01-06-2015,15:34:00,,N,N,MSP,UNK,01,00,95,IS,,16.56,N,CAPITAL BELTWAY,100,F,N,202,MD,,LANDOVER RD,38.91576329,-76.85127497
01,16,,01,03,02,2,01,01,00,MSP54660044,06.01,01-02-2015,13:06:00,,N,N,MSP,UNK,01,01,301,US,,22.65,N,CRAIN HWY,100,F,N,104,CO,,MILL BRANCH RD,38.93584522,-76.71757221
01,16,,01,07,02,3,01,04,00,MSP54660045,07.01,01-08-2015,15:44:00,,N,N,MSP,UNK,01,00,5,MD,,7.85,N,BRANCH AVE,500,F,N,223,MD,,WOODYARD RD,38.77558265,-76.88779593
01,16,,01,03,02,4,01,04,00,MSP54660046,06.01,01-09-2015,16:51:00,,N,N,MSP,UNK,01,00,95,IS,,7.3,N,CAPITAL BELTWAY,100,F,N,5,MD,,BRANCH AVE,38.81971551,-76.92519665
03,16,,05.01,17,01,,01,02,04,MSP54660047,07.01,01-16-2015,02:10:00,,N,N,MSP,UNK,09,00,95,IS,,14.72,N,CAPITAL BELTWAY,0,F,N,95,RP,,RAMP 5 FR IS 95 SB TO MD 214 EB,38.89099942,-76.84846401
04,16,,01,17,02,,01,04,00,MSP54660048,07.01,01-17-2015,04:24:00,,N,N,MSP,UNK,18,00,95,IS,,4.33,N,CAPITAL BELTWAY,500,F,N,414,MD,,ST BARNABAS RD,38.80968392,-76.96613789
04,16,,01,17,01,,01,04,05,MSP54660049,06.01,01-18-2015,02:51:00,,N,N,MSP,UNK,09,00,95,IS,,13.14,N,CAPITAL BELTWAY,100,F,N,221,MD,A,RITCHIE MARLBORO RD,38.87339396,-76.84355021
01,16,,01,17,02,,01,04,05,MSP5466004B,06.01,01-23-2015,12:32:00,,N,N,MSP,UNK,09,00,95,IS,,10.78,N,CAPITAL BELTWAY,10,F,N,4,MD,,PENNSYLVANIA AVE,38.8393232,-76.86728239
01,16,,01,03,02,2,01,04,05,MSP5466004C,07.01,01-27-2015,09:50:00,,N,N,MSP,UNK,01,09,95,IS,,5.68,N,CAPITAL BELTWAY,100,F,N,123,CO,,TEMPLE HILL RD,38.81701548,-76.94958329
04,16,,03,11,01,2,01,01,00,MSP5466004D,08.04,02-01-2015,21:52:00,,Y,N,MSP,UNK,01,01,4,MD,,8.43,N,PENNSYLVANIA AVE,5,F,N,337,MD,,SUITLAND PKWY,38.82991285,-76.85646772
01,16,,01,03,02,4,01,04,00,MSP5466004F,06.01,02-03-2015,15:45:00,,N,N,MSP,UNK,01,00,95,IS,,17.49,N,CAPITAL BELTWAY,100,F,N,140,MU,,GLENARDEN PKWY,38.93027026,-76.85440779
01,16,,01,03,02,4,01,04,00,MSP5466004G,06.01,02-04-2015,15:47:00,,N,N,MSP,UNK,01,01,95,IS,,7.3,N,CAPITAL BELTWAY,100,F,N,5,MD,,BRANCH AVE,38.81973223,-76.92526102
04,16,,01,17,02,,01,04,05,MSP5466004H,06.01,02-04-2015,18:03:00,,N,N,MSP,UNK,09,00,95,IS,,7.3,N,CAPITAL BELTWAY,500,F,N,5,MD,,BRANCH AVE,38.81848672,-76.91074491
04,16,,01,17,02,,01,04,05,MSP5466004K,06.01,02-12-2015,05:28:00,,N,N,MSP,UNK,09,09,95,IS,,7.3,N,CAPITAL BELTWAY,200,F,N,5,MD,,BRANCH AVE,38.81847836,-76.9105196
04,16,,05.01,17,04,,00,02,15.05,MSP5466004L,06.01,02-18-2015,06:05:00,,N,N,MSP,UNK,09,00,295,IS,,0.467,N,ANACOSTIA FREEWAY,50,F,N,95,RP,,RAMP 8 FR IS 295 SB TO IS 95 LS,38.79460042,-77.01984644
01,16,,01,03,02,4,00,04,00,MSP56570027,06.01,01-23-2015,09:33:00,,N,N,MSP,UNK,01,00,95,IS,,22.12,N,CAPITAL BELTWAY,0,M,N,295,MD,,BALTIMORE WASHINGTON PKWY,38.99773597,-76.89132613
03,16,,01,17,04,2,01,02,05,MSP56570028,07.01,02-11-2015,04:59:00,,N,N,MSP,UNK,09,09,198,MD,,1.46,E,SANDY SPRING RD,0,F,E,95,RP,,RAMP 7 FR MD 198 WB TO IS 95 SB,39.09974,-76.88944
01,16,,01,03,04,2,01,02,00,MSP56570029,06.01,02-18-2015,07:47:00,,N,N,MSP,UNK,01,00,95,IS,,18.58,N,CAPITAL BELTWAY,0,F,N,95,RP,,RAMP 1 FR IS 95 NB TO IS 595 WB,38.945551,-76.858757
06.02,16,,01,11,02,,01,03,00,MSP5657002B,06.01,02-25-2015,17:22:00,,N,N,MSP,UNK,01,00,1,US,,8,N,BALTIMORE AVE,500,F,N,212,MD,A,POWDER MILL RD,39.03427,-76.908203
03,16,,01,17,02,1,01,04,05,MSP5657002C,06.01,03-29-2015,23:39:00,,N,N,MSP,UNK,09,00,95,IS,,22.12,N,CAPITAL BELTWAY,0,M,N,295,MD,,BALTIMORE WASHINGTON PKWY,38.99729433,-76.891065
01,17,,02,17,03,1,04,01,04,MSP5659000J,10.04,01-06-2015,10:02:00,,N,N,MSP,UNK,09,00,50,US,,4.72,E,BLUE STAR MEMORIAL HWY,0,F,E,18,MD,,CASTLE MARINA RD,38.97574182,-76.28090858
01,17,,01,17,03,1,00,01,11,MSP5659000K,06.01,02-26-2015,08:03:00,,N,N,MSP,UNK,09,00,213,MD,,3.88,N,CENTREVILLE RD,1,M,N,151,CO,,JOHN BROWN RD,38.9782715,-76.0697835
03,16,,01,17,01,,01,02,23.03,MSP5669003G,03,01-03-2015,23:09:00,,N,N,MSP,UNK,09,00,495,IS,,1.75,E,CAPITAL BELTWAY,100,F,E,,UU,,EXIT #27,39.01753717,-76.95240583
04,16,,05.01,17,01,,01,02,05,MSP5669003H,06.01,01-04-2015,03:01:00,,N,N,MSP,UNK,09,09,95,IS,,26.11,N,NO NAME,100,F,N,,UU,,EXIT #27,39.02129167,-76.95527817
03,16,,01,07,04,4,01,04,08,MSP5669003J,06.01,01-07-2015,00:13:00,,N,N,MSP,UNK,01,09,3,MD,,2.2,N,CRAIN HWY,100,F,N,450,MD,,ANNAPOLIS RD,38.98516367,-76.70992367
01,16,,01,03,02,1,03,03,00,MSP5669003K,06.01,01-22-2015,14:15:00,,Y,Y,MSP,UNK,01,00,1,US,,9.27,N,BALTIMORE AVE,100,F,N,10,CO,,AMMENDALE RD,39.05058567,-76.897407
03,16,,01,03,02,3,01,04,00,MSP5669003L,06.01,01-24-2015,19:04:00,,N,N,MSP,UNK,01,01,95,IS,,28.54,N,NO NAME,200,F,N,212,MD,,POWDER MILL RD,39.04639433,-76.93310167
03,16,,01,17,02,,01,04,05,MSP5669003M,06.01,01-31-2015,03:08:00,,N,Y,MSP,UNK,09,00,95,IS,,31.59,N,NO NAME,200,F,N,8,CO,,VAN DUSEN RD,39.08683967,-76.89590583
04,16,,01,07,04,2,01,04,00,MSP5669003N,06.01,02-10-2015,06:51:00,,N,N,MSP,UNK,01,01,595,IS,,6.68,E,JOHN HANSON HWY,200,F,E,197,MD,,COLLINGTON RD,38.95148917,-76.74808533
01,16,,01,03,02,4,01,04,00,MSP5669003P,06.01,02-11-2015,08:45:00,,N,N,MSP,UNK,01,00,595,IS,,0.52,E,JOHN HANSON HWY,100,F,E,950,MD,,WHITFIELD CHAPEL RD,38.946094,-76.8533925
04,16,,01,03,03,1,01,01,00,MSP5669003Q,08.04,02-16-2015,21:59:00,,N,N,MSP,UNK,01,00,495,IS,,1.75,E,CAPITAL BELTWAY,200,F,E,95,IS,,NO NAME (AHEAD),39.01893733,-76.95983833
01,16,,01,03,02,1,01,01,00,MSP5669003R,06.01,02-19-2015,14:05:00,,N,N,MSP,UNK,01,00,1,US,,12.65,N,BALTIMORE AVE,100,F,N,2089,CO,,CATALPA ST,39.08910067,-76.85907017
01,16,,01,03,01,,01,04,00,MSP5669003S,07.01,03-04-2015,07:58:00,,N,N,MSP,UNK,01,00,595,IS,,1.02,E,JOHN HANSON HWY,200,F,E,704,MD,,MARTIN LUTHER KING JR HWY,38.945732,-76.85215317
01,16,,01,03,02,1,01,04,00,MSP5669003T,06.01,03-06-2015,11:44:00,,N,N,MSP,UNK,01,00,95,IS,,22.12,N,CAPITAL BELTWAY,100,F,N,295,MD,,BALTIMORE WASHINGTON PKWY,38.991075,-76.8855935
06.02,16,,01,03,02,4,01,04,00,MSP5669003V,06.01,03-12-2015,19:25:00,,N,N,MSP,UNK,01,01,95,IS,,23.04,N,CAPITAL BELTWAY,200,F,N,201,MD,,KENILWORTH AVE,38.9991145,-76.892324
01,16,,01,03,02,4,01,04,00,MSP5669003W,06.01,03-15-2015,15:06:00,,N,N,MSP,UNK,01,01,495,IS,,0.4,E,CAPITAL BELTWAY,200,F,E,212,MD,,RIGGS RD,39.01856867,-76.96272383
01,16,,01,03,02,3,01,04,00,MSP5669003X,06.01,03-16-2015,15:14:00,,N,N,MSP,UNK,01,01,95,IS,,30.655,N,NO NAME,100,F,N,200,MD,,INTERCOUNTY CONNECTOR,39.06405217,-76.912667
01,16,,01,17,02,,01,04,05,MSP5669003Y,06.01,03-16-2015,18:04:00,,N,N,MSP,UNK,09,09,50,US,,2.8,E,JOHN HANSON HWY,50,F,E,202,MD,,LANDOVER RD,38.93136583,-76.89597383
04,16,,01,17,02,,01,04,05,MSP5669003Z,06.01,03-22-2015,03:52:00,,N,N,MSP,UNK,09,09,95,IS,,25.96,N,CAPITAL BELTWAY,100,F,N,14,CO,,CHERRY HILL RD,39.02124533,-76.94632183
03,07,,01,07,03,,00,04,00,MSP56750014,08.04,02-21-2015,18:58:00,00,N,N,MSP,UNK,01,00,95,IS,,2.4,N,J F K MEMORIAL HWY,1,M,N,,UU,,EXIT #93,39.58866817,-76.0718775
01,21,,01,17,04,1,01,01,10,MSP57470023,12.04,01-03-2015,09:48:00,,N,N,MSP,UNK,16,09,77,MD,,2.731,E,FOXVILLE RD,200,F,E,,UU,,WATERSHED LANE,39.636027,-77.532278
01,10,,02,17,04,1,01,01,07,MSP57470024,07.01,01-30-2015,07:35:00,,N,N,MSP,UNK,09,00,491,MD,,1.71,N,RAVEN ROCK RD,0,F,N,7,CO,,FORT RITCHIE RD,39.7045635,-77.48600033
01,21,,02,11,02,1,01,01,00,MSP57470025,06.01,02-06-2015,17:00:00,,Y,N,MSP,UNK,01,00,60,MD,,5.12,E,LEITERSBURG PIKE,0,F,E,771,CO,,LEITERS MILL RD,39.69352217,-77.623918
01,21,,01,06,02,1,01,01,00,MSP57470026,06.01,02-23-2015,07:39:00,,N,N,MSP,UNK,10,23.15,66,MD,,8.77,N,MAPLEVILLE RD,0,M,N,308,CO,,PONDSVILLE RD,39.629082,-77.601391
01,21,,01,17,02,1,01,01,23.03,MSP57470027,06.01,03-18-2015,10:21:00,,N,N,MSP,UNK,16,09,77,MD,,2.07,E,FOXVILLE RD,500,F,E,884,CO,,HOPKINS LA,39.643951,-77.5502815
03,21,,02,02,02,2,01,01,00,MSP57470028,06.01,03-19-2015,06:06:00,,N,N,MSP,UNK,01,00,66,MD,,5.24,N,MAPLEVILLE RD,0,F,N,70,RP,,RAMP 4 FR MD 66 NB TO IS 70 EB,39.58536817,-77.64015433
05.02,21,,01,03,01,2,01,04,00,MSP57470029,07.01,03-21-2015,07:43:00,,N,N,MSP,UNK,01,00,70,IS,,32.58,E,EISENHOWER MEMORIAL HWY,100,F,E,,UU,,MILE MARKER 33.0,39.59797017,-77.66003667
01,21,,02,11,02,1,01,01,00,MSP5747002B,07.01,03-25-2015,16:51:00,,Y,N,MSP,UNK,01,00,60,MD,,5.12,E,LEITERSBURG PIKE,0,F,E,771,CO,,LEITERS MILL RD,39.69424233,-77.62321833
01,21,,01,03,02,,01,01,00,MSP5747002C,07.01,03-25-2015,17:43:00,,N,N,MSP,UNK,02,00,64,MD,,3.58,E,JEFFERSON BLVD,50,F,E,727,CO,,SYCAMORE DR,39.64270733,-77.647664
01,16,,03,03,02,,01,04,00,MSP5466004M,06.01,02-19-2015,10:50:00,,Y,N,MSP,UNK,01,00,5,MD,,0,N,BRANCH AVE,500,F,N,,UU,,CHARLES CO/L,38.66441889,-76.87485695
04,16,,01,17,00,,01,04,09,MSP5466004N,06.01,03-07-2015,02:22:00,,N,N,MSP,UNK,09,09,295,IS,,0,N,ANACOSTIA FREEWAY,100,F,N,95,IS,,CAPITAL BELTWAY,38.79695847,-77.01795816
03,16,,01,17,02,,01,02,08,MSP5466004P,07.01,03-08-2015,03:47:00,,N,N,MSP,UNK,09,09,4,MD,,9.15,N,PENNSYLVANIA AVE,0,F,N,95,RP,,RAMP 2 FR MD 4 WB TO IS 95 NB,38.84096111,-76.86434269
04,16,,03,11,02,2,01,01,00,MSP5466004Q,06.01,03-25-2015,21:34:00,,Y,N,MSP,UNK,01,00,202,MD,,6.66,N,LARGO RD,10,F,N,3374,CO,,CASTLETON DR,38.88811002,-76.81932449
01,16,,01,03,02,1,01,04,00,MSP5466004R,06.01,03-26-2015,16:44:00,,N,N,MSP,UNK,01,00,301,US,,16.06,N,CRAIN HWY,200,F,N,3199,CO,,VILLAGE DR W,38.84052657,-76.72776461
01,16,,01,03,02,4,01,04,00,MSP5466004S,06.01,03-26-2015,18:09:00,,N,N,MSP,UNK,01,00,95,IS,,16.56,N,CAPITAL BELTWAY,10,F,N,202,MD,,LANDOVER RD,38.91703214,-76.85153246
05.02,17,,01,17,03,3,01,04,05,MSP5467000S,08.04,01-06-2015,06:34:00,,N,N,MSP,UNK,09,00,50,US,,8.53,E,BLUE STAR MEMORIAL HWY,100,F,E,18,MD,,JACKSON CREEK RD,38.96569,-76.2242745
05.02,17,,02,11,03,1,01,03,00,MSP5467000T,08.04,01-06-2015,07:20:00,,Y,N,MSP,UNK,01,00,18,MD,A,3.55,S,MAIN ST,0,F,S,8,MD,,BUSINESS PKWY,38.982742,-76.31856967
01,17,,01,17,03,1,01,04,05,MSP5467000V,08.04,01-12-2015,08:08:00,,N,N,MSP,UNK,00,00,50,US,,14.5,E,OCEAN GATEWAY,0,M,E,152,CO,,BLOOMINGDALE RD,38.97539151,-76.12778664
01,17,,01,17,02,1,01,02,05,MSP5467000W,07.01,01-14-2015,15:26:00,,N,N,MSP,UNK,10,00,50,US,,12.06,E,OCEAN GATEWAY,0,M,E,,UU,,SPUR TO MD 18B,38.98058817,-76.171328
01,17,,01,17,01,1,01,01,10,MSP5467000X,03,03-03-2015,16:02:00,,N,N,MSP,UNK,16,09,18,MD,B,6.88,E,MAIN ST,0,M,E,173,CO,,BENNETT POINT RD,38.97557017,-76.17050583
01,17,,01,17,02,1,01,01,00,MSP5467000Y,07.01,03-24-2015,12:33:00,,N,N,MSP,UNK,16,11,304,MD,A,1.01,E,RUTHSBURG RD,0,M,E,92,CO,A,CARVILLE LA,39.02242983,-76.01302833
03,16,,01,03,01,2,01,04,00,MSP5660002P,03,01-12-2015,20:34:00,,N,N,MSP,UNK,01,00,95,OP,,32.7,N,NO NAME,500,F,N,198,MD,,SANDY SPRING RD,39.10380633,-76.88799717
03,16,,01,03,02,2,01,04,00,MSP5660002Q,06.01,01-13-2015,17:51:00,,N,N,MSP,UNK,01,01,595,IS,,6.68,E,JOHN HANSON HWY,500,F,E,197,MD,,COLLINGTON RD,38.94344033,-76.79435967
01,16,,01,03,02,1,01,04,00,MSP5660002R,06.01,01-28-2015,09:53:00,,N,N,MSP,UNK,01,01,495,IS,,1.04,E,CAPITAL BELTWAY,500,F,E,95,IS,,NO NAME,39.0617385,-76.9199245
01,16,,01,03,02,3,01,04,00,MSP5660002S,06.01,01-28-2015,13:16:00,,N,N,MSP,UNK,01,00,95,OP,,30.655,N,NO NAME,700,F,N,200,MD,,INTERCOUNTY CONNECTOR,39.06193633,-76.91941733