LIGHT_CODE,COUNTY_NO,MUNI_CODE,JUNCTION_CODE,COLLISION_TYPE_CODE,SURF_COND_CODE,LANE_CODE,RD_COND_CODE,RD_DIV_CODE,FIX_OBJ_CODE,REPORT_NO,WEATHER_CODE,ACC_DATE,ACC_TIME,LOC_CODE,SIGNAL_FLAG,C_M_ZONE_FLAG,AGENCY_CODE,AREA_CODE,HARM_EVENT_CODE1,HARM_EVENT_CODE2,RTE_NO,ROUTE_TYPE_CODE,RTE_SUFFIX,LOG_MILE,LOGMILE_DIR_FLAG,MAINROAD_NAME,DISTANCE,FEET_MILES_FLAG,DISTANCE_DIR_FLAG,REFERENCE_NO,REFERENCE_TYPE_CODE,REFERENCE_SUFFIX,REFERENCE_ROAD_NAME,LATITUDE,LONGITUDE
01,16,,01,17,02,1,01,04,05,MSP5660002T,07.01,02-01-2015,11:49:00,,N,N,MSP,UNK,09,00,595,IS,,1.02,E,JOHN HANSON HWY,800,F,E,704,MD,,MARTIN LUTHER KING JR HWY,38.94702717,-76.83434167
01,16,,00,03,02,2,01,04,00,MSP5660002V,07.01,02-01-2015,09:40:00,,N,N,MSP,UNK,01,00,295,MD,,1.97,N,BALTIMORE WASHINGTON PKWY,0,M,N,450,MD,,ANNAPOLIS RD,38.93442649,-76.91805124
01,16,,00,15,00,1,01,01,00,MSP5660002W,06.01,02-05-2015,15:53:00,,N,N,MSP,UNK,01,00,1,US,,8,N,BALTIMORE AVE,200,F,N,212,MD,,POWDER MILL RD,39.0348529,-76.90747261
01,16,,01,03,02,1,01,04,00,MSP5660002X,06.01,02-06-2015,16:36:00,,N,N,MSP,UNK,01,00,3,MD,,2.2,N,CRAIN HWY,500,F,N,450,MD,,ANNAPOLIS RD,38.98583339,-76.70873165
00,16,,01,07,02,3,01,04,05,MSP5660002Y,05,02-13-2015,00:13:00,,N,N,MSP,UNK,01,09,95,IS,,26.11,N,NO NAME,1,M,N,495,IS,,CAPITAL BELTWAY,39.04240289,-76.93571091
04,16,,01,03,04,2,01,02,05,MSP5660002Z,05,02-15-2015,02:38:00,,N,N,MSP,UNK,01,09,95,IS,,25.19,N,CAPITAL BELTWAY,500,F,N,1,US,,BALTIMORE AVE,39.01904367,-76.9314875
07.88,16,,01,03,04,2,01,04,00,MSP56600030,08.04,02-22-2015,05:48:00,,N,N,MSP,UNK,01,00,95,IS,,30.655,N,NO NAME,1,M,N,200,MD,,INTERCOUNTY CONNECTOR,39.08836383,-76.89473933
01,16,,01,11,04,1,01,04,00,MSP56600031,07.01,02-22-2015,07:02:00,,N,N,MSP,UNK,01,00,3,MD,,1.32,N,CRAIN HWY,5,F,N,1823,CO,,FOREST DR,38.9742495,-76.716007
01,16,,01,07,01,3,01,04,08,MSP56600032,06.01,02-22-2015,12:33:00,,N,N,MSP,UNK,01,09,95,IS,,22.12,N,CAPITAL BELTWAY,50,F,N,295,MD,,BALTIMORE WASHINGTON PKWY,38.99458004,-76.88842
04,16,,01,07,02,3,01,04,15.05,MSP56600034,06.01,02-25-2015,05:48:00,,N,N,MSP,UNK,01,09,95,IS,,28.54,N,NO NAME,0,M,N,212,MD,,POWDER MILL RD,39.05555094,-76.92860842
04,16,,01,17,04,,00,04,05,MSP56600035,03,03-03-2015,21:21:00,,N,N,MSP,UNK,09,00,50,US,,0.5,E,JOHN HANSON HWY,100,F,E,201,MD,,KENILWORTH AVE,38.91848461,-76.93171978
06.02,16,,01,17,03,,01,04,05,MSP56600036,08.04,03-05-2015,16:11:00,,N,N,MSP,UNK,09,00,95,IS,,26.11,N,NO NAME,300,F,N,,UU,,EXIT #27,39.0305115,-76.94833567
04,16,,01,17,02,,01,04,11,MSP56600037,06.01,03-12-2015,11:15:00,,N,N,MSP,UNK,09,00,95,IS,X,0.15,N,NO NAME,0,F,N,95,RP,X,RAMP 5 FR IS 95X SB TO IS 495 NB,39.0206174,-76.95686817
04,13,,01,03,02,4,01,04,00,MSP5676001W,06.01,01-02-2015,05:22:00,00,N,Y,MSP,UNK,01,01,95,IS,,10.09,N,NO NAME,0,M,N,136,CO,,MONTGOMERY RD,39.20977233,-76.74335117
01,13,,01,00,01,2,01,04,00,MSP5676001X,07.01,03-27-2015,09:51:00,00,N,N,MSP,UNK,15,00,70,IS,,12.77,E,NO NAME,0,M,E,40,US,,BALTO NATIONAL PIKE,39.30363517,-76.9133595
01,06,,01,17,02,1,01,01,00,MSP5744001S,06.01,03-12-2015,07:58:00,,N,N,MSP,UNK,08,00,30,MD,,1.802,N,HAMPSTEAD BYPASS,1,M,N,446,CO,,HOUCKSVILLE RD,39.58892183,-76.8534285
01,06,,03,03,02,2,01,01,00,MSP5744001T,06.01,03-12-2015,09:41:00,,Y,N,MSP,UNK,01,00,27,MD,,19.88,N,MANCHESTER RD,15,F,N,1173,CO,,BENNETT CERF DR,39.5867745,-76.97514967
04,06,,03,03,02,1,01,01,00,MSP5744001V,06.01,03-13-2015,06:50:00,,Y,N,MSP,UNK,01,00,140,MD,,11.77,N,TANEYTOWN PIKE,600,F,N,470,MU,,ROYER RD,39.588513,-77.026724
01,06,,02,11,02,1,01,01,00,MSP5744001W,07.01,03-19-2015,18:09:00,,Y,N,MSP,UNK,01,00,482,MD,,3.9,E,HAMPSTEAD MEXICO RD,0,F,E,156,CO,,BRODBECK RD,39.60972033,-76.87986017
01,06,,01,03,02,1,01,01,00,MSP5744001X,06.01,03-12-2015,12:34:00,,N,N,MSP,UNK,01,00,27,MD,,21.71,N,MANCHESTER RD,500,F,N,482,MD,,HAMPSTEAD MEXICO RD,39.600137,-76.947942
06.02,11,,01,11,03,1,01,04,00,MSP5745000N,08.04,01-07-2015,17:19:00,N/A,N,N,MSP,UNK,01,00,68,IS,,12.111,E,NATIONAL FREEWAY,0,F,E,,UU,,MILE MARKER 12.0,39.697502,-79.28034883
01,11,,01,17,03,1,01,01,10,MSP5745000P,06.01,02-04-2015,10:10:00,N/A,N,N,MSP,UNK,13,09,40,US,,0.72,E,NATIONAL PIKE,1,M,E,,UU,,HEMLOCK MEADOW DR,39.7103015,-79.275174
01,11,,01,17,06.03,2,01,04,08,MSP5745000Q,07.01,02-19-2015,11:24:00,N/A,N,N,MSP,UNK,09,00,68,IS,,30.127,E,NATIONAL FREEWAY,0,M,E,68,RP,,RAMP 4 FR MD 546 NB TO IS 68 EB,39.67950433,-78.9669085
04,16,,00,17,02,1,01,01,00,MSP54790002,06.01,01-22-2015,06:05:00,,N,N,MSP,UNK,08,00,1213,CO,,1.16,N,OLD CRAIN HWY,500,F,N,3199,CO,,VILLAGE DR W,38.83103698,-76.72664881
01,15,,01,17,01,,01,04,05,MSP5492000J,03,01-12-2015,16:35:00,,N,N,MSP,UNK,16,09,495,IS,,8.24,E,CAPITAL BELTWAY,1,M,E,185,MD,,CONNECTICUT AVE,39.00817517,-77.0875875
04,15,,01,03,02,1,01,04,00,MSP5492000K,06.01,01-13-2015,17:53:00,,N,N,MSP,UNK,01,01,495,IS,,2.37,E,CAPITAL BELTWAY,1,M,E,190,MD,,RIVER RD,39.0058065,-77.15373133
01,15,,01,03,02,1,01,05.01,00,MSP5492000L,06.01,01-28-2015,08:38:00,,N,N,MSP,UNK,01,00,1659,CO,,0.57,E,RANDOLPH RD,0,M,E,314,CO,,PUTNAM RD,39.053718,-77.101326
01,16,,01,07,02,2,01,04,00,MSP54930002,06.01,01-08-2015,08:50:00,,N,N,MSP,UNK,01,01,95,IS,,23.63,N,CAPITAL BELTWAY,0,M,N,40,MU,,CHERRYWOOD LA,39.01178128,-76.9040823
01,16,,01,03,02,3,01,04,00,MSP54930003,06.01,01-10-2015,12:18:00,,N,N,MSP,UNK,01,00,95,IS,,25.19,N,CAPITAL BELTWAY,0,M,N,1,US,,BALTIMORE AVE,39.018319,-76.91971133
01,16,,01,17,01,,01,04,06,MSP54930004,03,01-12-2015,11:16:00,,N,N,MSP,UNK,09,00,95,IS,,31.59,N,NO NAME,0,M,N,8,CO,,VAN DUSEN RD,39.08605364,-76.89635754
01,16,,00,07,01,4,01,04,00,MSP54930005,03,01-12-2015,12:45:00,,N,N,MSP,UNK,01,00,95,IS,,28.54,N,NO NAME,0,M,N,212,MD,,POWDER MILL RD,39.04295285,-76.9352603
03,16,,01,03,02,,01,04,00,MSP54930006,06.01,01-20-2015,19:11:00,,N,N,MSP,UNK,01,01,50,US,,1.45,E,JOHN HANSON HWY,800,F,E,459,MD,,COLUMBIA PARK RD,38.91736217,-76.91818317
03,16,,01,17,01,,01,04,05,MSP54930007,03,01-26-2015,05:16:00,,N,N,MSP,UNK,09,16,95,IS,,28.54,N,NO NAME,1,M,N,212,MD,,POWDER MILL RD,39.05805333,-76.92658367
05.02,16,,01,03,02,2,01,04,00,MSP54930008,06.01,03-11-2015,19:26:00,,N,N,MSP,UNK,01,01,95,IS,,25.19,N,CAPITAL BELTWAY,1,M,N,1,US,,BALTIMORE AVE,39.021312,-76.94332317
03,09,,01,17,02,,01,04,09,MSP54960008,06.01,01-21-2015,05:03:00,,N,N,MSP,UNK,16,09,50,US,,7.09,E,OCEAN GATEWAY,50,F,E,183,CO,,BEAVER NECK VILLAGE RD,38.55245302,-75.96363544
01,05,,01,17,03,1,01,01,10,MSP54960009,08.04,02-26-2015,08:54:00,,N,N,MSP,UNK,09,09,577,MD,,2.58,N,RELIANCE RD,1,M,N,223,CO,,GUARD RD,38.669309,-75.745834
01,09,,01,17,01,,01,01,10,MSP5496000B,06.01,02-26-2015,13:23:00,,N,N,MSP,UNK,16,09,331,MD,,12.62,N,WADDELLS CORNER RD,200,F,N,336,CO,,OLD STAGECOACH RD,38.645946,-75.884058
01,09,,01,17,02,1,01,01,00,MSP5496000C,06.01,03-23-2015,08:02:00,,N,N,MSP,UNK,08,00,343,MD,,4.64,E,HUDSON RD,0,F,E,25,CO,,RICHARDSON RD,38.587336,-76.176344
06.02,16,,01,03,03,2,01,04,00,MSP56600038,08.04,03-20-2015,06:48:00,,N,N,MSP,UNK,01,00,595,IS,,6.68,E,JOHN HANSON HWY,1,M,E,197,MD,,COLLINGTON RD,38.94933417,-76.74541217
05.02,16,,01,03,02,3,01,04,05,MSP56600039,00,03-23-2015,06:43:00,,N,N,MSP,UNK,01,09,95,IS,,22.12,N,CAPITAL BELTWAY,1,M,N,295,MD,,BALTIMORE WASHINGTON PKWY,38.98613917,-76.88052883
01,16,,01,07,02,4,01,04,00,MSP5660003B,06.01,03-23-2015,12:21:00,,N,N,MSP,UNK,01,00,95,IS,,23.04,N,CAPITAL BELTWAY,0,M,N,201,MD,,KENILWORTH AVE,39.00179347,-76.89408302
04,16,,02,03,02,1,01,04,00,MSP5660003C,00,03-27-2015,19:20:00,,Y,N,MSP,UNK,01,00,1,US,,6.677,N,BALTIMORE AVE,0,F,N,,UU,,IKEA CENTER BLVD,39.02176768,-76.92516446
01,16,,00,17,02,,01,02,05,MSP5660003D,00,03-30-2015,14:20:00,,N,N,MSP,UNK,09,00,95,IS,,22.12,N,CAPITAL BELTWAY,700,F,N,295,MD,,BALTIMORE WASHINGTON PKWY,38.99022417,-76.8851105
01,16,,01,03,02,1,01,04,00,MSP5660003F,06.01,03-30-2015,17:46:00,,N,N,MSP,UNK,01,01,95,IS,,25.19,N,CAPITAL BELTWAY,1,M,N,1,US,,BALTIMORE AVE,39.018221,-76.926656
01,07,,01,17,02,3,01,04,00,MSP5661000Z,06.01,01-21-2015,09:11:00,,N,N,MSP,UNK,18,00,95,IS,,5.01,N,J F K MEMORIAL HWY,0,M,N,,UU,,MILE MARKER 96.0,39.60870933,-76.017755
01,07,,01,17,03,1,01,04,05,MSP56610010,08.04,02-17-2015,07:45:00,,N,N,MSP,UNK,16,09,95,IS,,2.4,N,J F K MEMORIAL HWY,0,M,N,222,MD,,BAINBRIDGE RD,39.594953,-76.064015
03,07,,01,88,02,3,01,04,05,MSP56610011,06.01,02-23-2015,18:33:00,,N,N,MSP,UNK,09,01,95,IS,,5.01,N,J F K MEMORIAL HWY,1,M,N,,UU,,MILE MARKER 96.0,39.6313,-75.9575
04,07,,01,03,02,1,01,04,00,MSP56610012,06.01,03-06-2015,22:42:00,,N,N,MSP,UNK,01,00,95,IS,,12,N,J F K MEMORIAL HWY,1,M,N,,UU,,MILE MARKER 103.0,39.64399683,-75.8880685
01,12,,01,03,02,2,01,04,00,MSP5370002Y,06.01,01-14-2015,11:30:00,N/A,N,Y,MSP,UNK,01,00,24,MD,,5.25,N,VIETNAM VETERANS MEMORIAL HWY,300,F,N,246,CO,,SINGER RD,39.481945,-76.32078717
05.02,12,,01,88,02,1,01,01,00,MSP5370002Z,06.01,01-15-2015,07:36:00,N/A,N,N,MSP,UNK,23.15,00,23,MD,,2.78,W,EAST WEST HWY,500,F,W,225,CO,,GRAFTON SHOP RD,39.574655,-76.40784167
03,12,,09.04,11,02,,01,03,00,MSP53700030,06.01,01-20-2015,18:41:00,,N,N,MSP,UNK,01,01,924,MD,,2.67,N,EMMORTON RD,100,F,N,1666,CO,,BEL AIR SOUTH PKWY,39.49929467,-76.32552033
06.02,12,,03,03,02,2,01,04,00,MSP53700031,06.01,01-22-2015,17:48:00,N/A,Y,N,MSP,UNK,01,00,24,MD,,2.86,N,VIETNAM VETERANS MEMORIAL HWY,50,F,N,7,MD,,PHILADELPHIA RD,39.44786883,-76.3020045
04,03,,01,17,02,,01,04,11,MSP53700032,06.01,01-31-2015,01:08:00,N/A,N,N,MSP,UNK,09,00,695,IS,,9.09,N,BALTO BELTWAY,1,M,N,1900,CO,,WINDSOR MILL RD,39.33756683,-76.74487383
01,12,,03,08,02,1,01,01,00,MSP53700033,06.01,02-08-2015,11:50:00,N/A,N,N,MSP,UNK,01,00,924,MD,,1.49,N,EMMORTON RD,20,F,N,453,CO,,PRESTON LA,39.48364117,-76.3137185
01,12,,03,03,02,1,01,01,00,MSP53700034,06.01,02-13-2015,17:06:00,N/A,Y,N,MSP,UNK,01,00,924,MD,,4.17,N,EMMORTON RD,100,F,N,1649,CO,,E RING FACTORY RD,39.51804533,-76.33433667
03,03,,01,17,01,,00,04,05,MSP5502000D,03,02-02-2015,04:15:00,,N,N,MSP,UNK,09,00,695,IS,,21.125,N,BALTO BELTWAY,150,F,N,146,MD,,DULANEY VALLEY RD,39.414268,-76.59200393
01,03,,01,08,03,,01,04,00,MSP5502000F,08.04,02-21-2015,16:41:00,N/A,N,N,MSP,UNK,01,00,695,IS,,7.66,N,BALTO BELTWAY,100,F,N,122,MD,,SECURITY BLVD,39.2991,-76.7429
04,11,,01,17,04,1,01,04,00,MSP5590000P,02,01-25-2015,01:13:00,,N,N,MSP,UNK,13,00,68,IS,,6.324,E,NATIONAL FREEWAY,300,F,E,,UU,,YOUGHIOGHENY OVERLOOK WELCOME CENTER,39.677721,-79.3783185
01,11,,01,17,04,1,01,00,00,MSP5590000Q,03,03-25-2015,09:04:00,,N,N,MSP,UNK,11,00,198,CO,,0,N,POCAHONTAS RD,0,M,N,40,US,,NATIONAL PIKE,39.68907183,-78.966791
03,12,,02,11,02,2,01,04,00,MSP53700035,06.01,02-23-2015,05:31:00,N/A,Y,N,MSP,UNK,01,00,152,MD,,8.03,N,FALLSTON RD,0,F,N,147,MD,,HARFORD RD,39.49833017,-76.397798
01,12,,01,03,01,1,01,01,00,MSP53700036,06.01,03-02-2015,11:07:00,N/A,N,N,MSP,UNK,01,00,136,MD,,0.37,N,CALVARY RD,1,M,N,451,CO,,HOOKERS MILL RD,39.48429667,-76.26978767
05.02,12,,01,17,04,,01,01,22.03,MSP53700037,06.01,03-03-2015,06:57:00,N/A,N,N,MSP,UNK,16,09,161,MD,,4.38,N,MAIN ST,50,F,N,167,CO,,TRAPPE CHURCH RD,39.63418517,-76.20478517
01,12,,01,17,04,,00,01,10,MSP53700038,06.01,03-03-2015,09:14:00,N/A,N,N,MSP,UNK,16,09,165,MD,,1.27,N,BALDWIN MILL RD,100,F,N,,UU,,COUNCILMAN LA (PVT DR),39.530434,-76.4800845
01,12,,01,03,01,1,01,03,00,MSP53700039,06.01,03-06-2015,12:42:00,N/A,N,N,MSP,UNK,01,00,1,US,BU,1.322,N,BELAIR RD,100,F,N,,UU,,AUCTION WAY,39.519089,-76.36139567
01,12,,02,05,02,1,01,01,00,MSP5370003B,06.01,03-11-2015,18:49:00,N/A,N,N,MSP,UNK,01,00,1,US,,14.83,N,CONOWINGO RD,0,F,N,173,CO,,POOLE RD,39.642274,-76.256456
01,12,,01,03,02,2,01,04,00,MSP5370003C,06.01,03-29-2015,13:50:00,N/A,N,N,MSP,UNK,01,01,24,MD,,5.25,N,VIETNAM VETERANS MEMORIAL HWY,200,F,N,246,CO,,SINGER RD,39.48080583,-76.320299
05.02,01,,01,17,04,,01,01,06,MSP5371000B,12.04,01-03-2015,05:30:00,,N,N,MSP,UNK,09,09,160,MU,,0.01,S,JACKSON ST,1,M,S,8040,MU,,ALLEY #4,39.63984133,-78.83035367
04,01,,01,17,00,1,01,01,06,MSP5371000C,00,01-10-2015,00:55:00,,N,N,MSP,UNK,09,00,10,CO,,0,E,OLD REYNOLDS RD,0,M,E,36,MD,,NEW GEORGES CREEK RD,39.63980267,-78.83036183
01,03,,03,07,02,1,01,04,00,MSP5372000F,06.01,01-13-2015,14:49:00,,N,N,MSP,UNK,02,00,5129,CO,,0.27,S,PULASKI DR,50,F,S,5126,CO,,66TH ST,39.312049,-76.526402
06.02,03,,01,07,02,2,01,04,05,MSP5372000G,06.01,03-25-2015,19:14:00,,N,N,MSP,UNK,01,09,83,IS,,4.56,N,HARRISBURG EXPWY,500,F,N,695,IS,,BALTO BELTWAY,39.42472,-76.637839
01,01,,00,09,02,1,01,01,00,MSP5396000Y,06.01,01-17-2015,10:20:00,,N,N,MSP,UNK,01,01,53,MD,,1.6,S,WINCHESTER RD,100,F,S,627,CO,,FRITZ DR,39.61745,-78.839803
01,01,,02,11,02,1,00,04,05,MSP5396000Z,06.01,02-20-2015,12:35:00,,N,N,MSP,UNK,01,09,40,US,AL,4.22,E,NATIONAL PIKE,0,F,E,55,MD,AL,VALE SUMMIT RD,39.643292,-78.888302
04,01,,00,17,04,1,01,01,22.03,MSP53960010,00,03-05-2015,20:09:00,,N,N,MSP,UNK,16,00,220,US,,3.7,N,MCMULLEN HWY,200,F,N,233,CO,,DAWSON CEMETERY RD,39.477606,-78.943911
01,01,,01,17,02,,01,04,23.03,MSP53960011,00,03-31-2015,14:51:00,,N,N,MSP,UNK,09,00,68,IS,,14.45,E,NATIONAL FREEWAY,0,F,E,68,RP,,RAMP 7 FR MD 144 NB TO IS 68 WB,39.67471,-78.729986
01,01,,02,11,02,1,01,01,00,MSP5513000Z,06.01,01-07-2015,12:41:00,,N,N,MSP,UNK,01,00,40,US,AL,7.48,E,NATIONAL HWY,0,F,E,,UU,,ENT TO BUSINESS,39.63693717,-78.836603
01,01,,02,03,02,1,01,01,00,MSP55130010,06.01,01-14-2015,16:11:00,,N,N,MSP,UNK,01,00,220,US,,17.19,N,MCMULLEN HWY,0,F,N,862,CO,,N CRESAP ST,39.62434383,-78.80577583
01,01,,02,01,02,,01,01,00,MSP55130011,06.01,01-20-2015,16:39:00,,N,N,MSP,UNK,01,00,40,US,AL,7.48,E,NATIONAL HWY,0,F,E,,UU,AL,ENT TO BUSINESS,39.63696183,-78.83677383
05.02,01,,01,17,03,1,01,04,05,MSP55130012,08.04,01-30-2015,07:26:00,,N,N,MSP,UNK,09,00,68,IS,,0,E,NATIONAL FREEWAY,1,M,E,,UU,,GARRETT CO/L,39.6664765,-78.96107783
01,01,,01,03,01,1,01,01,00,MSP55130013,06.01,01-30-2015,13:01:00,,N,N,MSP,UNK,01,00,40,US,AL,9.51,E,NATIONAL HWY,0,F,E,,UU,AL,ENT TO LAVALE V.F.D. #1,39.65553533,-78.81124467
01,01,,03,03,02,1,01,01,00,MSP55130014,06.01,02-06-2015,09:37:00,,N,N,MSP,UNK,01,00,36,MD,,29.2,N,MT SAVAGE RD,0,F,N,769,CO,,LIONZ LA,39.67303733,-78.7916415
01,01,,02,09,02,1,01,01,00,MSP55130015,06.01,02-13-2015,14:29:00,,N,N,MSP,UNK,01,02,51,MD,,9.73,E,OLDTOWN RD,0,F,E,525,CO,,BUCKLEY RD,39.56490933,-78.68523933
06.02,01,,01,17,03,1,01,01,06,MSP55130016,08.04,03-01-2015,07:05:00,,N,N,MSP,UNK,09,00,55,MD,,0.28,E,VALE SUMMIT RD,0,M,E,109,CO,,POMPEY SMASH RD,39.6204725,-78.9111705
01,01,,01,07,02,2,01,04,15.05,MSP55130018,06.01,03-17-2015,15:57:00,,N,N,MSP,UNK,01,09,68,IS,,8.16,E,NATIONAL FREEWAY,25,M,E,,UU,,END BRIDGE,39.64155683,-78.81383767
01,01,,02,11,02,2,01,01,00,MSP55130019,06.01,03-28-2015,15:17:00,,N,N,MSP,UNK,01,00,40,US,AL,7.46,E,NATIONAL HWY,0,F,E,658,MD,AL,CAMPGROUND RD,39.63848267,-78.83149383
06.02,13,,00,17,01,,01,04,00,MSP5622002C,03,01-05-2015,22:43:00,,N,N,MSP,UNK,16,00,70,IS,,16.87,E,NO NAME,100,F,E,,UU,,STRUC #13040,39.30507,-76.882699
06.02,13,,01,03,01,4,01,04,00,MSP5622002D,06.01,01-07-2015,18:54:00,,N,N,MSP,UNK,01,00,95,IS,,8.27,N,NO NAME,100,F,N,100,MD,,NO NAME,39.18605367,-76.7774375
05.02,13,,00,08,02,4,01,04,11,MSP5622002F,06.01,01-15-2015,05:42:00,,N,N,MSP,UNK,01,09,95,IS,,1.16,N,NO NAME,100,F,N,216,MD,,SCAGGSVILLE RD,39.13112767,-76.85993283
04,13,,00,09,01,3,01,04,05,MSP5622002G,08.04,01-29-2015,18:18:00,,N,N,MSP,UNK,01,09,70,IS,,3.81,E,NO NAME,100,F,E,94,MD,,WOODBINE RD,39.34059383,-77.06523533
01,13,,00,03,02,1,01,04,00,MSP5622002H,06.01,01-30-2015,16:37:00,,N,N,MSP,UNK,01,00,95,IS,,10.09,N,NO NAME,50,F,N,136,CO,,MONTGOMERY RD,39.21342983,-76.73523483
05.02,13,,00,09,04,2,88,04,05,MSP5622002J,09.04,02-10-2015,06:33:00,,N,N,MSP,UNK,01,09,95,IS,,4.08,N,NO NAME,200,F,N,32,MD,,PATUXENT PKWY,39.15608117,-76.83506783
03,13,,00,17,04,,01,04,05,MSP5622002K,09.04,02-10-2015,08:33:00,,N,N,MSP,UNK,00,09,95,IS,,2.882,N,NO NAME,200,F,N,,UU,,END BRIDGE,39.15032033,-76.84052483
01,13,,05.01,17,03,,88,02,08,MSP5622002L,08.04,02-15-2015,07:15:00,,N,N,MSP,UNK,09,16,95,IS,,8.61,N,NO NAME,200,F,N,95,RP,,RAMP 8 FR IS 95 SB TO MD 100 WB,39.20009533,-76.76960117
05.02,13,,00,02,04,2,04,04,00,MSP5622002M,09.04,02-23-2015,16:32:00,,N,N,MSP,UNK,01,00,95,IS,,4.08,N,NO NAME,50,F,N,32,MD,,PATUXENT PKWY,39.1556595,-76.83276
01,13,,00,09,02,4,01,04,00,MSP5622002N,06.01,02-24-2015,14:23:00,,N,N,MSP,UNK,01,00,95,IS,,0.52,N,NO NAME,200,F,N,,UU,,END BRIDGE,39.1224885,-76.86622533
01,13,,00,03,02,1,01,04,00,MSP5622002P,06.01,01-30-2015,16:37:00,,N,N,MSP,UNK,01,00,95,IS,,10.09,N,NO NAME,50,F,N,136,CO,,MONTGOMERY RD,39.2134,-76.7352
04,13,,00,17,02,,01,04,09,MSP5622002Q,06.01,03-13-2015,06:44:00,,N,N,MSP,UNK,16,09,70,IS,,6.98,E,NO NAME,400,F,E,97,MD,,HOODS MILL RD,39.3309745,-77.02799317
03,04,,02,02,00,1,01,01,04,MSP56270008,06.01,01-07-2015,17:59:00,04,Y,N,MSP,UNK,01,09,2,MD,,32.05,N,SOLOMONS ISLAND RD,0,F,N,260,MD,,CHESAPEAKE BEACH RD,38.72027783,-76.60464083
07.88,03,,01,17,03,3,01,04,01,MSP56790062,08.04,01-06-2015,06:15:00,,N,N,MSP,UNK,09,00,150,MD,,4.5,E,EASTERN BLVD,0,F,E,702,MD,,SOUTHEAST BLVD,39.31862012,-76.45712972
05.02,03,,01,07,04,2,01,04,05,MSP56790063,06.01,01-07-2015,07:27:00,,N,N,MSP,UNK,01,09,83,IS,,4.88,N,HARRISBURG EXPWY,0,F,N,131,MD,,SEMINARY AVE,39.42360517,-76.63785367
01,03,,01,07,02,2,01,04,00,MSP56790064,06.01,01-07-2015,12:42:00,,N,N,MSP,UNK,01,00,95,IS,,2.78,N,NO NAME,500,F,N,695,IS,,BALTO BELTWAY,39.24343667,-76.690917
01,03,,05.01,17,02,,01,04,05,MSP56790066,06.01,01-16-2015,14:30:00,,N,N,MSP,UNK,09,00,695,IS,,4.16,N,BALTO BELTWAY,0,F,N,150,MD,,EASTERN AVE,39.30076383,-76.50179683
05.02,03,,05.01,03,04,,01,02,05,MSP56790067,03,01-18-2015,09:30:00,,N,N,MSP,UNK,09,01,695,IS,,17.34,N,BALTO BELTWAY,0,F,N,25,MD,,JONES FALLS EXPWY,39.412389,-76.66495483
04,03,,01,17,04,,01,04,06,MSP56790068,00,01-22-2015,00:15:00,,N,N,MSP,UNK,16,00,695,IS,,22.38,N,BALTO BELTWAY,500,F,N,3334,CO,,PROVIDENCE RD,39.41310467,-76.58483033
01,03,,01,07,02,1,01,04,05,MSP56790069,06.01,01-31-2015,11:45:00,,N,N,MSP,UNK,01,01,695,IS,,25.49,N,BALTO BELTWAY,500,F,N,147,MD,,HARFORD RD,39.38986588,-76.533916
01,03,,01,03,02,1,01,04,00,MSP5679006B,06.01,02-10-2015,15:56:00,,N,N,MSP,UNK,01,00,695,IS,,19.48,N,BALTO BELTWAY,500,F,N,139,MD,,CHARLES ST,39.41835875,-76.63367271
03,03,,01,17,03,,01,04,05,MSP5679006C,08.04,02-17-2015,01:15:00,,N,N,MSP,UNK,09,00,695,IS,,25.49,N,BALTO BELTWAY,500,F,N,147,MD,,HARFORD RD,39.38558317,-76.52467217
03,03,,01,17,03,,01,04,05,MSP5679006D,08.04,02-17-2015,03:00:00,,N,N,MSP,UNK,09,00,695,IS,,0.69,N,BALTO BELTWAY,500,F,N,7,MD,,PHILADELPHIA RD,39.33905933,-76.494052
04,03,,01,07,04,2,01,02,12,MSP5679006F,03,03-01-2015,18:35:00,,N,N,MSP,UNK,01,09,695,IS,,1.9,N,BALTO BELTWAY,0,F,N,702,MD,,SOUTHEAST BLVD,39.32512883,-76.4781515
04,03,,01,07,04,1,01,02,15.05,MSP5679006G,03,03-01-2015,18:17:00,,N,N,MSP,UNK,09,01,695,IS,,1.4,N,BALTO BELTWAY,0,F,N,702,MD,,SOUTHEAST BLVD,39.32518417,-76.47819167
03,03,,05.01,03,03,2,01,02,00,MSP5679006H,06.01,03-05-2015,19:08:00,,N,N,MSP,UNK,01,01,695,IS,,28.794,N,BALTO BELTWAY,0,F,N,95,IS,,J F K MEMORIAL HWY,39.35579511,-76.50180459
01,03,,01,07,02,3,01,04,00,MSP5679006J,06.01,03-07-2015,16:10:00,,N,N,MSP,UNK,01,00,695,IS,,5.79,N,BALTO BELTWAY,500,F,N,40,US,,BALTO NATIONAL PIKE,39.28229734,-76.73158407
01,03,,01,17,02,3,01,04,05,MSP5679006K,06.01,03-08-2015,15:55:00,,N,N,MSP,UNK,09,11,695,IS,,27.12,N,BALTO BELTWAY,500,F,N,1,US,,BELAIR RD,39.36381583,-76.507774
01,03,,01,03,00,1,01,04,00,MSP5679006L,06.01,03-09-2015,18:22:00,,N,N,MSP,UNK,01,00,695,IS,,27.12,N,BALTO BELTWAY,0,F,N,1,US,,BELAIR RD,39.369224,-76.51295583