LIGHT_CODE,COUNTY_NO,MUNI_CODE,JUNCTION_CODE,COLLISION_TYPE_CODE,SURF_COND_CODE,LANE_CODE,RD_COND_CODE,RD_DIV_CODE,FIX_OBJ_CODE,REPORT_NO,WEATHER_CODE,ACC_DATE,ACC_TIME,LOC_CODE,SIGNAL_FLAG,C_M_ZONE_FLAG,AGENCY_CODE,AREA_CODE,HARM_EVENT_CODE1,HARM_EVENT_CODE2,RTE_NO,ROUTE_TYPE_CODE,RTE_SUFFIX,LOG_MILE,LOGMILE_DIR_FLAG,MAINROAD_NAME,DISTANCE,FEET_MILES_FLAG,DISTANCE_DIR_FLAG,REFERENCE_NO,REFERENCE_TYPE_CODE,REFERENCE_SUFFIX,REFERENCE_ROAD_NAME,LATITUDE,LONGITUDE
01,05,,01,03,02,1,01,01,04,MSP55550004,06.01,02-20-2015,15:51:00,,N,N,MSP,UNK,01,01,331,MD,,1.23,N,MAIN ST,20,F,N,85,MU,,SUNSET BLVD,38.71466489,-75.91012001
01,18,,01,17,02,,01,01,23.03,MSP5561000T,06.01,01-13-2015,12:44:00,00,N,N,MSP,UNK,16,09,5,MD,,8.9,N,POINT LOOKOUT RD,50,F,N,,UU,,MULBERRY LA,38.16711567,-76.403973
05.02,18,,01,17,04,,01,01,23.03,MSP5561000V,06.01,01-16-2015,06:44:00,00,N,N,MSP,UNK,16,09,236,MD,,4.24,N,THOMPSONS CORNER RD,150,F,N,32,CO,,DIXIE LYON RD,38.44571117,-76.79069383
01,16,,01,09,01,2,01,04,00,MSP5631002L,03,03-10-2015,15:47:00,,N,N,MSP,UNK,01,00,95,IS,,32.7,N,NO NAME,50,F,N,198,MD,,SANDY SPRING RD,39.10944817,-76.880566
01,16,,01,03,02,5,01,04,00,MSP5631002M,06.01,03-11-2015,17:55:00,,N,N,MSP,UNK,01,00,95,IS,,19.59,N,CAPITAL BELTWAY,80,F,N,450,MD,,ANNAPOLIS RD,38.95252717,-76.86179917
04,16,,01,17,01,1,01,02,09,MSP5631002N,06.01,03-15-2015,00:00:00,,N,N,MSP,UNK,16,09,212,MD,,8.148,N,POWDER MILL RD,0,F,N,95,RP,,RAMP 3 FR MD 212 EB TO RAMP 9 (TO IS 95),39.05178467,-76.92660317
03,16,,01,17,02,,01,04,05,MSP5631002P,06.01,03-19-2015,00:00:00,,N,N,MSP,UNK,16,09,95,IS,,25.19,N,CAPITAL BELTWAY,500,F,N,1,US,,BALTIMORE AVE,39.01803004,-76.9266
01,16,,01,03,02,4,01,04,00,MSP5631002Q,06.01,03-24-2015,08:25:00,,N,N,MSP,UNK,01,00,95,IS,,23.04,N,CAPITAL BELTWAY,30,F,N,201,MD,,KENILWORTH AVE,38.998069,-76.89163717
01,16,,01,09,02,3,01,04,00,MSP5631002R,06.01,03-25-2015,07:45:00,,N,N,MSP,UNK,01,00,95,IS,,25.19,N,CAPITAL BELTWAY,100,F,N,1,US,,BALTIMORE AVE,39.0209695,-76.935336
03,16,,01,17,02,,01,04,05,MSP5631002S,00,03-25-2015,00:07:00,,N,N,MSP,UNK,16,09,95,IS,,25.19,N,CAPITAL BELTWAY,100,F,N,1,US,,BALTIMORE AVE,39.01803004,-76.9266
01,12,,01,02,03,1,01,01,00,MSP5431002N,08.04,01-06-2015,08:50:00,,N,N,MSP,UNK,01,16,152,MD,,12.5,N,FALLSTON RD,100,F,N,2640,CO,,WILLOW VALE DR,39.53704933,-76.45760467
01,12,,01,03,02,,01,04,00,MSP5431002P,06.01,01-09-2015,13:52:00,,Y,N,MSP,UNK,01,00,24,MD,,2.86,N,VIETNAM VETERANS MEMORIAL HWY,25,F,N,7,MD,,PHILADELPHIA RD,39.44811117,-76.30161383
04,12,,01,17,02,1,01,01,08,MSP5431002Q,06.01,01-16-2015,22:37:00,,N,N,MSP,UNK,09,00,165,MD,,6.57,N,BALDWIN MILL RD,50,F,N,668,CO,,INGLESIDE DR,39.603127,-76.4779905
04,12,,02,11,02,1,01,01,00,MSP5431002R,06.01,01-17-2015,21:22:00,,Y,N,MSP,UNK,01,00,7,MD,,4.64,E,PHILADELPHIA RD,0,F,E,553,CO,,CLEARVIEW RD,39.448542,-76.298987
04,12,,01,03,01,1,01,04,00,MSP5431002S,02,01-18-2015,19:14:00,,N,N,MSP,UNK,01,00,40,US,,0.17,E,PULASKI HWY,15,F,E,508,CO,,JOPPA FARM RD,39.4229415,-76.3715345
04,12,,01,17,01,1,01,01,11,MSP5431002V,08.04,02-02-2015,00:00:00,,N,N,MSP,UNK,09,00,543,MD,,16.772,N,ADY RD,25,F,N,,UU,,SERENDIPITY LANE,39.6625745,-76.3447715
01,12,,01,88,02,1,01,01,06,MSP5431002W,06.01,02-04-2015,12:33:00,,N,N,MSP,UNK,01,09,165,MD,,8.73,N,FEDERAL HILL RD,500,F,N,1470,CO,,YOUNGSTON RD,39.62933,-76.473732
01,12,,01,03,02,1,01,01,00,MSP5431002X,06.01,02-12-2015,16:38:00,,N,N,MSP,UNK,01,00,543,MD,,14.4,N,ADY RD,15,F,N,1918,CO,,ST ANNE DR,39.63109767,-76.327919
06.02,12,,01,03,02,1,01,01,00,MSP5431002Y,06.01,02-12-2015,17:31:00,,N,N,MSP,UNK,01,00,22,MD,,3.59,E,CHURCHVILLE RD,1,M,E,1056,CO,,SCHUCKS RD,39.55519817,-76.28091983
04,12,,01,17,02,1,01,01,10,MSP5431002Z,06.01,02-18-2015,00:28:00,,N,N,MSP,UNK,09,00,23,MD,,10.796,W,NORRISVILLE RD,1,M,W,,UU,,BETHEL PRESBYTERIAN CHURCH,39.61226883,-76.532038
01,12,,01,09,02,1,01,01,00,MSP54310030,06.01,02-25-2015,09:34:00,,N,N,MSP,UNK,01,00,155,MD,,4.741,E,LEVEL RD,30,F,E,759,CO,,PARADISE RD,39.572258,-76.169868
01,12,,01,03,02,1,01,01,00,MSP54310031,06.01,03-09-2015,16:31:00,,N,N,MSP,UNK,01,00,1,US,,15.48,N,CONOWINGO RD,100,F,N,184,CO,,HUGHES RD,39.64817517,-76.24562067
03,12,,03,17,02,,01,01,07,MSP54310032,06.01,03-13-2015,05:14:00,,Y,N,MSP,UNK,10,00,165,MD,,5.52,N,BALDWIN MILL RD,0,F,N,23,MD,,EAST WEST HWY,39.5867135,-76.472899
03,12,,02,02,01,1,01,01,00,MSP54310033,03,03-13-2015,23:59:00,,Y,N,MSP,UNK,01,00,24,MD,,0.51,N,EMMORTON RD,0,F,N,507,CO,,TRIMBLE RD,39.41745383,-76.307656
04,12,,01,17,04,1,01,01,10,MSP54310034,88,02-09-2015,21:43:00,,N,N,MSP,UNK,09,00,543,MD,,12.01,N,ADY RD,150,F,N,195,CO,,GIBSON RD,39.60085,-76.340484
01,12,,01,17,02,1,01,01,88,MSP54310035,06.01,03-25-2015,08:18:00,,N,N,MSP,UNK,10,00,1,US,,15.48,N,CONOWINGO RD,400,F,N,184,CO,,HUGHES RD,39.64880383,-76.24448983
04,06,,01,17,02,1,01,01,00,MSP5562001J,06.01,01-05-2015,19:43:00,,N,N,MSP,UNK,08,00,97,MD,,2.42,N,OLD WASHINGTON RD,0,M,N,604,CO,,EDEN MILL RD,39.38179267,-77.01888867
04,06,,01,17,03,1,01,01,88,MSP5562001K,10.04,01-07-2015,20:21:00,,N,N,MSP,UNK,16,09,27,MD,,10.83,N,RIDGE RD,1,M,N,407,MD,,MARSTON RD,39.479288,-77.0676445
04,06,,01,17,04,1,01,01,11,MSP5562001L,09.04,01-12-2015,02:26:00,,N,N,MSP,UNK,16,09,27,MD,,5.926,N,RIDGE RD,0,M,N,576,CO,,OLD RIDGE RD,39.4241535,-77.1087635
04,06,,02,17,04,1,01,01,05,MSP5562001M,09.04,01-12-2015,05:31:00,,N,N,MSP,UNK,09,09,97,MD,,4.263,N,OLD WASHINGTON RD,0,F,N,1607,CO,,PINEY VIEW CT,39.411171,-77.012244
01,06,,05.01,07,02,2,01,04,00,MSP5562001N,06.01,01-23-2015,09:12:00,,N,N,MSP,UNK,01,01,27,MD,,0.74,N,RIDGE RD,150,F,N,306,MU,,E RIDGEVILLE BLVD,39.363613,-77.16078767
01,06,,02,11,01,3,01,04,00,MSP5562001P,07.01,01-24-2015,13:28:00,,Y,N,MSP,UNK,01,01,26,MD,,10.06,E,LIBERTY RD,0,F,E,32,MD,,SYKESVILLE RD,39.40436867,-76.95061367
03,06,,02,07,02,3,01,04,00,MSP5562001Q,00,02-05-2015,23:00:00,,Y,N,MSP,UNK,01,00,140,MD,,9.62,N,BALTIMORE BLVD,0,F,N,651,MU,,ENGLAR RD,39.583858,-76.989735
01,06,,02,11,02,2,01,01,00,MSP5562001R,06.01,02-18-2015,13:45:00,,Y,N,MSP,UNK,01,16,26,MD,,11.11,E,LIBERTY RD,0,F,E,705,CO,,OKLAHOMA RD,39.399379,-76.932727
04,06,,01,17,02,1,01,01,00,MSP5562001T,06.01,03-22-2015,20:52:00,,N,N,MSP,UNK,08,00,97,MD,,9.31,N,NEW WASHINGTON RD,0,M,N,,UU,,END BRIDGE,39.48580133,-76.997307
04,12,,01,17,02,1,01,01,11,MSP5632001Z,06.01,01-01-2015,01:56:00,,N,N,MSP,UNK,09,00,7,MD,,9.26,E,PHILADELPHIA RD,0,M,E,1510,CO,,BRASS MILL RD,39.48870117,-76.22779917
03,12,,01,03,02,1,01,01,00,MSP56320020,06.01,02-13-2015,19:58:00,,N,N,MSP,UNK,01,00,22,MD,,8.94,E,CHURCHVILLE RD,0,M,E,333,CO,,ALDINO STEPNEY RD,39.55667917,-76.241625
03,12,,03,02,04,1,01,04,00,MSP56320021,08.04,02-16-2015,22:16:00,,Y,N,MSP,UNK,01,00,24,MD,,5.25,N,VIETNAM VETERANS MEMORIAL HWY,0,F,N,246,CO,,SINGER RD,39.4790245,-76.31939883
01,12,,03,02,02,1,01,01,00,MSP56320022,06.01,03-12-2015,17:30:00,,Y,N,MSP,UNK,01,00,507,CO,,0.75,W,TRIMBLE RD,0,F,W,24,MD,,EMMORTON RD,39.41745117,-76.30765333
03,12,,03,11,01,1,01,01,00,MSP56320023,06.01,03-14-2015,21:42:00,,Y,N,MSP,UNK,01,00,755,MD,,1.1,N,EDGEWOOD RD,0,F,N,521,CO,,BAYBERRY RD,39.429025,-76.30155033
01,10,,02,11,02,1,01,01,06,MSP57300034,06.01,01-02-2015,11:06:00,,Y,N,MSP,UNK,01,09,31,MD,,3.13,E,NEW WINDSOR RD,0,F,E,468,CO,,CLEMSONVILLE RD,39.4942374,-77.17817118
03,10,,01,17,02,,01,04,08,MSP57300035,06.01,01-14-2015,05:20:00,,N,N,MSP,UNK,09,09,15,US,,15.29,N,CATOCTIN MOUNTAIN HWY,100,F,N,26,MD,,LIBERTY RD,39.44086965,-77.4044418
01,10,,01,14,01,1,01,01,00,MSP57300036,06.01,01-24-2015,14:45:00,,N,N,MSP,UNK,01,00,550,MD,,9.46,N,CREAGERSTOWN RD,20,F,N,543,CO,,LONGS MILL RD,39.57694688,-77.36501112
01,10,,01,17,01,1,00,04,05,MSP57300037,07.01,01-27-2015,08:45:00,,N,N,MSP,UNK,09,00,270,IS,,3.52,N,EISENHOWER MEMORIAL HWY,200,F,N,80,MD,,FINGERBOARD RD,39.32154172,-77.35454025
06.02,10,,01,03,02,,01,04,00,MSP57300038,06.01,01-31-2015,18:05:00,,N,N,MSP,UNK,01,00,26,MD,,1.63,E,LIBERTY RD,100,F,E,1353,MU,,SEBASTIAN BLVD,39.45013372,-77.38062658
04,10,,01,17,02,1,01,01,10,MSP57300039,06.01,02-08-2015,05:20:00,,N,N,MSP,UNK,09,00,26,MD,,5.8,E,LIBERTY RD,1,M,E,445,CO,,OLD LIBERTY RD,39.460627,-77.29681498
03,10,,05.01,17,04,,01,04,09,MSP5730003B,06.01,02-11-2015,05:36:00,,N,N,MSP,UNK,09,00,340,US,,9.83,E,JEFFERSON NATIONAL PIKE,0,F,E,15,US,,CATOCTIN MOUNTAIN HWY,39.36589383,-77.50415945
03,10,,05.01,03,02,1,01,04,05,MSP5730003C,06.01,02-25-2015,21:20:00,,N,N,MSP,UNK,01,09,15,US,,11.54,N,JEFFERSON NATIONAL PIKE,50,F,N,180,MD,,JEFFERSON PIKE,39.40184452,-77.42818978
03,10,,05.01,03,02,,01,01,00,MSP5730003D,06.01,02-26-2015,19:27:00,,N,N,MSP,UNK,01,00,351,MD,,11.013,N,BALLENGER CREEK PIKE,50,F,N,180,MD,,BALLENGER CREEK PIKE (AHEAD),39.40284175,-77.43951485
03,10,,01,17,02,1,01,01,00,MSP5730003F,00,02-27-2015,08:20:00,,N,N,MSP,UNK,08,00,180,MD,,5.47,E,JEFFERSON PIKE,50,F,E,340,US,,JEFFERSON NATIONAL PIKE,39.356283,-77.58163227
01,10,,05.01,17,04,,00,04,09,MSP5730003G,08.04,03-01-2015,16:52:00,,N,N,MSP,UNK,09,00,15,US,,36.6,N,CATOCTIN MOUNTAIN HWY,0,F,N,140,MD,,E MAIN ST,39.70216,-77.314715
01,10,,01,17,06.03,1,00,01,05,MSP5730003H,12.04,03-01-2015,14:33:00,,N,N,MSP,UNK,09,00,75,MD,,10.9,N,GREEN VALLEY RD,100,F,N,417,CO,,LIME PLANT RD,39.416765,-77.253763
03,10,,01,17,04,2,00,04,05,MSP5730003J,06.01,03-06-2015,03:40:00,,N,N,MSP,UNK,09,00,270,IS,,8.65,N,EISENHOWER MEMORIAL HWY,20,F,N,85,MD,,BUCKEYSTOWN PIKE,39.38461217,-77.41199697
01,10,,02,17,01,1,01,01,04,MSP5730003K,07.01,03-14-2015,12:32:00,,Y,N,MSP,UNK,09,09,17,MD,,2.762,N,BURKITTSVILLE RD,0,F,N,,UU,,ROUNDABOUT,39.34049317,-77.64069127
01,10,,02,11,02,1,01,01,09,MSP5730003L,06.01,03-23-2015,18:04:00,,Y,N,MSP,UNK,01,01,40,US,,7.18,E,BALTO NATIONAL PIKE,0,F,E,241,CO,,HOLLOW RD,39.46491803,-77.51107545
01,10,,01,03,02,3,01,04,00,MSP5730003M,06.01,03-24-2015,16:45:00,,N,N,MSP,UNK,01,00,26,MD,,0.54,E,LIBERTY RD,50,F,E,1308,MU,,ROUTZAHN WAY,39.444911,-77.396736
01,10,,01,17,02,1,01,01,10,MSP5730003N,06.01,03-24-2015,18:47:00,,N,N,MSP,UNK,09,00,76,MD,,3.82,N,MOTTERS STATION RD,0,F,N,57,CO,,FOUR POINTS RD,39.6597431,-77.3315463
04,11,,01,03,02,,01,04,00,MSP54330019,07.01,01-20-2015,00:35:00,,N,N,MSP,UNK,02,00,68,IS,,2,E,NATIONAL FREEWAY,0,F,E,,UU,,MILE MARKER 2.0,39.654023,-79.44377017
03,11,,01,17,02,,01,04,06,MSP5433001B,07.01,02-11-2015,01:54:00,,N,N,MSP,UNK,09,00,68,IS,,21.72,E,NATIONAL FREEWAY,0,M,E,,UU,,CROSSOVER,39.69092767,-79.11113383
04,11,,01,17,02,,01,01,05,MSP5433001C,06.01,02-13-2015,23:24:00,,N,N,MSP,UNK,09,00,40,US,AL,4.84,E,NATIONAL PIKE,0,M,E,187,CO,AL,SHADE HOLLOW RD,39.695591,-79.17489433
04,11,,01,17,02,1,01,01,05,MSP5433001D,06.01,02-13-2015,23:24:00,,N,N,MSP,UNK,09,00,40,US,AL,4.84,E,NATIONAL PIKE,0,M,E,187,CO,AL,SHADE HOLLOW RD,39.69572333,-79.175503
04,11,,01,17,02,,01,04,06,MSP5433001F,06.01,03-11-2015,22:33:00,,N,N,MSP,UNK,16,00,68,IS,,17.17,E,NATIONAL FREEWAY,0,M,E,,UU,,MILE MARKER 17.0,39.68871417,-79.1899625
01,03,,01,07,03,2,01,04,05,MSP54390017,08.04,01-06-2015,09:19:00,,N,N,MSP,UNK,01,09,95,IS,,20.91,N,J F K MEMORIAL HWY,0,M,N,43,MD,,WHITE MARSH BLVD,39.38332417,-76.44497283
01,12,,01,03,06.03,1,01,04,00,MSP54390018,08.04,01-06-2015,10:56:00,,N,N,MSP,UNK,01,00,95,IS,,4.03,N,J F K MEMORIAL HWY,1,M,N,24,MD,,VIETNAM VETERANS MEMORIAL HWY,39.46951717,-76.28015833
01,12,,01,88,04,,01,04,08,MSP54390019,03,01-18-2015,09:15:00,,N,N,MSP,UNK,09,00,95,IS,,1.7,N,J F K MEMORIAL HWY,0,M,N,152,MD,,MOUNTAIN RD,39.44190817,-76.34368717
01,12,,01,03,02,1,00,04,05,MSP5439001B,06.01,01-31-2015,11:09:00,,N,N,MSP,UNK,01,01,95,IS,,1.7,N,J F K MEMORIAL HWY,1,M,N,152,MD,,MOUNTAIN RD,39.436711,-76.376674
01,12,,00,07,04,2,01,04,09,MSP5439001D,12.04,03-01-2015,13:01:00,,N,N,MSP,UNK,01,09,95,IS,,2.497,N,J F K MEMORIAL HWY,20,F,N,,UU,,MILE MARKER 75.0,39.4454095,-76.333941
01,13,,01,17,02,,01,04,05,MSP5563002L,06.01,01-09-2015,13:00:00,,N,N,MSP,UNK,09,09,95,IS,,2.619,N,NO NAME,0,M,N,95,IS,I,SERVICE RD,39.1449335,-76.84370067
04,13,,01,03,02,1,01,04,00,MSP5563002M,06.01,01-14-2015,18:05:00,,N,N,MSP,UNK,01,00,95,IS,,9.585,N,NO NAME,0,M,N,,UU,,MILE MARKER 44,39.20804267,-76.74632433
00,13,,01,17,02,,01,04,06,MSP5563002N,06.01,01-25-2015,05:12:00,,N,N,MSP,UNK,09,00,70,IS,,13.59,E,NO NAME,500,F,E,70,CO,,MARRIOTTSVILLE RD,39.3038095,-76.90069367
04,13,,05.01,17,01,,01,02,06,MSP5563002P,03,02-02-2015,05:45:00,,N,N,MSP,UNK,16,09,70,RP,,0.49,S,RAMP 7 FR IS 70 WB TO US 29 SB,500,F,S,29,US,,COLUMBIA PIKE,39.29137883,-76.82638067
01,13,,03,07,03,2,00,05.01,00,MSP5563002Q,08.04,03-05-2015,14:26:00,,Y,N,MSP,UNK,01,00,1,US,,6.1,N,WASHINGTON BLVD,0,F,N,131,CO,,MONTEVIDEO RD,39.17537333,-76.777195
04,01,,01,17,02,,01,01,11,MSP5567000X,06.01,01-21-2015,01:54:00,NONE,N,N,MSP,UNK,09,00,446,CO,,1.04,N,KNOB RD,100,F,N,439,CO,,VALLEY RD,39.69318233,-78.73741767
04,01,,01,17,00,1,05,01,88,MSP5567000Y,06.01,03-08-2015,22:15:00,NONE,N,N,MSP,UNK,10,00,36,MD,,21.41,N,MT SAVAGE RD,0,M,N,193,CO,,BRUCE HOUSE RD,39.6926175,-78.885369
01,16,,03,03,02,2,01,04,00,MSP5634001M,06.01,01-09-2015,12:12:00,,N,N,MSP,UNK,01,00,5,MD,,6.55,N,BRANCH AVE,50,F,N,130,CO,,SURRATTS RD,38.75010567,-76.87940367
04,16,,05.01,17,01,,01,01,04,MSP5634001N,08.04,01-27-2015,01:51:00,,N,N,MSP,UNK,09,09,4024,CO,,2.76,E,OLD MARLBORO PIKE,250,F,E,,UU,,SPUR FR MD 980D,38.81233017,-76.77559933
01,16,,01,03,02,1,01,04,00,MSP5634001P,06.01,02-04-2015,07:57:00,,N,N,MSP,UNK,01,00,95,IS,,16.56,N,CAPITAL BELTWAY,300,F,N,202,MD,,LANDOVER RD,38.92142233,-76.852894
01,16,,01,03,02,2,01,04,00,MSP5634001Q,06.01,02-06-2015,07:38:00,,N,N,MSP,UNK,01,00,4,MD,,9.05,N,PENNSYLVANIA AVE,150,F,N,,UU,,SPUR TO WESTPHALIA RD,38.83607183,-76.85953017
01,16,,01,03,02,2,01,04,00,MSP5634001R,06.01,02-13-2015,15:00:00,,N,N,MSP,UNK,01,00,5,MD,,4.01,N,BRANCH AVE,250,F,N,823,CO,,MOORES RD,38.71891717,-76.87934017
01,16,,01,07,02,2,01,04,00,MSP5634001S,06.01,02-13-2015,15:00:00,,N,N,MSP,UNK,01,00,5,MD,,4.01,N,BRANCH AVE,250,F,N,823,CO,,MOORES RD,38.71892717,-76.87937517
01,16,,01,07,02,2,01,04,00,MSP5634001T,06.01,02-28-2015,08:57:00,,N,N,MSP,UNK,01,01,95,IS,,4.33,N,CAPITAL BELTWAY,0,F,N,414,MD,,ST BARNABAS RD,38.80816467,-76.97283983
01,16,,01,03,02,1,01,04,00,MSP5634001V,06.01,03-27-2015,14:29:00,,N,N,MSP,UNK,01,00,95,IS,,4.33,N,CAPITAL BELTWAY,50,F,N,414,MD,,ST BARNABAS RD,38.8086805,-76.9697395
01,12,,01,17,01,2,01,04,05,MSP56350004,02,01-22-2015,08:42:00,,N,N,MSP,UNK,09,00,95,IS,,11.27,N,J F K MEMORIAL HWY,0,M,N,,UU,,MILE MARKER 84.0,39.52020817,-76.1993285
01,07,,01,17,02,1,01,04,05,MSP56350005,06.01,02-27-2015,15:38:00,,N,N,MSP,UNK,01,09,95,IS,,2.4,N,J F K MEMORIAL HWY,2,M,N,222,MD,,BAINBRIDGE RD,39.60216467,-76.04099517
01,04,,02,03,02,,01,01,11,MSP5636000B,06.01,02-03-2015,13:00:00,00,N,N,MSP,UNK,01,16,231,MD,,3.169,E,HALLOWING POINT RD,0,F,E,,UU,,ENT TO BUSINESS,38.5194065,-76.61922483
04,04,,00,17,03,,01,01,05,MSP5636000C,08.04,02-16-2015,22:32:00,00,N,N,MSP,UNK,16,09,2,MD,,14.193,N,SOLOMONS ISLAND RD,150,F,N,765,MD,,PARKERS CREEK RD,38.498268,-76.527192
01,21,,02,03,01,1,01,04,00,MSP5731002R,06.01,01-04-2015,12:26:00,,Y,N,MSP,UNK,01,00,340,US,,0.74,E,JEFFERSON PIKE,0,F,E,995,CO,,KEEP TRYST RD,39.330048,-77.70323233
03,21,,01,17,02,1,01,04,00,MSP5731002S,06.01,01-10-2015,20:48:00,,N,N,MSP,UNK,08,00,81,IS,,4.63,N,MARYLAND VETERANS MEMORIAL HWY,100,F,N,666,CO,,HALFWAY BLVD,39.6338445,-77.770559
01,21,,01,17,02,1,01,04,04,MSP5731002T,06.01,02-21-2015,08:13:00,,N,N,MSP,UNK,00,00,632,MD,,4.92,N,DOWNSVILLE PIKE,0,F,N,70,IS,,EISENHOWER MEMORIAL HWY,39.60486617,-77.75675117
01,21,,01,17,03,2,01,04,05,MSP5731002V,08.04,02-21-2015,15:45:00,,N,N,MSP,UNK,09,00,81,IS,,4.63,N,MARYLAND VETERANS MEMORIAL HWY,0,F,N,666,CO,,HALFWAY BLVD,39.627684,-77.771751
01,21,,01,17,03,2,01,04,06,MSP5731002W,08.04,02-21-2015,11:28:00,,N,N,MSP,UNK,11,11,81,IS,,7.7,N,MARYLAND VETERANS MEMORIAL HWY,0,F,N,58,MD,,CEARFOSS PIKE,39.661595,-77.741451
03,21,,00,17,04,1,00,01,07,MSP5731002X,03,03-01-2015,19:25:00,,N,N,MSP,UNK,09,09,65,MD,,5.37,N,SHARPSBURG PIKE,0,F,N,571,CO,,TILGHMANTON RD,39.53416083,-77.740484
01,21,,02,11,01,1,01,01,00,MSP5731002Y,06.01,03-04-2015,17:39:00,,N,N,MSP,UNK,01,00,67,MD,,0.24,N,ROHRERSVILLE RD,0,F,N,67,MD,,WEAVERTON RD,39.33588633,-77.68637183
03,21,,01,03,02,1,01,01,00,MSP5731002Z,06.01,03-17-2015,07:16:00,,N,N,MSP,UNK,01,01,65,MD,,11.04,N,SHARPSBURG PIKE,100,F,N,400,CO,,OAK RIDGE DR,39.61107633,-77.7302
04,06,,01,17,06.03,1,01,04,11,MSP5445000X,08.04,01-27-2015,05:06:00,,N,N,MSP,UNK,16,09,70,IS,,0.03,E,BALTO NATIONAL PIKE,0,M,E,27,MD,,RIDGE RD,39.36036585,-77.15663872
04,06,,01,17,02,1,01,01,00,MSP5445000Y,06.01,02-04-2015,06:24:00,,N,N,MSP,UNK,08,08,27,MD,,1.47,N,RIDGE RD,1,M,N,270,MU,,PARK AVE,39.36768196,-77.14857101
01,06,,02,17,03,1,01,01,10,MSP5445000Z,08.04,03-01-2015,09:21:00,,N,N,MSP,UNK,16,09,97,MD,,27.67,N,LITTLESTOWN PIKE,0,F,N,53,CO,,BLACKS SCHOOLHOUSE RD,39.71128902,-77.06403
01,06,,03,03,02,1,01,01,00,MSP54450010,07.01,03-03-2015,09:24:00,,N,N,MSP,UNK,01,00,32,MD,,13.944,N,SYKESVILLE RD,0,F,N,524,CO,,SHORT LANE RD,39.52384336,-76.9902724
01,06,,02,03,01,1,01,01,00,MSP54450011,03,03-03-2015,13:40:00,,N,N,MSP,UNK,01,00,6,SR,,1.61,N,BUTTERCUP RD,0,F,N,32,MD,,SYKESVILLE RD,39.39124229,-76.96087539
04,06,,01,17,02,1,01,01,00,MSP54450012,06.01,03-11-2015,20:20:00,,N,N,MSP,UNK,08,00,140,MD,,13.45,N,TANEYTOWN PIKE,1,M,N,80,CO,,BAUGHER RD,39.60334215,-77.05440488
01,15,,01,07,02,3,01,04,00,MSP5572001K,06.01,01-30-2015,08:26:00,,N,N,MSP,UNK,01,01,495,IS,,6.71,E,CAPITAL BELTWAY,0,F,E,355,MD,,ROCKVILLE PIKE,39.01928372,-77.10355282
03,15,,01,17,04,3,01,04,05,MSP5572001L,03,03-01-2015,23:03:00,,N,N,MSP,UNK,09,00,495,IS,,4.21,E,CAPITAL BELTWAY,100,F,E,167,CO,,GREENTREE RD,39.01011396,-77.15127468
01,04,,03,03,02,1,01,04,00,MSP5573000T,06.01,01-22-2015,11:42:00,,Y,N,MSP,UNK,01,00,4,MD,,33.107,N,SOUTHERN MD BLVD,50,F,N,124,CO,,WARD RD,38.71964633,-76.66071967
01,04,,02,11,02,2,01,03,00,MSP5573000V,07.01,01-29-2015,16:05:00,,Y,N,MSP,UNK,01,00,4,MD,,30.813,N,SOUTHERN MD BLVD,0,F,N,6,CO,,CHANEYVILLE RD,38.69057,-76.638806
01,04,,00,17,04,1,01,01,11,MSP5573000W,05,02-15-2015,12:00:00,,N,N,MSP,UNK,16,09,99,CO,,0.08,N,ST ANDREWS DR,100,F,N,225,MU,,TARTAN LA,38.69953017,-76.55116683
01,04,,03,17,03,1,01,04,05,MSP5573000X,08.04,02-16-2015,16:03:00,,Y,N,MSP,UNK,16,09,2,MD,,7.413,N,SOLOMONS ISLAND RD,50,F,N,2,MD,,WHITE SANDS DR,38.427069,-76.463755
01,04,,01,11,04,1,00,01,00,MSP5573000Y,06.01,02-19-2015,13:23:00,,N,N,MSP,UNK,01,00,57,CO,,0.01,S,ADELINA RD,150,F,S,55,CO,,OLD ADELINA RD,38.48631783,-76.6212765
04,04,,01,88,02,1,01,01,00,MSP5573000Z,06.01,03-23-2015,23:25:00,,N,N,MSP,UNK,01,00,,UU,0,0,W,BROWNIE BEACH ROAD,10,F,W,261,MD,0,BAYSIDE ROAD,38.678304,-76.535488
03,16,,01,17,01,1,01,02,05,MSP6290002P,00,01-09-2015,00:00:00,,N,N,MSP,UNK,09,00,95,IS,,18.54,N,CAPITAL BELTWAY,150,F,N,595,IS,,JOHN HANSON HWY,38.943682,-76.856568
00,16,,00,17,01,,01,04,04,MSP6290002Q,07.01,01-13-2015,02:02:00,,N,N,MSP,UNK,09,00,295,MD,,0,N,BALTIMORE WASHINGTON PKWY,50,F,N,50,US,,JOHN HANSON HWY,38.91838,-76.932979
01,16,,01,08,02,5,01,04,00,MSP6290002R,06.01,01-28-2015,14:06:00,,N,N,MSP,UNK,01,00,95,IS,,32.7,N,NO NAME,200,F,N,198,MD,,SANDY SPRING RD,39.103035,-76.888685
04,16,,01,03,02,1,01,04,00,MSP6290002S,06.01,01-28-2015,17:52:00,,N,N,MSP,UNK,01,00,95,IS,,32.7,N,NO NAME,150,F,N,198,MD,,SANDY SPRING RD,39.104134,-76.886927
03,16,,01,09,02,3,01,04,00,MSP6290002T,06.01,02-06-2015,03:43:00,,N,N,MSP,UNK,01,00,95,IS,,20.97,N,CAPITAL BELTWAY,50,F,N,42,CO,,GOOD LUCK RD,38.998928,-76.891498