LIGHT_CODE,COUNTY_NO,MUNI_CODE,JUNCTION_CODE,COLLISION_TYPE_CODE,SURF_COND_CODE,LANE_CODE,RD_COND_CODE,RD_DIV_CODE,FIX_OBJ_CODE,REPORT_NO,WEATHER_CODE,ACC_DATE,ACC_TIME,LOC_CODE,SIGNAL_FLAG,C_M_ZONE_FLAG,AGENCY_CODE,AREA_CODE,HARM_EVENT_CODE1,HARM_EVENT_CODE2,RTE_NO,ROUTE_TYPE_CODE,RTE_SUFFIX,LOG_MILE,LOGMILE_DIR_FLAG,MAINROAD_NAME,DISTANCE,FEET_MILES_FLAG,DISTANCE_DIR_FLAG,REFERENCE_NO,REFERENCE_TYPE_CODE,REFERENCE_SUFFIX,REFERENCE_ROAD_NAME,LATITUDE,LONGITUDE
01,17,,02,11,02,1,01,01,00,MSP62800016,06.01,01-02-2015,14:00:00,,Y,N,MSP,UNK,01,00,544,MD,,6.99,E,MCGINNES RD,0,F,E,290,MD,,DUDLEY CORNER RD,39.2319789,-75.91332793
03,17,,02,11,02,1,01,04,00,MSP62800017,06.01,01-07-2015,18:18:00,,Y,N,MSP,UNK,01,00,301,US,,22.17,N,BLUE STAR MEMORIAL HWY,0,F,N,305,MD,,HOPE RD,39.04650917,-76.00843867
01,17,,01,17,02,1,01,01,00,MSP62800018,06.01,01-11-2015,16:00:00,,N,N,MSP,UNK,08,00,302,MD,,7.65,E,BARCLAY RD,0,F,E,,UU,,CAROLINE CO/L,39.1344615,-75.77750983
01,17,,01,03,02,1,01,01,00,MSP62800019,06.01,02-04-2015,15:05:00,,N,N,MSP,UNK,01,00,304,MD,,4.49,E,RUTHSBURG RD,50,F,E,,UU,,ENT TO CENTREVILLE MIDDLE SCHOOL,39.03339233,-76.05189233
01,17,,01,17,02,1,01,01,00,MSP6280001B,06.01,03-27-2015,17:30:00,,N,N,MSP,UNK,16,11,405,MD,,4.24,N,PRICE STATION RD,10,F,N,87,CO,,SENEY RD,39.08703418,-75.94072898
01,02,,01,03,02,2,01,04,00,MSP6167002D,06.01,01-01-2015,12:24:00,,N,N,MSP,UNK,01,00,695,IS,,2.06,N,BALTO BELTWAY,0,M,N,295,MD,,BALTIMORE WASHINGTON PKWY,39.16629167,-76.6452
01,02,,01,07,02,2,01,04,00,MSP6167002F,07.01,01-02-2015,11:02:00,,N,N,MSP,UNK,01,00,97,IS,,12.1,N,NO NAME,1,M,N,3,MD,BU,CRAIN HWY,39.24336583,-76.57856633
01,02,,01,17,01,1,01,04,11,MSP6167002G,03,01-04-2015,09:31:00,,N,N,MSP,UNK,16,09,295,MD,,14.23,N,BALTIMORE WASHINGTON PKWY,0,M,N,695,IS,,BALTO BELTWAY,39.17608117,-76.63625417
01,02,,01,17,01,1,01,02,04,MSP6167002H,03,01-04-2015,10:42:00,,N,N,MSP,UNK,16,09,295,MD,,7.69,N,BALTIMORE WASHINGTON PKWY,0,M,N,713,MD,F,ARUNDEL MILLS BLVD,39.17608117,-76.63625417
01,02,,01,17,01,1,01,02,05,MSP6167002J,03,01-04-2015,13:53:00,,N,N,MSP,UNK,09,00,100,MD,,6.43,E,NO NAME,0,M,E,97,IS,,NO NAME,39.1516945,-76.64292733
03,02,,01,03,02,1,01,04,00,MSP6167002K,06.01,01-09-2015,18:02:00,,N,N,MSP,UNK,01,00,97,IS,,10.84,N,NO NAME,0,M,N,3,MD,D,BRIGHTVIEW DR,39.10975033,-76.63217783
06.02,02,,01,03,02,2,01,04,05,MSP6167002L,06.01,01-10-2015,16:38:00,,N,N,MSP,UNK,01,09,50,US,,0,E,JOHN HANSON HWY,3,M,E,,UU,,PRINCE GEORGES CO/L,39.00632767,-76.60469883
06.02,02,,01,17,02,3,01,04,05,MSP6167002M,06.01,01-10-2015,17:24:00,,N,N,MSP,UNK,09,11,50,US,,14.2,E,BLUE STAR MEMORIAL HWY,0,M,E,908,MD,A,BUSCHS FRONTAGE RD,39.00632767,-76.60469883
06.02,02,,01,17,01,1,01,02,05,MSP6167002N,03,01-12-2015,17:01:00,,N,N,MSP,UNK,09,16,100,MD,,6.43,E,NO NAME,0,M,E,97,IS,,NO NAME,39.15145833,-76.64322033
04,02,,01,17,01,1,01,04,05,MSP6167002P,03,01-12-2015,19:10:00,,N,N,MSP,UNK,16,09,97,IS,,10.84,N,NO NAME,1,M,N,3,MD,,BRIGHTVIEW DR,39.1752195,-76.64616783
01,02,,01,17,01,1,01,02,05,MSP6167002Q,08.04,01-26-2015,10:38:00,,N,N,MSP,UNK,16,09,97,IS,,9.67,N,NO NAME,50,F,N,3,MD,C,BENFIELD BLVD,39.09508032,-76.62577629
06.02,02,,01,03,02,2,01,04,00,MSP6167002R,06.01,02-05-2015,17:18:00,,N,N,MSP,UNK,01,00,100,MD,,3.92,E,NO NAME,0,M,E,170,MD,,TELEGRAPH RD,39.1480346,-76.68972015
03,02,,01,17,04,1,01,04,05,MSP6167002S,03,02-10-2015,04:40:00,,N,N,MSP,UNK,16,09,97,IS,,14.8,N,NO NAME,0,M,N,176,MD,,DORSEY RD,39.12900033,-76.64152
05.02,02,,01,17,04,1,01,04,05,MSP6167002T,03,02-10-2015,06:39:00,,N,N,MSP,UNK,16,09,295,MD,,8.95,N,BALTIMORE WASHINGTON PKWY,0,M,N,100,MD,,NO NAME,39.12900033,-76.64152
05.02,02,,01,17,04,2,01,04,09,MSP6167002V,03,02-10-2015,06:21:00,,N,N,MSP,UNK,16,09,295,MD,,8.95,N,BALTIMORE WASHINGTON PKWY,0,M,N,100,MD,,NO NAME,39.12900033,-76.64152
04,02,,01,17,02,1,01,04,05,MSP6167002W,06.01,02-13-2015,00:58:00,,N,N,MSP,UNK,16,09,97,IS,,6.71,N,NO NAME,0,M,N,32,MD,,NO NAME,39.07006261,-76.63725615
01,02,,01,07,02,3,01,04,05,MSP6167002X,06.01,02-19-2015,07:53:00,,N,N,MSP,UNK,01,09,97,IS,,5.19,N,NO NAME,0,M,N,,UU,,EXIT #5,39.04941882,-76.62414551
04,02,,01,17,04,1,01,02,06,MSP6167002Y,06.01,02-23-2015,19:34:00,,N,N,MSP,UNK,16,09,97,IS,,17.46,N,NO NAME,0,M,N,695,IS,,BALTO BELTWAY,39.20532933,-76.62178517
03,02,,01,03,02,2,01,04,00,MSP6167002Z,06.01,02-28-2015,21:08:00,,N,N,MSP,UNK,01,00,295,MD,,7.69,N,BALTIMORE WASHINGTON PKWY,0,M,N,713,MD,F,ARUNDEL MILLS BLVD,39.15164567,-76.61361117
03,02,,01,17,01,,01,04,08,MSP61670030,09.04,03-03-2015,18:43:00,,N,N,MSP,UNK,16,09,50,US,,13.23,E,BLUE STAR MEMORIAL HWY,0,M,E,4427,CO,,BAY DALE DR,39.02221779,-76.47329807
01,02,,01,03,02,3,01,04,05,MSP61670031,06.01,03-16-2015,12:16:00,,N,N,MSP,UNK,02,09,295,MD,,14.64,N,BALTIMORE WASHINGTON PKWY,1,M,N,168,MD,,NURSERY RD,39.1662195,-76.6451905
01,02,,01,03,01,4,01,04,00,MSP6194002D,03,01-03-2015,13:22:00,,N,N,MSP,UNK,01,00,595,IS,,9.1,E,JOHN HANSON HWY,100,F,E,,UU,,EXIT #23,38.98426167,-76.54314133
01,02,,01,17,01,1,01,04,05,MSP6194002F,03,01-04-2015,08:38:00,,N,N,MSP,UNK,16,09,97,IS,,13.98,N,NO NAME,25,F,N,97,RP,,RAMP 1 FR IS 97 NB TO MD 100 WB,39.15364367,-76.64400117
01,07,,06.01,02,02,2,01,04,05,MSP62810017,00,01-07-2015,08:50:00,,N,N,MSP,UNK,01,09,40,US,,10.8,E,PULASKI HWY,300,F,E,,UU,,HAMILTON LA,39.60283583,-75.96536517
07.88,07,,01,17,06.03,1,01,01,11,MSP62810018,12.04,01-23-2015,23:26:00,,N,N,MSP,UNK,09,00,272,MD,,10.02,N,TURKEY POINT RD,0,M,N,200,CO,,SHADY BEACH RD,39.57141817,-75.94567817
04,07,,01,17,01,1,01,01,11,MSP62810019,00,01-25-2015,23:40:00,,N,N,MSP,UNK,09,00,222,MD,,3.7,N,BAINBRIDGE RD,0,M,N,108,CO,,HAPPY VALLEY RD,39.5987565,-76.08510317
03,07,,02,02,02,1,01,01,00,MSP6281001B,00,02-11-2015,20:30:00,,Y,N,MSP,UNK,01,00,272,MD,,12.381,N,NORTHEAST RD,0,F,N,,UU,,ENT TO NORTHEAST PLAZA,39.61042667,-75.94790133
01,07,,02,11,02,1,01,01,00,MSP6281001C,00,02-12-2015,14:18:00,,Y,N,MSP,UNK,01,00,275,MD,,1.67,N,PERRYLAWN DR,0,F,N,553,CO,,CRAIGTOWN RD,39.621372,-76.07868
01,07,,01,03,02,1,01,01,11,MSP6281001D,00,02-13-2015,15:22:00,,N,N,MSP,UNK,01,09,274,MD,,7.35,E,JOSEPH BIGGS MEMORIAL HWY,0,M,E,272,MD,,NORTHEAST RD,39.64097367,-75.95970617
07.88,22,,01,07,02,2,01,04,00,MSP62830004,06.01,01-03-2015,00:07:00,,N,N,MSP,UNK,01,01,50,US,,11.73,E,OCEAN GATEWAY,500,F,E,539,CO,,WHITE LOWE RD,38.40986004,-75.64336
01,22,,01,17,02,2,01,04,23.03,MSP62830005,06.01,01-11-2015,15:09:00,,N,N,MSP,UNK,16,09,13,US,,10.817,N,SALISBURY BYPASS,100,F,N,,UU,,MILE MARKER 113.0 (US 50),38.39265817,-75.5527325
05.02,22,,01,17,03,1,01,04,06,MSP62830006,12.04,01-14-2015,06:47:00,,N,N,MSP,UNK,16,09,13,US,,5.35,N,SALISBURY BYPASS,1,M,N,12,MD,,SNOW HILL RD,38.327849,-75.57741567
01,22,,01,17,06.03,1,01,01,10,MSP62830007,12.04,01-14-2015,09:30:00,,N,N,MSP,UNK,16,09,12,MD,,1.59,N,SNOW HILL RD,0,M,N,217,CO,,OLDE FRUITLAND RD,38.30819317,-75.53290317
05.02,22,,01,03,02,2,01,04,00,MSP62830009,06.01,01-15-2015,06:59:00,,N,N,MSP,UNK,01,01,50,US,,22.795,E,OCEAN GATEWAY,500,F,E,297,CO,,FOREST GROVE RD,38.37984867,-75.475077
06.02,22,,02,11,02,1,01,01,00,MSP6283000B,06.01,01-19-2015,17:52:00,,N,N,MSP,UNK,01,00,353,MD,,0.37,N,GUMBORO RD,0,F,N,4,MU,,MAIN ST,38.3952605,-75.4131475
04,22,,01,88,02,1,01,01,00,MSP6283000C,06.01,01-20-2015,20:33:00,,N,N,MSP,UNK,08,08,349,MD,,16.19,E,NANTICOKE RD,100,F,E,70,CO,,PEMBERTON DR,38.3549325,-75.71592217
01,22,,02,09,01,1,01,04,00,MSP6283000D,09.04,01-21-2015,13:50:00,,N,N,MSP,UNK,01,01,50,US,,29.205,E,OCEAN GATEWAY,0,F,E,354,MD,,POWELLVILLE RD,38.38620167,-75.35393717
01,22,,01,17,02,,01,04,11,MSP6283000F,06.01,02-13-2015,16:32:00,,N,N,MSP,UNK,16,09,13,US,,7.87,N,SALISBURY BYPASS,500,F,N,350,MD,,MT HERMON RD,38.355654,-75.540359
03,22,,02,03,06.03,1,01,04,00,MSP6283000G,08.04,02-16-2015,17:34:00,,N,N,MSP,UNK,01,00,50,US,,20.935,E,OCEAN GATEWAY,0,F,E,294,CO,,WALSTON SWITCH RD,38.37564733,-75.5035655
07.88,22,,01,17,03,2,01,04,11,MSP6283000K,08.04,02-16-2015,22:22:00,,N,N,MSP,UNK,09,00,13,US,,7.87,N,SALISBURY BYPASS,0,F,N,350,MD,,MT HERMON RD,38.35414183,-75.5413285
07.88,22,,01,17,01,,01,04,11,MSP6283000L,03,02-21-2015,23:22:00,,N,N,MSP,UNK,16,09,50,US,,29.205,E,OCEAN GATEWAY,100,F,E,354,MD,,POWELLVILLE RD,38.38612417,-75.358674
07.88,22,,01,17,99,,01,01,11,MSP6283000M,06.01,02-22-2015,02:11:00,,N,N,MSP,UNK,16,09,346,MD,,13.83,E,OLD OCEAN CITY RD,1,M,E,371,CO,,NEW HOPE RD,38.38876317,-75.33077217
01,22,,01,01,06.03,,01,01,88,MSP6283000N,03,03-02-2015,06:59:00,,N,N,MSP,UNK,16,02,346,MD,,7.75,E,OLD OCEAN CITY RD,0,M,E,342,CO,,ROUNDS RD,38.3914945,-75.44692717
01,22,,02,03,01,,01,04,00,MSP6283000P,03,03-04-2015,08:52:00,,Y,N,MSP,UNK,01,00,50,US,,4.53,E,OCEAN GATEWAY,0,F,E,313,MD,,DELMAR RD,38.462479,-75.7506325
06.02,22,,01,17,00,1,01,01,14.05,MSP6283000Q,06.01,03-10-2015,21:23:00,,N,N,MSP,UNK,16,09,350,MD,,11.8,E,MT HERMON RD,0,M,E,354,MD,,POWELLVILLE RD,38.33092883,-75.37385
01,18,,09.04,11,01,1,01,04,04,MSP6168000W,07.01,01-03-2015,15:45:00,,Y,N,MSP,UNK,01,09,1306,CO,,0.41,N,FIRST COLONY BLVD,300,F,N,235,MD,,THREE NOTCH RD,38.29890117,-76.51548433
01,18,,03,03,02,2,01,04,00,MSP6168000Y,06.01,01-29-2015,08:45:00,,Y,N,MSP,UNK,01,00,235,MD,,16.172,N,THREE NOTCH RD,10,F,N,1306,CO,,FIRST COLONY BLVD,38.3000395,-76.51307683
05.02,18,,01,06,02,2,01,01,06,MSP6168000Z,06.01,02-23-2015,06:42:00,,N,N,MSP,UNK,01,16,470,MD,,3.07,N,OAKLEY RD,100,F,N,1220,CO,,BANERJEE CT,38.29310667,-76.74359317
03,18,,02,11,02,1,01,04,00,MSP61680010,06.01,03-19-2015,06:20:00,,N,N,MSP,UNK,01,00,863,CO,,0.32,E,WILDEWOOD BLVD,0,F,E,916,CO,,WHITE OAK PKWY,38.30851633,-76.531751
01,23,,01,11,02,1,01,01,09,MSP6169000Y,06.01,01-05-2015,11:25:00,02,N,N,MSP,UNK,01,09,610,MD,,0.24,E,WHALEYVILLE RD,10,F,E,,UU,,SPUR TO US 50,38.385702,-75.31125883
01,23,,01,17,02,1,01,01,00,MSP6169000Z,06.01,01-08-2015,12:20:00,05,N,N,MSP,UNK,18,00,12,MD,,13.49,N,SNOW HILL RD,0,F,N,,UU,,HATCHERY LANE,38.1854785,-75.40112867
01,23,,01,17,02,2,01,01,00,MSP61690010,06.01,03-24-2015,09:55:00,04,N,N,MSP,UNK,08,00,50,US,,2.96,E,OCEAN GATEWAY,150,F,E,90,MD,,OCEAN CITY EXPWY,38.373088,-75.27793617
04,13,,01,07,02,3,01,04,00,MSP6195002T,06.01,02-13-2015,18:52:00,,N,N,MSP,UNK,01,01,95,IS,,4.08,N,NO NAME,0,M,N,32,MD,,PATUXENT PKWY,39.15165983,-76.83873617
03,15,,01,17,01,2,01,04,05,MSP62690039,03,01-04-2015,01:39:00,,N,N,MSP,UNK,09,00,495,IS,,8.24,E,CAPITAL BELTWAY,1,M,E,185,MD,,CONNECTICUT AVE,39.01160867,-77.09205883
03,15,,01,07,01,2,01,04,05,MSP6269003B,03,01-04-2015,03:09:00,,N,N,MSP,UNK,01,09,495,IS,,8.24,E,CAPITAL BELTWAY,1,M,E,185,MD,,CONNECTICUT AVE,39.009188,-77.0883475
03,15,,01,07,02,1,01,04,00,MSP6269003C,06.01,01-22-2015,19:52:00,,N,N,MSP,UNK,01,01,270,IS,,9.32,N,EISENHOWER MEMORIAL HWY,1,M,N,,UU,,EXIT #9,39.14949917,-77.21751067
03,15,,01,03,01,4,01,04,05,MSP6269003D,12.04,01-26-2015,23:58:00,,N,N,MSP,UNK,09,05,495,IS,,10.44,E,CAPITAL BELTWAY,1,M,E,97,MD,,GEORGIA AVE,39.01221417,-77.0631025
01,15,,01,03,02,2,01,04,00,MSP6269003F,07.01,02-05-2015,07:23:00,,N,N,MSP,UNK,01,01,270,IS,,5.5,N,EISENHOWER MEMORIAL HWY,300,F,N,189,MD,,FALLS RD,39.07801383,-77.16909
03,15,,01,07,04,2,01,04,00,MSP6269003G,08.04,02-14-2015,23:24:00,,N,N,MSP,UNK,01,00,193,MD,,2.42,E,UNIVERSITY BLVD W,10,F,E,1270,CO,,INWOOD AVE,39.03606267,-77.0361285
03,15,,01,07,03,4,00,04,00,MSP6269003H,08.04,02-16-2015,18:41:00,,N,N,MSP,UNK,01,00,495,IS,,0.52,E,CAPITAL BELTWAY,1,M,E,6,GV,,CLARA BARTON PKWY,38.9830105,-77.16384283
03,15,,01,07,04,3,01,04,00,MSP6269003J,09.04,02-22-2015,01:24:00,,N,N,MSP,UNK,01,16,495,IS,,14.1,E,CAPITAL BELTWAY,0,M,E,,UU,,EXIT #28,39.01818341,-76.97038651
00,15,,01,07,02,4,01,04,00,MSP6269003K,06.01,03-03-2015,07:58:00,,N,N,MSP,UNK,01,01,495,IS,,12.52,E,CAPITAL BELTWAY,5,F,E,193,MD,,UNIVERSITY BLVD E,39.0160045,-76.9993545
01,15,,01,07,02,4,01,04,00,MSP6269003L,06.01,03-03-2015,09:20:00,,N,N,MSP,UNK,01,00,495,IS,,12.52,E,CAPITAL BELTWAY,50,F,E,193,MD,,UNIVERSITY BLVD E,39.01644517,-76.99781483
01,15,,01,17,03,2,01,04,05,MSP6269003M,12.04,03-05-2015,14:01:00,,N,N,MSP,UNK,09,00,495,IS,,0.52,E,CAPITAL BELTWAY,5,F,E,,UU,,EXIT #41,38.97341283,-77.17881433
03,15,,01,07,01,1,01,04,00,MSP6269003N,07.01,03-14-2015,21:37:00,,N,N,MSP,UNK,01,00,495,IS,,2.37,E,CAPITAL BELTWAY,50,F,E,190,MD,,RIVER RD,38.98634433,-77.15747583
00,02,,01,17,00,1,01,03,15.05,MSP6286001X,00,01-04-2015,02:48:00,,N,N,MSP,UNK,09,00,97,IS,,16.25,N,NO NAME,10,F,N,242,CO,,WELLHAM AVE,39.1742645,-76.63741433
00,02,,01,03,00,3,01,03,00,MSP6286001Y,00,01-01-2015,03:09:00,,N,N,MSP,UNK,01,01,295,MD,,7.69,N,BALTIMORE WASHINGTON PKWY,10,F,N,713,MD,,ARUNDEL MILLS BLVD,39.15429126,-76.74705505
01,02,,01,17,02,1,01,04,05,MSP6286001Z,06.01,01-11-2015,12:33:00,,N,N,MSP,UNK,09,00,97,IS,,9.67,N,NO NAME,10,F,N,3,MD,,BENFIELD BLVD,39.11427067,-76.63477483
01,02,,01,07,02,2,01,04,00,MSP62860021,06.01,02-04-2015,11:04:00,,N,N,MSP,UNK,01,00,97,IS,,9.67,N,NO NAME,5,F,N,3,MD,,BENFIELD BLVD,39.09463068,-76.62723541
01,02,,01,17,02,2,01,04,00,MSP62860022,06.01,02-11-2015,14:00:00,,N,N,MSP,UNK,00,00,50,US,,12.28,E,BLUE STAR MEMORIAL HWY,10,F,E,,UU,,STRUC #2101,39.00230467,-76.507624
01,02,,01,17,02,3,01,04,15.05,MSP62860023,00,02-13-2015,14:00:00,,N,N,MSP,UNK,09,00,97,IS,,12.1,N,NO NAME,5,F,N,3,MD,,CRAIN HWY,39.12713065,-76.64079666
06.02,13,,01,17,02,2,01,04,06,MSP6195002V,06.01,03-01-2015,06:22:00,,N,N,MSP,UNK,16,00,70,IS,,13.59,E,NO NAME,1,M,E,70,CO,,MARRIOTTSVILLE RD,39.30231983,-76.8730165
01,13,,01,03,02,4,01,04,00,MSP6195002W,06.01,03-12-2015,15:36:00,,N,N,MSP,UNK,01,01,95,IS,,4.08,N,NO NAME,1,M,N,32,MD,,PATUXENT PKWY,39.16220933,-76.81590183
00,13,,01,03,02,1,01,04,00,MSP6195002X,07.01,03-30-2015,08:34:00,,N,N,MSP,UNK,01,00,95,IS,,8.27,N,NO NAME,0,M,N,100,MD,,NO NAME,39.201091,-76.76033633
01,14,,01,17,01,1,01,01,05,MSP61970015,03,01-03-2015,14:20:00,,N,N,MSP,UNK,09,00,289,MD,,7.35,N,QUAKER NECK RD,0,M,N,147,CO,,COLLINS AVE,39.18906917,-76.0727745
04,17,,01,17,02,1,01,01,11,MSP61970017,06.01,01-02-2015,18:54:00,,N,N,MSP,UNK,16,09,304,MD,A,2.63,E,RUTHSBURG RD,1,M,E,118,CO,A,GREENVILLE RD,39.006765,-75.981607
06.02,14,,01,17,02,1,01,01,11,MSP61970018,06.01,01-06-2015,17:01:00,,N,N,MSP,UNK,16,09,222,CO,,2.63,S,BLACK BOTTOM RD,1,M,S,330,MD,,MASSEY DELAWARE LINE RD,39.309827,-75.777057
04,14,,01,17,04,1,01,01,00,MSP61970019,03,01-12-2015,05:15:00,,N,N,MSP,UNK,11,00,298,MD,,5.05,E,LAMBS MEADOW RD,300,F,E,119,CO,,ST JAMES NEWTOWN RD,39.27791233,-76.12968483
01,17,,01,17,01,1,00,04,05,MSP6197001B,06.01,01-22-2015,11:25:00,,N,N,MSP,UNK,88,09,50,US,,9.87,E,BLUE STAR MEMORIAL HWY,1,M,E,18,MD,,EVANS AVE,38.96184983,-76.20263883
01,14,,02,04,02,1,01,01,00,MSP6197001C,06.01,01-23-2015,13:31:00,,Y,N,MSP,UNK,01,00,313,MD,A,0,N,MASSEY GALENA RD,0,F,N,301,US,A,BLUE STAR MEMORIAL HWY,39.31980703,-75.84689498
01,14,,01,17,01,1,01,01,22.03,MSP6197001D,03,03-14-2015,13:40:00,,N,N,MSP,UNK,16,09,20,MD,,6.6,E,ROCK HALL RD,1,M,E,21,MD,,TOLCHESTER BEACH RD,39.19211253,-76.1919612
03,15,,01,03,02,3,01,04,00,MSP6271002V,06.01,02-28-2015,06:05:00,,N,N,MSP,UNK,01,00,270,IS,,4.14,N,EISENHOWER MEMORIAL HWY,0,M,N,927,MD,,MONTROSE RD,39.04329917,-77.14805167
01,15,,01,17,01,1,01,04,05,MSP6271002W,08.04,03-01-2015,09:52:00,,N,N,MSP,UNK,09,09,270,IS,,6.46,N,EISENHOWER MEMORIAL HWY,0,F,N,28,MD,,W MONTGOMERY AVE,39.090026,-77.17480333
01,15,,01,03,01,1,01,04,05,MSP6271002X,03,03-01-2015,15:42:00,,N,N,MSP,UNK,09,01,270,IS,,4.14,N,EISENHOWER MEMORIAL HWY,1,M,N,927,MD,,MONTROSE RD,39.034161,-77.14276517
01,15,,01,88,03,1,01,04,00,MSP6271002Z,08.04,03-05-2015,14:30:00,,N,N,MSP,UNK,01,00,495,IS,,5.61,E,CAPITAL BELTWAY,0,M,E,187,MD,,OLD GEORGETOWN RD,39.01551593,-77.12041855
01,15,,01,88,02,3,01,04,00,MSP62710030,06.01,03-06-2015,15:01:00,,N,N,MSP,UNK,01,00,495,IS,,5.61,E,CAPITAL BELTWAY,0,M,E,187,MD,,OLD GEORGETOWN RD,39.01568265,-77.12009668
01,15,,01,17,02,2,01,04,05,MSP62710031,06.01,03-08-2015,15:35:00,,N,N,MSP,UNK,09,00,270,IS,,6.46,N,EISENHOWER MEMORIAL HWY,1,M,N,28,MD,,W MONTGOMERY AVE,39.08188966,-77.17131615
01,15,,01,88,02,2,01,04,05,MSP62710032,06.01,03-09-2015,17:24:00,,N,N,MSP,UNK,01,01,270,IS,,4.14,N,EISENHOWER MEMORIAL HWY,0,M,N,927,MD,,MONTROSE RD,39.04149283,-77.14734883
03,15,,01,03,02,1,01,04,00,MSP62710033,06.01,03-15-2015,03:06:00,,N,N,MSP,UNK,01,00,270,IS,,4.14,N,EISENHOWER MEMORIAL HWY,1,M,N,927,MD,,MONTROSE RD,39.03363033,-77.14359033
04,15,,01,03,02,3,01,04,00,MSP62710034,06.01,03-15-2015,05:02:00,,N,N,MSP,UNK,01,00,270,IS,,1.54,N,EISENHOWER MEMORIAL HWY,0,M,N,187,MD,,OLD GEORGETOWN RD,39.0292565,-77.116518
03,15,,01,88,02,3,01,04,00,MSP62710035,06.01,03-23-2015,06:47:00,,N,N,MSP,UNK,01,00,495,IS,,2.37,E,CAPITAL BELTWAY,0,M,E,190,MD,,RIVER RD,38.986051,-77.15768383
01,15,,01,03,01,2,01,04,00,MSP62710036,03,03-26-2015,10:03:00,,N,N,MSP,UNK,01,01,270,IS,,5.5,N,EISENHOWER MEMORIAL HWY,0,M,N,189,MD,,FALLS RD,39.06950153,-77.16004873
01,15,,01,17,02,3,01,04,05,MSP62710037,06.01,03-26-2015,13:38:00,,N,N,MSP,UNK,09,00,270,IS,,1.54,N,EISENHOWER MEMORIAL HWY,0,M,N,187,MD,,OLD GEORGETOWN RD,39.028749,-77.1155212
01,02,,01,17,04,3,01,04,14.05,MSP62860024,10.04,02-15-2015,07:40:00,,N,N,MSP,UNK,09,00,295,MD,,7.69,N,BALTIMORE WASHINGTON PKWY,20,F,N,713,MD,,ARUNDEL MILLS BLVD,39.1584105,-76.74246667
01,02,,05.01,17,02,,01,02,05,MSP62860025,06.01,02-16-2015,16:06:00,,N,N,MSP,UNK,09,00,695,RP,,0,N,RAMP 7 FR IS 695 WB TO MD 295 SB,10,F,N,695,IS,,BALTO BELTWAY,39.22094083,-76.65914917
03,02,,01,17,03,1,01,04,05,MSP62860026,10.04,02-16-2015,20:38:00,,N,N,MSP,UNK,09,00,97,IS,,12.1,N,NO NAME,10,F,N,3,MD,BU,CRAIN HWY,39.13662867,-76.644077
03,02,,01,03,03,3,01,04,00,MSP62860027,10.04,02-16-2015,22:35:00,,N,N,MSP,UNK,01,01,97,IS,,16.25,N,NO NAME,10,F,N,242,CO,,WELLHAM AVE,39.17991133,-76.634049
01,02,,00,17,02,1,01,02,17.10,MSP62860028,06.01,02-19-2015,13:38:00,,Y,N,MSP,UNK,09,00,97,IS,,9.98,N,NO NAME,5,F,N,97,RP,,RAMP 2 FR MD 3C WB TO IS 97 NB,39.14505617,-76.64360883
03,02,,01,17,04,3,01,04,08,MSP62860029,03,02-21-2015,22:24:00,,N,N,MSP,UNK,09,00,97,IS,,13.29,N,NO NAME,10,F,N,174,MD,,QUARTERFIELD RD,39.149998,-76.64546883
03,02,,01,03,01,2,01,04,00,MSP6286002B,03,02-22-2015,00:47:00,,N,N,MSP,UNK,01,01,32,MD,,4.54,N,NO NAME,10,F,N,170,MD,,TELEGRAPH RD,39.10203233,-76.69476233
01,02,,01,03,02,3,01,04,00,MSP6286002C,06.01,02-25-2015,12:54:00,,N,N,MSP,UNK,01,01,50,US,,12.28,E,BLUE STAR MEMORIAL HWY,5,F,E,,UU,,EXIT #27,39.0023195,-76.50766033
01,02,,01,17,01,1,01,04,05,MSP6286002D,10.04,03-01-2015,10:17:00,,N,N,MSP,UNK,09,00,97,IS,,16.25,N,NO NAME,10,F,N,242,CO,,WELLHAM AVE,39.1899855,-76.63276267
01,02,,01,17,01,1,01,02,09,MSP6286002F,10.04,03-01-2015,11:22:00,,N,N,MSP,UNK,09,00,295,MD,,14.07,N,BALTIMORE WASHINGTON PKWY,10,F,N,695,RP,,RAMP 4 FR MD 295 NB TO IS 695 EB,39.21839267,-76.66050783
03,02,,01,17,03,1,01,04,05,MSP6286002G,08.04,03-01-2015,18:00:00,,N,N,MSP,UNK,09,00,50,US,,12.28,E,BLUE STAR MEMORIAL HWY,10,F,E,,UU,,STRUC #2101,38.96054338,-76.65435791
01,02,,05.01,88,02,,01,02,00,MSP6286002H,06.01,03-02-2015,12:52:00,,N,N,MSP,UNK,01,01,695,MD,,0.16,N,BALTO BELTWAY,0,F,N,710,MD,,EAST ORDNANCE RD,39.2360595,-76.66751533
01,02,,01,03,01,2,01,04,00,MSP6286002J,03,03-27-2015,08:52:00,,N,N,MSP,UNK,01,00,295,MD,,13.06,N,BALTIMORE WASHINGTON PKWY,5,F,N,6,CO,,W NURSERY RD,39.21244233,-76.679442
01,03,,01,03,02,2,01,04,00,MSP6286002K,06.01,03-28-2015,12:43:00,,N,N,MSP,UNK,01,00,295,MD,,0.733,N,BALTIMORE WASHINGTON PKWY,10,F,N,,UU,,CROSSOVER,39.238177,-76.64875917
01,02,,01,17,02,1,01,04,11,MSP6286002L,00,03-29-2015,07:00:00,,N,N,MSP,UNK,09,00,295,MD,,12.3,N,BALTIMORE WASHINGTON PKWY,20,F,N,8,CO,,WINTERSON RD,39.20020079,-76.69418335