LIGHT_CODE,COUNTY_NO,MUNI_CODE,JUNCTION_CODE,COLLISION_TYPE_CODE,SURF_COND_CODE,LANE_CODE,RD_COND_CODE,RD_DIV_CODE,FIX_OBJ_CODE,REPORT_NO,WEATHER_CODE,ACC_DATE,ACC_TIME,LOC_CODE,SIGNAL_FLAG,C_M_ZONE_FLAG,AGENCY_CODE,AREA_CODE,HARM_EVENT_CODE1,HARM_EVENT_CODE2,RTE_NO,ROUTE_TYPE_CODE,RTE_SUFFIX,LOG_MILE,LOGMILE_DIR_FLAG,MAINROAD_NAME,DISTANCE,FEET_MILES_FLAG,DISTANCE_DIR_FLAG,REFERENCE_NO,REFERENCE_TYPE_CODE,REFERENCE_SUFFIX,REFERENCE_ROAD_NAME,LATITUDE,LONGITUDE
03,16,,01,03,02,4,01,04,00,MSP59570045,06.01,01-28-2015,18:53:00,N/A,N,N,MSP,UNK,01,00,95,IS,,23.04,N,CAPITAL BELTWAY,0,M,N,201,MD,,KENILWORTH AVE,39.004233,-76.895934
03,16,,01,07,02,5,01,04,00,MSP59570046,06.01,01-30-2015,19:30:00,N/A,N,N,MSP,UNK,01,00,95,IS,,18.54,N,CAPITAL BELTWAY,0,M,N,595,IS,,JOHN HANSON HWY,38.951819,-76.861483
04,19,,00,17,06.03,2,01,03,11,MSP5958000B,12.04,01-14-2015,06:26:00,4,N,N,MSP,UNK,09,00,13,US,,17.97,N,OCEAN HWY,1,M,N,26,CO,,PEGGY NECK RD,38.27337533,-75.65693183
05.02,19,,03,03,04,1,00,01,00,MSP5958000C,06.01,03-06-2015,07:11:00,6,Y,N,MSP,UNK,01,00,87,CO,,5.54,E,REVELLS NECK RD,0,F,E,13,US,,OCEAN HWY,38.15320833,-75.6942515
99,19,,00,17,02,1,01,01,18.88,MSP5958000D,00,03-29-2015,07:49:00,1,N,N,MSP,UNK,09,09,164,CO,,0,N,TULLS CORNER RD,300,F,N,163,CO,,L Q POWELL RD,38.01739683,-75.75514133
05.02,09,,01,17,04,1,01,01,09,MSP5911000T,10.04,01-27-2015,06:42:00,,N,N,MSP,UNK,16,09,271,CO,,0.3,N,GALESTOWN RELIANCE RD,0,M,N,287,CO,,LAKESHORE DR,38.6099,-75.7054
01,09,,08.04,02,01,,05,01,10,MSP5911000V,07.01,02-22-2015,13:46:00,,N,N,MSP,UNK,01,09,313,MD,,8.44,N,ELDORADO RD,1,M,N,392,MD,,FINCHVILLE RELIANCE RD,38.64773817,-75.76611183
01,09,,01,17,02,2,01,04,05,MSP5911000W,06.01,02-28-2015,14:52:00,,N,N,MSP,UNK,18,16,50,US,,16.72,E,OCEAN GATEWAY,0,F,E,,UU,,MILE MARKER 96.0,38.491405,-75.817991
06.02,20,,01,04,04,2,04,04,15.05,MSP5911000X,88,03-01-2015,17:59:00,,N,N,MSP,UNK,01,01,50,US,,24.42,E,OCEAN GATEWAY,200,F,E,,UU,,BEGIN BRIDGE,38.591227,-76.048013
01,09,,09.04,11,01,,01,04,00,MSP5911000Y,03,03-27-2015,14:15:00,,N,N,MSP,UNK,01,00,50,US,,1.79,E,OCEAN GATEWAY,0,F,E,,UU,,ENT TO BUSINESS,38.557457,-76.059026
01,05,,01,17,02,1,01,01,02,MSP58230019,06.01,01-01-2015,15:54:00,,N,N,MSP,UNK,09,00,157,CO,,0.96,W,LAUREL GROVE RD,1,M,W,313,MD,,FEDERALSBURG HWY,38.701485,-75.77843983
05.02,05,,01,17,01,1,01,01,00,MSP5823001B,03,01-18-2015,07:20:00,,N,N,MSP,UNK,08,00,16,MD,,9.29,N,HARMONY RD,1,M,N,160,CO,,TWO JOHNS RD,38.81256917,-75.8620375
01,05,,01,17,04,1,01,01,06,MSP5823001C,06.01,02-10-2015,09:27:00,,N,N,MSP,UNK,09,00,37,CO,,3.09,E,BRIDGETOWN RD,1,M,E,38,CO,,UNION RD,39.02747817,-75.80952433
01,05,,02,03,02,1,01,01,00,MSP5823001D,06.01,02-17-2015,15:33:00,,N,N,MSP,UNK,01,00,404,MD,,3.01,E,SHORE HWY,0,F,E,95,CO,,LOG CABIN RD,38.894222,-75.8207505
04,20,,01,17,02,1,01,01,09,MSP5823001F,06.01,02-28-2015,05:30:00,,N,N,MSP,UNK,09,09,309,MD,,1.36,N,CORDOVA RD,1,M,N,4,CO,,OLD CORDOVA RD,38.86938,-76.00102
01,05,,01,03,02,1,01,01,00,MSP5823001G,06.01,03-31-2015,12:16:00,,N,N,MSP,UNK,01,01,331,MD,,3.13,N,DOVER BRIDGE RD,500,F,N,187,CO,,TANYARD RD,38.89629183,-75.83658867
01,10,,03,03,02,2,01,01,00,MSP5824000S,06.01,01-09-2015,13:42:00,NONE,N,N,MSP,UNK,01,00,270,MU,,0,E,W RIDGEVILLE BLVD,200,F,E,808,MD,,S MAIN ST,39.36548767,-77.16701733
04,10,,07.01,03,01,1,01,01,00,MSP5824000T,06.01,01-14-2015,19:07:00,NONE,Y,N,MSP,UNK,01,01,270,MU,,0.47,E,W RIDGEVILLE BLVD,10,F,E,,UU,,R/R #CSX 140 426 F,39.36595671,-77.17850447
01,06,,01,17,02,1,01,01,14.05,MSP5824000V,07.01,02-01-2015,09:41:00,NONE,N,N,MSP,UNK,09,09,32,MD,,12.904,N,SYKESVILLE RD,150,F,N,189,OP,,HILLSIDE CT,39.514143,-76.97635383
04,06,,01,17,02,1,01,01,00,MSP5824000W,06.01,02-08-2015,18:45:00,NONE,N,N,MSP,UNK,08,00,97,MD,,5.52,N,OLD WASHINGTON RD,900,F,N,,UU,,ROUNDABOUT,39.42514217,-77.009449
04,06,,02,11,02,1,01,01,00,MSP5824000X,06.01,02-11-2015,18:55:00,NONE,Y,N,MSP,UNK,01,00,97,MD,,0.02,N,OLD WASHINGTON RD,0,F,N,603,CO,,HOODS MILL RD,39.36142772,-77.0174861
01,06,,03,07,02,2,02,01,00,MSP5824000Y,06.01,02-25-2015,07:42:00,NONE,Y,N,MSP,UNK,01,00,26,MD,,7.95,E,LIBERTY RD,0,F,E,663,CO,,LINTON RD,39.417056,-76.986052
01,16,,01,17,01,1,01,02,05,MSP5858003Z,03,01-04-2015,12:56:00,1,N,N,MSP,UNK,09,00,6705,CO,,0,S,NATIONAL HARBOR BLVD,0,M,S,95,RP,,RAMP 1 FR NATL HARBOR TO IS 95 LS,38.79569933,-77.01206667
03,16,,05.01,08,01,,01,04,00,MSP58580040,03,01-12-2015,19:17:00,2,N,N,MSP,UNK,01,00,210,MD,,13.273,N,INDIAN HEAD HWY,0,M,N,95,RP,,RAMP 8 FR MD 210 SB TO IS 95 LS,38.80497517,-76.99910233
03,16,,01,03,02,1,01,04,00,MSP58580041,07.01,01-13-2015,18:20:00,3,N,N,MSP,UNK,01,01,95,IS,,13.14,N,CAPITAL BELTWAY,0,M,N,221,MD,,RITCHIE MARLBORO RD,38.871746,-76.843733
03,16,,01,07,02,2,01,04,00,MSP58580042,07.01,01-13-2015,23:02:00,3,N,N,MSP,UNK,01,01,301,US,,23.15,N,CRAIN HWY,120,F,N,197,MD,,COLLINGTON RD,38.94198417,-76.71827183
03,16,,01,03,02,1,01,04,00,MSP58580043,07.01,01-15-2015,18:31:00,5,N,N,MSP,UNK,01,00,95,IS,,15.83,N,CAPITAL BELTWAY,100,F,N,202,MD,,ARENA DR,38.90272167,-76.85045967
01,16,,02,14,02,,01,04,00,MSP58580045,06.01,01-28-2015,08:02:00,4,Y,N,MSP,UNK,01,00,5,MD,,3.12,N,BRANCH AVE,0,F,N,599,CO,,BRANDYWINE RD,38.70233067,-76.87801433
01,16,,01,03,02,1,01,04,00,MSP58580046,06.01,01-28-2015,09:04:00,4,N,N,MSP,UNK,01,00,5,MD,,3.12,N,BRANCH AVE,0,M,N,599,CO,,BRANDYWINE RD,38.69327467,-76.87191917
01,16,,01,17,02,,01,04,05,MSP58580047,07.01,01-29-2015,08:55:00,5,N,N,MSP,UNK,16,09,301,US,,12.34,N,CRAIN HWY,300,F,N,108,CO,,CROOM STATION RD,38.79707217,-76.763108
05.02,16,,01,03,02,1,01,03,00,MSP58580048,06.01,01-30-2015,07:27:00,6,N,N,MSP,UNK,01,01,301,US,,9.6,N,CRAIN HWY,70,F,N,3923,CO,,HEATHERMORE BLVD,38.77476433,-76.80067117
01,16,,01,03,01,,01,04,00,MSP58580049,03,03-03-2015,14:43:00,3,N,N,MSP,UNK,01,00,301,US,,10.35,N,CRAIN HWY,70,F,N,382,MD,,CROOM RD,38.78567417,-76.79211083
01,10,,01,17,02,1,01,04,06,MSP59190031,06.01,01-09-2015,15:13:00,,N,N,MSP,UNK,16,09,70,IS,,3.59,E,EISENHOWER MEMORIAL HWY,1,M,E,,UU,,EXIT #42,39.48676717,-77.556122
04,12,,03,07,02,1,01,01,00,MSP59600039,06.01,01-09-2015,22:10:00,00,N,N,MSP,UNK,01,00,755,MD,,0.55,N,EDGEWOOD RD,100,F,N,522,CO,,WILLOUGHBY BEACH RD,39.4223185,-76.29538267
01,12,,02,03,02,1,01,01,00,MSP5960003B,06.01,01-10-2015,16:31:00,00,Y,N,MSP,UNK,01,01,152,MD,,6.19,N,MOUNTAIN RD,0,F,N,260,CO,,OLD JOPPA RD,39.47639817,-76.380229
03,12,,03,11,02,1,01,01,00,MSP5960003C,06.01,02-03-2015,19:41:00,00,Y,N,MSP,UNK,01,00,755,MD,,0.95,N,EDGEWOOD RD,0,F,N,512,CO,,HANSON RD,39.4265845,-76.29878317
01,12,,02,11,01,2,01,04,00,MSP5960003D,06.01,02-22-2015,11:43:00,00,Y,N,MSP,UNK,01,00,24,MD,,5.25,N,VIETNAM VETERANS MEMORIAL HWY,0,F,N,246,CO,,SINGER RD,39.47884483,-76.31924333
01,12,,02,02,02,1,01,01,00,MSP5960003F,06.01,03-02-2015,16:46:00,00,Y,N,MSP,UNK,01,00,24,MD,,3.31,N,VIETNAM VETERANS MEMORIAL HWY,0,F,N,1361,CO,,EDGEWOOD RD,39.41745383,-76.30728
03,12,,02,01,01,1,01,04,00,MSP5960003G,03,03-03-2015,18:45:00,00,Y,N,MSP,UNK,01,00,40,US,,1.13,E,PULASKI HWY,0,F,E,505,CO,,JOPPA RD,39.431931,-76.337521
03,12,,01,03,01,2,01,04,00,MSP5960003H,03,03-03-2015,22:51:00,00,N,N,MSP,UNK,01,00,40,US,,1.13,E,PULASKI HWY,0,M,E,505,CO,,JOPPA RD,39.430253,-76.34864
01,12,,00,03,02,,01,01,00,MSP5960003J,06.01,03-21-2015,09:48:00,00,N,N,MSP,UNK,01,00,22,MD,,3.59,E,CHURCHVILLE RD,0,M,E,197,CO,,THOMAS RUN RD,39.5552545,-76.27770233
01,12,,01,11,02,,01,01,00,MSP5960003K,06.01,03-26-2015,17:55:00,00,N,N,MSP,UNK,01,00,152,MD,,11.69,N,FALLSTON RD,300,M,N,56,CO,,PLEASANTVILLE RD,39.53291467,-76.44777683
01,06,,01,09,02,1,01,01,00,MSP5824000Z,06.01,03-06-2015,13:44:00,NONE,N,N,MSP,UNK,01,01,32,MD,,1.122,N,SYKESVILLE RD,0,M,N,851,MD,,SPRINGFIELD AVE,39.37995967,-76.96838467
01,06,,02,11,02,2,01,01,00,MSP58240010,07.01,03-24-2015,10:34:00,NONE,N,N,MSP,UNK,01,00,26,MD,,11.44,E,LIBERTY RD,0,F,E,754,CO,,MARVIN AVE,39.39740266,-76.92678452
01,06,,02,02,02,1,01,04,00,MSP58240011,06.01,03-29-2015,16:20:00,NONE,Y,N,MSP,UNK,01,00,32,MD,,3.674,N,SYKESVILLE RD,0,F,N,1042,CO,,LONDONTOWN BLVD,39.40888033,-76.95002533
01,06,,02,03,01,1,00,01,00,MSP58240012,03,03-31-2015,15:53:00,NONE,Y,N,MSP,UNK,01,00,26,MD,,8.328,E,LIBERTY RD,0,F,E,1298,OP,,EXCHANGE DR,39.41418983,-76.98098867
01,06,,03,11,01,1,00,01,00,MSP58240013,03,03-31-2015,16:56:00,NONE,Y,N,MSP,UNK,01,00,26,MD,,3.657,E,LIBERTY RD,0,F,E,,UU,,ENT TO BUSINESS,39.4463215,-77.05517717
04,13,,01,03,02,1,01,01,00,MSP58240014,06.01,03-29-2015,20:08:00,NONE,N,N,MSP,UNK,01,00,32,MD,,20.34,N,SYKESVILLE RD,300,F,N,99,MD,,OLD FREDERICK RD,39.3221175,-76.9487715
01,16,,02,11,01,1,01,03,00,MSP5859001K,06.01,01-04-2015,12:06:00,1,Y,N,MSP,UNK,01,00,301,US,,2.93,N,CRAIN HWY,0,F,N,381,MD,,BRANDYWINE RD,38.69895267,-76.868796
03,16,,01,03,02,1,01,03,00,MSP5859001L,06.01,01-05-2015,06:49:00,2,N,Y,MSP,UNK,01,00,4,MD,,6.31,N,PENNSYLVANIA AVE,250,F,N,223,MD,,WOODYARD RD,38.8163765,-76.83251267
03,16,,01,03,02,1,01,03,00,MSP5859001M,06.01,01-05-2015,06:50:00,2,N,N,MSP,UNK,01,00,4,MD,,6.31,N,PENNSYLVANIA AVE,0,M,N,223,MD,,WOODYARD RD,38.818171,-76.84018367
01,16,,03,07,02,2,01,03,00,MSP5859001N,06.01,01-05-2015,13:41:00,2,Y,N,MSP,UNK,01,01,301,US,,22.65,N,CRAIN HWY,50,F,N,611,MU,,EXCALIBUR RD,38.93449,-76.71889917
03,16,,01,17,01,,01,04,05,MSP5859001P,03,03-04-2015,20:15:00,4,N,N,MSP,UNK,16,09,95,IS,,1.754,N,CAPITAL BELTWAY,0,F,N,295,IS,,ANACOSTIA FREEWAY,38.795275,-77.0162715
01,16,,03,03,02,1,01,01,00,MSP5859001Q,06.01,03-19-2015,15:28:00,5,Y,N,MSP,UNK,01,00,483,CO,,1.11,N,FORESTVILLE RD,50,F,N,4,MD,,PENNSYLVANIA AVE,38.84078733,-76.87367217
01,16,,01,03,01,4,01,04,00,MSP5859001R,03,03-20-2015,16:22:00,6,N,N,MSP,UNK,01,00,95,IS,,22.12,N,CAPITAL BELTWAY,1,M,N,295,MD,,BALTIMORE WASHINGTON PKWY,38.98280817,-76.87733467
01,16,,01,17,02,,01,04,06,MSP5859001S,06.01,03-22-2015,08:14:00,1,N,N,MSP,UNK,16,09,95,IS,,5.68,N,CAPITAL BELTWAY,300,F,N,123,CO,,TEMPLE HILL RD,38.81570883,-76.95249617
01,06,,03,03,02,1,01,01,00,MSP5861001X,06.01,01-05-2015,12:48:00,,Y,N,MSP,UNK,01,00,140,MD,,11.77,N,TANEYTOWN PIKE,75,F,N,257,CO,,MEADOW BRANCH RD,39.58812917,-77.02403733
04,06,,01,17,03,1,01,01,06,MSP5861001Y,08.04,02-17-2015,00:18:00,,N,N,MSP,UNK,09,00,482,MD,,4.45,E,HAMPSTEAD MEXICO RD,100,F,E,1247,OP,,KEVINS DR,39.60939567,-76.87055817
01,06,,03,03,02,1,01,05.01,06,MSP5861001Z,06.01,02-27-2015,09:48:00,,Y,N,MSP,UNK,01,09,26,MD,,8.328,E,LIBERTY RD,30,F,E,1298,OP,,EXCHANGE DR,39.41435567,-76.98153533
01,06,,02,03,02,1,01,01,00,MSP58610020,06.01,03-06-2015,16:08:00,,N,N,MSP,UNK,01,00,26,MD,,1.1,E,LIBERTY RD,0,F,E,275,CO,,FRANKLINVILLE RD,39.46021917,-77.09856417
01,04,,03,03,04,,01,04,05,MSP5920000M,08.04,02-16-2015,16:20:00,,Y,N,MSP,UNK,01,09,2,MD,,3.26,N,SOLOMONS ISLAND RD,50,F,N,760,MD,,ROUSBY HALL RD,38.375275,-76.443569
01,04,,01,17,03,1,01,01,05,MSP5920000N,08.04,03-05-2015,14:31:00,,N,N,MSP,UNK,09,00,231,MD,,4.886,E,HALLOWING POINT RD,0,M,E,1758,CO,,YARDLEY DR,38.533381,-76.603326
01,04,,00,17,01,1,01,04,10,MSP5920000P,06.01,03-06-2015,07:33:00,00,N,N,MSP,UNK,09,00,2,MD,,14.59,N,SOLOMONS ISLAND RD,0,M,N,264,MD,,BROOMES ISLAND RD,38.500598,-76.540559
04,02,,01,17,01,,01,04,05,MSP5966002N,00,01-07-2015,02:05:00,,N,N,MSP,UNK,09,00,595,IS,,6.2,E,JOHN HANSON HWY,200,F,E,2815,CO,,SOUTH HAVEN RD,38.98419882,-76.58781767
04,02,,01,88,01,1,01,04,00,MSP5966002P,00,01-07-2015,02:10:00,,N,N,MSP,UNK,03,01,595,IS,,6.2,E,JOHN HANSON HWY,100,F,E,2815,CO,,SOUTH HAVEN RD,38.98421133,-76.5878807
03,16,,01,03,02,3,01,04,00,MSP5826001V,06.01,01-21-2015,06:04:00,04,N,N,MSP,UNK,01,01,301,US,,14.81,N,CRAIN HWY,75,F,N,4025,CO,,MARLBORO PIKE,38.8232145,-76.73588067
03,16,,02,11,02,2,01,04,00,MSP5826001W,06.01,01-28-2015,19:52:00,04,Y,N,MSP,UNK,01,00,301,US,,13.85,N,CRAIN HWY,0,F,N,976,MD,,NO NAME,38.81050767,-76.7396785
00,16,,01,03,02,1,01,04,00,MSP5826001X,06.01,01-29-2015,19:10:00,06,N,N,MSP,UNK,01,00,214,MD,,8.64,E,CENTRAL AVE,40,F,E,59,CO,,CHURCH RD,38.901708,-76.759125
03,16,,01,01,02,2,01,01,08,MSP5826001Y,00,01-29-2015,19:10:00,06,N,N,MSP,UNK,01,09,59,CO,,5.27,S,CHURCH RD,25,F,S,214,MD,,CENTRAL AVE,38.901224,-76.758052
01,16,,01,07,03,2,01,04,00,MSP5826001Z,08.04,02-21-2015,15:53:00,07,N,N,MSP,UNK,01,11,95,IS,,7.3,N,CAPITAL BELTWAY,75,F,N,5,MD,,BRANCH AVE,38.81979004,-76.92713999
01,06,,01,03,02,1,01,01,00,MSP58610021,06.01,03-07-2015,16:02:00,,N,N,MSP,UNK,01,00,26,MD,,13.49,E,LIBERTY RD,50,F,E,,UU,,BEGIN BRIDGE,39.39682867,-76.88953767
01,08,,01,17,03,1,01,01,06,MSP58620022,08.04,01-06-2015,10:00:00,,N,N,MSP,UNK,09,11,231,MD,,6.08,E,PRINCE FREDERICK RD,295,F,E,,UU,,LONG FIELD PL,38.536087,-76.742065
04,08,,03,03,02,2,01,01,00,MSP58620023,06.01,01-14-2015,17:28:00,,Y,N,MSP,UNK,01,00,228,MD,,3.41,E,BERRY RD,75,F,E,1688,CO,,STREAMVIEW DR,38.647493,-76.938517
01,10,,01,17,01,,00,04,05,MSP5921003H,03,01-03-2015,15:28:00,,N,N,MSP,UNK,16,09,270,IS,,2.05,N,EISENHOWER MEMORIAL HWY,0,M,N,,UU,,STRUC #10174 BENNETT CREEK,39.30423817,-77.33988517
03,10,,01,09,01,1,01,04,05,MSP5921003J,06.01,01-04-2015,19:29:00,,N,N,MSP,UNK,01,01,270,IS,,8.65,N,EISENHOWER MEMORIAL HWY,50,F,N,85,MD,,BUCKEYSTOWN PIKE,39.37941517,-77.40774733
01,10,,01,03,00,1,01,02,00,MSP5921003K,06.01,01-05-2015,15:34:00,,N,N,MSP,UNK,01,01,75,MD,,3.6,N,GREEN VALLEY RD,0,F,N,371,CO,,COOK BROTHERS RD,39.333007,-77.274105
03,10,,01,17,01,,01,04,05,MSP5921003L,08.04,01-26-2015,18:12:00,,N,N,MSP,UNK,16,09,270,IS,,3.52,N,EISENHOWER MEMORIAL HWY,500,F,N,80,MD,,FINGERBOARD RD,39.32347,-77.357155
01,10,,05.01,03,02,,01,02,00,MSP5921003M,06.01,02-13-2015,09:16:00,,N,N,MSP,UNK,01,01,70,RP,,0.22,S,RAMP 8 FR MD 27 SB TO IS 70 WB,0,F,S,70,IS,,BALTO NATIONAL PIKE,39.359559,-77.167853
00,10,,01,03,02,1,01,02,00,MSP5921003N,06.01,02-16-2015,12:37:00,,N,N,MSP,UNK,01,01,15,US,,10.94,N,JEFFERSON NATIONAL PIKE,0,F,N,70,RP,,RAMP 4 FR US 15 NB TO IS 70 EB,39.39985417,-77.42731617
01,10,,00,03,00,2,01,04,00,MSP5921003Q,00,02-20-2015,16:30:00,,N,N,MSP,UNK,01,01,15,US,,13.91,N,FREDERICK FREEWAY,100,F,N,9071,MU,,W 7TH ST,39.428849,-77.419704
00,10,,01,03,02,1,01,04,00,MSP5921003T,06.01,02-20-2015,16:05:00,,N,N,MSP,UNK,01,01,15,US,,13.4,N,FREDERICK FREEWAY,100,F,N,1310,MU,,ROSEMONT AVE,39.42453,-77.426868
01,02,,01,03,02,4,01,04,00,MSP5966002Q,06.01,01-17-2015,12:57:00,,N,N,MSP,UNK,01,01,595,IS,,8.65,E,JOHN HANSON HWY,0,F,E,450,MD,,WEST ST,38.98378767,-76.545064
01,02,,01,17,01,3,01,04,05,MSP5966002R,03,01-18-2015,10:00:00,,N,N,MSP,UNK,09,09,595,IS,,0.8,E,JOHN HANSON HWY,200,F,E,2714,CO,,PATUXENT RIVER RD,38.95664267,-76.67503567
01,02,,01,17,01,,01,04,05,MSP5966002S,03,01-18-2015,12:28:00,,N,N,MSP,UNK,09,00,50,US,,12.28,E,BLUE STAR MEMORIAL HWY,200,F,E,,UU,,STRUC #2101,39.01121317,-76.49944333
01,02,,01,03,01,2,01,04,00,MSP5966002T,03,03-14-2015,16:16:00,,N,N,MSP,UNK,01,00,97,IS,,2.6,N,NO NAME,1,M,N,2620,CO,,HAWKINS RD,39.002209,-76.59767567
04,08,,01,17,01,1,01,01,05,MSP5829002C,03,01-04-2015,21:31:00,,N,N,MSP,UNK,08,09,234,MD,,6.36,E,BUDDS CREEK RD,10,F,E,,UU,,ST MARYS CO/L,38.40739132,-76.8475541
01,08,,01,03,02,1,01,04,00,MSP5829002D,06.01,01-08-2015,15:38:00,,N,N,MSP,UNK,01,00,5,MD,,3.165,N,LEONARDTOWN RD,30,F,N,73,CO,,GALLANT GREEN RD,38.54641378,-76.79768132
01,08,,03,17,02,,01,04,88,MSP5829002F,06.01,01-08-2015,15:21:00,,Y,N,MSP,UNK,09,09,5,MD,,3.165,N,LEONARDTOWN RD,40,F,N,73,CO,,GALLANT GREEN RD,38.54632078,-76.79736392
05.02,08,,02,02,02,1,01,04,00,MSP5829002G,06.01,01-21-2015,06:44:00,,Y,N,MSP,UNK,01,00,5,MD,,11.114,N,MATTAWOMAN BEANTOWN RD,0,F,N,1120,CO,,POPLAR HILL RD,38.617886,-76.87462517
06.02,08,,00,11,01,1,01,03,00,MSP5829002H,03,01-29-2015,16:21:00,,N,N,MSP,UNK,01,00,925,MD,,1.89,N,OLD WASHINGTON RD,100,F,N,253,CO,,TERRACE DR,38.62200167,-76.91119217
03,08,,00,03,02,2,01,04,00,MSP5829002J,06.01,01-30-2015,19:27:00,,N,N,MSP,UNK,01,00,228,MD,,0.17,E,BERRY RD,20,F,E,229,MD,,BENSVILLE RD,38.65273617,-76.99443417
03,08,,02,03,02,1,01,04,00,MSP5829002K,06.01,01-31-2015,20:02:00,,Y,N,MSP,UNK,01,00,228,MD,,5.07,E,BERRY RD,0,F,E,873,CO,,WESTERN PKWY,38.63042567,-76.91865883
01,08,,01,03,01,1,01,03,00,MSP5829002L,10.04,02-16-2015,14:12:00,,N,N,MSP,UNK,01,01,301,US,,22.58,N,CRAIN HWY,50,F,N,810,CO,,ST PATRICKS DR,38.6187995,-76.918464
01,08,,01,08,02,1,01,01,00,MSP5829002M,06.01,02-18-2015,11:32:00,,N,N,MSP,UNK,01,00,6,MD,,25.84,E,CHARLES ST,100,F,E,130,MU,,GARRETT AVE,38.5320275,-76.968597
01,08,,01,08,02,2,01,03,00,MSP5829002N,06.01,02-23-2015,17:22:00,,N,N,MSP,UNK,01,00,5,MD,,5.754,N,LEONARDTOWN RD,150,F,N,1148,CO,,OLIVERS SHOP RD,38.555943,-76.842971
03,08,,02,09,02,,01,04,00,MSP5829002P,06.01,03-23-2015,21:14:00,,Y,N,MSP,UNK,01,00,301,US,,24.46,N,CRAIN HWY,0,F,N,57,CO,,ACTON LA,38.63973022,-76.89762285
01,10,,01,17,04,3,01,04,01,MSP5830000T,07.01,01-14-2015,08:14:00,,N,N,MSP,UNK,09,00,70,IS,,28.17,E,BALTO NATIONAL PIKE,1,M,E,,UU,,MILE MARKER 67.0,39.3624729,-77.17865467
01,10,,01,17,04,3,01,04,06,MSP5830000V,06.01,01-14-2015,08:52:00,,N,N,MSP,UNK,09,00,70,IS,,29.185,E,BALTO NATIONAL PIKE,0,M,E,,UU,,MILE MARKER 68.0,39.35915482,-77.17080116
01,13,,01,17,02,3,01,04,00,MSP5830000W,06.01,02-08-2015,12:31:00,,N,N,MSP,UNK,18,00,29,US,,10.16,N,COLUMBIA PIKE,0,M,N,,UU,,MD 100 (WB/L),39.559133,-77.61448667
03,13,,01,17,02,1,01,04,06,MSP5830000X,06.01,03-09-2015,20:43:00,,N,N,MSP,UNK,08,00,95,IS,,3.563,N,NO NAME,1,M,N,,UU,,MILE MARKER 38.0,39.14598617,-76.8431635
04,08,,01,17,02,1,01,01,00,MSP58620024,06.01,01-17-2015,20:06:00,,N,N,MSP,UNK,08,00,227,MD,,7.7,E,POMFRET RD,500,F,E,139,CO,,PHILLIPS RD,38.590769,-77.051249
04,08,,03,03,01,1,01,01,00,MSP58620025,03,01-18-2015,18:45:00,,Y,N,MSP,UNK,01,00,5,MD,BU,0,N,LEONARDTOWN RD,50,F,N,623,CO,,ST CHARLES PKWY,38.61377167,-76.88077917
01,16,,01,03,01,1,01,01,00,MSP58620028,03,02-02-2015,10:02:00,,Y,N,MSP,UNK,01,01,301,US,,0.94,N,CRAIN HWY,60,F,N,5551,CO,,CLYMER DR,38.671493,-76.876251
04,08,,03,03,02,3,01,01,00,MSP58620029,06.01,02-08-2015,18:06:00,,Y,N,MSP,UNK,01,00,301,US,,23.31,N,CRAIN HWY,125,F,N,5,MD,,LEONARDTOWN RD,38.625152,-76.911742
01,08,,02,11,01,,01,04,00,MSP5862002B,07.01,02-26-2015,12:37:00,,Y,N,MSP,UNK,01,01,301,US,,20.33,N,CRAIN HWY,0,F,N,113,CO,,DEMARR RD,38.59141567,-76.94135427
01,08,,01,03,02,1,01,04,00,MSP5862002C,06.01,02-27-2015,09:26:00,,N,N,MSP,UNK,01,01,5,MD,,5.754,N,LEONARDTOWN RD,125,F,N,1149,CO,,BRYANTOWN RD,38.55512067,-76.84087817
00,08,,01,11,00,,01,01,00,MSP5862002D,07.01,02-27-2015,12:03:00,,N,N,MSP,UNK,01,01,5,MD,BU,1.1,N,LEONARDTOWN RD,0,F,N,,UU,BU,ENT TO GOUGH INDUSTRIAL PARK,38.62051817,-76.90035333
00,08,,01,03,02,1,01,04,00,MSP5862002F,06.01,02-28-2015,13:05:00,,N,N,MSP,UNK,01,01,301,US,,24.46,N,CRAIN HWY,0,M,N,57,CO,,ACTON LA,38.63664867,-76.90003533
01,08,,00,17,03,1,01,01,22.03,MSP5862002G,08.04,03-05-2015,15:18:00,,N,N,MSP,UNK,16,09,6,MD,,15.34,E,PORT TOBACCO RD,300,F,E,173,CO,,DURHAM CHURCH RD,38.482382,-77.138917
03,08,,01,17,01,1,01,04,05,MSP5862002H,03,03-15-2015,01:31:00,,N,N,MSP,UNK,16,09,228,MD,,3.41,E,BERRY RD,75,F,E,632,CO,,GREENWOOD DR,38.647427,-76.93865
04,08,,01,17,00,1,01,01,23.03,MSP5862002J,00,03-17-2015,00:00:00,,N,N,MSP,UNK,16,09,224,MD,,19.71,N,CHICAMUXEN RD,30,F,N,1145,CO,,TRIANGLE LA,38.55648867,-77.17226028
01,16,,03,03,01,3,01,01,00,MSP5862002K,03,03-26-2015,09:13:00,,N,N,MSP,UNK,01,00,301,US,,0.42,N,CRAIN HWY,255,F,N,3853,CO,,MCKENDREE RD,38.667912,-76.876162
04,02,,01,17,03,1,01,01,11,AC16810009,08.04,01-06-2015,06:16:00,3A4,N,N,AACOPD,UNK,09,00,1975,CO,,1.48,S,NORTH SHORE RD,0,M,S,4683,CO,,VILLA ISLE CT,39.09128326,-76.4754653