LIGHT_CODE,COUNTY_NO,MUNI_CODE,JUNCTION_CODE,COLLISION_TYPE_CODE,SURF_COND_CODE,LANE_CODE,RD_COND_CODE,RD_DIV_CODE,FIX_OBJ_CODE,REPORT_NO,WEATHER_CODE,ACC_DATE,ACC_TIME,LOC_CODE,SIGNAL_FLAG,C_M_ZONE_FLAG,AGENCY_CODE,AREA_CODE,HARM_EVENT_CODE1,HARM_EVENT_CODE2,RTE_NO,ROUTE_TYPE_CODE,RTE_SUFFIX,LOG_MILE,LOGMILE_DIR_FLAG,MAINROAD_NAME,DISTANCE,FEET_MILES_FLAG,DISTANCE_DIR_FLAG,REFERENCE_NO,REFERENCE_TYPE_CODE,REFERENCE_SUFFIX,REFERENCE_ROAD_NAME,LATITUDE,LONGITUDE
01,02,,01,88,01,1,01,01,08,AC1321000R,00,01-26-2015,12:52:00,,N,N,AACOPD,UNK,09,01,2517,CO,,0.11,W,OLD MILL BOTTOM RD N,50,F,W,,UU,,ROAD END,39.02386433,-76.47220035
01,02,,02,03,02,1,01,01,00,AC1321000S,06.01,01-27-2015,13:16:00,,Y,N,AACOPD,UNK,01,01,4427,CO,,1.14,S,BAY DALE DR,0,F,S,2516,CO,,OLD MILL BOTTOM RD N,39.02419321,-76.47587299
03,02,,01,17,02,1,01,01,07,AC1321000T,06.01,02-01-2015,17:25:00,,N,N,AACOPD,UNK,20,09,5896,CO,,0.38,E,FERGUSON RD,1,M,E,4427,CO,,BAY DALE DR,39.01872523,-76.4808619
03,02,,03,02,01,2,01,01,00,AC1321000V,03,03-14-2015,21:49:00,,Y,N,AACOPD,UNK,01,00,931,MD,Q,4.82,E,COLLEGE PKWY,50,F,E,179,MD,Q,CAPE ST CLAIRE RD,39.03030047,-76.44699588
01,02,,02,02,02,1,01,01,00,AC1321000W,06.01,03-19-2015,07:58:00,,Y,N,AACOPD,UNK,01,00,450,MD,,14.4,E,GOV RITCHIE HWY,0,F,E,648,MD,A,BALTO ANNAPOLIS BLVD,38.99598335,-76.48301707
01,02,,01,17,01,1,00,01,00,AC13230001,03,03-27-2015,08:10:00,5D3,N,N,AACOPD,UNK,10,00,178,MD,,7.66,N,GENERALS HWY,500,F,N,1205,CO,,CEDARCROFT RD,39.06761366,-76.63036823
04,02,,01,17,04,1,01,01,11,AC1324000J,06.01,01-06-2015,23:30:00,4B1,N,N,AACOPD,UNK,09,00,2714,CO,,4.579,N,PATUXENT RIVER RD,1,M,N,,UU,,PVT ROAD,38.89204325,-76.67162061
04,02,,01,17,01,1,00,01,10,AC1324000K,03,01-24-2015,02:20:00,4C4,N,N,AACOPD,UNK,09,09,468,MD,,4.96,N,MUDDY CREEK RD,100,F,N,1039,OP,,HOLLY LANDING RD,38.83218616,-76.56217575
04,02,,01,17,02,1,01,01,88,AC1324000L,06.01,02-18-2015,05:46:00,4C2,N,N,AACOPD,UNK,10,10,468,MD,,6.23,N,MUDDY CREEK RD,200,F,N,255,MD,,GALESVILLE RD,38.85008667,-76.55744
03,02,,03,88,02,1,01,01,88,AC1326000C,06.01,01-01-2015,03:42:00,3A2,N,N,AACOPD,UNK,02,00,4836,CO,,0.14,N,TOWER BRIDGE DR,0,F,N,4923,OP,,CROYDEN WAY,39.12874527,-76.5209341
03,02,,02,17,01,1,01,01,04,AC1326000D,08.04,01-26-2015,06:33:00,3C2,Y,N,AACOPD,UNK,09,00,5404,CO,,2.45,E,EAST WEST BLVD,0,F,E,4505,CO,,JUMPERS HOLE RD,39.10761914,-76.58339739
03,02,,03,03,02,1,01,04,00,AC1554000Y,06.01,01-10-2015,22:55:00,3C3,N,N,AACOPD,UNK,01,00,2,MD,,31,N,GOV RITCHIE HWY,0,M,N,2041,CO,,MAGOTHY BRIDGE RD,39.09761773,-76.56375305
01,02,,03,03,02,2,01,04,00,AC1554000Z,00,03-24-2015,16:51:00,3C3,Y,N,AACOPD,UNK,01,01,2,MD,,31,N,GOV RITCHIE HWY,0,M,N,2041,CO,,MAGOTHY BRIDGE RD,39.09903937,-76.56523125
01,02,,03,11,02,1,01,03,00,AC15540010,07.01,03-27-2015,17:30:00,3C2,N,N,AACOPD,UNK,01,01,5175,CO,,1.34,E,BENFIELD RD,2,M,E,4505,CO,,JUMPERS HOLE RD,39.08242266,-76.58492088
04,02,,01,88,01,1,01,00,00,AC15610015,03,01-04-2015,20:23:00,3D2,N,N,AACOPD,UNK,03,00,,UU,,0.1,N,DRIFTWOOD CT,200,F,N,4745,CO,,KIMWOOD RD,39.04342958,-76.49443197
01,02,,01,01,02,1,01,01,00,AC15610016,06.01,01-08-2015,15:57:00,3C1,N,N,AACOPD,UNK,01,00,1546,CO,,0.41,N,SOLLEY RD,10,F,N,5752,CO,,PINE RIDGE RD,39.13699256,-76.56407475
01,02,,09.04,11,02,1,01,01,00,AC15610017,07.01,01-15-2015,08:44:00,3D1,N,N,AACOPD,UNK,01,00,2,MD,,25.12,N,GOV RITCHIE HWY,200,F,N,2591,CO,,ARNOLD RD,39.02971802,-76.50355405
01,02,,01,17,02,1,01,01,10,AC15610018,07.01,02-09-2015,14:56:00,3C3,N,N,AACOPD,UNK,09,16,648,MD,H,1.19,N,BALTO ANNAPOLIS BLVD,75,F,N,2130,CO,H,PERTCH RD,39.10078801,-76.55029356
01,02,,03,03,02,1,01,04,00,AC15610019,07.01,02-11-2015,17:12:00,3D1,Y,N,AACOPD,UNK,01,00,2,MD,,26.73,N,GOV RITCHIE HWY,375,F,N,5307,OP,,W CAMPUS DR,39.04819208,-76.51949828
01,02,,02,13,02,1,01,01,00,AC1561001B,06.01,02-18-2015,08:56:00,3D2,Y,N,AACOPD,UNK,01,00,2420,CO,,2.86,E,COLLEGE PKWY,0,F,E,4427,CO,,BAY DALE DR,39.03729853,-76.47943675
01,02,,03,03,03,,01,04,00,AC1561001C,08.04,02-21-2015,13:40:00,3D2,Y,N,AACOPD,UNK,01,00,179,MD,,2.83,E,CAPE ST CLAIRE RD,20,F,E,931,MD,,COLLEGE PKWY,39.03001725,-76.44713385
01,02,,08.04,17,88,1,04,01,02,AC1561001D,06.01,02-27-2015,16:26:00,3D2,N,N,AACOPD,UNK,16,09,,,,,,OAKLAND HILLS CT,250,F,,,,,OAKLAND HILLS DR,39.0465204,-76.47101423
03,02,,01,17,06.03,2,88,02,05,AC1561001F,12.04,03-03-2015,18:52:00,3D3,N,N,AACOPD,UNK,09,00,2,MD,,23.87,N,GOV RITCHIE HWY,300,F,N,50,US,,BLUE STAR MEMORIAL HWY,39.01445588,-76.49106357
01,02,,01,88,02,1,01,01,18.88,AC1561001H,07.01,03-26-2015,07:59:00,3D2,N,N,AACOPD,UNK,09,09,2488,CO,,0.91,N,CAPE ST CLAIRE RD,50,F,N,3599,CO,,SKYWAY DR,39.04498068,-76.43702457
01,02,,03,08,01,4,01,03,00,AC17360012,08.04,03-20-2015,11:03:00,5D1,N,N,AACOPD,UNK,01,00,3,MD,,2.5,N,ROBERT CRAIN HWY,100,F,N,6623,CO,,CARVER RD,39.0226684,-76.69340353
01,02,,01,03,02,1,04,01,00,AC1739000Q,11.88,01-23-2015,09:13:00,4A1,N,N,AACOPD,UNK,01,00,70,MD,,1.42,N,ROWE BLVD,500,F,N,595,RP,,RAMP 4 FR MD 70 NB TO US 50/IS 595 EB,38.99283826,-76.51125669
04,02,,01,17,03,2,88,01,04,AC1739000R,08.04,02-16-2015,22:52:00,4A2,N,N,AACOPD,UNK,09,00,665,MD,,1.95,E,ARIS T ALLEN BLVD,10,F,E,665,MD,,VINEYARD RD,38.97112091,-76.53576136
01,02,,03,17,03,2,00,01,88,AC1739000S,08.04,02-26-2015,07:08:00,4A1,Y,N,AACOPD,UNK,09,00,178,MD,,0,N,GENERALS HWY,0,F,N,450,MD,,DEFENSE HWY,38.98651723,-76.54818535
07.88,02,,03,10,01,,01,04,00,AC1739000T,03,03-04-2015,21:32:00,4A1,Y,N,AACOPD,UNK,01,00,2801,CO,,1.18,W,JENNIFER RD,5,F,W,450,MD,,WEST ST,38.98498275,-76.54554605
03,02,,01,03,02,1,01,01,00,AC1740000R,06.01,01-13-2015,21:44:00,5C1,N,N,AACOPD,UNK,02,00,1137,CO,,0.442,W,EVERGREEN RD,200,F,W,170,MD,,TELEGRAPH RD,39.1157274,-76.69059992
01,02,,01,03,01,1,01,01,00,AC1740000S,06.01,01-20-2015,07:29:00,5C1,N,N,AACOPD,UNK,01,00,174,GV,,2.16,E,REECE RD,100,F,E,3716,CO,,ANDORICK DR,39.13710075,-76.69077158
03,02,,02,11,02,1,01,01,00,AC1740000T,06.01,01-27-2015,18:16:00,5C1,Y,N,AACOPD,UNK,01,00,907,CO,,1.93,E,QUARTERFIELD RD,0,F,E,1337,CO,,STEVENSON RD,39.1333226,-76.6592288
03,02,,02,11,02,1,01,01,00,AC1740000V,06.01,01-30-2015,18:54:00,5B2,Y,N,AACOPD,UNK,01,00,174,MD,,0.86,E,REECE RD,0,F,E,3648,CO,,MEADE VILLAGE RD,39.12400118,-76.70323849
03,02,,11.04,11,02,1,01,01,00,AC1740000W,06.01,01-30-2015,17:25:00,5C1,N,N,AACOPD,UNK,01,00,910,CO,,2.017,S,WB&A RD,0,F,S,6362,CO,,FANLEAF CT,39.1337387,-76.67287588
01,02,,03,88,02,1,01,01,08,AC1740000X,06.01,01-29-2015,16:23:00,5C1,N,N,AACOPD,UNK,09,10,4250,CO,,0.18,E,OLD CAMP MEADE RD,0,F,E,916,CO,,TWIN OAKS RD,39.13731711,-76.69371128
01,02,,01,07,02,1,01,04,00,AC1740000Y,06.01,02-10-2015,10:22:00,5A3,N,N,AACOPD,UNK,01,00,100,MD,,2.83,E,NO NAME,0,M,E,100,MD,,HARMANS RD,39.15129612,-76.70843124
03,02,,01,01,03,1,01,01,00,AC1740000Z,08.04,02-14-2015,21:06:00,5C1,N,N,AACOPD,UNK,01,00,174,MD,,3.2,E,DONALDSON AVE,1,M,E,910,CO,,WB&A RD,39.13535317,-76.66894913
01,02,,01,17,02,1,01,01,07,AC17400010,06.01,02-27-2015,09:18:00,5C1,N,N,AACOPD,UNK,09,09,1174,CO,,0.5,E,THOMPSON AVE,60,F,E,1170,CO,,DELMONT RD,39.12786306,-76.67508602
00,02,,08.04,99,99,1,99,01,88,AC17400011,99,02-27-2015,10:32:00,5C1,N,N,AACOPD,UNK,09,00,908,CO,,2.26,E,QUEENSTOWN RD,1,M,E,174,MD,,QUARTERFIELD RD,39.14487278,-76.65360689
01,02,,05.01,07,03,,01,02,00,AC17400012,08.04,02-26-2015,12:08:00,2D1,N,N,AACOPD,UNK,01,00,100,RP,,0,W,RAMP 8 FR OAKWOOD RD SB TO MD 100 WB,0,M,W,694,CO,,OAKWOOD RD,39.13999663,-76.62041187
01,02,,05.01,03,02,,01,02,00,AC17400014,06.01,02-25-2015,13:35:00,5C1,N,N,AACOPD,UNK,01,00,100,RP,,0,N,RAMP 4 FR MD 170 TO RAMP 5 (TO MD100 EB),0,M,N,170,MD,,TELEGRAPH RD,39.1484839,-76.6853857
03,02,,02,03,01,1,01,04,00,AC09240019,07.01,02-18-2015,18:52:00,3A4,Y,N,AACOPD,UNK,01,01,100,MD,,14.29,E,NO NAME,0,F,E,2028,CO,,MAGOTHY BEACH RD,39.11869908,-76.518327
03,02,,02,03,02,1,01,01,00,AC0924001B,06.01,03-27-2015,22:30:00,3A2,Y,N,AACOPD,UNK,01,00,4800,CO,,0.27,N,MANSION HOUSE CROSSING,0,F,N,1612,CO,,220TH ST,39.13137519,-76.53900146
03,02,,01,11,02,1,01,01,00,AC0924001C,06.01,03-29-2015,01:42:00,5C1,N,N,AACOPD,UNK,01,00,652,MD,,0.66,N,OLD TELEGRAPH RD,0,F,N,,UU,,ENT TO BUSINESS,39.15923296,-76.68379784
01,02,,01,88,02,,01,00,00,AC0937000P,06.01,01-12-2015,08:59:00,5D2,N,N,AACOPD,UNK,01,00,4459,CO,,0.08,N,NANTUCKET DR,500,F,N,,UU,,MARA VISTA CT,39.03035253,-76.68150187
01,02,,88,88,02,,01,88,00,AC0937000Q,00,01-17-2015,10:36:00,5D1,N,N,AACOPD,UNK,02,00,424,MD,,8.09,N,DAVIDSONVILLE RD,100,F,N,4897,CO,,MARTHA GREENLEAF DR,39.01846682,-76.69366837
05.02,02,,01,17,04,1,00,01,11,AC0937000S,06.01,03-09-2015,07:21:00,5D1,N,N,AACOPD,UNK,09,00,2713,CO,,1.27,N,ROSSBACK RD,500,F,N,424,MD,,DAVIDSONVILLE RD,38.96131089,-76.66268349
01,02,,03,07,02,1,01,04,00,AC0937000T,00,03-08-2015,14:08:00,5D1,N,N,AACOPD,UNK,01,16,3,MD,,5.53,N,ROBERT CRAIN HWY,100,F,N,,UU,,SPUR FR MD 175,39.05698391,-76.65723324
01,02,,01,03,02,1,01,01,00,AC0937000V,06.01,03-12-2015,09:41:00,5D1,N,N,AACOPD,UNK,01,00,450,MD,,1.03,E,DEFENSE HWY,500,F,E,5844,CO,,OLD WILLOW WAY,38.99230458,-76.68939829
01,02,,01,17,02,1,00,01,10,AC0937000X,06.01,03-27-2015,14:26:00,5D1,N,N,AACOPD,UNK,09,11,424,MD,,5.33,N,DAVIDSONVILLE RD,500,F,N,,UU,,GERSTNER CT,38.97592532,-76.66862726
01,02,,03,08,03,2,04,04,00,AC09390006,08.04,01-06-2015,08:31:00,,N,N,AACOPD,UNK,01,00,100,MD,,1.11,E,NO NAME,10,F,E,295,RP,,RAMP 2 FR MD 100 WB TO MD 295 NB,39.16988889,-76.72966897
01,02,,03,15,01,1,05,01,00,AC09390007,06.01,02-22-2015,15:54:00,,N,N,AACOPD,UNK,01,00,5501,OP,,0.57,E,ARUNDEL MILLS CIR,200,F,E,5504,OP,,BASS PRO DR,39.16028116,-76.72261477
03,02,,01,17,01,,01,01,04,AC09440006,02,01-22-2015,02:33:00,2D3,N,N,AACOPD,UNK,09,09,5669,OP,,0.423,S,HERITAGE CROSSING,500,F,S,,UU,,ELLSWORTH TERR,39.17370667,-76.56451464
03,02,,01,17,02,,01,04,11,AC09440008,06.01,02-19-2015,02:30:00,3C1,N,N,AACOPD,UNK,09,00,2,MD,,33.98,N,GOV RITCHIE HWY,100,F,N,,UU,,STRUC #2082,39.13432125,-76.59716249
03,02,,05.01,17,02,,01,02,09,AC09440009,06.01,02-28-2015,05:37:00,,Y,N,AACOPD,UNK,09,16,10,RP,,0,S,RAMP 8 FR MD 10 SB TO MD 177 WB,300,F,S,10,MD,,ARUNDEL EXPWY,39.13614968,-76.59074637
03,02,,03,07,04,,01,02,00,AC0944000B,00,03-03-2015,23:11:00,2D2,N,N,AACOPD,UNK,02,00,703,CO,,0,N,WARDOUR RD,15,F,N,702,CO,,BERRY RD,39.1547738,-76.61785841
03,02,,03,03,02,1,01,01,00,AC0944000C,06.01,03-27-2015,22:57:00,2C1,Y,N,AACOPD,UNK,01,00,3,MD,BU,4.67,N,CRAIN HWY,25,F,N,270,MD,BU,FURNACE BRANCH RD,39.18594658,-76.61390385
01,02,,02,11,04,,88,01,00,AC1333000B,06.01,02-16-2015,08:05:00,,N,N,AACOPD,UNK,02,00,6792,CO,,0,N,FLAXPOOL CT,0,F,N,6203,CO,,ARUNDEL MILLS BLVD,39.150683,-76.73931813
03,02,,02,11,04,,88,01,00,AC1333000C,08.04,02-14-2015,20:13:00,,N,N,AACOPD,UNK,01,00,5501,OP,,1.95,E,ARUNDEL MILLS CIR,0,F,E,6203,CO,,ARUNDEL MILLS BLVD,39.1606428,-76.72603603
03,02,,01,17,03,,01,01,88,AC1333000G,06.01,02-24-2015,09:43:00,,N,N,AACOPD,UNK,09,00,1568,CO,,0.04,S,PARK PL,1,M,S,1550,CO,,WEST END DR,39.1196154,-76.53282332
03,02,,01,17,02,1,01,04,15.05,AC1333000J,06.01,03-22-2015,04:54:00,,Y,N,AACOPD,UNK,09,00,2041,CO,,2.277,S,MAGOTHY BRIDGE RD,0,M,S,,UU,,ENT TO BUSINESS,39.131865,-76.51442353
01,02,,01,17,01,1,01,04,11,AC13380011,03,01-03-2015,08:32:00,5D1,N,N,AACOPD,UNK,16,09,3,MD,,1.52,N,ROBERT CRAIN HWY,50,F,N,5474,CO,,CRONSON BLVD,39.010225,-76.69792588
01,02,,01,17,01,1,01,01,10,AC13380012,07.01,01-04-2015,11:00:00,5D1,N,N,AACOPD,UNK,09,11,450,MD,,4.88,E,DEFENSE HWY,0,M,E,2712,CO,,RUTLAND RD,38.98349015,-76.61267557
03,02,,00,09,02,,01,01,00,AC13380013,06.01,01-09-2015,18:05:00,5D1,N,N,AACOPD,UNK,01,00,424,MD,,5.85,N,DAVIDSONVILLE RD,20,F,N,450,MD,,DEFENSE HWY,38.99260477,-76.67075157
01,02,,03,06,02,1,01,01,00,AC13380014,00,01-29-2015,16:15:00,5D1,N,N,AACOPD,UNK,01,00,5656,CO,,0,W,PLEASANT MEADOW RD,0,F,W,424,MD,,DAVIDSONVILLE RD,38.996862,-76.672441
06.02,02,,01,17,03,1,01,01,11,AC13380016,08.04,03-05-2015,17:15:00,5D1,N,N,AACOPD,UNK,09,00,424,MD,,5.33,N,DAVIDSONVILLE RD,0,M,N,,UU,,GERSTNER CT,38.97618572,-76.66864075
01,02,,02,11,02,3,01,04,00,AC13380017,06.01,03-26-2015,18:18:00,5D1,Y,N,AACOPD,UNK,01,00,3,MD,,1.52,N,ROBERT CRAIN HWY,0,F,N,2649,CO,,CRAWFORD BLVD,39.01016293,-76.69877798
04,02,,01,03,02,1,01,04,00,AC13380018,06.01,03-27-2015,20:21:00,5D1,N,N,AACOPD,UNK,01,00,3,MD,,2.02,N,ROBERT CRAIN HWY,10,F,N,,UU,,ENT TO CROFTON CENTRE,39.01710242,-76.69627522
03,02,,09.04,17,02,,01,00,04,AC13430003,06.01,01-02-2015,19:52:00,5E3,N,N,AACOPD,UNK,09,09,6203,CO,,0.32,S,ARUNDEL MILLS BLVD,1,M,S,5502,OP,,MILLS DR,39.15213228,-76.72449231
03,02,,02,11,02,1,01,01,04,AC13530008,06.01,01-01-2015,00:57:00,4B1,Y,N,AACOPD,UNK,01,09,2749,CO,,0,E,RIVA RD,0,F,E,214,MD,,CENTRAL AVE,38.92777474,-76.6109705
01,02,,01,17,01,1,01,02,00,AC15630006,03,01-18-2015,09:06:00,5A1,N,N,AACOPD,UNK,11,00,295,MD,,2.2,N,BALTIMORE WASHINGTON PKWY,150,F,N,295,RP,,RAMP 4 FR MD 295 NB TO MD 198 EB,39.09534667,-76.79873333
01,02,,01,08,00,3,01,01,00,AC15630007,06.01,02-15-2015,17:12:00,5A1,N,N,AACOPD,UNK,01,00,198,MD,,0.83,E,LAUREL FT MEADE RD,200,F,E,975,CO,,OLD LINE AVE,39.10078228,-76.82223737
01,02,,09.04,06,03,1,04,01,00,AC15630008,08.04,02-26-2015,07:36:00,5A2,N,N,AACOPD,UNK,01,00,957,CO,,0.91,S,BROCK BRIDGE RD,1,F,S,11,SR,,NO NAME,39.13482328,-76.77320707
01,02,,01,88,03,1,01,01,00,AC15630009,08.04,02-26-2015,09:16:00,,N,N,AACOPD,UNK,01,00,4912,CO,,4.27,W,BROCK BRIDGE RD,100,F,W,5558,CO,,RIVER BRIDGE WAY,39.0831707,-76.82381102
04,02,,09.04,11,02,1,01,01,00,AC1563000C,06.01,03-26-2015,19:44:00,5A1,N,N,AACOPD,UNK,01,01,198,MD,,3.63,E,LAUREL FT MEADE RD,0,F,E,201,GV,,BALD EAGLE DR,39.09136833,-76.77734333
01,02,,01,01,02,1,01,01,00,AC1563000D,06.01,03-31-2015,14:54:00,5A1,N,N,AACOPD,UNK,01,00,198,MD,,2.46,E,LAUREL FT MEADE RD,0,F,E,,UU,,ARUNDEL GATEWAY BLVD (PROP),39.09454333,-76.79049
07.88,02,,00,17,04,2,01,04,05,AC15640007,09.04,02-10-2015,03:21:00,4A2,N,N,AACOPD,UNK,09,00,665,MD,,0.93,E,ARIS T ALLEN BLVD,0,F,E,2749,CO,,RIVA RD,38.97951173,-76.54939771
03,02,,01,07,03,1,01,04,00,AC15640008,08.04,02-17-2015,00:10:00,4A2,N,N,AACOPD,UNK,01,01,665,MD,,1.56,E,ARIS T ALLEN BLVD,1,F,E,2,MD,,SOLOMONS ISLAND RD,38.97193833,-76.54301328
03,02,,01,17,01,,01,04,04,AC15640009,03,03-04-2015,04:48:00,4B2,N,N,AACOPD,UNK,09,09,2,MD,,16.89,N,SOLOMONS ISLAND RD,200,F,N,3047,CO,,SOUTHDOWN RD,38.93770662,-76.56665258
03,02,,01,01,01,1,01,01,11,AC1564000B,03,03-14-2015,00:13:00,4B2,N,N,AACOPD,UNK,02,09,6410,CO,,0.139,S,MONARCH DR,10,F,S,6481,CO,,GRAY DRAGON PL,38.91266922,-76.57442168
05.02,02,,03,04,02,2,01,03,00,AC1564000C,07.01,03-26-2015,06:04:00,4A1,N,N,AACOPD,UNK,01,00,70,MD,,2.26,N,BESTGATE RD,10,F,N,4562,CO,,WILLIE DR,38.99680338,-76.52576355
03,02,,01,17,04,,01,04,05,AC15660004,03,02-10-2015,03:13:00,5C2,N,N,AACOPD,UNK,09,00,97,IS,,12.1,N,NO NAME,100,F,N,3,MD,BU,CRAIN HWY,39.13077598,-76.64227724
01,02,,01,17,02,1,01,01,09,AC15670007,07.01,01-14-2015,14:48:00,5D3,N,N,AACOPD,UNK,09,09,5460,CO,,0.51,S,JABEZ RUN,0,F,S,1188,CO,,HOG FARM RD,39.07072585,-76.63739023
03,02,,01,03,03,2,01,04,04,AC15670008,08.04,02-14-2015,20:24:00,,N,N,AACOPD,UNK,01,09,173,MD,,7.2,N,FORT SMALLWOOD RD,100,F,N,4688,CO,,ENERGY PKWY,39.17691913,-76.54182797
03,02,,01,07,03,1,88,04,00,AC15670009,08.04,02-16-2015,21:35:00,,N,N,AACOPD,UNK,01,01,2,MD,,33.98,N,GOV RITCHIE HWY,1,M,N,100,MD,,NO NAME,39.12899495,-76.59202337
01,02,,01,17,03,1,88,01,18.88,AC1567000B,06.01,02-17-2015,16:19:00,3A4,N,N,AACOPD,UNK,09,09,1952,CO,,0.4,S,HICKORY POINT RD,0,M,S,4390,OP,,TANYARD LA,39.10287705,-76.4666181
01,02,,00,17,03,1,01,01,11,AC15710009,08.04,01-06-2015,08:53:00,,N,N,AACOPD,UNK,16,09,2714,CO,,0,N,PATUXENT RIVER RD,1,M,N,3549,CO,,SANDS RD (BACK),38.89442313,-76.67165279
01,02,,01,03,02,1,01,03,00,AC1571000B,06.01,01-07-2015,13:47:00,4B2,N,N,AACOPD,UNK,01,00,2,MD,,14.28,N,SOLOMONS ISLAND RD,200,F,N,987,OP,,SWALLOW LA,38.90339078,-76.58612251
05.02,02,,02,01,02,1,01,03,04,AC1571000C,07.01,01-10-2015,07:17:00,4B3,N,N,AACOPD,UNK,01,09,3274,CO,,0,E,MAYO RIDGE RD,0,F,E,214,MD,,CENTRAL AVE,38.8955191,-76.51150614
01,02,,01,03,02,2,01,04,00,AC1571000D,06.01,01-09-2015,13:34:00,4B2,N,N,AACOPD,UNK,01,00,2,MD,,16.68,N,SOLOMONS ISLAND RD,20,F,N,214,MD,A,PIKE RIDGE RD,38.93364617,-76.56742752
01,02,,01,17,02,1,01,01,09,AC1571000F,06.01,01-25-2015,10:38:00,4B2,N,N,AACOPD,UNK,09,11,2746,CO,,1.58,W,BRICK CHURCH RD,1,M,W,214,MD,,CENTRAL AVE,38.91733265,-76.59208775
06.02,02,,02,17,02,,01,04,00,AC1571000G,06.01,02-02-2015,17:30:00,4B2,Y,N,AACOPD,UNK,22.15,00,2,MD,,16.48,N,SOLOMONS ISLAND RD,0,F,N,5738,CO,,MITCHELLS CHANCE RD,38.93077102,-76.56784058
01,02,,02,17,04,1,01,01,07,AC1571000J,06.01,02-15-2015,08:00:00,4B2,Y,N,AACOPD,UNK,16,09,2735,CO,,0,W,BIRDSVILLE RD,0,F,W,2,MD,,SOLOMONS ISLAND RD,38.8919347,-76.59665823
03,02,,02,17,02,1,01,01,00,AC15760008,00,01-26-2015,06:30:00,2B3,Y,N,AACOPD,UNK,03,00,6893,CO,,0,N,SHECKELLS RD,0,F,N,3866,CO,,W ORDNANCE RD,39.19492106,-76.61959648
01,02,,02,11,02,1,01,01,00,AC15850001,07.01,02-11-2015,13:28:00,3A1,Y,N,AACOPD,UNK,01,00,1717,CO,,0,S,GRANADA RD,0,F,S,173,MD,,FORT SMALLWOOD RD,39.16173696,-76.52287602
03,02,,01,03,04,1,01,04,05,AC1761000K,12.04,02-10-2015,05:08:00,3B1,N,N,AACOPD,UNK,09,01,100,MD,,6.41,E,NO NAME,0,F,E,,UU,,BEGIN BRIDGE,39.13959315,-76.61994913
01,02,,01,08,02,3,01,04,00,AC1762000M,06.01,01-08-2015,15:48:00,3D1,N,N,AACOPD,UNK,01,01,2,MD,,26.73,N,GOV RITCHIE HWY,500,F,N,5307,OP,,W CAMPUS DR,39.04800236,-76.51956081
04,02,,01,03,01,1,01,03,00,AC1762000N,12.04,01-23-2015,17:33:00,3D1,N,N,AACOPD,UNK,01,01,2,MD,,26.27,N,GOV RITCHIE HWY,75,F,N,2414,CO,,MOORE RD,39.0446194,-76.51647091
04,02,,00,03,02,1,01,01,00,AC1762000P,06.01,02-10-2015,18:19:00,3A1,N,N,AACOPD,UNK,01,01,173,MD,,4.65,N,FORT SMALLWOOD RD,500,F,N,1699,CO,,APPIAN WAY,39.15019787,-76.52188897
01,02,,02,01,03,2,01,01,00,AC1762000R,10.04,02-21-2015,12:00:00,3A1,N,N,AACOPD,UNK,01,01,173,MD,,4.43,N,FORT SMALLWOOD RD,0,F,N,1698,CO,,HILLSIDE RD,39.14805956,-76.52370214
04,02,,01,17,02,1,01,01,04,AC1762000S,06.01,03-17-2015,22:40:00,3A3,N,N,AACOPD,UNK,09,00,173,MD,,3,N,FORT SMALLWOOD RD,250,F,N,607,MD,,HOG NECK RD,39.13226664,-76.51519552
03,02,,05.01,17,00,,01,02,23.03,AC17650009,06.01,02-08-2015,23:33:00,2B2,N,N,AACOPD,UNK,16,00,295,MD,,14.26,N,BALTIMORE WASHINGTON PKWY,150,F,N,695,RP,,RAMP 1 FR MD 295 NB TO IS 695 WB,39.21967002,-76.65654659
04,02,,05.01,17,01,,01,02,05,AC17700009,03,01-24-2015,01:57:00,2A2,N,N,AACOPD,UNK,09,00,10,RP,,0.37,S,RAMP 8 FR MD 10 SB TO MD 710 WB,0,F,S,710,MD,,EAST ORDNANCE RD,39.19503747,-76.60319209
01,02,,01,01,04,1,01,01,00,AC1770000B,07.01,02-27-2015,06:58:00,2C1,N,N,AACOPD,UNK,01,00,3616,CO,,0.69,E,8TH AVE NW,0,F,E,3707,CO,,PENROD CT,39.17732463,-76.62237525
03,02,,01,17,01,1,01,01,00,AC1774000F,03,01-04-2015,02:30:00,3B3,N,N,AACOPD,UNK,09,00,694,CO,,2.69,S,OAKWOOD RD,0,F,S,4153,CO,,OLD MILL BLVD,39.12255293,-76.61060572
03,02,,01,17,01,1,01,01,05,AC1774000G,06.01,01-05-2015,06:51:00,3C2,N,N,AACOPD,UNK,09,09,4505,CO,,3.75,N,JUMPERS HOLE RD,5,F,N,6104,CO,,OLD JUMPERS HOLE RD,39.12235316,-76.58983469
03,02,,01,17,01,1,01,01,88,AC0961000D,03,01-24-2015,04:52:00,,N,N,AACOPD,UNK,09,00,5463,CO,,0.14,E,N BESTGATE RD,10,F,E,2795,CO,,DUBOIS RD,38.99789759,-76.51973248
01,02,,02,14,02,1,01,01,00,AC0970000P,07.01,02-12-2015,07:23:00,3A3,Y,N,AACOPD,UNK,01,00,2043,CO,,2.11,N,EDWIN RAYNOR BLVD,0,F,N,1684,CO,,TICK NECK RD,39.13924771,-76.52726412
01,02,,03,03,02,1,01,01,00,AC0970000Q,06.01,03-29-2015,16:53:00,3A3,Y,N,AACOPD,UNK,01,00,2043,CO,,1.27,N,EDWIN RAYNOR BLVD,20,F,N,4837,CO,,OLD CROWN DR,39.12624842,-76.53149128