LIGHT_CODE,COUNTY_NO,MUNI_CODE,JUNCTION_CODE,COLLISION_TYPE_CODE,SURF_COND_CODE,LANE_CODE,RD_COND_CODE,RD_DIV_CODE,FIX_OBJ_CODE,REPORT_NO,WEATHER_CODE,ACC_DATE,ACC_TIME,LOC_CODE,SIGNAL_FLAG,C_M_ZONE_FLAG,AGENCY_CODE,AREA_CODE,HARM_EVENT_CODE1,HARM_EVENT_CODE2,RTE_NO,ROUTE_TYPE_CODE,RTE_SUFFIX,LOG_MILE,LOGMILE_DIR_FLAG,MAINROAD_NAME,DISTANCE,FEET_MILES_FLAG,DISTANCE_DIR_FLAG,REFERENCE_NO,REFERENCE_TYPE_CODE,REFERENCE_SUFFIX,REFERENCE_ROAD_NAME,LATITUDE,LONGITUDE
01,02,,01,88,01,1,01,01,00,AB2696003C,03,03-31-2015,15:54:00,,N,N,ANNAPOLIS,UNK,02,02,395,MU,,0.01,N,BROOKE CT,0,F,N,,UU,,SPUR TO NEWTOWNE DR,38.97822732,-76.489048
04,02,,02,11,03,1,01,01,00,AC1187000D,08.04,02-16-2015,23:16:00,3D2,Y,N,AACOPD,UNK,15,01,2420,CO,,2.86,E,COLLEGE PKWY,0,F,E,4427,CO,,BAY DALE DR,39.03721965,-76.47945642
01,02,,01,03,03,2,01,04,00,AC1187000G,08.04,02-26-2015,09:49:00,3D1,N,N,AACOPD,UNK,01,00,2,MD,,25.12,N,GOV RITCHIE HWY,0,M,N,2591,CO,,ARNOLD RD,39.0295691,-76.5045619
06.02,02,,02,12,99,1,01,01,00,AC1187000H,99,02-19-2015,18:15:00,3D2,N,N,AACOPD,UNK,01,00,2473,CO,,0.34,N,GREEN HOLLY DR,0,F,N,2475,CO,,FAIRWAY DR,39.04790667,-76.51042833
01,02,,02,02,02,1,01,01,08,AC1187000K,06.01,03-26-2015,17:20:00,3D2,N,N,AACOPD,UNK,01,09,2420,CO,,4.44,E,COLLEGE PKWY,0,F,E,6608,CO,,DESTINY CIR,39.03498624,-76.45055294
01,02,,03,02,01,,01,04,10,AC1187000L,07.01,03-27-2015,14:37:00,3C3,N,N,AACOPD,UNK,01,09,2,MD,,28.96,N,GOV RITCHIE HWY,20,F,N,,UU,,ENT TO PARK PLAZA,39.07580833,-76.54477667
01,02,,02,02,02,1,01,01,09,AC1187000M,06.01,03-31-2015,11:28:00,3D2,Y,N,AACOPD,UNK,01,09,2420,CO,,2.86,E,COLLEGE PKWY,0,F,E,4427,CO,,BAY DALE DR,39.03743632,-76.47954226
01,02,,00,17,03,1,01,01,07,AC1192000C,08.04,01-06-2015,09:05:00,3D2,N,N,AACOPD,UNK,09,09,2446,CO,,0.79,N,SHORE ACRES RD,75,F,N,2425,CO,,FORKED CREEK RD,39.04899537,-76.48169307
01,02,,01,03,02,1,01,01,00,AC1192000H,06.01,02-23-2015,15:47:00,3D2,N,N,AACOPD,UNK,01,00,2485,CO,,0.23,W,HILLTOP DR,0,M,W,2480,CO,,BLUE RIDGE DR,39.03795527,-76.44093192
01,02,,01,07,04,1,01,01,00,AC1192000J,06.01,03-06-2015,11:07:00,3D2,N,N,AACOPD,UNK,01,00,4306,CO,,0,N,TERNWING DR,75,F,N,2420,CO,,COLLEGE PKWY,39.04762807,-76.50006913
03,02,,02,11,01,2,00,04,00,AC11960004,03,01-04-2015,06:18:00,,Y,N,AACOPD,UNK,01,00,5504,OP,,0.07,S,BASS PRO DR,0,F,S,713,MD,,ARUNDEL MILLS BLVD,39.15628795,-76.72002912
01,02,,02,17,02,1,01,01,09,AC12190008,06.01,02-24-2015,14:00:00,4A3,N,N,AACOPD,UNK,09,09,929,OP,,0,N,WASHINGTON AVE,0,F,N,2948,CO,,BAY HIGHLANDS DR,38.93319133,-76.47065878
01,02,,03,11,03,1,01,03,00,AC12190009,08.04,02-26-2015,09:03:00,4A1,Y,N,AACOPD,UNK,01,00,,,,,,ADMIRAL DR,0,F,,,,,JENNIFER RD,38.99017298,-76.526038
01,02,,01,88,02,,01,01,00,AC1428000F,06.01,01-22-2015,16:15:00,3D2,N,N,AACOPD,UNK,02,00,,,,,,PALMWOOD CT,150,F,,,,,GREEN HILL RD,39.05094148,-76.48536801
01,02,,01,11,02,1,01,00,00,AC1428000G,06.01,02-03-2015,10:48:00,,N,N,AACOPD,UNK,01,00,4176,CO,,0,S,NOLPARK CT,999,F,S,3,MD,,CRAIN HWY,39.13108391,-76.63156986
01,02,,02,11,02,1,01,01,00,AC1428000H,06.01,03-16-2015,16:20:00,3A4,N,N,AACOPD,UNK,01,00,177,MD,,6.37,E,MOUNTAIN RD,0,F,E,1882,CO,,ALVIN RD,39.10720288,-76.49100065
07.88,02,,03,03,02,,01,04,00,AC14380006,06.01,01-19-2015,19:15:00,2C1,Y,N,AACOPD,UNK,01,00,2,MD,,24.27,N,GOV RITCHIE HWY,100,F,N,648,MD,,BALTO ANNAPOLIS BLVD,39.16283503,-76.62228204
04,02,,01,07,03,1,01,02,10,AC1446000J,08.04,01-06-2015,05:20:00,4C1,N,N,AACOPD,UNK,01,09,4,MD,,1.43,N,SOUTHERN MD BLVD,400,F,N,1168,OP,,TALBOTT RD,38.78013266,-76.66251183
05.02,02,,01,03,01,1,01,01,00,AC1446000K,12.04,01-09-2015,06:50:00,4C1,N,N,AACOPD,UNK,01,00,258,MD,,0.31,E,BAY FRONT RD,0,M,E,,UU,,SPUR TO MD 794,38.79125553,-76.65693283
04,02,,02,11,02,1,01,02,00,AC1446000L,00,01-09-2015,23:48:00,4C3,Y,N,AACOPD,UNK,01,00,3419,CO,,0.16,N,CARVEL ST,0,F,N,3420,CO,,DELAWARE AVE,38.79988503,-76.52035475
03,02,,02,17,02,,01,01,10,AC1446000M,06.01,02-25-2015,04:27:00,4C3,N,N,AACOPD,UNK,09,00,,,,,,JEWELL RD,0,F,,,,,JOHNS LN,38.75564867,-76.61575008
07.88,02,,02,05,02,1,01,01,00,AC1446000N,00,03-12-2015,21:54:00,4C3,N,N,AACOPD,UNK,01,00,256,MD,,3.61,E,DEALE CHURCHTON RD,0,F,E,3451,CO,,DEALE BEACH RD,38.79429939,-76.54498816
03,02,,02,11,02,2,01,03,00,AC1446000P,00,03-14-2015,20:01:00,4A1,Y,N,AACOPD,UNK,01,00,450,MD,,9.66,E,WEST ST,0,F,E,3266,CO,,RIVA RD,38.98384855,-76.54166222
01,02,,02,11,02,1,01,03,00,AC1449000J,06.01,01-22-2015,12:52:00,,Y,N,AACOPD,UNK,01,00,6,CO,,1.58,W,W NURSERY RD,0,F,W,5192,CO,,INTERNATIONAL DR,39.20745043,-76.67984962
04,02,,01,17,03,1,01,01,11,AC1449000L,08.04,02-17-2015,20:26:00,2B1,N,N,AACOPD,UNK,09,00,575,CO,,0.5,W,HANOVER RD,0,M,W,295,MD,,BALTIMORE WASHINGTON PKWY,39.18594876,-76.71286225
01,02,,01,15,03,1,01,01,00,AC14550001,10.04,01-06-2015,11:01:00,5D2,N,N,AACOPD,UNK,01,00,424,MD,,4.02,N,DAVIDSONVILLE RD,1,M,N,,UU,,BOTTNER RD,38.9727391,-76.66855216
03,02,,01,03,02,2,01,02,00,AC1641000V,00,01-14-2015,19:43:00,5D2,N,N,AACOPD,UNK,01,01,3,MD,,3.12,N,ROBERT CRAIN HWY,400,F,N,4458,CO,,JOHNS HOPKINS RD,39.02705207,-76.68770313
01,02,,01,17,04,1,01,01,05,AC1641000W,06.01,01-20-2015,08:20:00,5D2,N,N,AACOPD,UNK,09,09,450,MD,,4.55,E,DEFENSE HWY,300,F,E,,UU,,PEBBLE BROOK CT,38.98786821,-76.62436008
01,02,,01,07,02,,01,88,00,AC1641000X,06.01,01-22-2015,16:45:00,4A1,N,N,AACOPD,UNK,01,02,2836,CO,,0.12,S,FOREST DR,300,F,S,5303,CO,,RIVATOWN CENTER BLVD,38.97975777,-76.54358268
03,02,,01,07,02,1,01,02,00,AC1641000Y,06.01,02-01-2015,18:04:00,5D2,N,N,AACOPD,UNK,01,01,3,MD,,5.65,N,ROBERT CRAIN HWY,300,F,N,1207,CO,,MILLERSVILLE RD,39.05651736,-76.65555954
01,02,,01,17,04,1,88,01,04,AC1641000Z,06.01,02-15-2015,15:50:00,5D2,N,N,AACOPD,UNK,09,00,2629,CO,,1.49,W,JOHNS HOPKINS RD,200,F,W,2637,CO,,RIEDEL RD,39.02560402,-76.67683348
01,02,,09.04,05,02,1,01,88,00,AC16410010,06.01,02-18-2015,15:28:00,5D2,N,N,AACOPD,UNK,01,02,3,MD,,5.465,N,ROBERT CRAIN HWY,100,F,N,,UU,,ENT TO BUSINESS,39.0507091,-76.66395933
01,02,,01,03,02,1,01,01,00,AC16410011,06.01,02-25-2015,08:08:00,5D2,N,N,AACOPD,UNK,01,01,424,MD,,6.16,N,DAVIDSONVILLE RD,10,F,N,5656,CO,,PLEASANT MEADOW RD,38.99710522,-76.6724164
01,02,,01,07,02,1,01,01,00,AC16410012,06.01,02-27-2015,12:22:00,5C3,N,N,AACOPD,UNK,01,02,1074,CO,,0.47,S,CHAPELGATE DR,30,F,S,1075,CO,,GREYSWOOD RD,39.06714293,-76.69954183
01,02,,01,03,02,3,01,02,00,AC16410013,06.01,03-25-2015,17:26:00,5D2,N,N,AACOPD,UNK,01,01,3,MD,,3.96,N,ROBERT CRAIN HWY,200,F,N,2637,CO,,RIEDEL RD,39.04112437,-76.67140102
01,02,,01,17,02,1,01,01,08,AC16410014,00,03-25-2015,18:16:00,5D2,N,N,AACOPD,UNK,09,00,2637,CO,,1.74,N,RIEDEL RD,50,F,N,6501,CO,,POWDERHORN WAY,39.03272582,-76.6722179
03,02,,01,08,02,1,01,01,04,AC16430008,06.01,01-02-2015,18:20:00,5A1,N,N,AACOPD,UNK,02,09,991,CO,,0.04,S,GREENSBORO SOUTH,0,M,S,975,CO,,OLD LINE AVE,39.0971786,-76.81563377
06.02,02,,02,03,03,1,00,01,00,AC16430009,08.04,01-06-2015,07:12:00,5A3,Y,N,AACOPD,UNK,01,00,3982,CO,,0.25,W,SEVERN TREE BLVD,0,F,W,935,CO,,SEVERN RD,39.13580255,-76.70838833
03,02,,02,17,02,3,01,04,04,AC1643000B,06.01,01-17-2015,19:53:00,5D1,Y,N,AACOPD,UNK,09,00,3,MD,,3.1,N,ROBERT CRAIN HWY,0,F,N,,UU,,SPUR TO JOHNS HOPKINS RD,39.02966911,-76.68527842
04,02,,01,17,03,1,01,01,08,AC1643000C,08.04,02-15-2015,04:17:00,5D3,N,N,AACOPD,UNK,09,09,1322,CO,,0.31,S,RIVER RD,1,M,S,5300,CO,,MAYNADIER LA,39.02998582,-76.57977104
01,02,,01,17,04,1,01,01,10,AC1643000D,05,02-15-2015,11:41:00,5D3,N,N,AACOPD,UNK,09,10,3693,CO,,0.79,S,COACHWAY,0,M,S,6665,CO,,WESTMINSTER WAY,39.01672464,-76.55304551
01,02,,01,17,03,1,01,01,23.03,AC1643000F,08.04,03-05-2015,12:24:00,5D3,N,N,AACOPD,UNK,09,00,178,MD,,2.86,N,GENERALS HWY,0,M,N,5198,CO,,BELVOIR FARMS RD,39.01753322,-76.58150911
01,02,,06.01,03,02,1,01,01,00,AB30880002,06.01,03-19-2015,15:22:00,,N,N,ANNAPOLIS,UNK,01,01,3220,MU,,0.48,N,TYLER AVE,150,F,N,2510,MU,,PRESIDENT ST,38.96049333,-76.49417639
03,02,,03,03,04,1,05,01,00,AB33800003,06.01,03-06-2015,22:18:00,,N,N,ANNAPOLIS,UNK,01,00,450,MD,,12.39,E,CHURCH CIR,3,F,E,660,MU,,CHURCH CIR,38.97834408,-76.49341196
03,02,,01,03,04,1,88,01,00,AB33800004,06.01,03-07-2015,00:35:00,,Y,N,ANNAPOLIS,UNK,01,00,450,MD,,12.26,E,WEST ST,500,F,E,460,MU,,CALVERT ST,38.97836493,-76.49338245
99,02,,01,03,03,,01,01,00,AB35050003,08.04,03-06-2015,13:48:00,,N,N,ANNAPOLIS,UNK,02,00,2780,MU,,0.12,S,SAMPSON PL,20,F,S,2490,MU,,PORTER DR,38.98443233,-76.5160203
03,02,,01,07,02,1,01,01,00,AB36760007,06.01,01-10-2015,02:28:00,,N,N,ANNAPOLIS,UNK,02,00,600,MU,,0.28,N,CHESAPEAKE AVE,30,F,N,9030,MU,,BILL JONES ALLEY,38.96795115,-76.48519099
03,02,,01,05,01,1,01,01,00,AB36760008,03,01-24-2015,01:40:00,,N,N,ANNAPOLIS,UNK,01,00,450,MD,,12.07,E,WEST ST,40,F,E,720,MU,,COLONIAL AVE,38.97717641,-76.50009871
01,02,,01,17,02,2,01,04,08,AB37310007,07.01,01-19-2015,13:19:00,,N,N,ANNAPOLIS,UNK,09,11,5464,CO,,1.83,S,FOREST DR,80,F,S,2884,CO,,ANNAPOLIS NECK RD,38.95195007,-76.49962664
01,02,,02,11,03,,01,04,04,AB37310008,08.04,02-21-2015,16:23:00,,Y,N,ANNAPOLIS,UNK,01,09,435,MD,,0.81,N,TAYLOR AVE,0,F,N,70,MD,,ROWE BLVD,38.9868508,-76.50308132
03,02,,01,07,02,1,01,01,00,AB37840001,06.01,01-05-2015,21:16:00,,N,N,ANNAPOLIS,UNK,02,00,441,MU,,0.13,S,BYWATER RD,40,F,S,3500,MU,,YAWL RD,38.96997815,-76.5246892
01,02,,01,02,02,2,01,03,00,AB3925000B,06.01,01-30-2015,08:11:00,,N,N,ANNAPOLIS,UNK,01,00,435,MD,,0.81,N,TAYLOR AVE,250,F,N,70,MD,,ROWE BLVD,38.98766806,-76.50214791
01,02,,02,07,03,1,01,88,00,AB3925000C,06.01,02-24-2015,09:24:00,,N,N,ANNAPOLIS,UNK,01,01,980,MU,,0.16,E,EASTERN AVE,0,F,E,1120,MU,,FIRST ST,38.97053702,-76.4761734
01,02,,03,14,02,1,01,01,00,AB3925000D,06.01,03-15-2015,08:16:00,,Y,N,ANNAPOLIS,UNK,01,01,1710,MU,,0.28,N,KING GEORGE ST,2,F,N,710,MU,,COLLEGE AVE,38.98198875,-76.48952007
03,02,,01,88,01,1,01,01,00,AB42390001,03,01-03-2015,17:39:00,,N,N,ANNAPOLIS,UNK,01,00,270,MU,,0,E,BELLE DR,20,F,E,3511,MU,,ATWATER DR,38.96808462,-76.52419567
01,02,,00,01,03,,00,00,00,AB43130003,06.01,02-17-2015,15:11:00,,N,N,ANNAPOLIS,UNK,02,00,2170,MU,,0,W,MONUMENT ST,10,F,W,3380,MU,,W WASHINGTON ST,38.98026235,-76.49694443
01,02,,00,09,01,1,00,00,00,AB43130004,06.01,03-02-2015,10:55:00,,N,N,ANNAPOLIS,UNK,01,00,650,MU,,0.27,N,CHINQUAPIN ROUND RD,100,F,N,1230,MU,,GEORGE AVE,38.97608796,-76.52359486
01,02,,03,03,04,1,00,04,00,AC1222001P,06.01,01-07-2015,08:55:00,5D2,N,N,AACOPD,UNK,01,00,5610,CO,,0,N,PEARL AVE,50,F,N,2637,CO,,RIEDEL RD,39.01699973,-76.67637348
04,02,,01,17,01,,01,01,11,AC1222001Q,06.01,01-18-2015,21:35:00,5D2,N,N,AACOPD,UNK,09,00,2629,CO,,0.5,W,JOHNS HOPKINS RD,500,F,W,2630,CO,,UNDERWOOD RD,39.02275124,-76.66264057
03,02,,02,11,02,1,01,01,05,AC1222001R,06.01,02-08-2015,18:07:00,5D2,Y,N,AACOPD,UNK,01,09,424,MD,,6.88,N,DAVIDSONVILLE RD,0,F,N,4114,CO,,LANG DR,39.00624564,-76.67772532
01,02,,01,03,02,2,01,02,00,AC1222001S,07.01,02-09-2015,15:35:00,5D2,N,N,AACOPD,UNK,01,01,3,MD,,5.3,N,ROBERT CRAIN HWY,100,F,N,1204,CO,,MCKNEW RD,39.05291819,-76.65912151
01,02,,01,03,02,2,01,04,00,AC1222001T,07.01,02-16-2015,13:05:00,5E3,N,N,AACOPD,UNK,01,00,6203,CO,,0.32,S,ARUNDEL MILLS BLVD,300,F,S,5502,OP,,MILLS DR,39.15251083,-76.72776461
01,02,,01,17,06.03,1,01,01,05,AC1222001V,06.01,02-22-2015,10:55:00,5D2,N,N,AACOPD,UNK,09,00,2712,CO,,0,S,RUTLAND RD,900,F,S,450,MD,,DEFENSE HWY,38.98393195,-76.62457466
01,02,,03,09,02,1,01,04,00,AC1222001W,06.01,02-26-2015,15:05:00,5D2,N,N,AACOPD,UNK,01,00,3,MD,,3.07,N,ROBERT CRAIN HWY,50,F,N,,UU,,ENT TO BUSINESS,39.02873565,-76.68632984
01,02,,03,03,02,1,01,01,00,AC1222001X,06.01,02-27-2015,13:30:00,5E2,Y,N,AACOPD,UNK,01,00,5501,OP,,0.42,E,ARUNDEL MILLS CIR,20,F,E,5503,OP,,ARUNDEL WAY,39.15460741,-76.72263622
01,02,,01,17,06.03,1,00,02,04,AC1222001Y,09.04,03-01-2015,11:15:00,5E3,N,N,AACOPD,UNK,09,00,713,MD,,2.64,N,ARUNDEL MILLS BLVD,40,F,N,100,RP,,RAMP 4 FR MD 713 TO RAMP 5 (TO MD100 EB),39.15815148,-76.71911716
04,02,,01,17,06.03,,00,04,11,AC1222001Z,03,03-01-2015,17:50:00,5D3,N,N,AACOPD,UNK,09,00,97,IS,,8.14,N,NO NAME,500,F,N,,UU,,MD 3 (SB/L),39.06301541,-76.63959503
04,02,,01,17,06.03,,01,01,11,AC12220020,03,03-03-2015,17:50:00,5D2,N,N,AACOPD,UNK,09,00,1207,CO,,0.47,W,MILLERSVILLE RD,0,F,W,1219,CO,,WATERBURY RD,39.05478445,-76.63502455
03,02,,02,11,01,1,01,01,00,AC12220021,07.01,03-03-2015,22:05:00,5D2,Y,N,AACOPD,UNK,01,00,424,MD,,7.35,N,DAVIDSONVILLE RD,0,F,N,2637,CO,,RIEDEL RD,39.01181463,-76.68248892
01,02,,01,17,02,,01,01,09,AC12220022,06.01,03-12-2015,10:45:00,5D1,N,N,AACOPD,UNK,09,00,424,MD,,5.58,N,DAVIDSONVILLE RD,100,F,N,2711,CO,,BELL BRANCH RD,38.98898566,-76.66950703
01,02,,03,03,02,3,01,04,00,AC12220023,06.01,03-18-2015,16:25:00,5D2,Y,N,AACOPD,UNK,01,00,3,MD,,3.96,N,ROBERT CRAIN HWY,100,F,N,,UU,,DIRECTIONAL CROSSOVER,39.04111961,-76.67261839
03,02,,01,17,04,1,00,01,10,AC1228000C,06.01,01-19-2015,04:28:00,5A2,N,N,AACOPD,UNK,09,00,957,CO,,1.23,S,BROCK BRIDGE RD,0,M,S,,UU,,STRUC #AA4011 DORSEY RUN,39.12210667,-76.80284
04,02,,06.01,03,04,2,01,02,00,AC1228000D,12.04,02-10-2015,05:14:00,5A2,N,N,AACOPD,UNK,01,01,713,MD,F,1.57,S,ARUNDEL MILLS BLVD,90,F,S,,UU,F,BEGIN BRIDGE,39.15566,-76.74466
03,02,,01,17,02,2,01,04,11,AC1228000G,06.01,03-22-2015,21:52:00,5A2,N,N,AACOPD,UNK,16,09,295,MD,,4.32,N,BALTIMORE WASHINGTON PKWY,0,M,N,295,RP,,RAMP 1 FR MD 295 NB TO MD 32 WB,39.10808535,-76.78518534
01,02,,01,17,03,1,01,01,88,AC1456000Q,08.04,01-21-2015,14:56:00,4C1,N,N,AACOPD,UNK,16,10,3554,CO,,0,S,BAYARD RD,50,F,S,3549,CO,,SANDS RD,38.84562393,-76.68783188
01,02,,01,17,03,1,01,01,88,AC1456000R,08.04,01-21-2015,15:06:00,4C1,N,N,AACOPD,UNK,16,09,3554,CO,,0,S,BAYARD RD,50,F,S,3549,CO,,SANDS RD,38.84575763,-76.68748856
01,02,,01,03,04,1,01,01,00,AC1456000S,06.01,01-23-2015,07:33:00,4B1,N,N,AACOPD,UNK,01,01,424,MD,,1.9,N,DAVIDSONVILLE RD,500,F,N,2715,CO,,GOVERNOR BRIDGE RD,38.94387172,-76.643003
01,02,,01,07,02,1,01,01,00,AC1456000T,06.01,01-23-2015,11:14:00,,N,N,AACOPD,UNK,02,00,3125,CO,,0,N,KNOXVILLE RD,100,F,N,3115,CO,,SHORE DR,38.93494391,-76.54415131
01,02,,01,11,02,1,01,01,00,AC1456000V,06.01,01-28-2015,15:58:00,4B1,N,N,AACOPD,UNK,01,00,2749,CO,,2.4,E,RIVA RD,50,F,E,3001,CO,,PERCH DR,38.95118855,-76.58276988
01,02,,03,03,02,5,01,04,00,AC1456000W,07.01,01-29-2015,16:03:00,4B1,Y,N,AACOPD,UNK,01,00,2,MD,,16.19,N,SOLOMONS ISLAND RD,0,F,N,214,MD,,CENTRAL AVE,38.92730393,-76.56854012
01,02,,01,05,02,1,01,01,00,AC1456000Y,06.01,01-30-2015,15:28:00,4B2,N,N,AACOPD,UNK,01,00,253,MD,,1.267,N,MAYO RD,100,F,N,,UU,,ENT TO BUSINESS,38.93929048,-76.56208045
04,02,,01,88,03,1,01,01,00,AC1456000Z,08.04,02-14-2015,21:08:00,4B1,N,N,AACOPD,UNK,02,00,3550,CO,,1.3,N,HARWOOD RD,1,M,N,4906,CO,,RICHARDSON DR,38.88735775,-76.63568452
03,02,,01,03,02,,01,02,00,AC14580008,07.01,01-14-2015,17:43:00,C1,N,N,AACOPD,UNK,01,00,100,MD,,13.45,E,NO NAME,500,F,E,2043,CO,,EDWIN RAYNOR BLVD,39.119832,-76.533873
01,02,,01,03,02,2,01,03,00,AC14580009,07.01,01-22-2015,12:44:00,C3,N,N,AACOPD,UNK,01,00,2,MD,,28.7,N,GOV RITCHIE HWY,200,F,N,2333,CO,,CYPRESS CREEK RD,39.07261142,-76.54110432
01,02,,01,03,02,1,01,03,00,AC1458000B,06.01,01-28-2015,08:03:00,3C1,N,N,AACOPD,UNK,01,00,100,MD,,8.38,E,NO NAME,500,F,E,694,CO,,OAKWOOD RD,39.13841556,-76.61311626
01,02,,01,11,03,1,01,01,23.03,AC1458000C,08.04,02-26-2015,08:47:00,3A4,N,N,AACOPD,UNK,01,00,2009,CO,,1.13,W,WOODS RD,500,F,W,2012,CO,,G ST,39.11189815,-76.51938915
01,02,,01,03,02,1,01,04,00,AC1458000D,07.01,03-03-2015,07:58:00,C3,N,N,AACOPD,UNK,01,00,2,MD,,28.91,N,GOV RITCHIE HWY,100,F,N,2272,CO,,MCKINSEY RD,39.07496025,-76.54365778
03,02,,01,17,02,,01,01,11,AC1466000B,06.01,01-01-2015,18:34:00,4C2,N,N,AACOPD,UNK,09,09,468,MD,,0.89,N,SHADYSIDE RD,100,F,N,3396,CO,,CEDARHURST RD,38.8284971,-76.51258855
01,02,,02,11,02,1,03,01,04,AC1466000C,06.01,01-28-2015,09:26:00,3A2,Y,N,AACOPD,UNK,01,09,2043,CO,,2.11,N,EDWIN RAYNOR BLVD,0,F,N,1690,CO,,PEKIN RD,39.13922622,-76.52728878
04,02,,02,06,02,1,01,01,00,AC14740009,06.01,01-09-2015,23:31:00,4C3,N,N,AACOPD,UNK,01,00,261,MD,,3.68,N,FRIENDSHIP RD,0,F,N,3523,CO,,BOYDS TURN RD,38.724725,-76.567235
03,02,,01,17,01,,01,01,10,AC1474000B,06.01,01-21-2015,23:19:00,4C3,N,N,AACOPD,UNK,09,09,256,MD,,4.82,E,DEALE CHURCHTON RD,50,F,E,,UU,,ENT TO BUSINESS,38.80875667,-76.53915167
04,02,,01,17,01,,00,01,05,AC1474000C,06.01,03-15-2015,03:04:00,4C2,N,N,AACOPD,UNK,09,00,468,MD,,4.96,N,MUDDY CREEK RD,200,F,N,1039,OP,,HOLLY LANDING RD,38.83483,-76.56359333
04,02,,01,17,02,,01,01,10,AC1474000D,06.01,03-24-2015,00:56:00,4C2,N,N,AACOPD,UNK,09,00,468,MD,,0.31,N,SHADYSIDE RD,200,F,N,3395,CO,,SHADY REST RD,38.83462,-76.513905
05.02,02,,01,03,02,1,01,01,00,AC1474000F,06.01,03-26-2015,06:58:00,4C3,N,N,AACOPD,UNK,01,00,256,MD,,2.95,E,DEALE CHURCHTON RD,50,F,E,3468,CO,,MIMOSA COVE RD,38.78572833,-76.55146833
01,02,,01,07,02,1,01,04,00,AC16560011,06.01,01-02-2015,16:34:00,B3,N,N,AACOPD,UNK,01,00,2,MD,,38.32,N,GOV RITCHIE HWY,200,F,N,292,CO,,VERNON AVE,39.19062215,-76.61371708
03,02,,02,03,02,2,01,04,00,AC16560013,06.01,01-02-2015,22:02:00,A2,Y,N,AACOPD,UNK,01,00,710,MD,,0.25,E,EAST ORDNANCE RD,0,F,E,3941,CO,,CROMWELL FOUNTAIN RD,39.19388169,-76.60886765
01,02,,01,11,03,2,01,04,04,AC16560014,08.04,01-06-2015,08:26:00,A2,N,N,AACOPD,UNK,01,00,2,MD,,38.9,N,GOV RITCHIE HWY,50,F,N,303,CO,,SHELLY RD,39.19946914,-76.61352396
01,02,,02,02,02,2,01,01,00,AC16560016,06.01,01-10-2015,10:54:00,A2,N,N,AACOPD,UNK,01,00,710,MD,,1.22,E,EAST ORDNANCE RD,0,F,E,4914,CO,,BLADES LA,39.19958738,-76.59564265
01,02,,01,07,02,1,01,01,00,AC16560018,06.01,01-28-2015,08:59:00,2A2,N,N,AACOPD,UNK,01,00,3702,CO,,0.08,E,CURTIS CT,10,F,E,3701,CO,,MCLEAN WAY,39.1929289,-76.5956202
03,02,,02,17,02,,01,04,04,AC16560019,06.01,02-03-2015,21:21:00,2A2,N,N,AACOPD,UNK,09,00,710,MD,,0.87,E,EAST ORDNANCE RD,0,F,E,,UU,,ENT TO ORDNANCE PLAZA,39.19637472,-76.59827358
01,02,,00,17,06.03,1,01,04,11,AC1656001C,05,02-15-2015,08:21:00,2A2,N,N,AACOPD,UNK,00,00,2,MD,,39.54,N,GOV RITCHIE HWY,50,F,N,695,RP,,RAMP 8 FR MD 2 SB TO MD 695 WB,39.208193,-76.61473785
03,02,,02,11,02,1,01,01,00,AC1656001F,06.01,02-20-2015,20:00:00,2A2,Y,N,AACOPD,UNK,01,04,156,CO,,0.14,S,LEDNURA RD,0,F,S,160,CO,,BON AIR AVE,39.21295366,-76.61577702
01,02,,02,11,01,1,01,04,00,AC1656001H,06.01,03-06-2015,07:33:00,2A2,Y,N,AACOPD,UNK,01,00,710,MD,,0.71,E,EAST ORDNANCE RD,0,F,E,10,RP,,RAMP 4 FR MD 10 NB TO MD 710 EB,39.19394308,-76.60071527
01,02,,03,03,02,2,00,04,00,AC1656001K,06.01,03-22-2015,13:23:00,2A2,N,N,AACOPD,UNK,01,00,2,MD,,40.11,N,GOV RITCHIE HWY,50,F,N,319,CO,,WALTON AVE,39.21605483,-76.6142521
01,02,,01,17,04,1,01,01,05,AC1657000Q,00,01-07-2015,08:52:00,4B1,N,N,AACOPD,UNK,09,00,2749,CO,,3.09,E,RIVA RD,300,F,E,,UU,,STRUC #AA2005 SOUTH RIVER,38.95498705,-76.57417059
01,02,,01,17,04,1,01,01,05,AC1657000R,00,01-07-2015,09:22:00,4B1,N,N,AACOPD,UNK,09,00,2749,CO,,3.09,E,RIVA RD,300,F,E,,UU,,STRUC #AA2005 SOUTH RIVER,38.95166639,-76.5547514
01,02,,01,17,02,1,01,01,08,AC1657000S,00,01-08-2015,10:49:00,4B1,N,N,AACOPD,UNK,09,00,214,MD,,3.29,E,CENTRAL AVE,150,F,E,6089,CO,,CASTLE WAY,38.92749931,-76.61951065
01,02,,01,88,02,2,01,01,00,AC1657000T,00,01-25-2015,10:02:00,4B2,N,N,AACOPD,UNK,01,00,214,MD,,5.63,E,CENTRAL AVE,300,F,E,214,MD,A,PIKE RIDGE RD,38.92749931,-76.57299042
04,02,,01,17,02,1,01,01,05,AC1657000V,00,02-05-2015,18:33:00,4B1,N,N,AACOPD,UNK,09,00,2714,CO,,0.9,N,PATUXENT RIVER RD,3,M,N,214,MD,,CENTRAL AVE,38.89594287,-76.67216778
01,02,,02,11,02,1,01,01,00,AC1657000X,06.01,02-12-2015,13:05:00,4B1,Y,N,AACOPD,UNK,01,00,2715,CO,,0.38,W,GOVERNOR BRIDGE RD,0,F,W,2716,CO,,ST GEORGE BARBER RD,38.92952927,-76.60399457