LIGHT_CODE,COUNTY_NO,MUNI_CODE,JUNCTION_CODE,COLLISION_TYPE_CODE,SURF_COND_CODE,LANE_CODE,RD_COND_CODE,RD_DIV_CODE,FIX_OBJ_CODE,REPORT_NO,WEATHER_CODE,ACC_DATE,ACC_TIME,LOC_CODE,SIGNAL_FLAG,C_M_ZONE_FLAG,AGENCY_CODE,AREA_CODE,HARM_EVENT_CODE1,HARM_EVENT_CODE2,RTE_NO,ROUTE_TYPE_CODE,RTE_SUFFIX,LOG_MILE,LOGMILE_DIR_FLAG,MAINROAD_NAME,DISTANCE,FEET_MILES_FLAG,DISTANCE_DIR_FLAG,REFERENCE_NO,REFERENCE_TYPE_CODE,REFERENCE_SUFFIX,REFERENCE_ROAD_NAME,LATITUDE,LONGITUDE
03,24,,02,11,01,3,01,04,00,ADE3350003,03,01-24-2015,01:35:00,0146,Y,N,BALTIMORE,UNK,01,00,1022,MU,,1.08,N,W NORTHERN PKWY,0,F,N,10,MU,,WABASH AVE,39.34548269,-76.6966939
03,24,,01,03,02,1,01,01,00,ADE3350004,06.01,02-08-2015,02:20:00,0337,N,N,BALTIMORE,UNK,01,00,2090,MU,,1.34,W,WINDSOR MILL RD,0,M,W,,UU,,WHEATLEY DR,39.31092541,-76.6946125
03,24,,01,17,02,3,01,04,08,ADE3350005,06.01,02-12-2015,05:10:00,0337,N,N,BALTIMORE,UNK,09,00,10,MU,,2.333,W,WABASH AVE,535,F,W,,UU,,MT. HOPE RD,39.35143969,-76.70476198
03,24,,01,08,02,1,01,03,00,ADE3350006,06.01,03-22-2015,06:20:00,10648,Y,N,BALTIMORE,UNK,01,00,129,MD,,3.76,N,PARK HEIGHTS AVE,15,F,N,2100,MU,,W COLD SPRING LA,39.33975752,-76.66605234
03,24,,01,88,02,,01,00,00,ADE3350007,06.01,03-23-2015,03:01:00,20249,N,N,BALTIMORE,UNK,01,01,129,MD,,4.145,N,PARK HEIGHTS AVE,40,F,N,,UU,,VIRGINIA AVE,39.34354324,-76.66850656
00,24,,01,17,02,1,01,04,88,ADE3350008,06.01,03-24-2015,06:38:00,30389,N,N,BALTIMORE,UNK,09,09,10,MU,,0.822,W,WABASH AVE,600,F,W,,UU,,LEWIN AVE,39.33892982,-76.67668596
03,24,,01,03,02,2,01,88,00,ADE4220002,06.01,03-27-2015,21:47:00,3139,N,N,BALTIMORE,UNK,01,00,40,US,,0.94,E,EDMONDSON AVE,100,F,E,4135,MU,,SWANN AVE,39.29327503,-76.69314265
01,24,,01,88,02,2,01,01,00,ADE4430001,06.01,01-06-2015,14:00:00,CAD#1215,N,N,BALTIMORE,UNK,02,02,26,MD,,0.815,E,LIBERTY HEIGHTS AVE,40,F,E,,UU,,WOODBINE AVE,39.33175913,-76.69689238
03,24,,02,11,02,,01,88,00,ADE4430002,06.01,01-12-2015,17:05:00,CAD#1740,Y,N,BALTIMORE,UNK,01,01,,,,,,SPAULDING AVE,0,F,,,,,LITCHFIELD AVE,39.34539972,-76.67933464
01,24,,02,11,02,1,01,88,00,ADE4430003,06.01,01-19-2015,16:52:00,CAD#1909,Y,N,BALTIMORE,UNK,01,01,,,,,,GWYNN OAK AVENUE,0,F,,,,,N ROGERS AVENUE,39.32855475,-76.70763731
01,24,,01,00,02,,01,02,00,ADE4430004,06.01,03-26-2015,15:35:00,CAD#1843,Y,N,BALTIMORE,UNK,03,00,,,,,,FAIRVIEW AVENUE,0,F,,,,,GARRISON BOULEARD,39.32384075,-76.68128729
01,24,,00,02,03,1,01,03,00,ADE4590001,08.04,01-05-2015,09:10:00,,N,N,BALTIMORE,UNK,01,01,,,,,,2000 ASHLAND AVE,200,F,,,,,800 N WASHINGTON ST,39.30062298,-76.58946991
01,24,,02,11,02,2,01,03,00,ADE4590002,00,01-09-2015,13:00:00,,Y,N,BALTIMORE,UNK,01,00,1360,MU,,0,W,E MADISON ST,0,F,W,1370,MU,,E MONUMENT ST,39.29873832,-76.60337448
01,24,,01,03,01,1,01,02,00,ADE4590004,08.04,01-26-2015,10:44:00,0835,Y,N,BALTIMORE,UNK,01,00,1087,MU,,0,N,N WASHINGTON ST,60,F,N,1085,MU,,S WASHINGTON ST (BACK),39.30229173,-76.58981323
01,24,,01,03,02,1,01,02,00,ADE4590005,06.01,01-31-2015,10:00:00,0988,Y,N,BALTIMORE,UNK,01,00,1470,MU,,0,W,HILLEN ST,30,F,W,1370,MU,,E MONUMENT ST,39.29775862,-76.60569191
01,24,,01,07,02,3,01,02,04,ADE4590006,00,02-06-2015,08:10:00,0501,N,N,BALTIMORE,UNK,01,00,1360,MU,,0,W,E MADISON ST,200,F,W,1370,MU,,E MONUMENT ST,39.30011653,-76.57346249
03,24,,00,07,03,1,01,02,00,ADE4590007,00,02-26-2015,21:40:00,,N,N,BALTIMORE,UNK,01,00,1000,MU,,0,E,KENWOOD AVE,100,F,E,1,US,,BELAIR RD,39.30531364,-76.57897711
03,24,,01,17,01,1,01,04,05,ADE4890001,06.01,01-07-2015,02:49:00,,N,N,BALTIMORE,UNK,09,09,295,MD,,1.3,N,BALTIMORE WASHINGTON PKWY,0,U,N,,UU,,BEGIN BRIDGE,39.26744731,-76.63502455
03,24,,01,02,02,,01,03,08,ADE4890002,06.01,02-13-2015,23:51:00,,N,N,BALTIMORE,UNK,01,09,173,MD,,3.68,N,PATAPSCO AVE,20,F,N,6154,MU,,FAIRHAVEN AVE,39.23273307,-76.59079961
03,24,,00,07,02,1,01,01,00,ADE4890007,06.01,03-01-2015,04:25:00,3055,N,N,BALTIMORE,UNK,02,02,,,,,,2900 BLK SPELLMAN RD,30,F,,,,,BRIDGEVIEW RD,39.244995,-76.62725285
03,24,,01,88,02,1,01,02,88,ADE5430001,06.01,02-03-2015,01:45:00,,N,N,BALTIMORE,UNK,02,00,,,,,,5100 CHALGROVE AVENUE,2,F,,,,,2900 SPAULDING AVENUE,39.35034457,-76.67113781
03,24,,01,88,02,,01,01,00,ADE5430002,06.01,03-18-2015,04:10:00,70338,N,N,BALTIMORE,UNK,01,01,2130,MU,,0.8,N,GREENSPRING AVE,1,M,N,2725,MU,,DRUID PARK DR,39.33399661,-76.65595114
03,24,,02,11,02,1,01,01,07,ADE5430003,06.01,03-18-2015,01:15:00,70144,Y,N,BALTIMORE,UNK,01,09,2755,MU,,0,E,WOODLAND AVE,0,F,E,2190,MU,,PIMLICO RD,39.3431263,-76.6729939
04,24,,01,01,02,1,01,02,00,ADE5430004,06.01,03-25-2015,02:00:00,40181,N,N,BALTIMORE,UNK,01,01,,,,,,VIOLET AVENUE,20,F,,,,,REISTERSTOWN ROAD,39.33024772,-76.66053772
03,24,,02,88,01,1,01,01,00,ADE5690001,03,01-04-2015,04:16:00,,Y,N,BALTIMORE,UNK,01,01,,,,,,100 WEST OSTEND STREET,0,F,,,,,1200 LEADENHALL STREET,39.27502221,-76.61871672
03,24,,01,88,01,1,01,01,04,ADE5690002,03,02-02-2015,03:35:00,0255,N,N,BALTIMORE,UNK,02,09,,,,,,E JEFFREY ST,40,F,,,,,4TH ST.,39.23429748,-76.60739243
03,24,,05.01,17,02,,01,02,05,ADE5690003,06.01,02-04-2015,07:01:00,380,N,N,BALTIMORE,UNK,09,09,295,RP,,0,S,RAMP 9 FR S MONROE ST SB TO MD 295 SB,100,F,S,43,MU,,S MONROE ST,39.2697398,-76.63401604
03,24,,02,88,02,1,01,01,00,ADE5690004,06.01,03-12-2015,03:15:00,10251,Y,N,BALTIMORE,UNK,01,01,,,,,,MALLVIEW,0,F,,,,,NORLAND,39.25117879,-76.64280027
03,24,,01,88,02,1,01,01,00,ADE5690005,06.01,03-28-2015,02:30:00,CAD70374,N,N,BALTIMORE,UNK,02,02,,,,,,2500 MARBOURNE AVE.,30,F,,,,,2500 SOUTHDENE,39.25350801,-76.64787769
03,24,,03,03,01,1,01,01,00,ADE5720001,03,01-24-2015,01:55:00,CAD #251,Y,N,BALTIMORE,UNK,01,01,2,MD,,3.54,N,LIGHT ST (NB COUPLET),15,F,N,,UU,,MONTGOMERY ST,39.27988899,-76.61270857
03,24,,01,17,01,1,00,04,05,ADE5720002,10.04,01-26-2015,03:50:00,CAD#317,N,N,BALTIMORE,UNK,09,09,295,MD,,2.126,N,RUSSELL ST,50,F,N,,UU,,WORCHESTER ST,39.27483949,-76.62704229
03,24,,02,02,01,2,01,04,00,ADE5750001,00,01-03-2015,23:50:00,,Y,N,BALTIMORE,UNK,01,01,1023,MU,,0.87,E,GWYNNS FALLS PKWY,0,F,E,2060,MU,,N LONGWOOD ST,39.31433708,-76.66784406
88,24,,01,88,01,,00,01,00,ADE5750002,02,01-18-2015,14:20:00,CAD1402,N,N,BALTIMORE,UNK,01,00,2895,MU,,0.969,N,DOLFIELD AVE,150,F,N,,UU,,WHITE OAK AVE,39.33898791,-76.68007493
01,24,,00,07,00,,01,01,00,ADE6360003,06.01,02-10-2015,15:00:00,CAD#1724,N,N,BALTIMORE,UNK,01,00,4315,MU,,0.148,W,CROSS ST,50,F,W,,UU,,RIVERSIDE AVE,39.27748056,-76.60766602
00,03,,01,88,01,1,00,04,00,ADE6820002,08.04,03-06-2015,00:00:00,CAD05042,N,N,BALTIMORE,UNK,02,02,4413,CO,,0,E,33RD ST,50,F,E,5082,CO,,HAMILTON AVE,39.32828088,-76.59420669
99,24,,01,99,06.03,,99,01,00,ADE6820003,99,03-06-2015,15:20:00,CAD1490,N,N,BALTIMORE,UNK,99,99,467,MU,,0.51,N,THE ALAMEDA,500,F,N,1101,MU,,ARGONNE DR,39.33955838,-76.60039186
05.02,24,,02,17,01,1,01,01,00,ADE7430001,00,01-05-2015,06:55:00,CAD#1813,N,N,BALTIMORE,UNK,03,00,150,MD,,1.1,E,EASTERN AVE,0,F,E,1340,MU,,LAKEWOOD AVE,39.28613391,-76.5786016
03,02,,02,17,02,1,01,01,09,AC18580009,06.01,01-15-2015,01:38:00,2B3,Y,N,AACOPD,UNK,09,00,529,CO,,0.12,N,GILMORE ST,0,F,N,525,CO,,FERNGLEN AVE,39.18182667,-76.629435
03,02,,02,03,02,1,01,04,00,AC1859000Y,06.01,01-30-2015,18:26:00,2D2,N,N,AACOPD,UNK,01,01,2,MD,,35,N,GOV RITCHIE HWY,0,F,N,793,CO,,NORFOLK RD,39.14671996,-76.60845995
03,02,,01,88,02,1,01,01,00,AC1859000Z,06.01,01-30-2015,20:07:00,2D2,N,N,AACOPD,UNK,02,00,226,OP,,0.64,E,AMERICANA CIR,0,M,E,,UU,,ROAD END,39.13820752,-76.59646511
03,02,,00,17,03,1,01,04,05,AC1939000K,08.04,01-06-2015,06:18:00,3B1,N,N,AACOPD,UNK,09,00,100,MD,,7.02,E,NO NAME,0,F,E,174,MD,,QUARTERFIELD RD,39.1514126,-76.63532495
03,02,,02,02,02,1,01,04,00,AC1939000L,06.01,01-31-2015,02:16:00,3C2,Y,N,AACOPD,UNK,01,00,3,MD,C,0.58,E,BENFIELD BLVD,0,F,E,5461,CO,C,VETERANS HWY,39.09505534,-76.62346959
03,02,,00,17,04,2,01,04,05,AC1939000M,03,02-10-2015,04:51:00,3B1,N,N,AACOPD,UNK,09,09,100,MD,,6.22,E,NO NAME,0,F,E,,UU,,END BRIDGE,39.15271051,-76.6457963
04,02,,01,03,02,2,01,04,05,AC1939000N,06.01,02-21-2015,00:51:00,3C1,N,N,AACOPD,UNK,01,09,10,MD,,0.09,N,ARUNDEL EXPWY,0,M,N,,UU,,SPUR FR MD 2,39.11720909,-76.57708883
05.02,02,,01,17,04,1,01,01,01,AC1943000J,12.04,02-10-2015,05:16:00,3C1,N,N,AACOPD,UNK,09,00,10,SR,,0,S,NO NAME,0,F,S,11,SR,,NO NAME,39.12473312,-76.52477973
03,02,,01,17,02,1,01,03,11,AC1943000K,06.01,03-18-2015,02:12:00,3A2,N,N,AACOPD,UNK,09,09,1684,CO,,0.56,S,TICK NECK RD,50,F,S,4607,CO,,CRYSTAL PALACE LA,39.1340383,-76.53458118
03,02,,02,11,01,4,01,04,00,AC1944000K,99,01-23-2015,20:25:00,5A1,Y,N,AACOPD,UNK,01,00,198,MD,,0.58,E,LAUREL FT MEADE RD,0,F,E,4912,CO,,BROCK BRIDGE RD,39.100672,-76.825907
03,02,,02,03,02,1,01,01,00,AC1945000J,06.01,01-08-2015,21:30:00,2C1,Y,N,AACOPD,UNK,01,00,3,MD,BU,3.34,N,CRAIN HWY,0,F,N,648,MD,BU,BALTO ANNAPOLIS BLVD,39.16474778,-76.62501588
01,02,,02,11,01,2,01,04,00,AC1974000Q,06.01,02-17-2015,15:41:00,2C1,Y,N,AACOPD,UNK,01,01,2,MD,,37.29,N,GOV RITCHIE HWY,0,F,N,512,CO,,8TH AVE NE,39.17566954,-76.6172576
01,02,,02,17,01,,01,04,10,AC1974000R,06.01,02-26-2015,14:05:00,2B3,N,N,AACOPD,UNK,09,00,648,MD,E,4.5,N,BALTO ANNAPOLIS BLVD,0,F,N,572,CO,E,BREMER DR,39.17936667,-76.63828667
01,02,,01,17,02,,01,04,11,AC1974000S,06.01,02-28-2015,10:30:00,2D2,N,N,AACOPD,UNK,09,11,2,MD,,35,N,GOV RITCHIE HWY,200,F,N,723,CO,,NORMAN RD,39.14749167,-76.60895833
01,02,,01,17,02,2,01,01,08,AC1974000T,06.01,03-13-2015,13:35:00,2B2,N,Y,AACOPD,UNK,09,00,170,MD,,10.95,N,BELLE GROVE RD,50,F,N,130,CO,,HENSON AVE,39.21791833,-76.64214
03,02,,01,03,02,2,01,01,00,AC1975000T,06.01,03-25-2015,05:24:00,5C1,N,N,AACOPD,UNK,01,00,176,MD,,2.2,E,DORSEY RD,100,F,E,170,MD,A,MD 170 SPUR,39.15842393,-76.69410557
01,02,,01,11,02,2,01,01,00,AC1981000V,06.01,01-15-2015,08:41:00,,N,N,AACOPD,UNK,01,00,175,MD,,2.695,N,ANNAPOLIS RD,0,F,N,,UU,,ENT TO BUSINESS,39.08112346,-76.68869019
01,02,,02,03,02,1,01,01,00,AC1981000W,06.01,02-28-2015,16:05:00,,Y,N,AACOPD,UNK,01,00,175,MD,,8.19,N,ANNAPOLIS RD,0,F,N,938,CO,,CLARK RD,39.13831362,-76.7524986
01,02,,02,17,02,2,01,01,09,AC1981000Y,07.01,03-07-2015,13:15:00,5B1,Y,N,AACOPD,UNK,09,99,175,MD,,3.79,N,ANNAPOLIS RD,0,F,N,6253,CO,,TOWN CENTER BLVD,39.09006718,-76.70777322
01,24,,02,11,02,1,01,00,00,ADE7440002,06.01,02-13-2015,07:13:00,CAD#469,Y,N,BALTIMORE,UNK,01,00,,,,,,3200 W. ROGERS AVE,0,F,,,,,5300 BLK WINNER AVE,39.35410171,-76.67882904
01,24,,01,03,01,1,01,03,00,ADE7440003,06.01,02-18-2015,07:29:00,,Y,N,BALTIMORE,UNK,01,01,129,MD,,4.76,N,PARK HEIGHTS AVE,10,F,N,2840,MU,,HAYWARD AVE,39.35299938,-76.68381929
03,24,,01,09,02,2,01,01,04,ADE7460001,06.01,01-02-2015,22:15:00,8473,N,N,BALTIMORE,UNK,01,09,1,US,,9.53,N,BELAIR RD,200,F,N,55,MU,,MORAVIA RD,39.33799009,-76.55182242
01,24,,01,03,01,2,01,01,00,ADE7460002,03,01-12-2015,14:27:00,CAD#1299,N,N,BALTIMORE,UNK,02,00,1281,MU,,2.664,W,WASHINGTON BLVD,200,F,W,,UU,,GABLE AVE,39.26076045,-76.65904641
03,24,,01,17,01,2,01,04,04,ADE7460003,03,01-12-2015,17:00:00,CAD#1679,N,N,BALTIMORE,UNK,09,09,6366,MU,,1.361,N,HILTON PKWY,900,F,N,,UU,,W NORTH AVE,39.30631815,-76.6741097
01,24,,02,17,02,1,01,04,04,ADE7460004,06.01,01-19-2015,13:15:00,CAD#1265,N,N,BALTIMORE,UNK,09,00,147,MD,,0.566,N,HARFORD RD,0,F,N,,UU,,MONTPELIER AVE,39.31859522,-76.5933001
01,24,,01,01,02,1,01,02,00,ADE7460005,06.01,01-20-2015,15:00:00,CAD#1774,N,N,BALTIMORE,UNK,02,00,,,,,,N. ROSE STREET,20,F,,,,,E. FAYETTE STREET,39.29465335,-76.58130527
03,24,,02,11,02,1,01,02,00,ADE7460006,06.01,01-22-2015,17:17:00,CAD#2140,Y,N,BALTIMORE,UNK,01,00,139,MD,,0,N,N CHARLES ST,0,F,N,1,US,,NORTH AVE,39.31114124,-76.61658168
01,24,,03,03,02,1,01,01,00,ADE7460007,06.01,01-27-2015,15:34:00,CAD#1574,Y,N,BALTIMORE,UNK,01,00,,,,,,FLANNERY LANE,10,F,,,,,LIBERTY HEIGHTS AVENUE,39.33619772,-76.71100616
03,24,,01,03,02,1,01,01,00,ADE7460008,06.01,01-28-2015,17:50:00,CAD#2415,N,N,BALTIMORE,UNK,01,00,1665,MU,,0.977,E,E BALTIMORE ST,100,F,E,4252,MU,,N CAROLINE ST,39.29134036,-76.59834266
01,24,,02,02,02,1,01,01,00,ADE7460009,06.01,01-30-2015,15:50:00,CAD#2125,Y,N,BALTIMORE,UNK,03,00,,,,,,ST. PAUL STREET,0,F,,,,,39TH STREET,39.336289,-76.61492944
01,24,,03,08,02,2,01,02,00,ADE746000B,06.01,02-05-2015,13:20:00,CAD#1519,N,N,BALTIMORE,UNK,01,00,955,MU,,2.32,W,E PRESTON ST,10,F,W,1125,MU,,N CHARLES ST,39.30448346,-76.61608815
03,24,,01,11,02,1,01,01,00,ADE746000C,06.01,02-05-2015,19:31:00,CAD#2854,N,N,BALTIMORE,UNK,03,00,1,US,,10.41,N,BELAIR RD,100,F,N,,UU,,IDAHO AVE,39.34038814,-76.54833555
03,24,,01,06,02,1,01,02,00,ADE746000D,06.01,03-17-2015,20:15:00,CAD#2954,N,N,BALTIMORE,UNK,02,00,,,,,,N. HILTON STREET,0,F,,,,,PRESSTMAN STREET,39.30447515,-76.67201757
01,24,,01,03,04,3,00,04,00,ADE746000F,12.04,03-01-2015,10:07:00,CAD#0827,N,N,BALTIMORE,UNK,02,02,,,,,,INTERSTATE 295 (N/B),200,F,,,,,WATERVIEW AVENUE,39.25538558,-76.63626909
01,24,,02,11,02,1,01,01,00,ADE746000H,06.01,03-09-2015,14:40:00,CAD#1530,N,N,BALTIMORE,UNK,01,00,,,,,,PATTERSON PARK AVENUE,0,F,,,,,HOFFMAN STREET,39.30677473,-76.58556461
01,24,,01,09,01,1,01,01,00,ADE746000J,00,03-10-2015,16:00:00,CAD#1679,N,N,BALTIMORE,UNK,01,00,1425,MU,,0.24,N,N CENTRAL AVE,200,F,N,40,US,,ORLEANS ST,39.29623091,-76.59987688
01,24,,02,02,02,1,01,01,00,ADE746000K,06.01,03-30-2015,13:41:00,CAD#1346,Y,N,BALTIMORE,UNK,01,00,,,,,,GWYNNS FALLS PARKWAY,0,F,,,,,GARRISON BOULEVARD,39.31407976,-76.67654514
03,24,,01,03,04,2,01,04,00,ADE8360001,03,01-12-2015,00:20:00,,N,N,BALTIMORE,UNK,02,00,129,MD,,4.42,N,PARK HEIGHTS AVE,200,F,N,2123,MU,,W GARRISON AVE,39.34699273,-76.67289734
03,24,,00,07,04,1,01,02,00,ADE8360002,06.01,01-19-2015,03:45:00,,N,N,BALTIMORE,UNK,02,02,,,,,,4700 WILERN AVE,50,F,,,,, 4700 EDGEMERE AVE,39.34424228,-76.67405605
03,24,,02,17,02,2,01,04,11,ADE8360003,06.01,01-31-2015,23:35:00,632,Y,N,BALTIMORE,UNK,16,09,1022,MU,,0,N,W NORTHERN PKWY,0,F,N,26,MD,,LIBERTY HEIGHTS AVE,39.3358409,-76.70991182
03,24,,01,07,02,1,01,03,00,ADE8360004,06.01,02-07-2015,02:45:00,392,N,N,BALTIMORE,UNK,02,02,2925,MU,,0.712,E,GWYNN OAK AVE,500,F,E,,UU,,HOWARD PARK AVE,39.3303971,-76.70096397
00,03,,00,03,00,,00,00,00,ADE8360005,00,03-16-2015,14:54:00,1544,Y,N,BALTIMORE,UNK,00,00,1342,CO,,0,S,HADDON AVE,50,F,S,1336,CO,,BELLONA AVE,39.33086183,-76.69090033
01,24,,02,07,02,1,01,03,00,ADE8780001,06.01,01-19-2015,14:30:00,,Y,N,BALTIMORE,UNK,01,00,1,US,,3.37,N,FULTON AVE (NB COUPLET),0,F,N,1920,MU,,EDMONDSON AVE,39.29521484,-76.64551601
01,24,,03,04,02,1,01,02,00,ADE8780002,06.01,01-27-2015,13:45:00,,N,N,BALTIMORE,UNK,01,01,6168,MU,,0.6,E,W MULBERRY ST,1,F,E,,UU,,N CALHOUN ST,39.29304254,-76.63993835
01,24,,02,03,02,,01,02,00,ADE8780003,06.01,02-03-2015,13:37:00,1305,Y,N,BALTIMORE,UNK,01,01,129,MD,,5.357,S,DRUID HILL AVE (SB COUPLET),0,F,S,1045,MU,,N FULTON AVE,39.31578969,-76.64373636
01,24,,01,07,03,1,04,01,00,ADE8780004,08.04,02-27-2015,17:04:00,1962,N,N,BALTIMORE,UNK,02,02,4161,MU,,0.438,N,N WARWICK AVE,15,F,N,,UU,,LAURETTA AVE,39.29421328,-76.65634274
03,24,,01,07,02,2,01,03,00,ADE8780005,07.01,03-07-2015,19:15:00,62156,N,N,BALTIMORE,UNK,01,00,1,US,,7.67,S,MONROE ST (SB COUPLET),15,F,S,2210,MU,,W NORTH AVE,39.3097757,-76.64814591
01,24,,01,88,02,1,01,01,00,ADE9500001,06.01,03-27-2015,14:15:00,CAD#6173,N,N,BALTIMORE,UNK,02,00,1240,MU,,0.69,N,S HAVEN ST,15,F,N,1340,MU,,EASTERN AVE,39.28661554,-76.56243324
01,24,,01,88,02,1,01,01,00,ADE9500002,06.01,03-28-2015,15:30:00,CAD#1691,N,N,BALTIMORE,UNK,01,00,1275,MU,,0.552,S,S CONKLING ST,30,F,S,,UU,,FOSTER AVE,39.28443986,-76.56693935
01,24,,03,08,02,1,01,01,00,ADE9500003,06.01,03-29-2015,10:45:00,CAD#1103,N,N,BALTIMORE,UNK,01,00,1240,MU,,0.69,N,S HAVEN ST,15,F,N,1340,MU,,EASTERN AVE,39.28666537,-76.56224012
01,02,,02,11,02,1,01,04,00,AC18630013,06.01,01-15-2015,11:30:00,2B3,Y,N,AACOPD,UNK,01,00,2,MD,,38.19,N,GOV RITCHIE HWY,0,F,N,3,MD,,CRAIN HWY,39.18803548,-76.61337713
01,02,,02,88,02,1,01,04,00,AC18630014,06.01,01-15-2015,13:35:00,2B3,Y,N,AACOPD,UNK,03,00,2,MD,,38.36,N,GOV RITCHIE HWY,0,F,N,,UU,,ENT TO THE CENTRE AT GLEN BURNIE,39.19129132,-76.61390552
01,02,,02,11,02,2,01,04,00,AC18630015,06.01,01-16-2015,11:56:00,2B3,Y,N,AACOPD,UNK,01,00,2,MD,,38.26,N,GOV RITCHIE HWY,0,F,N,286,CO,,WELLHAM AVE,39.18919032,-76.61362928
01,02,,01,02,02,2,01,01,00,AC18630016,07.01,03-27-2015,13:57:00,2B3,N,N,AACOPD,UNK,01,00,3616,CO,,0,E,8TH AVE NW,200,F,E,648,MD,,BALTO ANNAPOLIS BLVD,39.17153572,-76.62974633
01,02,,01,17,03,1,01,01,88,AC1866000Z,07.01,01-06-2015,16:30:00,3A3,N,N,AACOPD,UNK,09,09,1823,CO,,0,N,PARADISE BEACH RD,100,F,N,1809,CO,,BAYSIDE BEACH RD,39.14054584,-76.46939278
01,02,,02,03,02,1,01,01,00,AC18660010,07.01,01-14-2015,12:35:00,3A3,Y,N,AACOPD,UNK,01,01,173,MD,,1.24,N,FORT SMALLWOOD RD,0,F,N,1802,CO,,COLONY RD,39.14429667,-76.525185
06.02,02,,02,11,02,1,01,01,00,AC18660011,06.01,01-16-2015,07:18:00,3A3,Y,N,AACOPD,UNK,01,01,607,MD,,0.78,N,HOG NECK RD,0,F,N,177,MD,,MOUNTAIN RD,39.12418833,-76.52531333
03,02,,02,03,01,1,01,01,00,AC18660012,03,01-21-2015,18:09:00,3A3,N,N,AACOPD,UNK,01,01,173,MD,,3.35,N,FORT SMALLWOOD RD,0,F,N,5730,CO,,GALLATIN WAY,39.13504,-76.51939833
01,02,,03,03,01,2,01,04,00,AC18660013,03,02-02-2015,09:10:00,3D1,N,N,AACOPD,UNK,01,02,2,MD,,27.49,N,GOV RITCHIE HWY,100,F,N,2334,CO,,JONES STATION RD,39.06137167,-76.53152667
01,02,,01,03,02,2,01,04,00,AC18660014,06.01,02-03-2015,14:39:00,3D1,N,N,AACOPD,UNK,01,01,2,MD,,28.7,N,GOV RITCHIE HWY,100,F,N,2333,CO,,CYPRESS CREEK RD,39.06932833,-76.53819667
01,02,,03,03,02,1,01,04,00,AC18660015,07.01,02-09-2015,16:21:00,3D1,Y,N,AACOPD,UNK,01,01,2,MD,,25.12,N,GOV RITCHIE HWY,100,F,N,2591,CO,,ARNOLD RD,39.02643333,-76.50163833
01,02,,03,03,02,1,01,04,00,AC18660016,06.01,02-18-2015,10:13:00,3D1,N,N,AACOPD,UNK,01,01,2,MD,,25.12,N,GOV RITCHIE HWY,100,F,N,2591,CO,,ARNOLD RD,39.02914404,-76.50383234
00,02,,06.01,02,02,,01,04,00,AC18660018,07.01,02-27-2015,17:24:00,3D1,N,N,AACOPD,UNK,01,01,2,MD,,27.49,N,GOV RITCHIE HWY,500,F,N,2334,CO,,JONES STATION RD,39.0513185,-76.52217865
01,02,,03,01,02,1,01,01,00,AC18660019,06.01,03-08-2015,12:54:00,3D1,N,N,AACOPD,UNK,02,02,2404,CO,,0.46,E,JONES STATION RD,50,F,E,2401,CO,,ALAMEDA PKWY,39.05428456,-76.50323153
01,02,,03,03,02,,01,04,00,AC1866001B,00,02-20-2015,12:17:00,3D1,N,N,AACOPD,UNK,01,01,2420,CO,,0,E,COLLEGE PKWY,5,F,E,2,MD,,GOV RITCHIE HWY,39.05195171,-76.52151346
99,02,,03,17,99,,99,03,09,AC19810010,99,03-11-2015,12:16:00,,N,N,AACOPD,UNK,09,00,174,MD,,2.771,E,DONALDSON AVE,20,F,E,,UU,,SEVERN/DANZA PARK,39.13662641,-76.68402314
06.02,02,,00,88,02,1,01,00,00,AC19810011,06.01,03-17-2015,20:06:00,5B1,N,N,AACOPD,UNK,02,02,5636,CO,,0.12,W,CONQUEST DR,0,M,W,,UU,,CUL DE SAC,39.11048295,-76.71956778
01,02,,09.04,11,01,1,01,03,00,AC19810012,03,03-20-2015,17:58:00,5B1,N,N,AACOPD,UNK,01,00,175,MD,,4.789,N,ANNAPOLIS RD,0,M,N,,UU,,ENT TO BUSINESS,39.09776977,-76.72052264
04,02,,01,17,03,,00,01,05,AC1982000G,08.04,02-16-2015,23:56:00,5C2,N,N,AACOPD,UNK,09,00,170,MD,,1.15,N,TELEGRAPH RD,0,M,N,1128,CO,,JACKSON GROVE RD,39.10362295,-76.69347525
04,02,,01,17,02,1,01,01,11,AC1982000J,06.01,03-25-2015,00:42:00,5A3,N,N,AACOPD,UNK,09,00,928,CO,,0.47,N,HARMANS RD,0,M,N,3985,CO,,PALMETTO DR,39.1400632,-76.71237946
00,13,,02,11,01,1,01,01,00,AC1982000K,03,03-27-2015,06:55:00,5A1,Y,N,AACOPD,UNK,01,00,112,CO,,1.93,E,WHISKEY BOTTOM RD,0,F,E,,UU,,ANNE ARUNDEL CO/L,39.10958386,-76.82616949
01,02,,01,03,02,2,01,04,00,AC1984000W,06.01,01-17-2015,13:15:00,4A2,N,N,AACOPD,UNK,01,00,2,MD,,20.4,N,SOLOMONS ISLAND RD,50,F,N,5250,CO,,SOMERVILLE RD,38.98144665,-76.53694153
01,02,,01,17,01,1,00,01,23.03,AC1984000X,07.01,02-02-2015,08:55:00,4C3,N,N,AACOPD,UNK,09,00,261,MD,,0.91,N,WALNUT AVE,100,F,N,1152,OP,,MAPLE AVE,38.72611604,-76.52794003