LIGHT_CODE,COUNTY_NO,MUNI_CODE,JUNCTION_CODE,COLLISION_TYPE_CODE,SURF_COND_CODE,LANE_CODE,RD_COND_CODE,RD_DIV_CODE,FIX_OBJ_CODE,REPORT_NO,WEATHER_CODE,ACC_DATE,ACC_TIME,LOC_CODE,SIGNAL_FLAG,C_M_ZONE_FLAG,AGENCY_CODE,AREA_CODE,HARM_EVENT_CODE1,HARM_EVENT_CODE2,RTE_NO,ROUTE_TYPE_CODE,RTE_SUFFIX,LOG_MILE,LOGMILE_DIR_FLAG,MAINROAD_NAME,DISTANCE,FEET_MILES_FLAG,DISTANCE_DIR_FLAG,REFERENCE_NO,REFERENCE_TYPE_CODE,REFERENCE_SUFFIX,REFERENCE_ROAD_NAME,LATITUDE,LONGITUDE
03,24,,01,03,03,,01,02,00,ADF5040009,08.04,02-01-2015,23:14:00,3015,N,N,BALTIMORE,UNK,01,00,2,MD,,1.41,S,ST PAUL ST (SB COUPLET),30,F,S,,UU,,E LEXINGTON ST,39.29113692,-76.61360443
03,24,,01,00,02,1,01,01,00,ADF504000B,06.01,01-30-2015,21:35:00,3326,N,N,BALTIMORE,UNK,02,02,4005,MU,,1.686,S,PENNSYLVANIA AVE,30,F,S,2271,MU,,ST MARY ST,39.29579916,-76.62506819
01,02,,02,06,02,1,01,04,09,AC1879000M,06.01,02-05-2015,14:06:00,3D3,Y,N,AACOPD,UNK,01,09,450,MD,,15.81,E,GOV RITCHIE HWY,0,F,E,50,RP,,RAMP 3 FR RAMP 6 (FR US50 EB) TO MD 450,39.01151451,-76.48973465
01,02,,02,88,02,1,01,01,18.88,AC1879000N,06.01,02-08-2015,12:31:00,3D2,Y,N,AACOPD,UNK,09,16,4782,CO,,0.37,W,MARINE DR,0,F,W,5158,CO,,NEPTUNE PL,39.04760241,-76.45293474
01,02,,03,03,02,,01,04,00,AC1879000P,07.01,02-09-2015,12:11:00,3D3,N,N,AACOPD,UNK,01,00,2,MD,,23.96,N,GOV RITCHIE HWY,1,F,N,50,RP,,RAMP 8 FR MD 2 SB TO US 50 WB,39.01629117,-76.49379015
03,02,,01,03,03,1,88,04,00,AC1879000Q,08.04,02-16-2015,21:19:00,3D1,N,N,AACOPD,UNK,01,00,2,MD,,25.23,N,GOV RITCHIE HWY,25,F,N,,UU,,ENT TO BUSINESS,39.0306859,-76.50522709
05.02,02,,01,88,02,,01,03,00,AC1880001Q,06.01,01-13-2015,06:52:00,3C1,N,N,AACOPD,UNK,02,00,1607,CO,,1.16,E,CATHERINE AVE,200,F,E,6171,CO,,SCHRAMMS CROSSING,39.12327498,-76.54768378
01,02,,03,03,03,1,01,01,00,AC19910012,08.04,01-06-2015,08:43:00,5A3,Y,N,AACOPD,UNK,01,00,5768,CO,,0.79,S,RACE RD,100,F,S,176,MD,B,WRIGHT RD,39.16391645,-76.74062848
01,02,,03,07,02,1,01,01,04,AC19910014,06.01,01-15-2015,16:09:00,5A2,N,N,AACOPD,UNK,01,09,947,CO,,1.34,W,MONTEVIDEO RD,200,F,W,948,CO,,MONTEVIDEO CT,39.162118,-76.766525
03,02,,03,11,02,,01,04,00,AC19910015,06.01,01-17-2015,19:27:00,5A2,N,N,AACOPD,UNK,01,00,996,CO,,0,N,RUSSETT GREEN E,100,F,N,198,MD,,LAUREL FT MEADE RD,39.098688,-76.80575
01,02,,02,10,02,,01,04,23.03,AC19910016,06.01,02-11-2015,08:31:00,5D2,Y,N,AACOPD,UNK,01,01,3,MD,,3.245,N,ROBERT CRAIN HWY,0,F,N,,UU,,DIRECTIONAL CROSSOVER,39.031602,-76.68397
01,02,,02,17,03,1,01,01,11,AC19910018,08.04,02-15-2015,08:51:00,5D2,N,N,AACOPD,UNK,16,09,1207,CO,,0.47,W,MILLERSVILLE RD,0,F,W,1219,CO,,WATERBURY RD,39.05445167,-76.633805
01,02,,03,17,04,2,01,01,04,AC19910019,10.04,02-15-2015,09:46:00,5D2,Y,N,AACOPD,UNK,09,00,2629,CO,,1.49,W,JOHNS HOPKINS RD,50,F,W,2637,CO,,RIEDEL RD,39.025205,-76.67585167
03,02,,02,11,02,2,01,04,00,AC1991001B,06.01,02-25-2015,21:13:00,5D2,Y,N,AACOPD,UNK,01,00,3,MD,,5.3,N,ROBERT CRAIN HWY,0,F,N,1204,CO,,MCKNEW RD,39.05413,-76.66006667
01,02,,01,17,03,1,01,01,05,AC1991001C,08.04,03-01-2015,09:37:00,5D2,N,N,AACOPD,UNK,09,00,450,MD,,4.88,E,DEFENSE HWY,900,F,E,2712,CO,,RUTLAND RD,38.98326167,-76.61256167
03,02,,01,17,01,,01,03,07,AC2009000W,99,01-03-2015,01:00:00,5C1,N,N,AACOPD,UNK,09,00,5363,CO,,0,W,MERRIWEATHER WAY,100,F,W,652,MD,,OLD TELEGRAPH RD,39.15059723,-76.68499947
01,02,,01,17,01,2,01,03,23.03,AC2009000X,03,01-03-2015,11:58:00,5C1,N,N,AACOPD,UNK,16,00,,,,,,100 WB,0,M,,,,,TELEGRAPH RD,39.14768514,-76.69649005
07.88,02,,01,17,04,1,01,03,05,AC2009000Z,06.01,01-21-2015,01:00:00,5D1,N,N,AACOPD,UNK,09,00,424,MD,,4.02,N,DAVIDSONVILLE RD,100,F,N,,UU,,BOTTNER RD,38.96787608,-76.66560173
01,02,,01,17,02,1,01,03,15.05,AC20090010,06.01,01-23-2015,08:10:00,5D3,N,N,AACOPD,UNK,09,00,2619,CO,,1.38,N,CROWNSVILLE RD,0,M,N,778,OP,,ENT TO TRAILER PARK,39.00633667,-76.589885
07.88,02,,01,17,03,1,01,03,11,AC20090011,12.04,01-29-2015,18:01:00,5C2,N,N,AACOPD,UNK,09,00,5529,CO,,0.346,N,BURNS CROSSING RD,0,M,N,6538,CO,,BLUE GRASS WAY,39.07361093,-76.6753006
03,02,,03,02,02,1,01,03,00,AC20090012,06.01,02-19-2015,18:31:00,5B1,Y,N,AACOPD,UNK,01,00,6034,CO,,0,E,CHARTER OAKS BLVD,0,F,E,175,MD,,ANNAPOLIS RD,39.130055,-76.71578333
01,02,,03,03,02,3,01,02,00,AC20090013,06.01,02-27-2015,12:35:00,5D1,Y,N,AACOPD,UNK,01,00,3,MD,,1.52,N,ROBERT CRAIN HWY,0,M,N,2649,CO,,CRAWFORD BLVD,39.00872173,-76.69820666
05.02,02,,02,11,03,1,05,01,00,AC2010000C,08.04,01-06-2015,06:43:00,5A1,Y,N,AACOPD,UNK,01,01,960,CO,,0.21,S,RED CLAY RD,0,F,S,994,CO,,OLD ANNAPOLIS RD,39.09618122,-76.81158428
03,02,,00,09,02,3,01,04,05,AC2010000D,06.01,01-14-2015,23:53:00,5A3,N,N,AACOPD,UNK,01,01,100,MD,,1.11,E,NO NAME,500,F,E,295,RP,,RAMP 2 FR MD 100 WB TO MD 295 NB,39.16675965,-76.72569542
03,02,,01,03,04,1,01,02,05,AC2010000F,09.04,02-10-2015,05:57:00,5C1,N,N,AACOPD,UNK,01,01,100,MD,,0,E,NO NAME,0,F,E,,UU,,STRUC #2178 DEEP RUN,39.17951393,-76.74133587
03,02,,02,11,02,1,01,01,00,AC2010000G,06.01,02-08-2015,00:23:00,5D3,Y,N,AACOPD,UNK,01,01,1222,CO,,0,N,SUNRISE BEACH RD,0,F,N,178,MD,,GENERALS HWY,39.05278488,-76.61833048
03,02,,02,17,06.03,1,04,01,10,AC2010000H,06.01,03-07-2015,01:55:00,5C1,N,N,AACOPD,UNK,09,00,170,MD,,2.39,N,TELEGRAPH RD,0,F,N,1148,CO,,HARVEY AVE,39.1207697,-76.6903876
01,02,,01,02,02,1,01,03,00,AC2011000R,06.01,01-02-2015,12:03:00,3C1,N,N,AACOPD,UNK,01,00,1546,CO,,0,N,SOLLEY RD,1,M,N,648,MD,,WATERFORD RD,39.13137519,-76.56256199
03,02,,00,01,01,1,01,01,00,AC2011000S,03,03-20-2015,06:02:00,3A3,N,N,AACOPD,UNK,01,00,5629,OP,,0,W,TOWER RD,10,F,W,2235,CO,,OLD COUNTY RD,39.12669786,-76.51998997
01,02,,00,07,02,1,01,04,00,AC20120009,06.01,01-05-2015,07:38:00,5A1,N,N,AACOPD,UNK,01,00,198,MD,,2.46,E,LAUREL FT MEADE RD,300,F,E,,UU,,ARUNDEL GATEWAY BLVD (PROP),39.09520743,-76.79431067
06.02,02,,00,03,02,2,01,04,00,AC2012000B,06.01,01-28-2015,17:38:00,5A2,N,N,AACOPD,UNK,01,01,32,MD,,10.11,N,SAVAGE RD,900,F,N,32,RP,,RAMP 7 FR CANINE RD WB TO MD 32 SB,39.09750718,-76.7679982
01,02,,02,17,05,,05,03,04,AC2012000C,06.01,03-18-2015,08:49:00,5A1,N,Y,AACOPD,UNK,09,11,198,MD,,2.46,E,LAUREL FT MEADE RD,0,F,E,,UU,,ARUNDEL GATEWAY BLVD (PROP),39.0947306,-76.7923522
01,02,,01,03,02,1,01,01,00,AC2012000D,06.01,03-31-2015,14:55:00,5A1,N,Y,AACOPD,UNK,01,00,198,MD,,2.46,E,LAUREL FT MEADE RD,100,F,E,,UU,,ARUNDEL GATEWAY BLVD (PROP),39.09479463,-76.79161047
01,24,,01,88,02,,01,01,00,ADF686000C,06.01,03-17-2015,17:15:00,CAD#2159,N,N,BALTIMORE,UNK,02,00,1425,MU,,0.53,N,N CENTRAL AVE,15,F,N,1360,MU,,E MADISON ST,39.29948555,-76.6001451
03,24,,01,03,02,,01,02,11,ADF7030001,06.01,01-02-2015,16:40:00,1662,N,N,BALTIMORE,UNK,09,02,1711,MU,,0.27,S,CATHEDRAL ST,20,F,S,1365,MU,,W MADISON ST,39.29699477,-76.61704302
01,24,,02,11,02,3,01,04,08,ADF7030002,06.01,01-05-2015,15:00:00,1561,Y,N,BALTIMORE,UNK,01,09,2950,MU,,0,E,E NORTH AVE,0,F,E,4490,MU,,N GAY ST,39.31100842,-76.61481678
03,24,,01,17,03,1,01,01,07,ADF7360001,12.04,02-01-2015,23:31:00,CAD#3071,N,N,BALTIMORE,UNK,00,00,139,MD,,2.48,N,N CHARLES ST,5,F,N,2100,MU,,W COLD SPRING LA,39.34395603,-76.62165642
03,24,,02,03,01,2,02,01,00,ADF7390001,03,01-04-2015,06:25:00,535,Y,N,BALTIMORE,UNK,01,00,1,US,,7.42,N,NORTH AVE,0,F,N,1087,MU,,N WASHINGTON ST,39.31229508,-76.59040332
03,24,,02,02,01,2,01,01,00,ADF7390002,03,01-12-2015,02:05:00,138,Y,N,BALTIMORE,UNK,01,00,150,MD,,0,E,N HAVEN ST,0,F,E,40,US,,PULASKI HWY,39.29704043,-76.56305283
01,24,,01,88,00,1,01,01,00,ADF7660002,06.01,03-29-2015,18:30:00,CAD#2321,N,N,BALTIMORE,UNK,01,01,467,MU,,0.51,N,THE ALAMEDA,5,F,N,1101,MU,,ARGONNE DR,39.34007283,-76.60023361
06.02,24,,01,07,01,,01,02,00,ADF7780001,03,03-01-2015,16:00:00,1725,N,N,BALTIMORE,UNK,01,01,,,,,,GLYNDON AVE,10,F,,,,,CAREY ST.,39.28144793,-76.63727224
01,24,,01,09,01,1,01,02,02,ADF7780002,06.01,03-06-2015,15:00:00,51402,N,N,BALTIMORE,UNK,01,09,1,US,,9.49,S,MONROE ST (SB COUPLET),20,F,S,,UU,,WILHELM ST,39.28362356,-76.64664254
01,24,,02,88,02,2,01,01,00,ADF7800001,06.01,01-15-2015,15:04:00,CAD#1694,Y,N,BALTIMORE,UNK,01,00,1703,MU,,1.728,N,N HOWARD ST,0,F,N,,UU,,W 22ND ST,39.31414357,-76.61947511
03,24,,03,07,03,2,01,04,00,ADF7800002,08.04,02-17-2015,00:00:00,CAD#2442,Y,N,BALTIMORE,UNK,01,00,1,US,,5.84,N,NORTH AVE,10,F,N,1703,MU,,N HOWARD ST,39.31097522,-76.61953211
03,03,,00,03,03,1,01,03,00,ADF7800003,08.04,02-21-2015,18:20:00,CAD#2133,Y,N,BALTIMORE,UNK,02,02,,,,,,GREENMOUNT AVE ,0,F,,,,,E 25TH ,39.31769879,-76.60951138
03,03,,01,02,00,1,01,03,00,ADF7800004,00,03-07-2015,23:55:00,CAD#0051,N,N,BALTIMORE,UNK,01,01,,,,,,300 BLK WYMAN PK DR ,1,F,,,,,3200 BLK REMMINGTON ,39.32482009,-76.62549734
01,24,,02,02,02,1,01,03,00,ADF7800005,06.01,03-12-2015,07:24:00,CAD#0472,Y,N,BALTIMORE,UNK,01,01,45,MD,,1.74,N,GREENMOUNT AVE,0,F,N,1112,MU,,E 39TH ST,39.33637406,-76.60950601
03,24,,01,88,99,,01,02,00,ADF7800006,99,03-15-2015,04:30:00,CAD#1243,N,N,BALTIMORE,UNK,02,00,,,,,,E 30TH STREET,100,F,,,,,REESE STREET,39.32341124,-76.60460025
01,24,,01,03,02,1,01,03,00,ADF7800007,06.01,03-19-2015,07:25:00,CAD#0488,N,N,BALTIMORE,UNK,01,00,1040,MU,,0.849,E,E BELVEDERE AVE,30,F,E,,UU,,BRADHURST RD,39.36048207,-76.60114288
01,24,,02,03,02,1,01,01,00,ADF783000C,06.01,01-04-2015,15:32:00,CAD#1332,Y,N,BALTIMORE,UNK,01,00,1685,MU,,0.155,W,PULASKI HWY,0,F,W,1320,MU,,LINWOOD AVE,39.29511209,-76.57639146
01,03,,09.04,11,01,1,01,01,00,ADF783000D,00,01-22-2015,10:10:00,CAD#0840,N,N,BALTIMORE,UNK,01,00,,,,,,LEWIN AVE ,20,F,,,,,COLUMBUS DRIVE,39.33915179,-76.67854071
04,03,,01,03,00,3,01,04,00,ADF783000G,00,01-05-2015,19:17:00,CAD#2223,N,N,BALTIMORE,UNK,01,00,,,,,,W. NORTHERN PKWY,0,M,,,,,MT. HOPE DRIVE,39.34456068,-76.70117453
01,03,,02,14,03,1,01,03,00,ADF783000H,08.04,03-05-2015,14:00:00,CAD#1331,Y,N,BALTIMORE,UNK,01,00,,,,,,UNIT BLOCK N. SCHROEDER STREET,0,F,,,,,1000 W. BALTIMORE STREET,39.28881399,-76.63377732
03,02,,02,11,04,5,01,04,00,AC1881000G,06.01,01-07-2015,00:36:00,4B2,Y,N,AACOPD,UNK,01,00,2,MD,,17.21,N,SOLOMONS ISLAND RD,0,F,N,253,MD,,MAYO RD,38.94058944,-76.56368315
03,02,,02,17,02,2,01,04,11,AC1881000H,06.01,01-11-2015,00:48:00,4B1,Y,N,AACOPD,UNK,16,09,2,MD,,16.68,N,SOLOMONS ISLAND RD,0,F,N,214,MD,,PIKE RIDGE RD,38.933375,-76.56780333
03,02,,02,17,06.03,,01,04,04,AC1881000J,12.04,02-21-2015,22:51:00,4A2,Y,N,AACOPD,UNK,09,09,2,MD,,19.82,N,SOLOMONS ISLAND RD,0,F,N,,UU,,SPUR TO ANNAPOLIS HARBOR CENTER DR,38.97360656,-76.54174805
03,02,,01,17,01,1,00,03,11,AC18850009,06.01,03-09-2015,00:06:00,0002,N,N,AACOPD,UNK,09,00,460,CO,,0,E,HAMMARLEE RD,100,F,E,270,MD,,FURNACE BRANCH RD,39.17408095,-76.60472631
03,02,,00,17,01,1,01,01,18.88,AC1885000B,03,03-26-2015,22:36:00,002,N,N,AACOPD,UNK,09,09,1546,CO,,0.68,N,SOLLEY RD,100,F,N,5750,CO,,NATURE WALK LA,39.14087869,-76.56640291
01,02,,01,17,01,1,01,02,11,AC18860018,03,01-04-2015,10:51:00,3C1,N,N,AACOPD,UNK,09,00,100,MD,,9.4,E,NO NAME,0,F,E,100,RP,,RAMP 6 FR MD 100 EB TO MD 2 SB,39.1336638,-76.59934044
04,02,,02,11,02,2,01,03,07,AC18860019,06.01,01-10-2015,18:09:00,3C1,Y,N,AACOPD,UNK,01,09,2,MD,,32.27,N,GOV RITCHIE HWY,0,F,N,10,MD,,ARUNDEL EXPWY,39.11494492,-76.5793848
01,02,,03,17,01,1,01,01,11,AC1886001B,06.01,01-23-2015,07:52:00,2D3,N,N,AACOPD,UNK,09,09,1546,CO,,1.36,N,SOLLEY RD,50,F,N,6266,CO,,WILLOW TREE DR,39.14896648,-76.5692997
04,02,,02,11,02,3,01,03,00,AC1886001C,06.01,01-27-2015,18:51:00,3A4,Y,N,AACOPD,UNK,01,00,100,MD,,14.29,E,NO NAME,0,F,E,2028,CO,,MAGOTHY BEACH RD,39.11880729,-76.51720047
03,02,,01,03,02,2,01,03,00,AC1886001D,06.01,01-28-2015,18:36:00,3C3,N,N,AACOPD,UNK,01,00,2,MD,,29.44,N,GOV RITCHIE HWY,30,F,N,2209,CO,,ROBINSON RD,39.08097355,-76.54900074
03,02,,01,03,01,2,01,02,08,AC1886001F,12.04,02-01-2015,22:49:00,3C1,N,N,AACOPD,UNK,01,01,100,MD,,9.59,E,NO NAME,200,F,E,2,MD,,GOV RITCHIE HWY,39.13481224,-76.59660459
01,02,,01,11,02,1,01,01,00,AC1886001G,06.01,02-06-2015,07:20:00,3C1,N,N,AACOPD,UNK,01,00,177,MD,,1.97,E,MOUNTAIN RD,50,F,E,1546,CO,,SOLLEY RD,39.13131036,-76.56265587
04,02,,01,88,03,2,01,04,00,AC1886001H,08.04,02-14-2015,20:27:00,3C1,N,N,AACOPD,UNK,01,00,173,MD,,7.2,N,FORT SMALLWOOD RD,100,F,N,4688,CO,,ENERGY PKWY,39.17705017,-76.54222012
03,02,,01,17,04,,01,02,06,AC1886001J,06.01,02-15-2015,20:43:00,3C1,N,N,AACOPD,UNK,09,00,100,MD,,10.45,E,NO NAME,1,M,E,10,MD,,ARUNDEL EXPWY,39.12912811,-76.58157349
01,02,,02,17,01,1,01,01,00,AC1886001L,06.01,02-27-2015,11:08:00,3C1,Y,N,AACOPD,UNK,99,00,177,MD,,2.77,E,MOUNTAIN RD,0,F,E,4178,CO,,OUTING AVE,39.12887011,-76.54860377
01,02,,01,11,02,2,01,03,00,AC1886001M,06.01,02-28-2015,08:09:00,3C2,N,N,AACOPD,UNK,01,00,2,MD,,31.75,N,GOV RITCHIE HWY,10,F,N,5626,CO,,WEST CHESTNUT ST,39.10812698,-76.57359123
01,02,,03,03,02,2,01,03,00,AC1886001N,06.01,03-31-2015,14:21:00,3C1,N,N,AACOPD,UNK,01,00,2,MD,,33.27,N,GOV RITCHIE HWY,50,F,N,4505,CO,,JUMPERS HOLE RD,39.12595296,-76.58975422
06.02,02,,02,11,02,1,01,03,00,AC1993000Y,06.01,01-07-2015,16:10:00,2D3,N,N,AACOPD,UNK,01,00,648,MD,E,0,N,BALTO ANNAPOLIS BLVD,0,F,N,177,MD,E,MOUNTAIN RD,39.13469574,-76.5849638
01,02,,02,11,02,2,01,04,00,AC1993000Z,06.01,01-31-2015,11:18:00,2D2,Y,N,AACOPD,UNK,01,01,177,MD,,0.45,E,MOUNTAIN RD,0,F,E,100,RP,,RAMP 9 FR MD 177 WB TO MD 100 WB,39.1347207,-76.5908432
03,02,,02,03,02,3,01,88,00,AC19930012,06.01,02-13-2015,22:47:00,2D3,Y,N,AACOPD,UNK,01,00,648,MD,E,0,N,BALTO ANNAPOLIS BLVD,0,F,N,177,MD,E,MOUNTAIN RD,39.13428796,-76.58502817
01,02,,01,03,02,3,01,04,88,AC19930013,06.01,02-27-2015,16:53:00,2D3,N,N,AACOPD,UNK,02,00,10,MD,,2.63,N,ARUNDEL EXPWY,0,F,N,780,CO,,MARLEY STATION RD,39.14438185,-76.59917951
01,02,,01,03,02,1,01,02,00,AC19930014,06.01,03-19-2015,18:22:00,3C1,N,N,AACOPD,UNK,01,01,100,MD,,1.92,E,NO NAME,0,F,E,,UU,,EXIT #10,39.12063019,-76.56679988
01,02,,02,11,02,1,01,04,00,AC19930015,06.01,03-30-2015,12:00:00,2D2,Y,N,AACOPD,UNK,01,01,177,MD,,0,E,MOUNTAIN RD,0,F,E,2,MD,,GOV RITCHIE HWY,39.13549464,-76.59520984
03,02,,01,03,02,1,01,04,00,AC19940014,06.01,01-07-2015,18:29:00,5D2,N,N,AACOPD,UNK,01,01,3,MD,,5.93,N,ROBERT CRAIN HWY,0,M,N,4918,CO,,CHARLES HALL RD,39.06130337,-76.65168555
01,02,,01,01,04,1,01,01,00,AC19940015,03,01-12-2015,09:43:00,5D3,N,N,AACOPD,UNK,01,00,1259,CO,,0.27,W,PLUM CREEK DR,0,M,W,6671,CO,,VALLEY DR,39.06009105,-76.5869341
01,02,,00,88,02,2,01,04,06,AC19940016,06.01,01-16-2015,11:20:00,5D3,N,N,AACOPD,UNK,09,00,3,MD,,5.65,N,ROBERT CRAIN HWY,0,M,N,175,MD,,ANNAPOLIS RD,39.07056393,-76.63764022
05.02,02,,01,03,02,1,01,04,00,AC19940017,06.01,01-22-2015,17:24:00,,N,N,AACOPD,UNK,01,00,3,MD,,6.75,N,ROBERT CRAIN HWY,10,F,N,3,RP,,RAMP 8 FR MD 3 SB TO MD 32 WB,39.06717603,-76.64269403
03,02,,01,11,02,1,01,04,04,AC19940018,06.01,01-26-2015,01:14:00,5D2,N,N,AACOPD,UNK,09,01,3,MD,,4.39,N,ROBERT CRAIN HWY,65,F,N,2624,CO,,ST STEPHENS CHURCH RD,39.04285286,-76.67015076
01,02,,01,03,02,1,01,01,00,AC19940019,06.01,02-11-2015,17:32:00,5D3,N,N,AACOPD,UNK,01,01,178,MD,,4.9,N,GENERALS HWY,5,F,N,2618,CO,,FAIRFIELD LOOP RD,39.0352681,-76.60293373
01,02,,01,08,03,1,01,01,00,AC1994001B,06.01,02-17-2015,11:45:00,5D3,N,N,AACOPD,UNK,01,00,178,MD,,4.2,N,GENERALS HWY,0,M,N,2619,CO,,CROWNSVILLE RD,39.02977353,-76.60377705
01,02,,01,17,04,4,01,04,15.05,AC1994001C,12.04,03-01-2015,15:25:00,5C2,N,N,AACOPD,UNK,09,00,97,IS,,9.67,N,NO NAME,20,F,N,3,MD,C,BENFIELD BLVD,39.09921852,-76.62788012
01,02,,01,17,06.03,1,01,01,06,AC1994001D,06.01,03-09-2015,07:37:00,5D3,N,N,AACOPD,UNK,09,00,1322,CO,,0,S,RIVER RD,1,M,S,1328,CO,,HERALD HARBOR RD,39.02898745,-76.57754807
03,02,,01,17,02,,01,04,00,AC1994001F,00,03-29-2015,03:55:00,5A1,N,N,AACOPD,UNK,11,00,198,MD,,0.15,E,LAUREL FT MEADE RD,0,M,E,,UU,,RACE TRACK RD,39.09652914,-76.83539629
01,02,,02,17,02,,01,01,10,AC2013000R,06.01,01-10-2015,11:36:00,4B3,N,N,AACOPD,UNK,09,00,5723,CO,,0.04,E,EVELYN GINGELL AVE,0,F,E,3202,CO,,BEACH DRIVE BLVD,38.91220704,-76.51777983
03,02,,02,11,02,3,01,04,00,AC2013000S,06.01,02-03-2015,18:40:00,4A1,Y,N,AACOPD,UNK,01,00,2801,CO,,1.18,W,JENNIFER RD,0,F,W,450,MD,,WEST ST,38.98505781,-76.54568553
01,02,,01,17,04,1,00,01,11,AC2013000T,12.04,03-01-2015,11:54:00,4C3,N,N,AACOPD,UNK,09,00,2,MD,,2.31,N,SOLOMONS ISLAND RD,0,M,N,3535,CO,,JEWELL RD,38.76072619,-76.59691572
06.02,02,,02,17,01,1,00,01,23.03,AC2013000V,07.01,03-13-2015,18:44:00,4C3,Y,N,AACOPD,UNK,16,00,256,MD,,4.47,E,DEALE CHURCHTON RD,0,F,E,3414,CO,,FRANKLIN MANOR RD,38.8035305,-76.53713465
04,02,,02,03,02,2,01,04,00,AC20140006,06.01,01-28-2015,19:33:00,4A1,N,N,AACOPD,UNK,01,00,70,MD,,1.42,N,ROWE BLVD,0,F,N,595,RP,,RAMP 4 FR MD 70 NB TO US 50/IS 595 EB,38.9922879,-76.51074171
03,02,,02,03,02,1,01,04,00,AC20140007,06.01,01-30-2015,18:01:00,4B2,Y,N,AACOPD,UNK,01,00,214,MD,A,0.64,E,PIKE RIDGE RD,0,F,E,2,MD,,SOLOMONS ISLAND RD,38.93380891,-76.56730413
01,02,,01,17,02,1,01,01,00,AC20140008,07.01,02-25-2015,12:36:00,4B3,N,N,AACOPD,UNK,88,00,214,MD,,8.33,E,CENTRAL AVE,20,F,E,6749,CO,,OAK LA,38.90687,-76.53662
01,02,,01,17,03,1,01,01,06,AC20140009,12.04,02-26-2015,07:59:00,4B1,N,N,AACOPD,UNK,00,00,2735,CO,,0,W,BIRDSVILLE RD,500,F,W,2,MD,,SOLOMONS ISLAND RD,38.89407833,-76.60243167
01,02,,01,17,01,1,01,04,05,AC2015000F,03,01-03-2015,11:49:00,3B1,N,N,AACOPD,UNK,09,09,100,MD,,6.56,E,NO NAME,900,F,E,97,RP,,RAMP 5 FR IS 97 SB TO MD 100 EB,39.15261899,-76.64543152
01,02,,02,11,01,2,01,04,00,AC2015000G,06.01,01-04-2015,12:47:00,3A4,Y,N,AACOPD,UNK,01,00,100,MD,,14.29,E,NO NAME,0,F,E,2028,CO,,MAGOTHY BEACH RD,39.11892383,-76.52285457
04,02,,01,88,02,2,01,01,88,AC2015000H,06.01,01-27-2015,19:06:00,3B1,N,N,AACOPD,UNK,02,00,864,CO,,1,W,BAYLOR RD,100,F,W,871,CO,,JAMES RD,39.14599607,-76.64052844
01,02,,02,03,02,2,01,01,00,AC2015000J,06.01,02-23-2015,11:04:00,3C3,N,N,AACOPD,UNK,01,00,648,MD,D,3.34,N,BALTO ANNAPOLIS BLVD,0,F,N,4572,CO,D,BRANDYWINE AVE,39.06887979,-76.54417276
01,02,,08.04,11,02,2,01,01,00,AC2015000K,06.01,02-23-2015,13:52:00,3C3,N,N,AACOPD,UNK,01,00,2160,CO,,0.94,S,TRUCK HOUSE RD,400,F,S,2162,CO,,NORTHWAY,39.08442972,-76.57179952
03,02,,00,88,03,1,00,01,00,AC2015000L,08.04,03-05-2015,20:43:00,3C1,N,N,AACOPD,UNK,03,00,177,MD,,3.39,E,MOUNTAIN RD,50,F,E,2048,CO,,BROOKFIELD RD,39.1266396,-76.53734922
01,24,,02,03,02,2,01,01,00,ADF504000C,06.01,02-15-2015,15:40:00,CAD#1497,Y,N,BALTIMORE,UNK,01,00,1703,MU,,0.75,N,N HOWARD ST,0,F,N,4015,MU,,PARK AVE,39.30474911,-76.62076592
01,24,,02,11,03,1,01,02,00,ADF504000D,08.04,02-21-2015,16:25:00,CAD#1874,Y,N,BALTIMORE,UNK,01,00,2,MD,,4.69,N,CALVERT ST (NB COUPLET),0,F,N,1790,MU,,CENTRE ST,39.29645508,-76.6127944
03,24,,01,03,02,1,01,02,00,ADF504000F,06.01,03-22-2015,11:49:00,CAD12942,N,N,BALTIMORE,UNK,02,00,1755,MU,,0.449,N,EUTAW PL,50,F,N,,UU,,LAURENS ST,39.30753018,-76.63077593
01,24,,01,03,02,1,01,04,00,ADF504000G,06.01,03-26-2015,18:10:00,CAD52352,N,N,BALTIMORE,UNK,00,00,1035,MU,,0.164,E,DRUID PARK LAKE DR,50,F,E,1755,MU,,EUTAW PL,39.31630432,-76.63851142
03,24,,01,07,02,1,01,01,00,ADF504000J,06.01,03-23-2015,20:30:00,CAD#2575,N,N,BALTIMORE,UNK,01,00,1711,MU,,0.343,S,CATHEDRAL ST,40,F,S,,UU,,W MONUMENT ST,39.35517292,-76.71742201
03,24,,01,11,06.03,,01,01,00,ADF5210001,09.04,01-06-2015,17:30:00,,Y,N,BALTIMORE,UNK,01,01,,,,,,2900 WOODLAND AVE.,6,F,,,,,4800 GREENSPRING,39.34649907,-76.65958285
00,24,,01,88,02,1,01,01,00,ADF5210002,06.01,01-29-2015,07:00:00,408,N,N,BALTIMORE,UNK,01,02,2740,MU,,0,E,W 36TH ST,20,F,E,25,MD,,FALLS RD,39.33097802,-76.63479924
01,24,,02,11,01,2,01,01,00,ADF5210003,03,02-02-2015,07:40:00,434,Y,N,BALTIMORE,UNK,01,01,2270,MU,,0.419,N,ROLAND AVE,0,F,N,,UU,,W 37TH ST,39.33273733,-76.63276076
01,24,,02,88,02,1,01,01,00,ADF5210004,06.01,02-03-2015,14:10:00,1469,Y,N,BALTIMORE,UNK,03,00,2170,MU,,0.202,S,BELVEDERE AVE,0,F,S,,UU,,LANIER AVE,39.3532607,-76.66503847