LIGHT_CODE,COUNTY_NO,MUNI_CODE,JUNCTION_CODE,COLLISION_TYPE_CODE,SURF_COND_CODE,LANE_CODE,RD_COND_CODE,RD_DIV_CODE,FIX_OBJ_CODE,REPORT_NO,WEATHER_CODE,ACC_DATE,ACC_TIME,LOC_CODE,SIGNAL_FLAG,C_M_ZONE_FLAG,AGENCY_CODE,AREA_CODE,HARM_EVENT_CODE1,HARM_EVENT_CODE2,RTE_NO,ROUTE_TYPE_CODE,RTE_SUFFIX,LOG_MILE,LOGMILE_DIR_FLAG,MAINROAD_NAME,DISTANCE,FEET_MILES_FLAG,DISTANCE_DIR_FLAG,REFERENCE_NO,REFERENCE_TYPE_CODE,REFERENCE_SUFFIX,REFERENCE_ROAD_NAME,LATITUDE,LONGITUDE
01,24,,01,17,02,1,01,04,05,ADF5210005,06.01,02-04-2015,11:15:00,CAD#1036,Y,N,BALTIMORE,UNK,09,00,21,MU,,0,N,GREENSPRING AVE,10,F,N,1022,MU,,W NORTHERN PKWY,39.35508167,-76.66070938
03,24,,01,03,04,1,01,03,00,ADF5210006,06.01,02-15-2015,19:25:00,CAD#2091,Y,N,BALTIMORE,UNK,01,00,25,MD,,2.58,N,FALLS RD,20,F,N,989,MU,,W 41ST ST,39.33720179,-76.6370523
03,24,,01,07,04,1,00,04,00,ADF5210007,09.04,02-16-2015,23:30:00,CAD#2665,N,N,BALTIMORE,UNK,01,00,83,IS,,2.42,N,JONES FALLS EXPWY,20,F,N,1611,MU,,W 28TH ST,39.33178299,-76.64205194
03,24,,88,01,04,1,00,88,00,ADF5210008,03,02-21-2015,22:25:00,CAD#2634,N,N,BALTIMORE,UNK,02,00,2130,MU,,2.045,N,GREENSPRING AVE,20,F,N,2755,MU,,WOODLAND AVE,39.34677701,-76.65935755
03,24,,01,07,99,1,99,01,00,ADF5210009,99,02-19-2015,22:00:00,CAD#1421,N,N,BALTIMORE,UNK,02,00,25,MD,,4.973,N,FALLS RD,20,F,N,,UU,,ASBURY RD,39.37123186,-76.64951921
03,24,,01,88,06.03,1,01,01,00,ADF521000B,06.01,02-22-2015,19:00:00,CAD#1770,Y,N,BALTIMORE,UNK,01,00,2130,MU,,1.462,N,GREENSPRING AVE,5,F,N,,UU,,LOYOLA SOUTHWAY,39.33907037,-76.65774755
03,24,,01,03,04,,00,01,88,ADF521000C,88,02-28-2015,21:33:00,CAD#2711,N,N,BALTIMORE,UNK,02,00,,,,,,4000 SPRUCE DR,40,F,,,,,2300 OSWEGO,39.33683667,-76.6574049
01,24,,02,11,01,1,01,04,00,ADF521000D,06.01,03-08-2015,17:45:00,CAD#1922,Y,N,BALTIMORE,UNK,01,00,1612,MU,,0.28,W,E 29TH ST,0,F,W,1515,MU,,N CALVERT ST,39.32328467,-76.61456466
01,24,,01,17,06.03,1,01,01,11,ADF521000F,12.04,03-20-2015,13:20:00,CAD#1414,N,N,BALTIMORE,UNK,09,00,,,,,,2000 CYLBURN AVE.,25,F,,,,,2100 W.NORTHERN PKWY,39.35538032,-76.65523767
01,24,,01,06,02,1,01,04,05,ADF521000G,06.01,03-28-2015,10:35:00,CAD#0956,N,N,BALTIMORE,UNK,09,01,1022,MU,,3.648,N,W NORTHERN PKWY,25,F,N,,UU,,CYLBURN AVE,39.35765334,-76.65425062
03,24,,01,88,02,1,01,02,00,ADF5490001,06.01,02-01-2015,03:30:00,3A21,N,N,BALTIMORE,UNK,02,00,1025,MU,,0.325,S,N WOLFE ST,50,F,S,,UU,,E LAFAYETTE AVE,39.31137367,-76.59159422
03,24,,03,17,02,1,01,01,10,ADF5490002,07.01,02-16-2015,05:00:00,3A22,N,N,BALTIMORE,UNK,09,00,4490,MU,,0.27,N,N GAY ST,5,F,N,1025,MU,,N WOLFE ST,39.30627664,-76.5914011
03,24,,03,09,02,1,01,04,00,ADF5570001,00,02-13-2015,19:00:00,2756,Y,N,BALTIMORE,UNK,01,00,1023,MU,,0.62,E,GWYNNS FALLS PKWY,10,F,E,2880,MU,,N HILTON ST,39.31438689,-76.67262375
03,24,,01,03,02,1,00,04,00,ADF5570002,07.01,02-13-2015,22:40:00,3506,N,N,BALTIMORE,UNK,01,01,40,US,,0.514,E,EDMONDSON AVE,300,F,E,699,MU,,COOKS LA,39.29232846,-76.7018652
05.02,24,,01,17,04,,01,01,10,ADF5570003,08.04,02-16-2015,06:00:00,306,N,N,BALTIMORE,UNK,09,09,,,,,,3800 MOUNTWOOD RD,100,F,,,,,4100 STOKES DR,39.30102979,-76.68252379
01,24,,01,10,02,1,01,04,00,ADF5670001,06.01,02-23-2015,08:50:00,602,N,N,BALTIMORE,UNK,01,00,83,IS,,3.98,N,JONES FALLS EXPWY,1,M,N,989,MU,,W 41ST ST,39.32813149,-76.64105415
07.88,24,,01,03,03,3,01,02,88,ADF6020002,08.04,02-14-2015,20:20:00,1C23,N,N,BALTIMORE,UNK,02,01,2,MD,,1.04,S,ST PAUL PL (SB COUPLET),0,U,S,1790,MU,,CENTRE ST,39.29629733,-76.61393166
03,24,,02,11,02,1,01,01,00,ADF6020003,88,02-21-2015,01:37:00,CAD#076,N,N,BALTIMORE,UNK,01,01,40,US,,4.93,W,FRANKLIN ST (WB COUPLET),0,F,W,1711,MU,,CATHEDRAL ST,39.29503529,-76.61680698
03,24,,02,12,04,,01,01,00,ADF6020004,06.01,02-28-2015,22:20:00,CAD#283 ,Y,N,BALTIMORE,UNK,01,01,,,,,,1300 BLK OF DIVISION STREET,0,F,,,,,600 BLK OF W LANVALE STREET ,39.30119584,-76.62968159
03,24,,01,88,00,1,01,88,88,ADF6020005,00,03-07-2015,01:22:00,CAD#5274,N,N,BALTIMORE,UNK,02,01,,,,,,1600 PENNSYLVANIA AVE ,1,F,,,,,500 WILSON STREET,39.30390232,-76.63405895
99,24,,01,88,02,1,01,01,00,ADF6020006,00,03-05-2015,10:00:00,CAD#1078,N,N,BALTIMORE,UNK,02,01,,,,,,800 SAINT PAUL STREET,0,F,,,,,UNIT BLK OF W MADISON STREET,39.29862209,-76.61414623
99,24,,01,17,00,1,00,01,99,ADF6020007,99,03-15-2015,14:30:00,CAD#1077,N,N,BALTIMORE,UNK,09,09,,,,,,UNIT BLOCK OF E EAGER STREET,0,F,,,,,1000 BLOCK OF ST PAUL STREET,39.301063,-76.61425352
01,24,,01,03,01,2,00,01,00,ADF6020008,09.04,03-20-2015,14:00:00,CAD#1516,N,N,BALTIMORE,UNK,01,02,,,,,,600 BLOCK OF LAURENS STREET,4,F,,,,,1000 BLOCK OF N FREMONT AVENUE,39.30430912,-76.63561463
04,24,,01,17,02,,01,04,05,ADF6830001,06.01,01-25-2015,01:00:00,,N,N,BALTIMORE,UNK,00,00,83,IS,,3.73,N,JONES FALLS EXPWY,500,F,N,2735,MU,,UNION AVE,39.33243858,-76.64277077
03,24,,01,88,02,1,01,01,00,ADF6830002,06.01,02-08-2015,02:37:00,CAD#0348,N,N,BALTIMORE,UNK,02,02,25,MD,,2.47,N,FALLS RD,100,F,N,,UU,,40TH ST,39.33613964,-76.63644075
03,24,,02,03,02,,01,03,00,ADF6860001,06.01,01-17-2015,06:10:00,610,Y,N,BALTIMORE,UNK,01,00,40,US,,6.198,E,ORLEANS ST,0,F,E,4252,MU,,N CAROLINE ST,39.2949398,-76.59755409
03,24,,03,88,02,2,01,02,04,ADF6860002,07.01,01-18-2015,02:40:00,439,Y,N,BALTIMORE,UNK,09,09,1087,MU,,0.257,N,N WASHINGTON ST,10,F,N,40,US,,ORLEANS ST,39.29545043,-76.58938408
03,24,,10.04,17,02,1,01,00,00,ADF6860003,06.01,02-07-2015,04:35:00,526,N,N,BALTIMORE,UNK,03,00,1360,MU,,0.92,W,E MADISON ST,50,F,W,,UU,,N COLLINGTON AVE,39.29973462,-76.58547878
03,24,,02,11,02,1,01,00,00,ADF6860004,06.01,02-08-2015,02:25:00,336,Y,N,BALTIMORE,UNK,01,00,40,US,,6.795,E,ORLEANS ST,0,F,E,,UU,,N MADEIRA ST,39.29548365,-76.58569336
03,24,,00,17,04,2,88,02,11,ADF6860005,06.01,02-21-2015,00:55:00,CAD #131,N,N,BALTIMORE,UNK,09,09,1025,MU,,1.1,S,N WOLFE ST,100,F,S,1360,MU,,E MADISON ST,39.3000003,-76.5909934
03,24,,02,11,02,1,01,04,00,ADF6860006,06.01,03-01-2015,01:20:00,CAD#214,Y,N,BALTIMORE,UNK,01,00,1445,MU,,0.17,N,N BROADWAY,0,F,N,1680,MU,,E FAYETTE ST,39.29392268,-76.59380436
03,24,,01,09,01,2,03,01,00,ADF6860007,07.01,03-02-2015,00:20:00,CAD#041,N,N,BALTIMORE,UNK,01,01,40,US,,6.6,E,ORLEANS ST,50,F,E,1087,MU,,N WASHINGTON ST,39.29533419,-76.58912659
03,24,,03,88,02,1,01,02,00,ADF6860008,06.01,03-08-2015,03:00:00,CAD70395,Y,N,BALTIMORE,UNK,02,00,1370,MU,,0.88,E,E MONUMENT ST,20,F,E,1445,MU,,N BROADWAY,39.29837301,-76.59439445
03,24,,02,17,04,,88,02,08,ADF6860009,06.01,03-08-2015,03:00:00,CAD70295,N,N,BALTIMORE,UNK,09,09,1370,MU,,1.181,E,E MONUMENT ST,0,F,E,,UU,,N CASTLE ST,39.29852246,-76.58854723
03,24,,02,03,02,3,01,04,00,ADF686000B,06.01,03-11-2015,23:30:00,CAD3334,Y,N,BALTIMORE,UNK,01,00,40,US,,6.198,E,ORLEANS ST,0,F,E,4252,MU,,N CAROLINE ST,39.29518474,-76.59770966
05.02,02,,01,17,04,1,01,01,11,AC18870007,06.01,03-02-2015,06:24:00,2B3,N,N,AACOPD,UNK,09,00,297,CO,,0,N,CEDAR AVE,1,M,N,273,CO,,FURNACE BRANCH RD,39.20021742,-76.63051844
01,02,,01,03,04,2,01,01,04,AC1891000G,05,02-15-2015,09:58:00,5D2,N,N,AACOPD,UNK,02,16,4458,CO,,0,W,JOHNS HOPKINS RD,0,F,W,2637,CO,,RIEDEL RD,39.02519341,-76.6753757
01,02,,01,03,02,1,01,01,00,AC1891000H,06.01,03-11-2015,17:40:00,5B1,N,N,AACOPD,UNK,01,01,713,MD,,1.35,N,RIDGE RD,100,F,N,3730,CO,,BASTILLE PL,39.14154439,-76.72950268
00,02,,88,02,01,1,00,01,00,AC1998000V,07.01,01-21-2015,19:06:00,2C1,N,N,AACOPD,UNK,01,00,648,MD,E,3.81,N,BALTO ANNAPOLIS BLVD,50,F,N,3616,CO,,8TH AVE NW,39.17084543,-76.63038969
88,02,,00,07,01,2,01,01,00,AC1998000W,12.04,01-26-2015,15:41:00,2C1,Y,N,AACOPD,UNK,01,00,2,MD,,41.04,N,GOV RITCHIE HWY,100,F,N,393,CO,,5TH AVE,39.15826795,-76.61899567
01,02,,02,11,02,1,01,04,00,AC1998000X,06.01,02-03-2015,13:08:00,2C1,Y,N,AACOPD,UNK,01,00,2,MD,,38.19,N,GOV RITCHIE HWY,0,F,N,3,MD,BU,CRAIN HWY,39.18794455,-76.61339521
04,02,,03,17,02,,01,01,07,AC1998000Y,06.01,02-09-2015,22:00:00,2C2,N,N,AACOPD,UNK,16,09,428,CO,,0.13,N,FURNACE DR,100,F,N,5341,CO,,5TH ST,39.18080934,-76.58854723
01,02,,03,03,02,2,01,88,00,AC1998000Z,06.01,02-18-2015,14:04:00,2C1,Y,N,AACOPD,UNK,01,00,2,MD,,36.99,N,GOV RITCHIE HWY,150,F,N,513,CO,,6TH AVE NE,39.17084543,-76.61972523
06.02,02,,03,17,04,1,88,01,10,AC19980010,06.01,02-28-2015,17:00:00,2C1,Y,N,AACOPD,UNK,09,00,665,CO,,0.65,W,NEW JERSEY AVE NE,0,F,W,662,CO,,HARTFORD RD,39.16582136,-76.62107706
01,02,,02,11,02,1,01,01,07,AC19980012,06.01,03-07-2015,11:18:00,2C1,Y,N,AACOPD,UNK,01,01,648,MD,E,2.81,N,BALTO ANNAPOLIS BLVD,0,F,N,670,CO,E,KUETHE RD,39.16111305,-76.61772966
01,02,,01,03,02,2,01,04,00,AC19980013,06.01,03-12-2015,12:37:00,2C1,N,N,AACOPD,UNK,01,00,2,MD,,37.43,N,GOV RITCHIE HWY,300,F,N,508,CO,,ROESLER RD,39.18009411,-76.61433935
01,02,,00,88,02,1,01,01,00,AC19980014,06.01,03-17-2015,15:44:00,2C1,N,N,AACOPD,UNK,01,00,3,MD,BU,4.67,N,CRAIN HWY,100,F,N,270,MD,,FURNACE BRANCH RD,39.18142476,-76.61519766
01,02,,02,02,02,,01,01,00,AC19980015,06.01,03-18-2015,16:17:00,2B3,Y,N,AACOPD,UNK,01,00,648,MD,E,4.1,N,BALTO ANNAPOLIS BLVD,0,F,N,534,CO,E,EASTERN ST,39.17287492,-76.63350105
03,02,,01,08,02,1,01,00,00,AC2016000G,06.01,01-01-2015,20:46:00,2A2,N,N,AACOPD,UNK,01,02,2,MD,,38.59,N,GOV RITCHIE HWY,0,M,N,710,MD,,EAST ORDNANCE RD,39.19567771,-76.61290169
01,02,,02,88,03,1,01,01,00,AC2016000H,08.04,01-06-2015,07:30:00,2B3,N,N,AACOPD,UNK,01,01,258,CO,,0,S,PLEASANTVILLE DR,0,F,S,255,CO,,GORDON DR,39.18879274,-76.62850142
01,02,,01,11,02,2,01,04,00,AC2016000J,06.01,02-18-2015,16:17:00,2C1,N,N,AACOPD,UNK,01,01,2,MD,,35.98,N,GOV RITCHIE HWY,15,F,N,6560,CO,,5TH AVE SE,39.15765232,-76.61841631
01,02,,00,11,02,1,01,03,00,AC2016000K,06.01,02-23-2015,12:41:00,2C1,N,N,AACOPD,UNK,01,01,3,MD,BU,4.2,N,CRAIN HWY,0,F,N,512,CO,BU,8TH AVE NE,39.17603549,-76.61815882
01,02,,00,88,02,,01,03,00,AC2016000L,06.01,03-07-2015,17:29:00,2A1,Y,N,AACOPD,UNK,01,01,369,CO,,0,E,E 11TH AVE,5,F,E,2,MD,,GOV RITCHIE HWY,39.22389235,-76.61333084
99,02,,01,07,01,1,01,01,00,AC2017000M,03,01-12-2015,12:00:00,4A3,N,N,AACOPD,UNK,02,00,387,MD,,1.02,N,SPA RD,0,F,N,,UU,,GENTRY CT,38.96768422,-76.51080608
03,02,,01,88,02,1,01,01,00,AC2017000N,06.01,02-11-2015,18:49:00,3A2,N,N,AACOPD,UNK,01,00,177,MD,,3.55,E,MOUNTAIN RD,999,F,E,1684,CO,,TICK NECK RD,39.1267478,-76.53754234
03,02,,09.04,11,02,1,01,05.01,00,AC2017000P,06.01,02-13-2015,19:00:00,3A4,Y,N,AACOPD,UNK,01,00,177,MD,,5.77,E,MOUNTAIN RD,500,F,E,2009,CO,,WOODS RD,39.11096579,-76.49934769
07.88,02,,88,17,02,2,01,04,11,AC2017000Q,06.01,02-13-2015,21:02:00,3A1,N,N,AACOPD,UNK,11,09,173,MD,,8.1,N,FORT SMALLWOOD RD,100,F,N,4237,CO,,MARLEY NECK BLVD,39.18751213,-76.5519619
07.88,02,,01,03,02,1,01,04,00,AC2017000R,06.01,02-13-2015,20:30:00,3A1,N,N,AACOPD,UNK,01,09,173,MD,,6.68,N,FORT SMALLWOOD RD,200,F,N,3998,CO,,CHESTNUT COVE DR,39.17087871,-76.53479576
07.88,02,,01,88,02,1,01,03,00,AC2017000S,06.01,02-13-2015,20:30:00,3A1,N,N,AACOPD,UNK,01,00,173,MD,,6.56,N,FORT SMALLWOOD RD,150,F,N,1581,CO,,KINGSWAY DR,39.17086207,-76.53468847
03,02,,02,11,02,1,01,01,00,AC2017000T,06.01,02-28-2015,21:43:00,3A1,Y,N,AACOPD,UNK,01,00,1547,CO,,0.25,N,HILLTOP RD,0,F,N,1549,CO,,HIGHPOINT RD,39.17037756,-76.52744651
01,02,,00,03,02,1,01,04,00,AC2017000V,06.01,03-07-2015,11:50:00,3C1,N,N,AACOPD,UNK,01,00,100,MD,,13.45,E,NO NAME,500,F,E,2043,CO,,EDWIN RAYNOR BLVD,39.12028892,-76.536448
01,02,,03,03,01,1,01,01,00,AC2017000W,03,03-26-2015,11:13:00,3A3,N,N,AACOPD,UNK,01,01,2043,CO,,0.96,N,EDWIN RAYNOR BLVD,0,F,N,5506,CO,,DEERING RD,39.12301904,-76.5321672
01,02,,01,11,02,1,01,01,00,AC2017000X,00,03-29-2015,12:37:00,3A2,N,N,AACOPD,UNK,19,00,1626,CO,,0.28,S,MAYFORD AVE,750,F,S,1631,CO,,OUTING AVE,39.13413816,-76.54870033
04,02,,01,17,01,2,01,01,00,AC2018000K,03,01-03-2015,19:04:00,3D3,N,N,AACOPD,UNK,00,00,931,MD,L,0,S,HOLLY DR,300,F,S,179,MD,,ST MARGARETS RD,39.02445167,-76.45016333
01,02,,01,14,01,2,01,01,00,AC2018000L,03,01-12-2015,10:43:00,3A4,N,N,AACOPD,UNK,01,00,177,MD,,6.68,E,MOUNTAIN RD,10,F,E,1884,CO,,BODKIN AVE,39.10707801,-76.48511052
88,02,,01,03,01,1,01,01,00,AC2018000M,03,01-12-2015,00:00:00,3A4,N,N,AACOPD,UNK,01,00,177,MD,,4.53,E,MOUNTAIN RD,20,F,E,1860,CO,,ELIZABETH RD,39.12275269,-76.51681423
01,02,,01,03,02,2,01,03,00,AC2018000N,06.01,01-17-2015,12:11:00,3D1,N,N,AACOPD,UNK,01,01,2,MD,,26.97,N,GOV RITCHIE HWY,800,F,N,2420,CO,,COLLEGE PKWY,39.04946881,-76.52080536
03,02,,00,88,01,1,01,04,00,AC1775000M,07.01,01-04-2015,21:46:00,3B1,N,N,AACOPD,UNK,01,00,100,MD,,6.79,E,NO NAME,150,F,E,97,RP,,RAMP 4 FR RAMP 1 (FR IS97 NB) TO MD 100,39.15274379,-76.63682699
03,02,,01,03,02,1,01,04,00,AC1775000N,06.01,01-08-2015,17:43:00,3B1,N,N,AACOPD,UNK,01,00,100,MD,,5.03,E,NO NAME,1,M,E,,UU,,STRUC #2191,39.15654585,-76.66046262
01,02,,02,03,02,1,01,01,08,AC1775000P,07.01,02-01-2015,10:27:00,3B1,N,N,AACOPD,UNK,01,09,3827,CO,,0.24,S,GREENBRANCH LA,0,F,S,,UU,,GREEN BUD LA,39.12695587,-76.63835049
01,02,,02,11,02,2,01,88,00,AC1775000Q,06.01,02-27-2015,16:55:00,3B2,Y,N,AACOPD,UNK,01,00,694,CO,,2.18,S,OAKWOOD RD,0,F,S,4280,CO,,ELVATON RD,39.12664792,-76.61823392
06.02,02,,01,17,02,2,01,02,11,AC17790006,06.01,03-07-2015,06:26:00,A2,N,N,AACOPD,UNK,09,00,10,MD,,6.9,N,ARUNDEL EXPWY,200,F,N,10,RP,,RAMP 4 FR MD 10 NB TO MD 695 EB,39.20240892,-76.60070957
03,02,,01,17,02,,01,01,08,AC17790007,06.01,03-08-2015,01:16:00,2A2,N,N,AACOPD,UNK,09,16,2,MD,,39.25,N,GOV RITCHIE HWY,50,F,N,695,RP,,RAMP 5 FR MD 2 SB TO MD 695 EB,39.20607039,-76.61440372
01,02,,02,11,02,1,01,04,00,AC17820011,06.01,01-19-2015,10:16:00,,N,N,AACOPD,UNK,01,01,2,MD,,37.43,N,GOV RITCHIE HWY,0,F,N,508,CO,,ROESLER RD,39.17751035,-76.6159951
01,02,,02,11,01,1,01,01,00,AC17820013,07.01,01-22-2015,10:22:00,2C2,N,N,AACOPD,UNK,01,01,443,CO,,0.47,E,POINT PLEASANT RD,0,F,E,441,CO,,GENINE DR,39.17474962,-76.59757138
01,02,,02,03,02,2,01,04,00,AC17820014,06.01,02-23-2015,14:07:00,,Y,N,AACOPD,UNK,01,01,2,MD,,38.12,N,GOV RITCHIE HWY,0,F,N,546,CO,,DOVER RD,39.18649613,-76.61274452
01,02,,02,11,02,2,01,04,00,AC17820016,06.01,02-24-2015,09:54:00,,Y,N,AACOPD,UNK,01,01,648,MD,E,1.77,N,BALTO ANNAPOLIS BLVD,0,F,N,270,MD,,FURNACE BRANCH RD,39.15641157,-76.60007437
01,02,,02,11,02,2,01,04,00,AC17820017,06.01,02-28-2015,08:03:00,,Y,N,AACOPD,UNK,01,01,2,MD,,38.44,N,GOV RITCHIE HWY,0,F,N,,UU,,ENT TO THE CENTRE AT GLEN BURNIE,39.19150758,-76.61344663
03,02,,02,03,03,1,01,01,00,AC17820018,08.04,03-05-2015,22:45:00,2C2,Y,N,AACOPD,UNK,01,01,270,MD,,0,N,FURNACE BRANCH RD,0,F,N,648,MD,,BALTO ANNAPOLIS BLVD,39.15647835,-76.6000367
01,02,,01,10,02,1,01,04,05,AC1782001B,06.01,03-07-2015,17:31:00,2C2,N,N,AACOPD,UNK,01,09,10,MD,,5.03,N,ARUNDEL EXPWY,1,F,N,270,MD,,FURNACE BRANCH RD,39.1739281,-76.607818
01,02,,01,03,03,1,01,02,00,AC18940010,08.04,01-06-2015,08:34:00,5C1,N,N,AACOPD,UNK,01,01,100,MD,,2.83,E,NO NAME,1,M,E,100,MD,,HARMANS RD,39.14941577,-76.70661807
01,02,,00,17,03,1,01,01,10,AC18940011,08.04,01-06-2015,08:55:00,5C1,N,N,AACOPD,UNK,09,09,1140,CO,,0,W,FLORIDA AVE,1,M,W,170,MD,,TELEGRAPH RD,39.1191236,-76.69483781
03,02,,01,17,04,1,01,03,10,AC18940014,03,01-18-2015,22:05:00,5B1,N,N,AACOPD,UNK,09,00,935,CO,,0.89,W,SEVERN RD,300,F,W,6627,CO,,PROVINCIAL LA,39.13504526,-76.71242237
01,02,,01,17,02,1,01,04,08,AC1895000Z,00,02-06-2015,09:08:00,3B2,N,N,AACOPD,UNK,10,09,694,CO,,2.18,S,OAKWOOD RD,200,F,S,4280,CO,,ELVATON RD,39.12376693,-76.61287698
01,02,,01,88,02,1,01,04,00,AC18950010,00,02-23-2015,07:20:00,3B2,N,N,AACOPD,UNK,01,00,100,MD,,9.59,E,NO NAME,200,F,E,2,MD,,GOV RITCHIE HWY,39.13470406,-76.59923315
01,02,,01,17,02,3,01,00,04,AC18950012,00,02-23-2015,13:45:00,3B1,N,N,AACOPD,UNK,09,03,3,MD,BU,0.98,N,CRAIN HWY,500,F,N,3828,CO,,CRAINMONT DR,39.13262353,-76.63699865
01,02,,02,88,02,1,01,04,00,AC18950013,00,03-09-2015,15:50:00,3B1,Y,N,AACOPD,UNK,01,00,3,MD,BU,1.21,N,CRAIN HWY,0,F,N,6555,CO,BU,PHIRNE RD E,39.1356826,-76.63430717
01,02,,01,88,02,2,01,88,00,AC18950015,00,03-18-2015,13:19:00,3B1,N,N,AACOPD,UNK,01,00,100,MD,,7.56,E,NO NAME,100,F,E,3,MD,BU,CRAIN HWY,39.14405734,-76.6306901
06.02,02,,01,05,02,1,01,01,00,AC1899000R,06.01,01-15-2015,16:30:00,4C1,N,N,AACOPD,UNK,01,00,2,MD,,9.36,N,SOLOMONS ISLAND RD,0,M,N,255,MD,,OWENSVILLE RD,38.84955116,-76.60713226
03,02,,01,17,01,1,01,01,10,AC1899000S,00,01-18-2015,20:06:00,4C1,N,N,AACOPD,UNK,09,00,4,MD,,4.31,N,SOUTHERN MD BLVD,600,F,N,408,MD,,MT ZION RD,38.81060772,-76.70025587
04,02,,01,17,00,1,01,01,11,AC1899000T,00,01-19-2015,21:56:00,4C1,N,N,AACOPD,UNK,16,00,259,MD,,2.59,N,GREENOCK RD,1,M,N,3537,CO,,BROOKS WOODS RD,38.80481808,-76.65650904
01,02,,01,07,02,1,01,01,00,AC1899000V,06.01,01-25-2015,14:22:00,4C1,N,N,AACOPD,UNK,01,00,2,MD,,8.43,N,SOLOMONS ISLAND RD,100,F,N,3556,CO,,ARK RD,38.83293834,-76.61046624
05.02,02,,02,02,02,1,01,01,00,AC1899000W,06.01,03-09-2015,07:06:00,4C1,N,N,AACOPD,UNK,01,00,258,MD,,0.21,E,BAY FRONT RD,0,F,E,4,MD,,SOUTHERN MD BLVD,38.79093985,-76.66633934
01,02,,02,88,02,1,01,88,00,AC1946000S,00,01-23-2015,11:14:00,2A1,N,N,AACOPD,UNK,03,00,2,MD,,41.29,N,GOV RITCHIE HWY,0,F,N,410,CO,,TUNGSTON ST,39.23275177,-76.61196828
03,02,,02,88,02,1,00,03,00,AC1946000T,00,01-27-2015,19:30:00,2A1,N,N,AACOPD,UNK,03,00,2,MD,,40.28,N,GOV RITCHIE HWY,0,F,N,171,MD,,CHURCH ST,39.21812398,-76.61401749
01,02,,03,06,02,,01,88,00,AC1946000V,06.01,02-06-2015,13:06:00,2A2,Y,N,AACOPD,UNK,01,00,2,MD,,38.74,N,GOV RITCHIE HWY,100,F,N,,UU,,ENT TO BUSINESS,39.19585232,-76.61253691
01,02,,03,03,02,1,01,04,00,AC1946000W,06.01,02-18-2015,16:43:00,2A1,N,N,AACOPD,UNK,01,00,2,MD,,40.97,N,GOV RITCHIE HWY,50,F,N,361,CO,,FRANKLIN AVE,39.2283222,-76.61311626
01,02,,02,88,02,1,01,02,00,AC1946000X,00,03-15-2015,10:57:00,2A1,N,N,AACOPD,UNK,01,00,358,CO,,0.08,W,TOWNSEND AVE,0,F,W,363,CO,,RUTH ST,39.22767394,-76.60525203
05.02,02,,01,17,01,,01,01,11,AC1947000J,03,03-14-2015,06:48:00,4B3,N,N,AACOPD,UNK,09,00,3168,CO,,0,N,KENNEY LA,500,F,N,3169,CO,,POCAHONTAS DR,38.92262484,-76.53522491
03,02,,01,88,02,1,01,01,00,AC19480008,06.01,02-03-2015,23:47:00,5B1,N,N,AACOPD,UNK,02,00,4148,CO,,0.31,N,STILLMEADOW DR,500,F,N,1013,CO,,JACOBS RD,39.11623517,-76.71123147
03,02,,02,88,02,1,01,01,18.88,AC19480009,06.01,02-08-2015,03:34:00,5A2,N,N,AACOPD,UNK,02,09,4637,CO,,0.09,N,POMETACOM DR,0,F,N,4639,CO,,WAMSUTTA LA,39.14004656,-76.73380494
06.02,02,,01,17,04,1,00,01,04,AC1948000B,12.04,02-10-2015,06:33:00,5B1,N,N,AACOPD,UNK,09,10,936,CO,,0.56,E,DISNEY RD,0,F,E,4831,CO,,PONDEROSA DR,39.12757176,-76.72573686
03,02,,03,03,02,2,01,01,00,AC1948000C,00,02-13-2015,20:03:00,5A3,Y,N,AACOPD,UNK,01,00,176,MD,,2.05,E,DORSEY RD,20,F,E,,UU,,SPUR TO MD 170,39.15838441,-76.69506311
03,02,,88,88,04,,01,88,00,AC1948000D,06.01,03-07-2015,04:25:00,5C3,N,N,AACOPD,UNK,02,00,347,OP,,0,W,SCOTS MANOR CT,30,F,W,1101,CO,,KING MALCOLM AVE,39.0798513,-76.6942665
03,02,,01,03,02,1,01,01,00,AC1948000F,06.01,03-19-2015,00:39:00,5B2,N,N,AACOPD,UNK,02,00,1008,CO,,0.16,S,PIONEER DR,100,F,S,1005,CO,,INDIAN DR,39.11840775,-76.70793772
03,02,,01,88,02,1,01,01,00,AC1949000X,06.01,03-22-2015,05:27:00,3B2,N,N,AACOPD,UNK,02,00,4202,CO,,0.28,S,CENTURY TOWNE RD,20,F,S,,UU,,LONG TOWNE CT,39.1235434,-76.62175298
01,02,,06.01,13,02,,01,04,10,AC2019000F,06.01,01-27-2015,13:55:00,,N,N,AACOPD,UNK,01,01,2,MD,,25.69,N,GOV RITCHIE HWY,0,F,N,2587,CO,,JOYCE LA,39.03618629,-76.50957227
01,02,,01,88,02,1,01,04,18.88,AC2019000G,06.01,03-12-2015,15:17:00,3C2,Y,N,AACOPD,UNK,03,00,5175,CO,,1.02,E,BENFIELD RD,20,F,E,1447,CO,,LYNWOOD DR,39.08301167,-76.58958667
03,02,,01,11,02,2,01,01,00,AC2021000H,06.01,01-10-2015,18:58:00,5C2,N,N,AACOPD,UNK,01,00,175,MD,,3.24,N,ANNAPOLIS RD,300,F,N,,UU,,SPUR TO MD 170,39.08560395,-76.69616818