LIGHT_CODE,COUNTY_NO,MUNI_CODE,JUNCTION_CODE,COLLISION_TYPE_CODE,SURF_COND_CODE,LANE_CODE,RD_COND_CODE,RD_DIV_CODE,FIX_OBJ_CODE,REPORT_NO,WEATHER_CODE,ACC_DATE,ACC_TIME,LOC_CODE,SIGNAL_FLAG,C_M_ZONE_FLAG,AGENCY_CODE,AREA_CODE,HARM_EVENT_CODE1,HARM_EVENT_CODE2,RTE_NO,ROUTE_TYPE_CODE,RTE_SUFFIX,LOG_MILE,LOGMILE_DIR_FLAG,MAINROAD_NAME,DISTANCE,FEET_MILES_FLAG,DISTANCE_DIR_FLAG,REFERENCE_NO,REFERENCE_TYPE_CODE,REFERENCE_SUFFIX,REFERENCE_ROAD_NAME,LATITUDE,LONGITUDE
01,02,,02,11,02,1,01,04,00,AC19160019,07.01,02-12-2015,08:47:00,02,Y,N,AACOPD,UNK,01,00,2,MD,,34.12,N,GOV RITCHIE HWY,0,F,N,177,MD,,MOUNTAIN RD,39.13485385,-76.59777403
01,02,,02,03,02,1,01,01,00,AC1916001B,07.01,02-12-2015,14:21:00,02,N,N,AACOPD,UNK,01,00,4269,CO,,0,N,GLEN OAK AVE,0,F,N,648,MD,,BALTO ANNAPOLIS BLVD,39.15831786,-76.60984397
01,02,,01,03,02,1,01,04,00,AC1916001C,06.01,02-24-2015,16:45:00,02,N,N,AACOPD,UNK,01,00,2,MD,,39.46,N,GOV RITCHIE HWY,100,F,N,695,MD,,BALTO BELTWAY,39.20858935,-76.61472559
03,02,,01,88,02,,01,04,88,AC1916001D,06.01,03-11-2015,21:02:00,02,N,N,AACOPD,UNK,09,01,177,MD,,0.33,E,MOUNTAIN RD,100,F,E,,UU,,ENT TO SOUTHDALE SHOPPING CTR,39.13525331,-76.59326792
01,02,,02,02,02,,01,01,00,AC1916001F,07.01,03-24-2015,08:24:00,02,Y,N,AACOPD,UNK,01,00,698,CO,,0.16,W,AQUAHART RD,0,F,W,677,CO,,GREENWAY SE,39.15253579,-76.61732197
01,02,,02,11,02,,01,04,00,AC1916001G,07.01,03-28-2015,18:04:00,,Y,N,AACOPD,UNK,01,00,2,MD,,34.67,N,GOV RITCHIE HWY,0,F,N,,UU,,ENT TO MARLEY STATION MALL,39.14270102,-76.60486579
01,02,,02,17,02,3,01,04,04,AC1918000V,06.01,02-03-2015,13:38:00,4B2,Y,N,AACOPD,UNK,09,00,2,MD,,16.68,N,SOLOMONS ISLAND RD,0,F,N,214,MD,A,PIKE RIDGE RD,38.93366703,-76.56742215
03,02,,01,17,04,1,01,04,00,AC1918000W,09.04,03-02-2015,20:40:00,4B2,N,N,AACOPD,UNK,11,00,2747,CO,,0,N,BEARDS POINT RD,0,M,N,214,MD,,CENTRAL AVE,38.92552953,-76.59691572
01,02,,01,01,02,1,01,03,00,AC1918000X,06.01,03-09-2015,13:03:00,4B3,N,N,AACOPD,UNK,01,00,3097,CO,,0,E,OAKWOOD RD,100,F,E,253,MD,,MAYO RD,38.93280742,-76.55698299
01,02,,01,03,02,1,01,03,00,AC1918000Y,06.01,03-09-2015,09:25:00,4B2,N,N,AACOPD,UNK,02,00,214,MD,A,0.31,E,PIKE RIDGE RD,100,F,E,3038,CO,A,SCOTTS COVE RD,38.93000318,-76.57221794
04,02,,02,11,02,1,01,03,00,AC1918000Z,06.01,03-17-2015,21:16:00,4B2,N,N,AACOPD,UNK,01,00,2,MD,,15.58,N,SOLOMONS ISLAND RD,0,F,N,5828,CO,,COLONY CROSSING,38.91437754,-76.57758236
01,02,,02,11,02,1,01,03,06,AC19180010,06.01,03-18-2015,18:01:00,4B2,N,N,AACOPD,UNK,01,00,2,MD,,13.33,N,SOLOMONS ISLAND RD,0,F,N,2735,CO,,BIRDSVILLE RD,38.8919848,-76.5967226
01,02,,02,03,02,1,01,03,00,AC19180011,06.01,03-18-2015,16:18:00,4C1,N,N,AACOPD,UNK,01,00,468,MD,,1.9,N,SHADYSIDE RD,0,F,N,,UU,,IRA LA,38.8467123,-76.55857086
01,02,,02,17,02,1,01,88,11,AC19180012,06.01,03-25-2015,09:24:00,4B2,N,N,AACOPD,UNK,00,00,4915,CO,,0.58,N,OLD BIRDSVILLE RD,0,F,N,2,MD,,SOLOMONS ISLAND RD,38.90225528,-76.58771038
01,02,,03,17,03,4,00,04,04,AC1961000J,08.04,01-06-2015,10:04:00,4A1,N,N,AACOPD,UNK,09,00,178,MD,,0.34,N,GENERALS HWY,10,F,N,2774,CO,,BESTGATE RD,38.99081333,-76.54949
01,02,,01,17,04,1,01,01,88,AC1961000K,08.04,01-06-2015,12:24:00,4A3,N,N,AACOPD,UNK,09,00,2973,CO,,0,N,ANCHORAGE DR,0,F,N,2930,CO,,BAY RIDGE RD,38.94146167,-76.47304167
04,02,,03,17,02,1,01,88,00,AC1961000L,06.01,01-15-2015,20:04:00,4A3,Y,N,AACOPD,UNK,03,00,2887,CO,,0.2,W,HICKORY LA,0,F,W,2885,CO,,HILLSMERE DR,38.94322833,-76.49357
01,02,,01,17,04,2,01,03,11,AC1961000M,06.01,02-15-2015,15:05:00,5D2,N,N,AACOPD,UNK,00,00,4458,CO,,0,W,JOHNS HOPKINS RD,50,F,W,2637,CO,,RIEDEL RD,39.02526009,-76.67563319
01,02,,01,11,04,1,01,01,00,AC1961000N,09.04,03-01-2015,12:39:00,4A3,N,N,AACOPD,UNK,01,00,2947,CO,,0.247,S,ARUNDEL ON THE BAY RD,1,M,S,3612,CO,,OLD ANNAPOLIS NECK RD,38.94120167,-76.48603333
01,02,,02,17,04,1,01,01,05,AC1962000Y,08.04,01-06-2015,10:13:00,B1,N,N,AACOPD,UNK,16,09,18,CO,,0,N,OLD HAMMONDS FERRY RD,0,F,N,17,CO,,HAMMONDS FERRY RD,39.21548068,-76.66302681
01,02,,05.01,03,03,,01,04,00,AC1962000Z,06.01,01-06-2015,08:23:00,B2,N,N,AACOPD,UNK,01,00,295,MD,,14.26,N,BALTIMORE WASHINGTON PKWY,0,M,N,695,RP,,RAMP 1 FR MD 295 NB TO IS 695 WB,39.21885544,-76.65910006
01,02,,03,09,03,1,01,01,00,AC19620010,08.04,01-06-2015,07:35:00,B2,N,N,AACOPD,UNK,01,00,170,MD,,11.72,N,BELLE GROVE RD,0,M,N,133,CO,,THOMAS AVE,39.22204719,-76.62820101
01,02,,88,06,03,1,01,01,00,AC19620011,06.01,01-07-2015,14:00:00,B1,N,N,AACOPD,UNK,02,00,185,CO,,0.18,E,EDGEWOOD RD,100,F,E,3703,CO,,ST PHILLIPS RD,39.19948576,-76.64251328
03,02,,88,06,01,1,01,01,00,AC19620013,03,01-24-2015,04:30:00,B2,N,N,AACOPD,UNK,02,00,4976,CO,,0,S,SUSAN CT,0,M,S,85,CO,,NANCY AVE,39.2186892,-76.65519476
01,02,,03,03,02,,01,01,00,AC19620015,06.01,02-13-2015,12:44:00,B1,Y,N,AACOPD,UNK,01,01,169,MD,,0.32,E,E MAPLE RD,0,M,E,170,MD,,CAMP MEADE RD,39.20508939,-76.65251255
01,02,,02,11,01,1,01,01,00,AC19620016,06.01,03-06-2015,11:58:00,2D1,Y,N,AACOPD,UNK,01,01,677,CO,,0.4,N,GREENWAY SE,0,F,N,6560,CO,,5TH AVE SE,39.15756913,-76.62051916
01,02,,88,88,01,2,01,04,00,AC19620017,03,03-10-2015,16:42:00,2D1,N,N,AACOPD,UNK,01,01,176,MD,,4.9,E,DORSEY RD,0,M,E,,UU,,CROSSOVER,39.16612082,-76.64161205
01,02,,01,03,02,1,01,01,00,AC19620018,06.01,03-23-2015,10:58:00,2D1,N,N,AACOPD,UNK,01,00,3,MD,BU,3.19,N,CRAIN HWY,25,F,N,6566,CO,,1ST AVE SE,39.16239414,-76.62633419
03,02,,02,01,02,1,01,01,00,AC19620019,06.01,03-30-2015,22:33:00,C2,N,N,AACOPD,UNK,01,09,443,CO,,0.25,E,POINT PLEASANT RD,0,F,E,466,CO,,INGLEWOOD DR,39.17350705,-76.60107851
01,02,,02,03,02,2,01,04,00,AC2033000D,06.01,02-27-2015,15:59:00,3C1,Y,N,AACOPD,UNK,01,01,2,MD,,33.17,N,GOV RITCHIE HWY,0,F,N,,UU,,ENT TO JUMPERS JUNCTION,39.1257324,-76.58912659
01,02,,01,02,02,1,01,03,00,AC2033000J,06.01,03-25-2015,17:24:00,3A2,Y,N,AACOPD,UNK,01,01,177,MD,,2.89,E,MOUNTAIN RD,0,F,E,1607,CO,,CATHERINE AVE,39.12852888,-76.54599667
01,02,,02,02,02,1,01,01,00,AC1830000F,06.01,01-29-2015,07:23:00,,Y,N,AACOPD,UNK,01,00,864,CO,,0.77,W,BAYLOR RD,0,F,W,876,CO,,RIDGLEY RD,39.14302927,-76.64291037
01,02,,00,08,02,1,01,01,00,AC1830000G,06.01,03-29-2015,19:00:00,3B1,N,N,AACOPD,UNK,01,00,174,MD,,5.24,E,QUARTERFIELD RD,20,F,E,,UU,,LANDMARK DR,39.14745018,-76.64037025
03,02,,02,03,02,3,01,04,00,AC1830000H,06.01,03-30-2015,20:31:00,3B1,Y,N,AACOPD,UNK,01,01,3,MD,BU,1.21,N,CRAIN HWY,0,F,N,6555,CO,BU,PHIRNE RD E,39.13555568,-76.63422782
06.02,02,,02,11,02,,01,01,10,AC1831000B,07.01,01-23-2015,16:35:00,2A3,Y,N,AACOPD,UNK,01,01,398,CO,,0.08,W,10TH AVE,0,F,W,388,CO,,MORGAN RD,39.22502623,-76.6153362
01,02,,02,03,02,,01,04,00,AC1831000C,06.01,02-11-2015,17:03:00,3C1,Y,N,AACOPD,UNK,01,01,2,MD,,33.27,N,GOV RITCHIE HWY,0,F,N,4505,CO,,JUMPERS HOLE RD,39.12607364,-76.58948064
03,02,,01,88,06.03,2,01,88,00,AC1831000D,03,03-01-2015,18:50:00,2C2,N,N,AACOPD,UNK,01,01,10,MD,,3.6,N,ARUNDEL EXPWY,0,M,N,648,MD,E,BALTO ANNAPOLIS BLVD,39.16464847,-76.60682917
01,02,,02,11,02,2,01,01,00,AC1833000G,06.01,01-09-2015,14:53:00,4A2,Y,N,AACOPD,UNK,01,00,2749,CO,,4.54,E,RIVA RD,0,F,E,,UU,,ENT TO HERITAGE OFFICE COMPLEX,38.97406115,-76.56059861
03,02,,01,03,02,1,01,01,00,AC1833000H,06.01,01-16-2015,18:56:00,4A1,N,N,AACOPD,UNK,02,00,178,MD,,0.65,N,GENERALS HWY,300,F,N,2766,CO,,VALLEY RD,38.99517306,-76.55316353
01,02,,02,11,02,1,01,04,00,AC1833000J,06.01,02-11-2015,13:55:00,,Y,N,AACOPD,UNK,01,00,2836,CO,,0.185,S,FOREST DR,0,F,S,,UU,,ENT TO SHOPPING CENTER,38.97964518,-76.54082537
01,02,,01,17,06.03,1,01,04,05,AC1833000K,12.04,03-01-2015,13:50:00,4A1,N,N,AACOPD,UNK,09,00,595,IS,,8.936,E,JOHN HANSON HWY,75,F,E,595,RP,,RAMP 8 FR MD 2AD SB TO IS 595 WB,38.98571663,-76.53752089
01,02,,02,07,02,1,01,04,00,AC1833000L,06.01,03-12-2015,17:47:00,,N,N,AACOPD,UNK,01,00,450,MD,,9.97,E,WEST ST,0,F,E,2,MD,,SOLOMONS ISLAND RD,38.98328144,-76.53666258
01,02,,02,03,04,2,01,04,00,AC19190019,06.01,01-07-2015,09:58:00,2C2,Y,N,AACOPD,UNK,01,00,648,MD,G,0,N,BALTO ANNAPOLIS BLVD,0,F,N,270,MD,G,FURNACE BRANCH RD (BACK),39.156441,-76.600354
01,02,,02,11,02,1,01,04,00,AC1919001B,00,01-10-2015,08:23:00,2C2,Y,N,AACOPD,UNK,01,00,710,MD,,0.25,E,EAST ORDNANCE RD,0,F,E,5483,CO,,CHESAPEAKE CENTRE DR,39.193715,-76.60931
01,02,,01,01,02,1,01,01,00,AC1919001C,00,01-17-2015,17:07:00,2C2,N,N,AACOPD,UNK,02,00,451,CO,,0.31,S,SUNNY BROOK DR,1,M,S,449,CO,,DUMBARTON RD,39.17082167,-76.59851333
03,02,,01,17,02,1,01,03,10,AC1919001D,00,01-17-2015,20:50:00,2C2,N,N,AACOPD,UNK,09,00,4920,CO,,0,E,HOLSUM WAY,0,M,E,2,MD,,GOV RITCHIE HWY,39.188669,-76.609735
04,02,,05.01,17,01,,01,02,05,AC1919001F,00,01-18-2015,20:49:00,2C2,N,N,AACOPD,UNK,09,00,10,RP,,0.02,S,RAMP 5 FR MD 10 SB TO MD 648E EB,1,M,S,648,MD,E,BALTO ANNAPOLIS BLVD,39.15636833,-76.60399
03,02,,02,11,02,1,01,04,00,AC1919001H,00,02-02-2015,18:27:00,2C2,Y,N,AACOPD,UNK,01,00,648,MD,E,1.77,N,BALTO ANNAPOLIS BLVD,0,F,N,270,MD,,FURNACE BRANCH RD,39.15654667,-76.59982167
03,02,,02,11,02,3,01,04,00,AC1919001J,00,02-05-2015,17:53:00,2D2,Y,N,AACOPD,UNK,01,00,177,MD,,0.04,E,MOUNTAIN RD,0,F,E,,UU,,SPUR TO MD 2,39.13572667,-76.59558833
03,02,,01,07,02,1,01,01,00,AC1919001K,00,02-06-2015,17:34:00,2C2,N,N,AACOPD,UNK,02,00,270,MD,,0.64,N,FURNACE BRANCH RD,0,M,N,3803,CO,,E SEAGROVE RD,39.16453667,-76.60535333
03,02,,02,17,02,,01,04,04,AC1919001L,00,02-06-2015,18:19:00,2C2,Y,N,AACOPD,UNK,09,00,2,MD,,38.12,N,GOV RITCHIE HWY,0,F,N,546,CO,,DOVER RD,39.187765,-76.61316667
01,02,,01,03,02,2,01,04,00,AC1919001M,00,02-07-2015,17:03:00,2C2,Y,N,AACOPD,UNK,01,00,2,MD,,38.59,N,GOV RITCHIE HWY,0,M,N,710,MD,,EAST ORDNANCE RD,39.19330833,-76.61211
01,02,,02,11,01,2,01,04,00,AC1919001N,00,02-12-2015,11:03:00,2D2,Y,N,AACOPD,UNK,01,00,2,MD,,34.12,N,GOV RITCHIE HWY,0,F,N,177,MD,,MOUNTAIN RD,39.136296,-76.598827
01,02,,01,03,02,2,01,04,00,AC1919001R,00,02-23-2015,16:16:00,2C2,Y,N,AACOPD,UNK,01,00,2,MD,,37.75,N,GOV RITCHIE HWY,0,M,N,270,MD,,FURNACE BRANCH RD,39.18043,-76.614215
88,02,,01,01,03,1,01,04,00,AC1919001S,00,03-05-2015,14:09:00,2C2,N,N,AACOPD,UNK,01,00,648,MD,E,2.08,N,BALTO ANNAPOLIS BLVD,0,M,N,10,RP,,RAMP 7 FR MD 648E TO RAMP 6 (TO MD 10),39.157386,-76.603611
00,02,,01,88,03,,01,01,00,AC1919001T,00,03-20-2015,14:23:00,2D1,N,N,AACOPD,UNK,03,00,642,CO,,0.18,E,4TH AVE SW,0,M,E,6563,CO,,B ST SW,39.160755,-76.630467
01,02,,01,06,02,1,01,01,00,AC1919001V,00,03-24-2015,09:35:00,2C2,N,N,AACOPD,UNK,02,00,507,CO,,0,E,MARIE AVE,0,M,E,2,MD,,GOV RITCHIE HWY,39.17598333,-76.61623333
01,02,,03,03,02,1,01,04,00,AC1920000J,06.01,01-15-2015,07:26:00,4A1,Y,N,AACOPD,UNK,01,01,2774,CO,,0.96,W,BESTGATE RD,5,F,W,5172,OP,,COMMERCE PARK DR,38.99314833,-76.543525
01,02,,03,03,02,,01,01,00,AC1920000K,06.01,02-11-2015,15:59:00,4A2,Y,N,AACOPD,UNK,01,01,2836,CO,,0.36,S,FOREST DR,5,F,S,2,MD,,SOLOMONS ISLAND RD,38.97597833,-76.540945
05.02,02,,00,17,04,1,88,88,00,AC1920000L,12.04,03-01-2015,17:58:00,4A2,N,N,AACOPD,UNK,15,16,2,MD,,19.07,N,SOLOMONS ISLAND RD,50,F,N,2857,CO,,TARRAGON LA,38.96278667,-76.54641167
01,02,,01,02,01,3,01,01,00,AC1920000N,03,03-27-2015,13:43:00,,N,N,AACOPD,UNK,01,01,3266,CO,,0,S,RIVA RD,50,F,S,450,MD,,WEST ST,38.98266667,-76.54213833
04,02,,02,04,02,1,01,01,00,AC1963000P,06.01,01-01-2015,00:06:00,4C1,N,N,AACOPD,UNK,01,00,408,MD,,0.27,E,MT ZION RD,0,F,E,,UU,,SEVEN OAKS LA,38.81174887,-76.69969797
01,02,,01,03,00,1,02,01,00,AC1963000Q,06.01,01-10-2015,15:10:00,4C3,N,N,AACOPD,UNK,01,00,2,MD,,4.29,N,SOLOMONS ISLAND RD,15,F,N,256,MD,,DEALE RD,38.77951374,-76.59496307
04,02,,01,17,06.03,1,01,01,10,AC1963000R,12.04,02-21-2015,20:21:00,4C3,N,N,AACOPD,UNK,09,00,3344,CO,,2,N,SWAMP CIRCLE RD,1,M,N,468,MD,,MUDDY CREEK RD,38.8063481,-76.55541658
06.02,02,,01,17,03,1,01,01,10,AC1963000S,08.04,02-21-2015,17:36:00,4C2,N,N,AACOPD,UNK,09,16,468,MD,,6.23,N,MUDDY CREEK RD,1,M,N,255,MD,,GALESVILLE RD,38.84615872,-76.55887127
01,02,,01,17,00,1,01,01,06,AC1963000T,06.01,03-19-2015,10:08:00,4C2,N,N,AACOPD,UNK,09,10,3372,CO,,0,W,STEAMBOAT RD,0,M,W,468,MD,,SHADYSIDE RD,38.84042211,-76.51750088
03,02,,01,02,01,1,01,03,00,AC1964000L,03,01-03-2015,20:25:00,2B2,N,N,AACOPD,UNK,01,01,648,MD,E,5.98,N,BALTO ANNAPOLIS BLVD,50,F,N,185,CO,E,EDGEWOOD RD,39.19901755,-76.64122193
01,02,,01,05,02,1,01,03,00,AC1964000M,06.01,01-05-2015,16:32:00,2B2,N,N,AACOPD,UNK,01,01,170,MD,,11.42,N,BELLE GROVE RD,1,M,N,131,CO,,ST CHARLES RD,39.22031003,-76.63342595
06.02,02,,02,07,02,2,01,03,00,AC1964000N,06.01,01-07-2015,20:57:00,2B2,N,N,AACOPD,UNK,01,01,185,CO,,0.27,E,EDGEWOOD RD,0,F,E,648,MD,,BALTO ANNAPOLIS BLVD,39.19958554,-76.64171934
01,02,,02,02,02,1,01,01,00,AC1964000P,06.01,01-16-2015,09:39:00,2D2,Y,N,AACOPD,UNK,01,01,2,MD,,34.12,N,GOV RITCHIE HWY,0,F,N,177,MD,,MOUNTAIN RD,39.13640465,-76.59827172
01,02,,01,07,01,1,01,02,00,AC1964000Q,07.01,02-02-2015,10:59:00,2B2,N,N,AACOPD,UNK,02,02,129,CO,,0.1,N,HOFFMAN AVE,50,F,N,123,CO,,ZEPPELIN AVE,39.21592548,-76.63972732
01,02,,02,03,03,1,01,01,00,AC1964000R,08.04,02-21-2015,15:06:00,2B2,Y,N,AACOPD,UNK,01,01,648,MD,E,6.66,N,BALTO ANNAPOLIS BLVD,0,F,N,164,CO,E,HAMMONDS LA,39.20878055,-76.64186954
01,02,,05.01,17,01,,00,02,04,AC1835000Q,07.01,01-04-2015,15:39:00,2A2,N,N,AACOPD,UNK,09,00,710,MD,,0.33,E,EAST ORDNANCE RD,0,F,E,10,RP,,RAMP 6 FR MD 710 EB TO MD 10 SB,39.19323312,-76.60569191
01,02,,02,11,02,1,01,03,00,AC1835000R,07.01,01-14-2015,08:23:00,2D3,N,N,AACOPD,UNK,01,00,4237,CO,,0.05,E,MARLEY NECK BLVD,0,F,E,768,CO,,CEDAR AVE,39.14823637,-76.5921025
07.88,02,,05.01,17,02,,01,02,00,AC1835000S,06.01,01-24-2015,19:00:00,2A2,N,N,AACOPD,UNK,11,00,710,MD,,0.33,E,EAST ORDNANCE RD,0,F,E,10,RP,,RAMP 6 FR MD 710 EB TO MD 10 SB,39.19346594,-76.60587966
07.88,02,,01,11,02,1,01,03,00,AC1835000T,06.01,02-09-2015,19:20:00,2A1,N,N,AACOPD,UNK,01,00,171,MD,,0.03,E,CHURCH ST,0,F,E,,UU,,ENT TO BUSINESS,39.21817178,-76.61381096
01,02,,03,03,02,1,01,04,02,AC1835000V,06.01,02-19-2015,08:30:00,2A3,N,N,AACOPD,UNK,01,09,2,MD,,40.68,N,GOV RITCHIE HWY,100,F,N,368,CO,,W 11TH AVE,39.22446999,-76.61362588
01,02,,01,06,99,,01,01,00,AC1835000X,07.01,03-26-2015,14:56:00,2A3,N,N,AACOPD,UNK,02,00,392,CO,,0,W,4TH AVE,50,F,W,2,MD,,GOV RITCHIE HWY,39.23014642,-76.61338449
01,02,,01,17,03,1,03,03,88,AC1839000Q,12.04,02-17-2015,07:56:00,4B1,N,N,AACOPD,UNK,16,09,424,MD,,0.851,N,DAVIDSONVILLE RD,100,F,N,6838,CO,,PALOMINO CT,38.93383395,-76.63572192
01,02,,01,03,03,1,88,03,00,AC1839000R,06.01,02-19-2015,09:00:00,4C1,N,N,AACOPD,UNK,01,01,4,MD,,1.43,N,SOUTHERN MD BLVD,300,F,N,1168,OP,,TALBOTT RD,38.78162438,-76.66306282
01,02,,02,88,01,1,03,03,07,AC1839000S,03,03-27-2015,12:59:00,4C2,Y,N,AACOPD,UNK,01,16,468,MD,,3.81,N,MUDDY CREEK RD,0,F,N,5786,CO,,PLANTATION BLVD,38.81683993,-76.555776
03,02,,01,17,02,1,01,01,88,AC1840000N,06.01,01-19-2015,19:50:00,2A1,N,N,AACOPD,UNK,09,09,171,MD,,0.56,E,CHURCH ST,25,F,E,337,CO,,MATTHEWS AVE,39.21892235,-76.60351682
01,02,,02,11,01,2,01,04,00,AC1840000P,03,01-26-2015,15:04:00,2A3,Y,N,AACOPD,UNK,01,01,2,MD,,40.28,N,GOV RITCHIE HWY,0,F,N,171,MD,,CHURCH ST,39.21770933,-76.61489807
01,02,,02,01,04,1,88,01,00,AC1840000Q,06.01,02-15-2015,08:00:00,2A3,Y,N,AACOPD,UNK,01,01,388,CO,,1,S,MORGAN RD,0,F,S,378,CO,,17TH AVE,39.21867078,-76.61569243
01,02,,01,03,02,2,01,04,00,AC1840000R,06.01,03-21-2015,14:01:00,2A3,N,N,AACOPD,UNK,01,01,2,MD,,40.28,N,GOV RITCHIE HWY,20,F,N,171,MD,,CHURCH ST,39.21733067,-76.61451493
01,02,,02,03,02,,01,04,00,AC1840000S,00,03-23-2015,08:25:00,2A3,N,N,AACOPD,UNK,01,01,2,MD,,40.38,N,GOV RITCHIE HWY,0,F,N,375,CO,,16TH AVE,39.22416625,-76.61387597
01,02,,02,11,02,1,01,01,04,AC1840000T,06.01,03-23-2015,13:33:00,2A3,Y,N,AACOPD,UNK,01,01,388,CO,,0.38,S,MORGAN RD,0,F,S,395,CO,,7TH AVE,39.22739235,-76.61492212
03,02,,01,05,02,1,01,01,00,AC1844000G,06.01,02-10-2015,23:07:00,,N,N,AACOPD,UNK,01,00,3097,CO,,0.29,E,OAKWOOD RD,100,F,E,3104,CO,,MILLSTONE DR,38.93667976,-76.55569553
03,02,,01,17,02,,01,04,04,AC1844000H,06.01,03-26-2015,05:04:00,4A2,N,N,AACOPD,UNK,09,00,665,MD,,0.77,E,ARIS T ALLEN BLVD,100,F,E,665,RP,,RAMP 3 FR MD 665 EB TO RIVA RD NB,38.98074028,-76.55178612
05.02,02,,01,17,03,1,01,01,11,AC19210010,08.04,01-06-2015,07:12:00,,N,N,AACOPD,UNK,09,00,2043,CO,,1.6,N,EDWIN RAYNOR BLVD,360,F,N,5100,CO,,COUNTRYSIDE DR,39.13298971,-76.529603
01,02,,01,88,02,2,01,04,00,AC19210011,06.01,01-23-2015,12:00:00,,N,N,AACOPD,UNK,10,00,10,MD,,2.17,N,ARUNDEL EXPWY,300,F,N,10,RP,,RAMP 8 FR MD 10 SB TO MD 177 WB,39.13717564,-76.59145474
03,02,,02,11,02,1,01,05.01,00,AC19210012,06.01,02-04-2015,19:49:00,,N,N,AACOPD,UNK,01,00,173,MD,,4.773,N,FORT SMALLWOOD RD,0,F,N,,UU,,ENT TO PINE GROVE VILLAGE,39.15205324,-76.52009726
04,02,,01,17,02,2,01,05.01,23.03,AC19210013,99,02-14-2015,03:00:00,,N,N,AACOPD,UNK,16,09,173,MD,,4.1,N,FORT SMALLWOOD RD,325,M,N,1693,CO,,MEADOW VIEW RD,39.142546,-76.525773
01,02,,01,17,06.03,1,01,01,07,AC19210014,12.04,03-01-2015,13:31:00,,N,N,AACOPD,UNK,09,00,1663,CO,,0,N,WILLIAMS ST,50,F,N,1645,CO,,OVERLAND AVE,39.14495435,-76.54127722
03,02,,02,17,04,2,88,01,04,AC1922000B,08.04,01-06-2015,06:00:00,5A2,Y,N,AACOPD,UNK,09,00,175,MD,,8.89,N,JESSUP RD,0,F,N,957,CO,,BROCK BRIDGE RD,39.14274887,-76.76361233
03,02,,02,17,02,4,01,04,04,AC1922000C,06.01,01-17-2015,02:32:00,5C3,Y,N,AACOPD,UNK,09,09,3,MD,,3.245,N,ROBERT CRAIN HWY,0,F,N,,UU,,S MAIN CHAPEL WAY,39.03175476,-76.68444425
03,02,,01,03,01,1,01,01,00,AC1922000D,03,01-24-2015,01:26:00,5B1,N,N,AACOPD,UNK,02,02,6713,CO,,0.077,S,ALMSHOUSE DR,25,F,S,6714,CO,,SCAFFOLD WAY,39.10249689,-76.70522332
07.88,02,,01,01,04,1,01,04,05,AC1922000F,07.01,02-10-2015,05:10:00,5A2,N,N,AACOPD,UNK,09,01,32,MD,,11.46,N,SAVAGE RD,20,F,N,,UU,,R/R CROSSING,39.1254723,-76.7903915
03,02,,09.04,03,02,1,01,01,00,AC1922000G,06.01,02-21-2015,00:07:00,5B2,N,N,AACOPD,UNK,01,01,174,MD,,0.516,E,REECE RD,100,F,E,,UU,,ENT TO BUSINESS,39.12132105,-76.70802355
03,02,,01,03,02,1,01,01,00,AC1922000H,07.01,02-27-2015,05:58:00,5A2,N,N,AACOPD,UNK,01,00,175,MD,,9.13,N,JESSUP RD,500,F,N,,UU,,ELEMENTARY SCHOOL LA,39.14457323,-76.76919937
04,02,,01,17,01,1,01,01,23.03,AC1925000D,03,01-04-2015,04:53:00,3A4,N,N,AACOPD,UNK,16,00,177,MD,,8.89,E,MOUNTAIN RD,25,F,E,1908,CO,,PINEHURST RD,39.10703948,-76.4933446
04,02,,01,17,04,1,01,01,23.03,AC1925000F,12.04,01-18-2015,22:57:00,Y3B3,N,N,AACOPD,UNK,16,10,4153,CO,,0.43,E,OLD MILL BLVD,0,M,E,1353,CO,,CHALET DR,39.11880047,-76.63009235
04,02,,01,17,02,1,01,01,10,AC1925000G,06.01,02-07-2015,23:49:00,3A1,N,N,AACOPD,UNK,09,11,1579,CO,,0.29,S,CARVEL BEACH RD,0,M,S,453,OP,,NO NAME,39.10700155,-76.49344038
03,02,,01,17,04,,01,02,05,AC1925000H,09.04,02-10-2015,05:07:00,3C1,N,N,AACOPD,UNK,09,00,,,,,,RT 100 WB,0,M,,,,,RT 10 NB,39.1324987,-76.58612251
03,02,,01,17,03,1,01,01,11,AC1925000J,08.04,02-15-2015,04:49:00,3B2,N,N,AACOPD,UNK,09,00,4280,CO,,0.23,S,ELVATON RD,300,F,S,4190,CO,,SILENT BREEZE CT,39.13870315,-76.62816958
01,02,,00,17,01,1,01,01,04,AC1925000K,03,03-05-2015,06:44:00,3D1,N,N,AACOPD,UNK,09,00,2,MD,,26.73,N,GOV RITCHIE HWY,100,F,N,5307,OP,,W CAMPUS DR,39.12500452,-76.52492715
06.02,02,,01,02,02,1,01,01,00,AC1965000N,06.01,01-16-2015,16:57:00,5A1,N,N,AACOPD,UNK,01,00,993,CO,,0,W,BARBERSVILLE RD,500,F,W,960,CO,,RED CLAY RD,39.09592333,-76.81250333
03,02,,03,03,02,1,01,01,00,AC1965000P,06.01,02-03-2015,18:59:00,5A1,Y,N,AACOPD,UNK,01,00,4912,CO,,3.11,W,BROCK BRIDGE RD,50,F,W,198,MD,,LAUREL FT MEADE RD,39.09964333,-76.82640167
06.02,02,,03,03,02,1,01,01,00,AC1965000Q,06.01,02-05-2015,16:54:00,5A1,N,N,AACOPD,UNK,01,00,198,MD,,3.05,E,LAUREL FT MEADE RD,5,F,E,216,MD,I,WELCHS CT,39.09254333,-76.78195833
01,02,,02,11,02,1,01,02,00,AC1965000R,06.01,02-11-2015,13:00:00,5A1,Y,Y,AACOPD,UNK,01,00,198,MD,,1.45,E,LAUREL FT MEADE RD,0,F,E,960,CO,,RED CLAY RD,39.09886667,-76.81077167