LIGHT_CODE,COUNTY_NO,MUNI_CODE,JUNCTION_CODE,COLLISION_TYPE_CODE,SURF_COND_CODE,LANE_CODE,RD_COND_CODE,RD_DIV_CODE,FIX_OBJ_CODE,REPORT_NO,WEATHER_CODE,ACC_DATE,ACC_TIME,LOC_CODE,SIGNAL_FLAG,C_M_ZONE_FLAG,AGENCY_CODE,AREA_CODE,HARM_EVENT_CODE1,HARM_EVENT_CODE2,RTE_NO,ROUTE_TYPE_CODE,RTE_SUFFIX,LOG_MILE,LOGMILE_DIR_FLAG,MAINROAD_NAME,DISTANCE,FEET_MILES_FLAG,DISTANCE_DIR_FLAG,REFERENCE_NO,REFERENCE_TYPE_CODE,REFERENCE_SUFFIX,REFERENCE_ROAD_NAME,LATITUDE,LONGITUDE
01,02,,01,11,02,1,01,01,00,AC1933000Z,06.01,02-14-2015,12:57:00,2B2,N,N,AACOPD,UNK,01,00,648,MD,E,6.691,N,BALTO ANNAPOLIS BLVD,0,F,N,,UU,,ENT TO BUSINESS,39.20986126,-76.64216995
03,02,,01,88,04,,01,88,05,AC19330010,06.01,02-15-2015,05:55:00,5E2,N,N,AACOPD,UNK,02,02,5501,OP,,1.538,E,ARUNDEL MILLS CIR,150,F,E,,UU,,ENT TO PARKING GARAGE,39.15731123,-76.72697604
01,02,,01,03,02,1,01,01,00,AC19330011,00,02-23-2015,17:15:00,2B2,N,N,AACOPD,UNK,01,00,648,MD,E,7.05,N,BALTO ANNAPOLIS BLVD,250,F,N,170,MD,,BELLE GROVE RD,39.21536431,-76.64401531
03,24,,02,01,01,1,01,04,00,ADJ1080002,03,01-03-2015,20:05:00,2117,Y,N,BALTIMORE,UNK,01,00,2820,MU,,1.27,N,GLEN AVE,0,F,N,2781,MU,,CROSS COUNTRY BLVD,39.36198349,-76.67677045
03,24,,03,03,02,1,01,88,00,ADJ1080003,06.01,01-05-2015,21:45:00,2707,Y,N,BALTIMORE,UNK,01,00,2840,MU,,0.238,S,HAYWARD AVE,5,F,S,,UU,,DENMORE AVE,39.34923284,-76.67981207
03,24,,01,99,02,1,00,01,00,ADJ1080004,06.01,01-05-2015,20:00:00,2542,N,N,BALTIMORE,UNK,01,00,2781,MU,,1.54,N,CROSS COUNTRY BLVD,90,F,N,2795,MU,,STRATHMORE AVE,39.36454247,-76.69034243
01,24,,01,03,02,1,01,01,00,ADJ1080005,06.01,01-09-2015,15:50:00,1625,N,N,BALTIMORE,UNK,01,00,129,MD,,6.093,N,PARK HEIGHTS AVE,300,F,N,,UU,,BANCROFT RD,39.36060443,-76.69754952
01,24,,01,99,02,1,01,01,00,ADJ1080006,06.01,01-16-2015,10:40:00,961,N,N,BALTIMORE,UNK,02,00,2795,MU,,0.792,W,STRATHMORE AVE,150,F,W,,UU,,WALLIS AVE,39.36015441,-76.69389904
01,24,,01,17,02,3,01,04,08,ADJ1080007,06.01,01-17-2015,14:20:00,1631,N,N,BALTIMORE,UNK,09,00,1022,MU,,1.824,N,W NORTHERN PKWY,50,F,N,,UU,,MAGNOLIA AVE,39.35183791,-76.68600529
01,24,,02,11,02,1,01,88,00,ADJ1080008,06.01,01-23-2015,13:00:00,1423,Y,N,BALTIMORE,UNK,01,00,5990,MU,,0.156,S,PINKNEY RD,0,F,S,,UU,,GIST AVE,39.35606058,-76.69424772
99,24,,01,99,99,1,01,02,00,ADJ1080009,99,01-25-2015,08:15:00,712,N,N,BALTIMORE,UNK,02,00,,,,,,BLAND AVE,150,F,,,,,SULGRAVE AVE,39.35704569,-76.68033779
01,24,,02,11,00,1,01,01,00,ADJ108000C,06.01,02-01-2015,07:25:00,663,Y,N,BALTIMORE,UNK,01,00,2781,MU,,1.54,N,CROSS COUNTRY BLVD,0,F,N,2795,MU,,STRATHMORE AVE,39.36400123,-76.68986633
03,24,,03,88,00,1,01,02,00,ADJ108000D,06.01,02-20-2015,21:45:00,2889,N,N,BALTIMORE,UNK,01,01,,,,,,JONQUIL,10,F,,,,,MANHATTAN,39.35148428,-76.68801025
01,24,,01,88,04,1,01,02,00,ADJ108000F,06.01,02-24-2015,17:15:00,2093,N,N,BALTIMORE,UNK,02,02,,,,,,BLAND AVE,100,F,,,,,SULGRAVE AVE,39.35762223,-76.68083936
03,24,,00,17,02,1,01,01,00,ADJ108000G,06.01,02-27-2015,18:50:00,2598,N,N,BALTIMORE,UNK,03,00,,,,,,PARK HEIGHTS AVE,100,F,,,,,WEST NORTHERN PARKWAY,39.35206606,-76.68383673
99,24,,00,99,00,1,01,01,00,ADJ108000H,99,03-09-2015,15:10:00,1515,N,N,BALTIMORE,UNK,02,00,5970,MU,,0.41,N,GLENGYLE AVE,50,F,N,129,MD,,PARK HEIGHTS AVE,39.36697693,-76.70614868
01,24,,02,17,02,2,01,01,07,ADJ108000J,06.01,03-16-2015,11:35:00,CAD#0940,N,N,BALTIMORE,UNK,09,00,140,MD,,4.343,N,REISTERSTOWN RD,0,F,N,,UU,,ROSECREST AVE,39.35303256,-76.69795454
01,24,,02,17,01,2,01,01,08,ADJ1110001,03,01-03-2015,09:30:00,7B35,N,N,BALTIMORE,UNK,09,00,2005,MU,,0.556,E,BAKER ST,0,F,E,,UU,,N WARWICK AVE,39.30622268,-76.65704012
01,24,,02,11,02,2,01,02,00,ADJ1140001,06.01,01-10-2015,16:00:00,,Y,N,BALTIMORE,UNK,01,00,1359,MU,,0.08,N,HARFORD AVE,0,F,N,955,MU,,E PRESTON ST,39.30506458,-76.60177588
01,24,,02,11,02,1,01,01,00,ADJ1140002,06.01,01-13-2015,16:30:00,,Y,N,BALTIMORE,UNK,01,00,1370,MU,,0.23,E,E MONUMENT ST,0,F,E,1500,MU,,GREENMOUNT AVE,39.29787485,-76.606282
03,24,,01,17,00,1,01,01,10,ADJ1160001,06.01,01-05-2015,23:22:00,,N,N,BALTIMORE,UNK,09,00,1354,MU,,0.879,W,W FOREST PARK AVE,80,F,W,,UU,,MOHAWK AVE,39.32110598,-76.69781506
03,24,,03,11,02,1,01,01,88,ADJ1160002,06.01,01-10-2015,18:55:00,CAD 1917,Y,N,BALTIMORE,UNK,01,02,467,MU,,1.352,N,THE ALAMEDA,20,F,N,,UU,,GLENWOOD AVE,39.35231909,-76.59846067
01,24,,01,03,02,1,01,04,00,ADJ1160003,07.01,01-14-2015,14:55:00,CAD 1559,N,N,BALTIMORE,UNK,01,00,1023,MU,,0.274,E,GWYNNS FALLS PKWY,30,F,E,,UU,,ELSINORE RD,39.31389715,-76.67754292
01,24,,02,11,02,2,01,04,00,ADJ1160004,07.01,01-29-2015,15:55:00,CAD 1555,Y,N,BALTIMORE,UNK,01,01,1023,MU,,0.698,E,GWYNNS FALLS PKWY,0,F,E,,UU,,ELLAMONT ST,39.31444499,-76.67122364
03,24,,01,03,03,1,01,02,00,ADJ1160005,08.04,01-29-2015,18:00:00,CAD 1689,N,N,BALTIMORE,UNK,02,00,2820,MU,,0.334,N,GLEN AVE,30,F,N,,UU,,JONQUIL AVE,39.35427697,-76.69066429
03,24,,02,11,03,2,01,01,00,ADJ1180004,00,01-07-2015,20:27:00,2277,Y,N,BALTIMORE,UNK,01,00,,,,,,W LANVALE ST,0,F,,,,,CARROLLTON AVE,39.29792363,-76.63725883
01,24,,02,08,02,3,01,04,00,ADJ1200007,00,01-09-2015,16:30:00,CAD#1777,Y,N,BALTIMORE,UNK,01,00,140,MD,,0.71,N,REISTERSTOWN RD,0,F,N,2131,MU,,LIBERTY HEIGHTS AVE,39.31844996,-76.65229797
03,24,,03,03,02,3,01,02,00,ADJ1200008,00,01-09-2015,20:15:00,CAD#2331,Y,N,BALTIMORE,UNK,01,00,1,US,,7.98,S,MONROE ST (SB COUPLET),15,F,S,,UU,,PRESSTMAN ST,39.30530534,-76.64787769
03,24,,01,01,02,1,01,01,00,ADJ1230001,07.01,01-16-2015,02:04:00,,N,N,BALTIMORE,UNK,02,02,2005,MU,,0.35,E,BAKER ST,3,F,E,2040,MU,,BRADDISH AVE,39.30611424,-76.66091658
03,24,,02,07,04,1,01,01,00,ADJ1230002,06.01,03-06-2015,23:21:00,2805,N,N,BALTIMORE,UNK,01,01,4500,MU,,0.115,S,N PULASKI ST,0,F,S,,UU,,ELGIN AVE,39.31392205,-76.65154159
03,24,,03,12,04,1,01,01,00,ADJ1240001,09.04,01-29-2015,01:00:00,CAD#138,Y,N,BALTIMORE,UNK,01,00,1670,MU,,1.315,E,W BALTIMORE ST,20,F,E,,UU,,PAYSON ST,39.28812288,-76.64863005
01,24,,01,88,04,1,01,02,00,ADJ1240002,12.04,02-10-2015,09:15:00,CAD#691,N,N,BALTIMORE,UNK,02,00,144,MD,,0.18,W,FREDERICK AVE (WB COUPLET),50,F,W,,UU,,S PAYSON ST,39.28604868,-76.64888889
01,24,,01,88,00,,01,03,00,ADJ1240003,00,02-12-2015,12:35:00,CAD#1319,N,N,BALTIMORE,UNK,01,00,101,MU,,0,N,S CATON AVE,30,F,N,1,US,,WILKENS AVE,39.31610511,-76.76250458
01,24,,02,11,02,2,01,02,00,ADJ1240004,06.01,02-18-2015,11:30:00,CAD#874,Y,N,BALTIMORE,UNK,01,00,1,US,,9.25,S,MONROE ST (SB COUPLET),0,F,S,,UU,,HOLLINS ST,39.2871667,-76.646877
01,24,,03,17,00,1,01,02,10,ADJ1240005,06.01,02-25-2015,13:15:00,CAD#1303,Y,N,BALTIMORE,UNK,09,00,4180,MU,,0.079,S,MILLINGTON AVE,0,F,S,,UU,,LEHMAN ST,39.28123212,-76.65696502
01,24,,03,03,04,1,01,03,00,ADJ1240006,08.04,02-28-2015,10:30:00,CAD#709,Y,N,BALTIMORE,UNK,01,00,1281,MU,,2.26,W,WASHINGTON BLVD,5,F,W,1970,MU,,DESOTO RD,39.26473941,-76.65472806
01,24,,03,11,01,1,01,01,00,ADJ1240007,03,03-04-2015,11:35:00,CAD30929,Y,N,BALTIMORE,UNK,01,01,,,,,,LOHRS LN,5,F,,,,,S ABINGTON AVE,39.28490072,-76.67104661
03,24,,01,03,02,1,01,02,00,ADJ1240008,00,03-16-2015,22:40:00,CAD#5302,N,N,BALTIMORE,UNK,02,00,,,,,,3400 W FRANKLIN,30,F,,,,,400 EDGEWOOD,39.29269237,-76.67486072
03,24,,01,07,01,1,01,02,00,ADJ1240009,03,03-20-2015,20:00:00,CAD#2537,N,N,BALTIMORE,UNK,02,02,,,,,,100 S KOSSUTH,50,F,,,,,3900 ST JOSEPH,39.28642741,-76.67560905
99,24,,01,99,02,1,00,02,00,ADG7570001,00,03-01-2015,16:00:00,CAD#1090,N,N,BALTIMORE,UNK,02,00,3040,MU,,0.226,E,BOSTON ST,15,F,E,,UU,,WAGNER ST,39.28335771,-76.58323646
03,24,,03,03,02,3,01,04,00,ADG7640001,06.01,02-28-2015,02:05:00,CAD#0270,Y,N,BALTIMORE,UNK,01,15,1022,MU,,3.21,N,W NORTHERN PKWY,5,F,N,2170,MU,,BELVEDERE AVE,39.35490435,-76.66247562
01,24,,03,03,02,3,01,04,00,ADG7720001,06.01,01-27-2015,13:10:00,,Y,N,BALTIMORE,UNK,01,00,6020,MU,,1.54,N,MARTIN LUTHER KING JR BLVD,30,F,N,1695,MU,,W SARATOGA ST,39.29287647,-76.62791133
01,24,,02,11,02,1,01,02,00,ADG7720002,06.01,03-13-2015,10:33:00,1507,Y,N,BALTIMORE,UNK,00,00,129,MD,,6.387,S,DRUID HILL AVE (SB COUPLET),0,F,S,4210,MU,,MCMECHEN ST,39.30437034,-76.63148202
03,24,,02,11,02,,01,00,00,ADG7910002,06.01,01-10-2015,21:15:00,CAD#2396,Y,N,BALTIMORE,UNK,01,00,1450,MU,,0.85,S,GUILFORD AVE,0,F,S,1360,MU,,E MADISON ST,39.29870511,-76.6116035
01,24,,01,07,02,1,01,04,00,ADG7910003,06.01,02-27-2015,09:00:00,CAD:0557,N,N,BALTIMORE,UNK,05,00,2131,MU,,0,N,LIBERTY HEIGHTS AVE,1,M,N,140,MD,,REISTERSTOWN RD,39.32496118,-76.67451739
01,24,,01,17,02,3,01,04,00,ADG7910005,06.01,03-31-2015,15:10:00,CAD#1781,Y,N,BALTIMORE,UNK,03,00,40,US,,6.067,E,ORLEANS ST,2,F,E,1425,MU,,N CENTRAL AVE,39.29485262,-76.59994125
01,24,,02,11,02,,01,01,00,ADG7910006,06.01,03-18-2015,14:30:00,CAD:1698,Y,N,BALTIMORE,UNK,01,00,1045,MU,,0,N,MOUNT STREET,0,F,N,140,MD,,RIGGS STREET,39.30095507,-76.64457321
03,24,,01,07,02,1,01,01,00,ADG8590001,06.01,01-23-2015,01:08:00,0127,N,N,BALTIMORE,UNK,02,00,4465,MU,,0.135,S,S HILTON ST,100,F,S,,UU,,MASSACHUSETTS AVE,39.28368833,-76.67222142
03,24,,01,17,02,1,01,88,08,ADG8590002,06.01,01-28-2015,00:14:00,,N,N,BALTIMORE,UNK,11,11,40,US,,0.404,E,BALTO NATIONAL PIKE,300,F,E,,UU,,CHAPEL GATE LA,39.29234506,-76.70392513
03,24,,00,03,01,1,01,03,00,ADG8590003,09.04,02-09-2015,23:50:00,3156,N,N,BALTIMORE,UNK,01,01,1352,MU,,0.825,W,N FOREST PARK AVE,10,F,W,,UU,,MAPLE PARK AVE,39.30595702,-76.71016932
03,24,,88,02,00,2,01,04,00,ADG8590004,06.01,03-22-2015,00:10:00,10035,Y,N,BALTIMORE,UNK,01,01,1,US,AL,0.53,N,CATON AVE,5,F,N,95,RP,,RAMP 5 FR US 1AL SB TO RAMP 10 (TO IS95),39.26733102,-76.66785479
01,24,,07.01,03,01,1,01,01,00,ADG8810001,03,01-03-2015,12:55:00,,Y,N,BALTIMORE,UNK,01,01,3040,MU,,1.57,E,BOSTON ST,0,F,E,,UU,,RAILROAD CROSSING,39.27725009,-76.5607971
01,24,,01,03,02,1,01,02,00,ADG8810003,06.01,03-19-2015,17:30:00,2579,N,N,BALTIMORE,UNK,01,01,6169,MU,,0.358,W,W FRANKLIN ST,5,F,W,1810,MU,,FREMONT AVE,39.29447898,-76.63191319
01,24,,02,02,01,2,01,01,00,ADG8830002,03,01-26-2015,13:35:00,1308,Y,N,BALTIMORE,UNK,01,00,1170,MU,,0.52,S,AISQUITH ST,0,F,S,1,US,,NORTH AVE,39.31176434,-76.60262145
07.88,24,,01,03,02,,01,02,00,ADG8830003,00,02-12-2015,03:00:00,2170,N,N,BALTIMORE,UNK,02,02,,,,,,1200 N. LAKEWOOD AVE,5,F,,,,,2600 MURA ST,39.30543246,-76.57986894
03,24,,03,09,00,1,01,02,04,ADG8830004,06.01,02-15-2015,19:30:00,2107,N,N,BALTIMORE,UNK,01,02,,,,,,800 E. BIDDLE ST,5,F,,,,,1000  VALLEY ST,39.30388987,-76.60507232
01,24,,03,03,02,1,03,01,00,ADG8830005,06.01,03-19-2015,08:00:00,80611,Y,N,BALTIMORE,UNK,01,00,,,,,,400 COLVIN ST,8,F,,,,,500 ENSOR ST,39.29515776,-76.60602987
01,24,,02,11,02,1,01,02,08,ADG8830006,06.01,03-19-2015,09:30:00,80738,Y,N,BALTIMORE,UNK,01,09,,,,,,700 ENSOR ST,0,F,,,,,1000 E. MONUMENT ST,39.29800354,-76.60401821
01,24,,00,03,02,1,01,02,00,ADG8870001,00,01-09-2015,07:40:00,535,N,N,BALTIMORE,UNK,01,00,83,IS,,5.86,N,JONES FALLS EXPWY,500,F,N,,UU,,EXIT #10,39.36423141,-76.65019512
00,24,,01,88,03,1,88,02,00,ADG8870002,00,01-11-2015,13:30:00,5B32,N,N,BALTIMORE,UNK,02,01,6151,MU,,0.654,S,E 43RD ST,25,F,S,,UU,,OLD YORK RD,39.3344468,-76.60784304
03,24,,01,03,02,1,01,04,00,ADG8870003,00,01-15-2015,17:56:00,,N,N,BALTIMORE,UNK,01,01,83,IS,,2.42,N,JONES FALLS EXPWY,500,F,N,1611,MU,,W 28TH ST,39.31666954,-76.62897348
88,24,,03,03,01,,01,03,00,ADG8870004,00,01-29-2015,17:50:00,2269,N,N,BALTIMORE,UNK,88,00,,,,0,N,2300 W NORTHERN PKWY,0,F,N,,,,2300 CYLBURN,39.35721368,-76.65481925
03,24,,00,00,01,,01,00,00,ADG8870006,00,01-29-2015,20:00:00,2733,N,N,BALTIMORE,UNK,01,00,2170,MU,,0.056,S,BELVEDERE AVE,0,F,S,,UU,,SINAI HOSPITAL,39.35361329,-76.66010857
01,24,,01,07,02,1,01,01,00,ADG8870007,00,03-30-2015,16:45:00,1917,N,N,BALTIMORE,UNK,01,01,1500,MU,,0.98,N,GREENMOUNT AVE,0,M,N,45,MD,,GREENMOUNT AVE (AHEAD),39.32485329,-76.60935044
01,24,,01,07,99,,01,02,00,ADG8880001,07.01,01-02-2015,14:18:00,1258,N,N,BALTIMORE,UNK,01,00,40,US,,5.197,W,FRANKLIN ST (WB COUPLET),25,F,W,,UU,,JASPER ST,39.2949014,-76.62203729
01,24,,01,08,02,,01,00,00,ADG8880002,07.01,01-02-2015,08:10:00,487,N,N,BALTIMORE,UNK,02,00,1382,MU,,0.064,N,FALLSWAY,5,F,N,,UU,,E LEXINGTON ST,39.29189253,-76.60687745
01,24,,01,07,02,1,01,00,00,ADG8880003,06.01,01-02-2015,14:20:00,1310,N,N,BALTIMORE,UNK,01,00,1703,MU,,1.135,N,N HOWARD ST,10,F,N,,UU,,JOHN ST,39.30621853,-76.62096977
01,24,,88,17,01,1,01,02,05,ADG8880004,03,01-04-2015,14:50:00,1254,N,N,BALTIMORE,UNK,09,09,83,IS,,1.15,N,JONES FALLS EXPWY,10,F,N,1450,MU,,GUILFORD AVE,39.29550025,-76.61116362
00,24,,01,01,02,,01,00,00,ADG8880005,00,01-10-2015,09:30:00,705,N,N,BALTIMORE,UNK,02,00,1830,MU,,0.148,E,DRUID HILL AVE,15,F,E,,UU,,JASPER ST,39.29645508,-76.62213385
03,24,,03,08,02,1,01,02,00,ADG8880006,06.01,01-28-2015,23:00:00,3213,Y,N,BALTIMORE,UNK,01,00,1392,MU,,0.436,E,E PRATT ST,0,F,E,,UU,,MARKET PL,39.28674841,-76.60674334
01,24,,03,09,02,1,01,02,00,ADG8880007,88,01-28-2015,17:20:00,2156,Y,N,BALTIMORE,UNK,01,00,1690,MU,,0.12,W,E SARATOGA ST,0,F,W,1450,MU,,GUILFORD AVE,39.2924281,-76.61135674
03,24,,03,13,02,,01,02,00,ADG8880009,07.01,01-29-2015,00:20:00,69,Y,N,BALTIMORE,UNK,01,00,1571,MU,,0.39,N,S CHARLES ST,0,F,N,1395,MU,,W LOMBARD ST,39.28763693,-76.61507964
01,24,,01,03,00,1,01,02,00,ADG888000C,00,02-20-2015,09:30:00,640,N,N,BALTIMORE,UNK,02,02,1351,MU,,0.73,W,E CHASE ST,5,F,W,2,MD,,CALVERT ST (NB COUPLET),39.30251588,-76.61336303
00,24,,02,11,00,,01,02,00,ADG888000D,00,02-01-2015,01:45:00,241,Y,N,BALTIMORE,UNK,01,01,959,MU,,0.13,W,W PRESTON ST,0,F,W,4240,MU,,CATHEDRAL ST,39.30438383,-76.61865234
01,24,,01,03,02,2,01,03,88,ADG888000F,06.01,03-07-2015,15:45:00,,N,N,BALTIMORE,UNK,03,00,6166,MU,,0.15,E,W LEXINGTON ST,20,F,E,295,MD,,GREENE ST (SB COUPLET),39.2913279,-76.62446737
01,24,,01,88,02,1,01,01,00,ADG888000G,06.01,03-13-2015,16:52:00,,N,N,BALTIMORE,UNK,01,00,1750,MU,,0.08,N,N EUTAW ST,2,F,N,1681,MU,,W FAYETTE ST,39.29509341,-76.62130237
06.02,24,,01,07,00,1,01,02,00,ADG888000H,00,03-19-2015,17:45:00,82350,N,N,BALTIMORE,UNK,02,00,2,MD,,5.12,N,CALVERT ST (NB COUPLET),15,F,N,1351,MU,,E CHASE ST,39.30187662,-76.61333084
01,24,,01,08,02,,01,01,00,ADG8960001,06.01,01-05-2015,15:10:00,,Y,N,BALTIMORE,UNK,02,00,1651,MU,,0.91,W,W OSTEND ST,20,F,W,4310,MU,,WICOMICO ST,39.27884258,-76.63027167
07.88,24,,01,09,99,1,01,02,00,ADG8960004,00,03-13-2015,22:20:00,CAD23262,N,N,BALTIMORE,UNK,01,00,295,MD,,1.92,N,RUSSELL ST,500,F,N,4305,MU,,BUSH ST,39.27198238,-76.630615
01,24,,03,03,02,2,01,02,00,ADG8960005,06.01,03-29-2015,17:30:00,CAD20003,Y,N,BALTIMORE,UNK,01,00,295,MD,,2.02,N,RUSSELL ST,10,F,N,4300,MU,,BAYARD ST,39.27357706,-76.62859797
03,24,,02,11,06.03,1,01,03,08,ADI0700001,06.01,02-25-2015,06:07:00,CAD358,Y,N,BALTIMORE,UNK,01,01,,,,,,4500 THE ALAMEDA,0,F,,,,,1100 E. COLD SPRING LN,39.34510103,-76.59972668
00,24,,03,03,01,1,01,02,00,ADI0730002,03,01-12-2015,18:00:00,,Y,N,BALTIMORE,UNK,01,00,2,MD,,0.4,S,ST PAUL ST (SB COUPLET),0,U,S,1780,MU,,MT ROYAL AVE,39.30570382,-76.61456466
01,24,,01,03,03,1,01,03,00,ADI0730005,06.01,02-27-2015,15:30:00,,N,N,BALTIMORE,UNK,02,00,1390,MU,,1.385,W,E LOMBARD ST,0,U,W,,UU,,COMMERCE ST,39.28739612,-76.61009073
01,24,,01,03,01,2,01,02,00,ADI0730006,06.01,02-28-2015,08:00:00,,Y,N,BALTIMORE,UNK,01,00,1391,MU,,1.39,E,W PRATT ST,0,U,E,1700,MU,,S HOWARD ST,39.28636227,-76.61958039
01,24,,01,03,01,2,01,02,00,ADI0730007,06.01,02-27-2015,10:53:00,,N,N,BALTIMORE,UNK,02,00,1620,MU,,0.25,N,PARK AVE,0,U,N,1695,MU,,W SARATOGA ST,39.2926938,-76.61812663
01,24,,01,88,02,1,01,01,00,ADI0730008,06.01,02-28-2015,09:50:00,,N,N,BALTIMORE,UNK,02,00,1712,MU,,0.049,S,LIBERTY ST,0,U,S,,UU,,CLAY ST,39.29231185,-76.61703229
03,24,,02,88,02,1,01,02,00,ADI073000B,06.01,03-13-2015,21:33:00,1C33,Y,N,BALTIMORE,UNK,01,02,1755,MU,,0.15,N,EUTAW PL,0,F,N,1900,MU,,W LAFAYETTE AVE,39.30455817,-76.62709594
01,24,,01,88,02,1,01,02,00,ADI073000H,06.01,01-05-2015,09:15:00,1B34,N,N,BALTIMORE,UNK,02,00,,,,,,2100 CLALLOW AVENUE,0,U,,,,,700 LENNOX ST,39.31212076,-76.63131237
03,24,,02,17,01,2,03,02,88,ADI0870002,03,01-12-2015,17:50:00,,Y,N,BALTIMORE,UNK,10,10,1515,MU,,0.145,N,N CALVERT ST,0,F,N,,UU,,E 21TH ST,39.31333477,-76.61392629
03,24,,02,17,01,2,03,02,00,ADI0870003,03,01-12-2015,17:52:00,1880,Y,N,BALTIMORE,UNK,10,00,1515,MU,,0.145,N,N CALVERT ST,0,F,N,,UU,,E 21TH ST,39.31334411,-76.61392495
03,24,,02,17,01,2,03,02,00,ADI0870004,03,01-12-2015,17:58:00,1880,Y,N,BALTIMORE,UNK,10,00,1515,MU,,0.145,N,N CALVERT ST,0,F,N,,UU,,E 21TH ST,39.31335137,-76.61394507
99,24,,00,07,03,,88,02,00,ADI0870005,10.04,02-15-2015,09:30:00,CAD#0639,N,N,BALTIMORE,UNK,02,00,139,MD,,0.15,N,N CHARLES ST,0,U,N,,UU,,W 21ST ST,39.31268367,-76.61667489
01,24,,88,03,03,,00,02,00,ADI0870006,08.04,02-15-2015,09:50:00,CAD#0709,N,N,BALTIMORE,UNK,02,00,1710,MU,,0.682,S,MARYLAND AVE,0,U,S,,UU,,W 21ST ST,39.31381414,-76.61805958
04,24,,00,07,02,,01,02,00,ADI0870007,06.01,03-31-2015,22:00:00,CAD#3052,N,N,BALTIMORE,UNK,02,02,,,,,,HOMESTEAD ST,0,U,,,,,ELLERSLIE AVE,39.32609819,-76.60565436
01,24,,01,17,04,2,01,03,00,ADI0960001,88,01-08-2015,15:10:00,,N,N,BALTIMORE,UNK,03,00,140,MD,,2.777,N,REISTERSTOWN RD,0,F,N,,UU,,LUCILLE AVE,39.34125109,-76.67472661
01,24,,01,07,04,1,88,02,00,ADI0960002,88,01-08-2015,13:00:00,6C14,N,N,BALTIMORE,UNK,01,02,,,,,,SPAULDING AVE,25,F,,,,,BEAUFORT AVE,39.34587265,-76.67861313
00,24,,01,03,02,1,01,02,00,ADI0960003,07.01,01-23-2015,08:50:00,CAD# 728,N,N,BALTIMORE,UNK,01,00,,,,,,5100 PEMBRIDGE AVE,5,F,,,,,3000 W. BELVERDER AVE,39.35157243,-76.67100906
03,24,,01,03,03,1,01,02,00,ADI0960004,03,01-24-2015,05:00:00,CAD#1196,N,N,BALTIMORE,UNK,02,00,,,,,,3501 MENLO DR,2,F,,,,,6000 CLOVER RD,39.35780785,-76.68799281
01,24,,01,08,01,1,01,04,00,ADI0960005,06.01,03-10-2015,09:00:00,CAD,N,N,BALTIMORE,UNK,02,00,2801,MU,,0.353,N,FALLSTAFF RD,0,U,N,,UU,,WILLIAMSON AVE,39.36358027,-76.70437038
03,24,,01,11,99,2,01,04,99,ADI0960006,99,03-09-2015,22:00:00,CAD1284,N,N,BALTIMORE,UNK,03,00,140,MD,,4.977,N,REISTERSTOWN RD,0,U,N,,UU,,BROOKHILL RD,39.35959033,-76.70693457
01,24,,01,08,01,1,01,88,00,ADI0960007,06.01,03-10-2015,09:00:00,CAD0849,N,N,BALTIMORE,UNK,02,00,2801,MU,,0.353,N,FALLSTAFF RD,0,U,N,,UU,,WILLIAMSON AVE,39.36359893,-76.70435965
00,24,,01,08,01,1,01,01,00,ADI0960008,03,03-11-2015,02:00:00,CAD#883,N,N,BALTIMORE,UNK,02,00,6000,MU,,0,N,FORDLEIGH RD,0,U,N,140,MD,,REISTERSTOWN RD,39.3555172,-76.69899255
03,24,,01,09,01,1,01,02,00,ADI0960009,03,03-11-2015,03:00:00,CAD#0975,N,N,BALTIMORE,UNK,02,00,,,,,,JONQUIL AVE,0,U,,,,,GLEN AVE,39.35394513,-76.69021904
01,24,,01,08,01,1,01,03,00,ADI096000B,06.01,03-11-2015,14:00:00,CAD#1519,Y,N,BALTIMORE,UNK,01,00,2830,MU,,0,S,FORDS LA,0,U,S,129,MD,,PARK HEIGHTS AVE,39.36010153,-76.6966939
01,24,,01,03,02,1,01,03,00,ADI096000C,06.01,03-12-2015,09:05:00,CAD#0677,N,N,BALTIMORE,UNK,01,00,,,,,,REISTERSTOWN RD,1,F,,,,,AMOS AVE,39.35377091,-76.69896841
07.88,24,,01,08,02,,01,02,00,ADI096000D,06.01,03-17-2015,22:00:00,CAD#0550,N,N,BALTIMORE,UNK,02,00,,,,,,CUTHBERT AVE,1,F,,,,,LEWISTON AVE,39.34890927,-76.68367445
01,24,,01,08,02,2,01,04,00,ADI096000F,06.01,03-23-2015,10:40:00,CAD#0806,N,N,BALTIMORE,UNK,01,00,140,MD,,4,N,REISTERSTOWN RD,0,U,N,,UU,,EMMART AVE,39.34977108,-76.69325933
01,24,,01,03,01,2,01,04,00,ADI096000G,06.01,03-26-2015,13:55:00,CAD#1474,Y,N,BALTIMORE,UNK,01,00,140,MD,,4.23,N,REISTERSTOWN RD,0,U,N,,UU,,MENLO DR,39.35213657,-76.69664025
01,24,,01,03,02,,01,04,00,ADI096000H,06.01,03-30-2015,09:20:00,CAD#0674,N,Y,BALTIMORE,UNK,02,00,140,MD,,5.26,N,REISTERSTOWN RD,1,F,N,2801,MU,,FALLSTAFF RD,39.36219916,-76.71033025
01,24,,01,03,02,1,01,04,00,ADI096000J,06.01,03-30-2015,14:20:00,CAD#1367,N,Y,BALTIMORE,UNK,01,00,140,MD,,4.395,N,REISTERSTOWN RD,0,U,N,,UU,,AMOS AVE,39.35381446,-76.69902474