LIGHT_CODE,COUNTY_NO,MUNI_CODE,JUNCTION_CODE,COLLISION_TYPE_CODE,SURF_COND_CODE,LANE_CODE,RD_COND_CODE,RD_DIV_CODE,FIX_OBJ_CODE,REPORT_NO,WEATHER_CODE,ACC_DATE,ACC_TIME,LOC_CODE,SIGNAL_FLAG,C_M_ZONE_FLAG,AGENCY_CODE,AREA_CODE,HARM_EVENT_CODE1,HARM_EVENT_CODE2,RTE_NO,ROUTE_TYPE_CODE,RTE_SUFFIX,LOG_MILE,LOGMILE_DIR_FLAG,MAINROAD_NAME,DISTANCE,FEET_MILES_FLAG,DISTANCE_DIR_FLAG,REFERENCE_NO,REFERENCE_TYPE_CODE,REFERENCE_SUFFIX,REFERENCE_ROAD_NAME,LATITUDE,LONGITUDE
01,24,,01,03,01,1,01,04,00,ADI1100001,03,01-18-2015,14:26:00,,Y,N,BALTIMORE,UNK,01,00,,,,,,EDMONDSON AVE,20,F,,,,,UPLANDS PKWY,39.29288478,-76.69815302
05.02,24,,01,99,02,,01,03,00,ADI1100002,06.01,01-23-2015,08:00:00,1473,N,N,BALTIMORE,UNK,02,00,,,,,,100 BLK S.HILTON ST,20,F,,,,,3300 BLK MASACHUSETTS AVE,39.28360943,-76.67226434
05.02,24,,00,99,01,,01,01,00,ADI1100003,03,01-24-2015,08:00:00,749,N,N,BALTIMORE,UNK,01,02,,,,,,3900 BLK GLENHUNT RD,10,F,,,,,1100 BLK LYNDHURST ST,39.30010823,-76.68203831
01,24,,00,99,01,,01,02,00,ADI1100004,07.01,01-24-2015,10:00:00,820,N,N,BALTIMORE,UNK,01,02,,,,,,3800 CRANSTON AVE,20,F,,,,,800 LYNDHURST ST,39.29645508,-76.68105125
01,24,,03,03,01,1,01,04,00,ADI1100005,07.01,01-24-2015,15:00:00,1645,N,N,BALTIMORE,UNK,01,01,,,,,,2700 WEST NORTH AVE,10,F,,,,,1900 ASHBURTON ST,39.30930253,-76.66208267
03,24,,01,99,02,,01,01,00,ADI110000B,06.01,03-23-2015,23:30:00,2484,N,N,BALTIMORE,UNK,01,00,,,,,,1100 N ELLAMONT ST,150,F,,,,,WESTWOOD AVE,39.30108791,-76.66952312
01,24,,02,13,02,,01,88,00,ADI1120001,07.01,01-30-2015,11:49:00,1259,Y,N,BALTIMORE,UNK,01,01,100,MU,,0,W,W PATAPSCO AVE,0,F,W,2,MD,,POTEE ST,39.23891779,-76.61099195
01,24,,02,11,02,1,01,03,00,ADI1120002,06.01,02-06-2015,12:20:00,CAD 1187,N,N,BALTIMORE,UNK,01,01,1960,MU,,1.378,S,HOLLINS FERRY RD,0,F,S,,UU,,MARBOURNE AVE,39.25298461,-76.64666802
99,24,,01,88,02,,01,88,00,ADI1120003,07.01,02-07-2015,00:00:00,CAD 987,N,N,BALTIMORE,UNK,02,00,,,,,,SWALE AVE,40,F,,,,,SEAMON AVE.,39.25038624,-76.61753386
03,24,,02,09,02,,01,88,02,ADI1120004,06.01,02-13-2015,19:20:00,CAD 2909,N,N,BALTIMORE,UNK,01,01,4280,MU,,0.303,N,SCOTT ST,0,F,N,,UU,,CARROLL ST,39.28211464,-76.62875891
03,24,,88,03,06.03,1,88,88,00,ADI1120005,12.04,03-01-2015,00:00:00,CAD 2014,Y,N,BALTIMORE,UNK,01,01,,,,,,S MONROE ST.,20,F,,,,,WICOMICO ST.,39.27224817,-76.63822174
03,24,,01,07,02,1,01,01,00,ADI7090004,06.01,02-18-2015,18:10:00,CAD#2083,N,N,BALTIMORE,UNK,01,00,4021,MU,,2.32,E,E BIDDLE ST,300,F,E,2940,MU,,EDISON HWY,39.30516836,-76.57175124
01,24,,01,17,00,1,03,04,00,ADI7180001,06.01,01-28-2015,12:25:00,CAD#1011,N,N,BALTIMORE,UNK,09,00,173,MD,,3.565,N,PATAPSCO AVE,500,F,N,173,MD,,PENNINGTON AVE (SB COUPLET),39.23185424,-76.58788204
01,24,,01,08,02,2,01,01,00,ADI7180002,06.01,02-04-2015,14:28:00,CAD#1584,N,N,BALTIMORE,UNK,01,01,173,MD,,3.565,N,PATAPSCO AVE,50,F,N,173,MD,,PENNINGTON AVE (SB COUPLET),39.23742204,-76.60599232
01,24,,88,03,02,1,01,04,00,ADI7230001,06.01,01-08-2015,11:47:00,0857,N,N,BALTIMORE,UNK,01,00,295,MD,,0.39,N,BALTIMORE WASHINGTON PKWY,100,F,N,648,MD,E,ANNAPOLIS RD,39.26198157,-76.63562536
01,24,,03,01,02,1,01,01,00,ADI7390001,06.01,01-29-2015,16:00:00,1801,Y,N,BALTIMORE,UNK,01,01,,,,,,5104 N. CHARLES ST. ,30,F,,,,,100 GOODDALE RD.,39.3556572,-76.62403017
01,24,,01,06,02,1,01,01,00,ADI7390002,06.01,02-03-2015,16:09:00,1829,N,N,BALTIMORE,UNK,01,03,,,,,,SAINT GEORGES AVE.,0,M,,,,,E. COLD SPRING LN.,39.34488343,-76.60269454
03,24,,01,07,02,2,01,01,00,ADI7390003,06.01,02-13-2015,19:17:00,CAD#2840,Y,N,BALTIMORE,UNK,01,01,,,,,,N. CHARLES ST.,60,F,,,,,E. CLOD SPRING LN. ,39.34516798,-76.62203863
01,24,,01,03,04,1,00,01,00,ADI7390004,06.01,03-08-2015,15:00:00,CAD#2425,N,N,BALTIMORE,UNK,01,02,,,,,,LENTON AVE,30,F,,,,,GUILPIN,39.36323422,-76.6002202
01,24,,01,01,00,1,01,02,00,ADI7390005,06.01,03-21-2015,13:18:00,CAD#1012,N,N,BALTIMORE,UNK,01,01,,,,,,W. COLDSPRING ,0,M,,,,,N. CHARLES,39.34551706,-76.62298009
01,24,,01,07,02,2,01,01,00,ADI7390006,06.01,03-22-2015,14:27:00,CAD#1455,Y,N,BALTIMORE,UNK,01,01,,,,,,N. CHARLES ST. ,50,F,,,,,GITTINGS AVE. ,39.37118429,-76.62613839
01,24,,01,07,02,1,01,01,00,ADI7390007,06.01,03-28-2015,13:00:00,CAD#1289,N,N,BALTIMORE,UNK,01,02,,,,,,LENTON AVE. ,0,M,,,,,GUILPIN AVE. ,39.36314624,-76.60010889
03,24,,03,03,02,3,01,04,00,ADI7410001,00,01-31-2015,19:44:00,2589,Y,N,BALTIMORE,UNK,01,00,1703,MU,,1.53,N,N HOWARD ST,0,F,N,1,US,,NORTH AVE,39.31108936,-76.61910832
01,24,,01,99,02,,03,01,00,ADI7410002,06.01,02-13-2015,08:30:00,,N,N,BALTIMORE,UNK,01,00,,,,,,N. LOVEGROVE ST.,50,F,,,,,E. 23RD ST,39.31519205,-76.61600098
01,24,,02,11,02,2,01,01,00,ADI7410003,00,02-19-2015,08:35:00,529,Y,N,BALTIMORE,UNK,01,00,,,,,,N. HOWARD ST,0,F,,,,,W. 23RD. ST.,39.3151547,-76.61958307
99,24,,01,99,03,1,99,02,00,ADI7410004,08.04,02-28-2015,20:00:00,1007,N,N,BALTIMORE,UNK,01,00,,,,,,ST PAUL ST.,0,U,,,,,W. 26TH ST.,39.32030504,-76.61550343
01,24,,02,11,06.03,1,00,01,00,ADI7410005,00,03-06-2015,13:52:00,1232,Y,N,BALTIMORE,UNK,01,00,,,,,,N. CHARLES ST,0,F,,,,,E. 25TH ST,39.31784819,-76.61695719
01,24,,03,17,02,1,01,03,88,ADI7440001,06.01,01-15-2015,07:45:00,,N,N,BALTIMORE,UNK,03,00,1680,MU,,0.44,W,E FAYETTE ST,0,U,W,,UU,,N KENWOOD AVE,39.29456617,-76.57778621
01,24,,01,03,02,1,01,01,00,ADI7440002,06.01,01-27-2015,14:15:00,1297,N,N,BALTIMORE,UNK,01,00,150,MD,,1.15,E,EASTERN AVE,0,U,E,,UU,,BUS STOP,39.28657818,-76.56885713
01,24,,00,03,02,1,00,01,00,ADI7440003,06.01,02-06-2015,14:08:00,1575,Y,N,BALTIMORE,UNK,01,00,150,MD,,0.3,E,N HAVEN ST,0,U,E,1665,MU,,E BALTIMORE ST,39.29281212,-76.56281948
06.02,24,,00,03,01,1,01,03,00,ADI7440004,03,02-09-2015,17:57:00,CAD 2115,Y,N,BALTIMORE,UNK,01,00,1340,MU,,1.61,E,EASTERN AVE,0,U,E,2960,MU,,S ELLWOOD AVE,39.28636642,-76.57300651
03,24,,01,06,04,1,01,01,00,ADI7440005,00,02-24-2015,21:31:00,CAD#2847,N,N,BALTIMORE,UNK,02,01,144,MD,,3.37,E,PRATT ST (EB COUPLET),0,U,E,144,MD,,PRATT ST (BACK),39.28869151,-76.56489015
03,24,,01,17,00,2,01,03,08,ADI7460001,06.01,01-16-2015,23:09:00,3A32,N,N,BALTIMORE,UNK,09,00,40,US,,8.03,E,PULASKI HWY,300,F,E,150,MD,,N HAVEN ST,39.29730197,-76.56199336
03,24,,02,11,01,2,01,05.01,00,ADI7460003,03,03-27-2015,01:57:00,,Y,N,BALTIMORE,UNK,01,00,1370,MU,,2.55,E,E MONUMENT ST,0,F,E,1241,MU,,N HAVEN ST,39.29960178,-76.56384945
03,24,,01,17,01,2,03,01,02,ADI7480001,03,01-12-2015,00:15:00,28,N,N,BALTIMORE,UNK,09,09,1495,MU,,0,N,LOCH RAVEN BLVD,600,F,N,2625,MU,,GORSUCH AVE,39.32024279,-76.60495698
01,24,,03,11,02,,01,01,00,ADI7480002,06.01,02-13-2015,13:00:00,1482,Y,N,BALTIMORE,UNK,01,01,1600,MU,,0.4,W,EXETER HALL AVE,0,F,W,1490,MU,,LOCH RAVEN RD,39.32155002,-76.60353541
01,24,,02,88,03,2,01,02,00,ADI7480004,06.01,02-22-2015,15:05:00,1172,N,N,BALTIMORE,UNK,01,01,,,,,,100 W 28TH ST,0,F,,,,,2800 MACE ST,39.32178657,-76.61954284
06.02,24,,02,88,02,1,01,02,00,ADI7480005,06.01,03-27-2015,19:00:00,2669,Y,N,BALTIMORE,UNK,01,00,1710,MU,,0.682,S,MARYLAND AVE,0,F,S,,UU,,W 21ST ST,39.31314177,-76.61800861
05.02,24,,02,11,02,1,01,01,00,ADI7500001,00,02-27-2015,06:13:00,614,Y,N,BALTIMORE,UNK,01,00,3005,MU,,0,W,FAIRMOUNT AVE,0,F,W,,UU,,FAIRMOUNT AVE (BACK),39.29355319,-76.57242179
05.02,24,,01,17,03,,01,05.01,04,ADI7500002,06.01,03-06-2015,06:00:00,0337,Y,N,BALTIMORE,UNK,09,09,3040,MU,,0,E,BOSTON ST,0,U,E,1230,MU,,FLEET ST,39.28465474,-76.58699155
03,24,,02,88,02,2,01,04,02,ADI7530002,06.01,01-01-2015,16:50:00,1932,Y,N,BALTIMORE,UNK,01,01,1,US,,3.62,N,FULTON AVE (NB COUPLET),0,F,N,1900,MU,,W LAFAYETTE AVE,39.29881097,-76.64568096
01,24,,01,88,02,,01,03,00,ADI7530003,06.01,01-30-2015,13:51:00,1683,N,N,BALTIMORE,UNK,02,00,1920,MU,,1.78,E,EDMONDSON AVE,150,F,E,1810,MU,,FREMONT AVE,39.29560819,-76.63339242
01,24,,02,07,02,3,01,02,00,ADI7530004,06.01,02-01-2015,10:59:00,CAD#0971,Y,N,BALTIMORE,UNK,01,00,6169,MU,,1.275,W,W FRANKLIN ST,0,F,W,,UU,,N PAYSON ST,39.29379813,-76.64895996
01,24,,01,88,02,1,01,88,00,ADI7530005,06.01,02-01-2015,12:05:00,CAD#1123,N,N,BALTIMORE,UNK,02,00,,,,,,2200 VINE STREET,5,F,,,,,100 N. SMALLWOOD STREET,39.28980524,-76.65291756
03,24,,01,88,02,,01,01,00,ADI7530006,06.01,02-14-2015,00:33:00,CAD#0085,N,N,BALTIMORE,UNK,02,00,,,,,,1400 SMITHSON ST.,5,F,,,,,1000 N. CALHOUN ST.,39.30052439,-76.64028838
03,24,,01,01,02,1,01,03,00,ADI7530008,06.01,02-19-2015,20:36:00,CAD#2818,N,N,BALTIMORE,UNK,01,00,1900,MU,,0.12,E,W LAFAYETTE AVE,100,F,E,2030,MU,,POPLAR GROVE ST,39.29801807,-76.66540593
03,24,,03,08,01,1,01,04,00,ADI753000B,03,03-04-2015,20:20:00,CAD#2431,Y,N,BALTIMORE,UNK,01,00,2210,MU,,0.228,W,W NORTH AVE,5,F,W,,UU,,N SMALLWOOD ST,39.30958477,-76.65274054
05.02,24,,03,88,02,1,01,03,00,ADI753000C,06.01,03-10-2015,07:05:00,CAD#0903,Y,N,BALTIMORE,UNK,01,00,1041,MU,,0.78,E,ECHODALE AVE,5,F,E,147,MD,,HARFORD RD,39.3501636,-76.56336263
01,24,,01,88,02,1,01,03,00,ADI753000D,06.01,03-16-2015,13:30:00,CAD#1326,N,N,BALTIMORE,UNK,02,00,4005,MU,,0.325,S,PENNSYLVANIA AVE,10,F,S,1,US,,NORTH AVE,39.31017416,-76.6425696
01,24,,02,11,02,1,01,03,00,ADI753000G,06.01,03-30-2015,12:58:00,CAD#1187,Y,N,BALTIMORE,UNK,01,00,4005,MU,,0.566,S,PENNSYLVANIA AVE,0,F,S,,UU,,GOLD ST,39.30749697,-76.63944483
01,24,,01,17,02,,01,01,00,ADJ1320001,06.01,02-10-2015,16:22:00,CAD:1746,N,N,BALTIMORE,UNK,02,01,,,,,,W. WEST ST,100,F,,,,,S. HANOVER ST ,39.27553766,-76.61590844
06.02,24,,01,03,02,1,01,04,00,ADJ1330001,06.01,03-08-2015,19:20:00,172,N,N,BALTIMORE,UNK,01,01,1221,MU,,0,E,BOSTON ST,50,F,E,,UU,,LAKEWOOD AVE,39.28049108,-76.58012778
01,24,,01,06,02,,01,03,00,ADJ1340001,06.01,01-01-2015,16:00:00,CAD#1878,N,N,BALTIMORE,UNK,00,02,,,,,,400 BLK S WICKHAM,50,F,,,,,4900 CEDAR GARDEN RD,39.27934087,-76.6957283
01,24,,00,02,01,,01,03,00,ADJ1340002,03,01-12-2015,13:00:00,,Y,N,BALTIMORE,UNK,01,00,372,MD,,0.39,E,WILKENS AVE,1,F,E,1,US,,WILKENS AVE,39.27257209,-76.67523623
01,24,,01,88,01,1,01,04,00,ADJ1340003,03,01-18-2015,10:00:00,1091,N,N,BALTIMORE,UNK,03,01,1023,MU,,1.501,E,GWYNNS FALLS PKWY,100,F,E,,UU,,N WARWICK AVE,39.31536636,-76.65354252
03,24,,01,07,03,2,01,02,00,ADJ1340005,10.04,02-14-2015,19:45:00,2469,Y,N,BALTIMORE,UNK,01,01,,,,,,CATON AVE,2,F,,,,,WILKENS AVE,39.26650869,-76.66753292
03,24,,01,06,03,1,01,01,00,ADJ1340007,08.04,03-06-2015,22:37:00,52648,N,N,BALTIMORE,UNK,02,00,,,,,,RANDOM RD,1,F,,,,,WILLISTON ST,39.27812835,-76.70176864
03,24,,01,03,02,1,01,03,00,ADJ1340008,06.01,03-07-2015,23:34:00,62835,N,N,BALTIMORE,UNK,01,02,,,,,,N. HILTON ST,20,F,,,,,MASSACHUSETTS,39.28364265,-76.67215705
01,24,,01,06,02,1,01,01,00,ADJ1340009,06.01,03-12-2015,12:30:00,CAD#1262,N,N,BALTIMORE,UNK,02,00,,,,,,S. MONASTARY,200,F,,,,,OLD FREDERICK,39.28371324,-76.68105125
01,24,,01,06,02,1,01,04,00,ADJ134000B,06.01,03-25-2015,08:30:00,40557,N,Y,BALTIMORE,UNK,01,00,1920,MU,,0,E,EDMONDSON AVE,1,U,E,40,US,,FRANKLIN ST,39.29380643,-76.6862601
01,24,,01,99,02,1,01,02,00,ADJ134000C,06.01,03-25-2015,13:20:00,41145,N,N,BALTIMORE,UNK,02,00,,,,,,HILTON AVE,20,F,,,,,EDMONSON AVE,39.2950768,-76.67281151
03,24,,10.04,07,01,3,01,02,00,ADJ1410001,03,01-24-2015,03:49:00,121,N,N,BALTIMORE,UNK,01,01,,,,,,MULBERRY,10,F,,,,,STATE,39.29395693,-76.62028313
03,24,,03,03,01,3,01,02,00,ADJ1410003,03,01-26-2015,05:41:00,111,Y,N,BALTIMORE,UNK,01,00,2,MD,,4,N,LIGHT ST,10,F,N,1392,MU,,E PRATT ST,39.28659894,-76.61354542
03,24,,03,03,01,1,01,04,00,ADJ1410004,06.01,01-30-2015,06:13:00,122,Y,N,BALTIMORE,UNK,01,01,,,,,,100 MARTIN LUTHER KING JR BLVD,5,F,,,,,600 W FAYETTE ST,39.29011974,-76.62764311
03,24,,01,03,01,,01,04,00,ADJ1410005,03,02-02-2015,03:10:00,142,N,N,BALTIMORE,UNK,01,02,,,,,,83 NORTH,1,M,,,,,CHASE ST,39.30287287,-76.61137819
03,24,,03,07,03,1,00,01,00,ADJ1410006,07.01,03-05-2015,23:48:00,2199,Y,N,BALTIMORE,UNK,01,00,4005,MU,,1.605,S,PENNSYLVANIA AVE,20,F,S,6020,MU,,MARTIN LUTHER KING JR BLVD,39.29661284,-76.62607938
03,24,,02,11,02,3,01,01,00,ADJ1410007,00,03-07-2015,05:55:00,60605,Y,N,BALTIMORE,UNK,01,00,295,MD,,3.5,N,PACA ST (NB COUPLET),0,F,N,1695,MU,,W SARATOGA ST,39.2926938,-76.622504
03,24,,00,07,02,1,01,02,00,ADJ1430001,06.01,03-27-2015,22:39:00,63235,N,N,BALTIMORE,UNK,02,02,,,,,,N. STREEPER ST,15,F,,,,,E. MADISON ST,39.29992143,-76.57742947
03,24,,02,11,02,1,01,04,00,ADJ1430002,06.01,03-28-2015,01:42:00,70251,Y,N,BALTIMORE,UNK,01,00,1370,MU,,2.044,E,E MONUMENT ST,0,F,E,,UU,,LONEYS LA,39.29921987,-76.57264709
00,24,,01,07,99,1,01,01,00,ADJ1450001,99,01-20-2015,09:00:00,1324,N,N,BALTIMORE,UNK,02,00,2000,MU,,0,E,BAKER ST,75,F,E,,UU,,N POPLAR GROVE STREET,39.30593627,-76.66474342
99,24,,01,07,02,1,01,01,00,ADJ1450002,99,01-20-2015,13:08:00,1405,N,N,BALTIMORE,UNK,02,00,,,,,,WINDSOR AVENUE,150,F,,,,,ROSEDALE STREET,39.31225358,-76.6683054
01,24,,01,07,02,1,01,02,00,ADJ1450003,06.01,01-28-2015,08:29:00,CAD 573,N,N,BALTIMORE,UNK,01,00,,,,,,1900 EDGEWOOD STREET ,200,F,,,,,3400 W. NORTH AVE,39.30952147,-76.67592287
01,24,,01,11,02,4,01,00,14.05,ADJ1450004,06.01,01-28-2015,12:19:00,CAD 1172,N,N,BALTIMORE,UNK,09,00,40,US,,0.43,E,EDMONDSON AVE,10,F,E,2310,MU,,EDMONDSON AVE,39.29427141,-76.66595042
03,24,,02,17,00,1,01,02,00,ADJ1450005,00,02-11-2015,18:47:00,2671,N,N,BALTIMORE,UNK,03,03,,,,,,OLD FREDERICK RD,0,F,,,,,100 S. KOSSUTH,39.28376307,-76.67849779
03,24,,01,17,00,1,01,03,00,ADJ1450006,00,02-11-2015,19:15:00,2730,N,N,BALTIMORE,UNK,03,00,4465,MU,,0.273,S,S HILTON ST,75,F,S,,UU,,FREDHILTON PASS,39.28198176,-76.67211413
01,24,,02,15,00,1,01,03,00,ADJ1450007,00,02-11-2015,16:45:00,2050,N,N,BALTIMORE,UNK,01,01,,,,,,5000 DICKEY HILL LANE,0,F,,,,,TUCKER LANE,39.3115812,-76.70120001
00,24,,02,07,03,,01,01,00,ADJ1450008,08.04,02-18-2015,19:00:00,CAD 2437,N,N,BALTIMORE,UNK,02,00,,,,,,1600 BLOOMINGDALE STREET ,0,F,,,,,2900 BRIGHTON STEET ,39.30527,-76.66702
05.02,24,,01,09,00,1,01,02,00,ADJ1450009,00,02-24-2015,18:30:00,CAD 2699,N,N,BALTIMORE,UNK,01,00,,,,,,3700 OLD FREDRICK RD,150,F,,,,,100 S KOSSUTH ST,39.28390216,-76.67833351
04,24,,02,11,00,1,01,01,00,ADJ145000B,06.01,02-25-2015,20:25:00,CAD 2691,Y,N,BALTIMORE,UNK,01,00,,,,,,N. HILTON ST,0,F,,,,,ELGIN AVE,39.31317913,-76.67259693
01,24,,02,11,01,1,01,01,00,ADJ145000C,03,03-14-2015,13:40:00,1317,N,N,BALTIMORE,UNK,01,01,,,,,,1100 STAMFORD RD,0,F,,,,,5000 VALLEYBROOK RD,39.29715459,-76.71089083
01,24,,02,88,02,1,01,01,99,ADJ145000D,06.01,03-28-2015,10:37:00,913,N,N,BALTIMORE,UNK,03,00,,,,,,300 MILLINGTON ST,0,F,,,,,2500 ASHTON ST.,39.28014021,-76.65645003
03,24,,01,03,01,3,00,04,00,ADJ1470001,03,01-04-2015,06:50:00,522,N,N,BALTIMORE,UNK,02,00,1021,MU,,0.99,N,E NORTHERN PKWY,0,F,N,,UU,,CLEARSPRING RD,39.36490743,-76.60881668
03,24,,00,99,02,1,00,01,00,ADJ1470002,00,01-04-2015,18:00:00,527,N,N,BALTIMORE,UNK,02,00,139,MD,,1.73,N,N CHARLES ST,0,U,N,1112,MU,,E 39TH ST,39.33642281,-76.61823794
01,24,,00,88,03,1,01,02,00,ADJ1470005,08.04,02-21-2015,14:30:00,1187,N,N,BALTIMORE,UNK,01,02,,,,,,E 38TH ST,50,F,,,,,ELLERSLIE AVE,39.33561685,-76.60646975
03,24,,01,88,06.03,,01,88,11,ADJ1550001,09.04,01-07-2015,01:15:00,CAD#110,N,N,BALTIMORE,UNK,02,09,,,,,,SAINT REGIS ROAD,10,F,,,,,DARIEN ROAD,39.32614799,-76.53196335
03,24,,02,04,01,2,01,03,00,ADJ1600002,06.01,01-06-2015,19:15:00,,N,N,BALTIMORE,UNK,01,02,173,MD,,4.442,N,PATAPSCO AVE,0,F,N,,UU,,5TH ST,39.2368819,-76.6039753
00,24,,02,11,01,1,01,00,00,ADJ1600003,08.04,01-21-2015,17:15:00,1967,N,N,BALTIMORE,UNK,02,00,6154,MU,,0.587,N,FAIRHAVEN AVE,0,F,N,,UU,,SASSAFRAS AVE,39.23133068,-76.59059644
01,24,,02,07,02,1,01,02,00,ADJ1600004,06.01,02-16-2015,13:00:00,CAD# 999,Y,N,BALTIMORE,UNK,01,00,1,US,,9.45,S,MONROE ST (SB COUPLET),0,F,S,,UU,,MCHENRY ST,39.28423226,-76.64668679
99,24,,02,17,03,,01,00,02,ADJ1600005,08.04,02-22-2015,07:00:00,CAD#323,Y,N,BALTIMORE,UNK,00,00,144,MD,,3.684,E,PRATT ST (EB COUPLET),0,F,E,1,US,,MONROE ST (SB COUPLET),39.28504607,-76.64658219
01,24,,02,99,01,1,00,02,00,ADJ1600006,00,03-02-2015,14:00:00,CAD# 135,N,N,BALTIMORE,UNK,01,01,144,MD,,0.1,W,W LOMBARD ST (WB COUPLET),0,F,W,1,US,,MONROE ST (SB COUPLET),39.28604257,-76.64823174
01,24,,03,17,02,2,00,02,00,ADJ1600007,06.01,03-12-2015,18:45:00,CAD12507,N,N,BALTIMORE,UNK,03,00,1,US,,9.45,S,MONROE ST (SB COUPLET),20,F,S,,UU,,MCHENRY ST,39.28422395,-76.64674044
03,24,,02,11,01,1,01,02,00,ADJ1600008,00,03-14-2015,21:15:00,CAD32594,Y,N,BALTIMORE,UNK,01,00,1,US,,9.45,S,MONROE ST (SB COUPLET),0,F,S,,UU,,MCHENRY ST,39.28424887,-76.64667606
03,24,,01,07,02,1,01,01,00,ADJ1600009,00,03-21-2015,21:00:00,CAD2478,N,N,BALTIMORE,UNK,02,02,1875,MU,,0.448,S,S CAREY ST,25,F,S,,UU,,HERKIMER ST,39.28154993,-76.63802862
03,24,,01,08,03,2,01,02,00,ADJ1620001,09.04,01-29-2015,16:56:00,2043,N,N,BALTIMORE,UNK,01,01,1613,MU,,0.325,E,E 28TH ST,0,U,E,,UU,,BARCLAY ST,39.32214761,-76.61212921
01,24,,02,11,02,1,01,03,00,ADG9000001,06.01,01-28-2015,16:08:00,1916,Y,N,BALTIMORE,UNK,01,01,1680,MU,,0.746,W,E FAYETTE ST,0,F,W,,UU,,N MONTFORD AVE,39.29432123,-76.5834403
03,24,,01,08,01,,01,02,00,ADG9000002,03,02-09-2015,22:28:00,2952,N,N,BALTIMORE,UNK,02,02,1665,MU,,1.721,E,E BALTIMORE ST,150,F,E,,UU,,N MONTFORD AVE,39.29258375,-76.58331424
03,24,,01,03,04,2,01,01,00,ADG9000003,06.01,02-23-2015,23:15:00,CAD# 289,N,N,BALTIMORE,UNK,02,02,1680,MU,,0.25,W,E FAYETTE ST,0,F,W,,UU,,N DECKER AVE,39.29465923,-76.57436237
01,24,,01,03,02,1,01,03,00,ADG9000004,06.01,03-09-2015,12:30:00,CAD#1118,N,N,BALTIMORE,UNK,02,02,6363,MU,,0.35,W,E LOMBARD ST,0,F,W,2965,MU,,S HIGHLAND AVE,39.29133902,-76.56952232
01,24,,08.04,11,02,1,01,03,00,ADG9000005,06.01,03-29-2015,11:25:00,CAD#0939,N,N,BALTIMORE,UNK,01,01,150,MD,,0.38,E,LOMBARD ST,50,F,E,1240,MU,,S HAVEN ST,39.29166488,-76.56205773
03,24,,09.04,06,02,2,01,01,00,ADG9020001,06.01,01-19-2015,23:37:00,,N,N,BALTIMORE,UNK,02,00,2610,MU,,0.793,W,WINSTON AVE,100,F,W,,UU,,WHITEFORD AVE,39.34970159,-76.61550879
04,24,,03,17,02,3,01,04,11,ADG9020002,06.01,01-28-2015,19:00:00,2625,N,N,BALTIMORE,UNK,09,00,500,MU,,0.89,W,E 33RD ST,50,F,W,1111,MU,,ELLERSLIE AVE,39.32849665,-76.60339594
03,24,,01,17,01,1,01,01,07,ADG9090001,03,01-04-2015,01:40:00,9A22,N,N,BALTIMORE,UNK,11,09,1630,MU,,0.247,E,WATERVIEW AVE,75,F,E,,UU,,WESTPORT ST,39.26060261,-76.63760483
05.02,24,,03,88,02,2,01,04,04,ADG9090002,06.01,01-23-2015,06:50:00,CAD#0506,Y,N,BALTIMORE,UNK,09,15,1630,MU,,0,E,WATERVIEW AVE,10,F,E,1960,MU,,KLOMAN STREET,39.25878957,-76.63398653
03,24,,01,17,03,2,01,04,05,ADG9090003,08.04,02-17-2015,00:40:00,CAD#0052,N,N,BALTIMORE,UNK,09,00,295,MD,,0,N,BALTIMORE WASHINGTON PKWY,400,F,N,,UU,,BALTIMORE CO/L,39.25258219,-76.63905792
03,24,,01,01,02,1,01,01,00,ADG9090004,06.01,03-15-2015,00:40:00,,N,N,BALTIMORE,UNK,01,00,4345,MU,,0,S,ROUND RD,100,F,S,6153,MU,,SEAMON AVE (BACK),39.25177787,-76.62735075
03,24,,00,88,02,1,01,01,00,ADG9090005,00,03-30-2015,01:50:00,0196,N,N,BALTIMORE,UNK,01,00,,,,,,2800 HOLLINS FERRY ROAD,40,F,,,,,WEGWORTH LANE,39.25499927,-76.64636761
01,24,,01,99,01,,01,01,00,ADG9140001,03,01-03-2015,12:50:00,,N,N,BALTIMORE,UNK,02,00,2945,MU,,1.026,S,N MILTON AVE,20,F,S,,UU,,MCELDERRY ST,39.2979801,-76.5829017
00,24,,01,03,02,,01,04,00,ADG9140002,06.01,02-02-2015,22:56:00,CAD#2986,N,N,BALTIMORE,UNK,01,02,1440,MU,,0.59,N,S BROADWAY,10,F,N,1390,MU,,E LOMBARD ST,39.2902609,-76.59367561
03,24,,03,01,01,1,01,04,00,ADG9140004,03,03-19-2015,22:16:00,CAD#8319,N,N,BALTIMORE,UNK,01,01,,,,,,BROADWAY,5,F,,,,,FAYETTE ST,39.29401401,-76.59411013
03,24,,03,05,02,1,01,02,00,ADG9230001,06.01,01-14-2015,04:29:00,,N,N,BALTIMORE,UNK,01,02,,,,,,2200 LONGWOOD  STREET,10,F,,,,,3000 WINDSOR  AVE,39.31227848,-76.66772604
03,24,,00,06,00,1,01,01,00,ADG9230002,06.01,01-15-2015,06:34:00,,N,N,BALTIMORE,UNK,02,02,,,,,,3800 CLIFTON  AVE,300,F,,,,,LYNHURST ST,39.31142348,-76.68320775