LIGHT_CODE,COUNTY_NO,MUNI_CODE,JUNCTION_CODE,COLLISION_TYPE_CODE,SURF_COND_CODE,LANE_CODE,RD_COND_CODE,RD_DIV_CODE,FIX_OBJ_CODE,REPORT_NO,WEATHER_CODE,ACC_DATE,ACC_TIME,LOC_CODE,SIGNAL_FLAG,C_M_ZONE_FLAG,AGENCY_CODE,AREA_CODE,HARM_EVENT_CODE1,HARM_EVENT_CODE2,RTE_NO,ROUTE_TYPE_CODE,RTE_SUFFIX,LOG_MILE,LOGMILE_DIR_FLAG,MAINROAD_NAME,DISTANCE,FEET_MILES_FLAG,DISTANCE_DIR_FLAG,REFERENCE_NO,REFERENCE_TYPE_CODE,REFERENCE_SUFFIX,REFERENCE_ROAD_NAME,LATITUDE,LONGITUDE
01,24,,02,08,00,1,01,01,00,ADG9230004,06.01,02-11-2015,17:20:00,2299,N,N,BALTIMORE,UNK,02,02,,,,,,611 BRAESIDE  RD,0,F,,,,,4600 EDMONDSON AVE,39.28816007,-76.71039462
01,24,,02,07,02,1,01,01,00,ADG9230006,06.01,02-18-2015,11:02:00,844,Y,N,BALTIMORE,UNK,01,01,,,,,,3000 WALBROOK AVE,0,F,,,,,1900 N LONGWOOD,39.3101285,-76.66755438
03,24,,02,11,01,1,01,02,00,ADG9230007,03,03-14-2015,04:30:00,30494,N,N,BALTIMORE,UNK,01,01,,,,,,2100 ASHBURTON  AVE,0,F,,,,,2900 CLIFTON AVE,39.31141518,-76.66235089
03,24,,03,11,01,1,01,01,00,ADG9230008,03,03-14-2015,02:00:00,,N,N,BALTIMORE,UNK,01,01,,,,,,2800 FRANKLIN  RD,5,F,,,,,300 FRANKLINTOWN  RD.,39.29326673,-76.6625011
03,24,,01,07,06.03,1,01,03,00,ADG9310001,12.04,03-01-2015,17:30:00,CAD#1891,N,N,BALTIMORE,UNK,01,01,,,,0,E,E. FAYETTE ST,150,F,E,,,,N. CENTRAL AVE,39.29265644,-76.59945309
01,24,,03,03,02,2,01,02,00,ADG9310002,06.01,03-12-2015,10:05:00,CAD10864,Y,N,BALTIMORE,UNK,01,01,1611,MU,,0.45,E,W 28TH ST,10,F,E,2710,MU,,SISSON ST,39.31932563,-76.62543297
01,24,,01,17,01,1,01,02,15.05,ADG9310003,03,03-14-2015,15:00:00,CAD#1481,N,N,BALTIMORE,UNK,09,00,83,IS,,6.67,N,JONES FALLS EXPWY,0,U,N,,UU,,STRUC #BC3127 LIGHT RAIL,39.31925923,-76.63030386
03,24,,01,17,04,2,01,01,00,ADG9470001,07.01,01-10-2015,19:40:00,CAD#2187,N,N,BALTIMORE,UNK,09,00,40,US,,7.101,E,ORLEANS ST,0,U,E,,UU,,N GLOVER ST,39.29572028,-76.57996953
03,24,,03,11,02,1,01,01,00,ADG9470002,07.01,01-10-2015,18:50:00,CAD#1953,Y,N,BALTIMORE,UNK,01,01,40,US,,7.67,E,PULASKI HWY,0,F,E,2971,MU,,N HIGHLAND AVE,39.2960389,-76.56964704
06.02,24,,01,99,02,,01,01,00,ADG9470003,07.01,01-17-2015,17:00:00,CAD#2189,N,N,BALTIMORE,UNK,02,00,1340,MU,,2.021,E,EASTERN AVE,0,U,E,,UU,,S EATON ST,39.28669028,-76.56527907
99,24,,01,99,99,,01,01,00,ADG9470004,00,02-06-2015,13:46:00,CAD#1665,N,N,BALTIMORE,UNK,02,00,1392,MU,,1.03,E,E PRATT ST,30,F,E,4250,MU,,S CAROLINE ST,39.28905688,-76.59699887
03,24,,03,07,99,1,99,02,00,ADG9470005,99,03-05-2015,02:30:00,CAD#1438,N,N,BALTIMORE,UNK,02,00,,,,,,200 BLK S. COLLINGTON ST.,20,F,,,,,2200 BLK GOUGH ST.,39.2879369,-76.58598103
01,24,,03,11,03,1,01,01,00,ADG9470006,06.01,03-06-2015,17:30:00,CAD#1797,Y,N,BALTIMORE,UNK,01,00,1390,MU,,0.192,W,E LOMBARD ST,10,F,W,,UU,,S CASTLE ST,39.29061276,-76.58813886
01,03,,05.01,03,04,,01,02,00,ADG9480001,03,01-18-2015,07:41:00,,N,N,BALTIMORE,UNK,01,09,,,,,,COLDSPRING LN.,10,F,,,,,I 83 SB,39.34474425,-76.64792597
01,03,,05.01,17,04,,01,02,05,ADG9480002,03,01-18-2015,07:41:00,CAD#0813,N,N,BALTIMORE,UNK,09,00,,,,,,1900 WEST COLDSPRING ,10,F,,,,,I 83 SB,39.3440307,-76.64753169
01,03,,02,17,04,1,01,01,23.03,ADG9480003,03,01-18-2015,10:06:00,,Y,N,BALTIMORE,UNK,09,00,,,,,,5800 CROSS COUNTRY BLVD.,0,F,,,,,2200 CREST RD.,39.36598159,-76.66441619
01,24,,01,03,02,1,01,01,00,ADG9480005,08.04,01-26-2015,10:41:00,CAD#0828,N,N,BALTIMORE,UNK,01,00,,,,,,3310 N. CALVERT ST.,10,F,,,,,200 E. 34TH ST.,39.32886181,-76.61522985
01,24,,02,08,04,1,00,01,00,ADG9480006,00,02-06-2015,11:20:00,1063,Y,N,BALTIMORE,UNK,01,00,,,,0,E,EAST 36TH ,0,F,E,,,,REECE ,39.32357516,-76.60520911
01,24,,01,03,02,,01,02,00,ADG9480007,00,02-07-2015,12:06:00,1254,N,N,BALTIMORE,UNK,01,00,,,,,,1330 SMITH AVE.,10,F,,,,,OLIVER ST.,39.3689064,-76.64942265
01,24,,01,88,02,1,01,02,00,ADG9480008,00,02-06-2015,11:46:00,CAD#1162,N,N,BALTIMORE,UNK,03,00,,,,,,2612 LOYOLA SOUTHWAY,10,F,,,,,PALL MALL RD.,39.33700263,-76.66170716
01,24,,02,08,02,1,01,01,00,ADG9480009,06.01,02-08-2015,11:00:00,CAD# 967,Y,N,BALTIMORE,UNK,01,01,1701,MU,,0,N,WYMAN PARK DR,0,F,N,1615,MU,,W 29TH ST,39.32323487,-76.62014365
03,03,,01,08,03,3,00,02,00,ADG948000B,08.04,02-14-2015,19:30:00,CAD#2510,N,N,BALTIMORE,UNK,01,00,83,IS,,0,N,JONES FALLS EXPWY,0,F,N,,UU,,BALTO CITY LINE,39.33167511,-76.64185345
07.88,24,,01,88,03,1,01,03,00,ADG948000C,08.04,03-06-2015,00:00:00,CAD#2301,N,N,BALTIMORE,UNK,02,01,1101,MU,,1.686,N,ARGONNE DR,10,F,N,,UU,,NORTH HILL RD,39.33800046,-76.60246789
01,24,,02,11,02,1,01,88,00,ADG948000F,00,03-11-2015,09:00:00,CAD#0713,Y,N,BALTIMORE,UNK,01,01,1101,MU,,1.49,N,ARGONNE DR,0,F,N,467,MU,,THE ALAMEDA,39.34003964,-76.60041332
03,24,,01,17,02,1,01,04,11,ADG948000R,06.01,01-01-2015,18:30:00,CAD#2215,N,N,BALTIMORE,UNK,09,00,467,MU,,0.684,N,THE ALAMEDA,10,F,N,,UU,,SPRINGFIELD AVE,39.34227997,-76.60017729
01,24,,01,88,02,1,01,01,00,ADG948000S,06.01,01-01-2015,15:30:00,CAD#1614,N,N,BALTIMORE,UNK,02,01,,,,,,600 EAST 34TH,100,F,,,,,3400 OLD YORK ROAD,39.32979959,-76.60701156
03,24,,01,00,02,3,01,02,00,ADG9510002,06.01,01-24-2015,23:00:00,,N,N,BALTIMORE,UNK,01,02,139,MD,,0.67,N,N CHARLES ST,100,F,N,,UU,,E 27TH ST,39.32076983,-76.61706448
01,03,,01,03,04,1,00,01,00,ADG9670001,12.04,02-20-2015,17:00:00,1343,N,N,BALTIMORE,UNK,02,00,,,,,,4200 GELSTON DR,80,F,,,,,600 N. AUGUSTA AVE,39.29550025,-76.68498874
03,03,,01,03,01,1,01,01,00,ADG9670002,06.01,03-08-2015,21:20:00,2560,N,N,BALTIMORE,UNK,02,00,,,,,,200 NORTH BEND RD,150,F,,,,,5200 HILLWELL RD,39.28287865,-76.70654297
03,24,,88,17,06.03,3,88,02,15.05,ADI1120006,12.04,03-01-2015,21:26:00,CAD 2302,N,N,BALTIMORE,UNK,09,00,295,MD,,2.529,N,RUSSELL ST,50,F,N,295,RP,,RAMP 1 FR MD 295 NB TO IS 395A WB,39.27013849,-76.6330719
01,24,,03,88,02,,01,88,00,ADI1120007,07.01,03-11-2015,10:00:00,CAD00895,Y,N,BALTIMORE,UNK,03,00,,,,,,DENHAM CIR N,10,F,,,,,SPELMAN RD,39.24584769,-76.62847996
01,24,,01,88,02,1,01,88,00,ADI1140001,06.01,01-16-2015,15:15:00,,N,N,BALTIMORE,UNK,01,00,129,MD,,6.21,N,PARK HEIGHTS AVE,100,F,N,2825,MU,,CLARKS LA,39.36208614,-76.69934794
01,24,,01,88,04,1,01,04,08,ADI1140002,08.04,01-19-2015,08:40:00,542,N,N,BALTIMORE,UNK,09,00,10,MU,,2.68,W,WABASH AVE,50,F,W,2150,MU,,PATTERSON AVE,39.35275879,-76.70763731
01,03,,01,11,02,1,01,00,00,ADI1140004,00,01-29-2015,14:00:00,CAD#1532,N,N,BALTIMORE,UNK,03,00,513,CO,,0,N,CLARKS LA,10,F,N,6782,CO,,NICODEMUS RD,39.35976038,-76.70336723
01,03,,01,11,02,1,01,01,00,ADI1140005,00,02-05-2015,11:13:00,1030,N,N,BALTIMORE,UNK,03,00,140,MD,,0,N,REISTERSTOWN RD,0,F,N,,UU,,BALTO CITY LINE,39.35946175,-76.70975089
03,03,,01,03,02,1,01,02,00,ADI1140006,00,02-10-2015,21:25:00,2795,N,N,BALTIMORE,UNK,02,00,1576,CO,,1.38,S,SEVEN MILE LA,25,M,S,,UU,,BALTO CITY LINE,39.36880169,-76.70554519
03,03,,01,07,02,2,01,88,00,ADI1140007,06.01,02-11-2015,18:23:00,2557,N,N,BALTIMORE,UNK,01,00,,,,,,6800 PARK HEIGHTS AVE,30,F,,,,,3400 LABYRINTH RD,39.36362589,-76.70136094
03,03,,02,11,02,1,01,01,00,ADI1140008,00,02-12-2015,18:12:00,2513,Y,N,BALTIMORE,UNK,01,00,,,,,,3800 ROGERS AVE,0,F,,,,,5500 NARCISSUS AVE,39.35034457,-76.68570757
99,03,,01,99,02,,01,00,00,ADI1140009,06.01,02-17-2015,19:30:00,CAD#188,N,N,BALTIMORE,UNK,01,00,,,,,,7202 VALLEY COUNTRY COURT,15,F,,,,,3800 7 MILE LANE,39.36555027,-76.71068028
01,03,,01,88,02,1,01,01,00,ADI114000B,06.01,03-17-2015,13:45:00,CAD#1409,N,N,BALTIMORE,UNK,01,01,1861,CO,,0,E,PATTERSON AVE,30,F,E,26,MD,,LIBERTY RD,39.3542106,-76.70469761
01,03,,01,00,02,,01,88,00,ADI114000C,00,03-18-2015,10:00:00,CAD#0878,N,N,BALTIMORE,UNK,02,00,140,MD,,0.03,N,REISTERSTOWN RD,16,F,N,,UU,,ENT TO BUSINESS,39.35738788,-76.7053628
05.02,24,,02,17,02,1,01,03,10,ADI1170001,06.01,03-16-2015,06:10:00,CAD50347,Y,N,BALTIMORE,UNK,09,09,2710,MU,,0.49,N,SISSON ST,0,F,N,,UU,,WYMAN PARK RD,39.32191522,-76.62756801
01,24,,01,03,02,1,01,03,00,ADI1180001,06.01,01-28-2015,14:50:00,1662,N,N,BALTIMORE,UNK,01,00,1515,MU,,0.145,N,E 21TH  ST,20,F,N,,UU,,2000 BLK CALVERT ,39.31333269,-76.61377072
99,24,,01,88,99,2,00,04,00,ADI1370001,99,01-26-2015,07:20:00,CAD 497,N,N,BALTIMORE,UNK,01,00,40,US,,6.198,E,ORLEANS ST,15,F,E,4252,MU,,N CAROLINE ST,39.29496886,-76.5973556
01,24,,03,12,02,1,00,01,00,ADI1370002,00,01-28-2015,08:57:00,CAD#626,Y,N,BALTIMORE,UNK,01,01,1390,MU,,0.085,W,E LOMBARD ST,5,F,W,,UU,,S COLLINGTON AVE,39.29064619,-76.58612922
01,24,,02,11,02,1,01,02,00,ADI1370004,06.01,02-03-2015,08:16:00,CAD484,Y,N,BALTIMORE,UNK,01,00,1390,MU,,0.898,W,E LOMBARD ST,0,F,W,,UU,,LLOYD ST,39.28964955,-76.60114288
03,24,,03,11,04,1,01,02,00,ADI1370005,09.04,03-01-2015,20:52:00,CAD2238,Y,N,BALTIMORE,UNK,01,01,,,,,,GOUGH ST,5,F,,,,,S. REGISTER ST,39.28766184,-76.59240961
01,24,,03,88,01,2,00,01,00,ADI1370006,03,03-14-2015,11:24:00,CAD31055,Y,N,BALTIMORE,UNK,01,00,1410,MU,,1.38,S,N PATTERSON PARK AVE,5,F,S,1680,MU,,E FAYETTE ST,39.29425688,-76.5848887
01,24,,02,11,02,1,01,02,04,ADI1370007,00,03-27-2015,09:58:00,CAD60872,Y,N,BALTIMORE,UNK,01,01,1392,MU,,0.948,E,E PRATT ST,0,F,E,,UU,,S EDEN ST,39.28903093,-76.59855723
01,24,,01,07,02,1,01,02,00,ADI1370008,06.01,03-28-2015,15:30:00,CAD1273,N,N,BALTIMORE,UNK,01,01,6040,MU,,0,E,LANCASTER ST,30,F,E,,UU,,S ANN ST,39.28260875,-76.59202337
03,24,,01,17,02,1,01,01,00,ADI1390001,00,01-16-2015,19:44:00,,N,N,BALTIMORE,UNK,03,00,1357,MU,,0.34,N,ENSOR ST,0,U,N,1360,MU,,E MADISON ST,39.29890437,-76.60401821
03,24,,02,08,04,1,01,03,00,ADI1390002,06.01,03-02-2015,20:42:00,,Y,N,BALTIMORE,UNK,00,00,1,US,,6.76,N,NORTH AVE,0,F,N,1170,MU,,AISQUITH ST,39.31173062,-76.60256445
03,24,,02,11,03,1,01,02,00,ADI1400001,08.04,01-07-2015,20:00:00,2209,Y,N,BALTIMORE,UNK,01,00,,,,,,ST PAUL ST,0,F,,,,,E 29TH ST,39.32324317,-76.61572874
03,24,,02,99,03,1,01,02,00,ADI1400002,08.04,02-23-2015,18:28:00,CAD#2189,N,N,BALTIMORE,UNK,01,02,,,,,,ELM AVE,0,F,,,,,MILL RD,39.32469456,-76.63108572
01,03,,02,13,01,1,01,03,00,ADI1400003,03,03-14-2015,10:08:00,CAD#0783,Y,N,BALTIMORE,UNK,00,01,,,,,,W UNIVERSITY PKWY,0,F,,,,,W 39TH ST,39.33596641,-76.62325166
01,24,,02,11,01,2,01,02,02,ADI1540001,03,01-03-2015,14:00:00,1260,Y,N,BALTIMORE,UNK,00,00,1391,MU,,0.304,E,W PRATT ST,0,F,E,,UU,,S CALHOUN ST,39.28551007,-76.63935229
99,24,,01,99,03,1,99,01,00,ADI1540002,08.04,02-15-2015,00:00:00,598,N,N,BALTIMORE,UNK,01,00,173,MD,,4.623,N,PATAPSCO AVE,50,F,N,,UU,,3RD ST,39.23755292,-76.60713762
03,24,,01,08,02,2,00,01,00,ADI1540003,00,03-20-2015,23:34:00,3202,N,N,BALTIMORE,UNK,02,00,2,MD,,1.62,N,HANOVER ST,0,M,N,2,MD,,HANOVER ST (NB COUPLET) (BACK),39.23974616,-76.60893135
01,24,,03,08,01,1,01,03,08,ADI7540002,06.01,02-25-2015,08:30:00,CAD#0515,Y,N,BALTIMORE,UNK,01,09,45,MD,,3.29,N,YORK RD,5,F,N,,UU,,BENNINGHAUS RD,39.35859073,-76.60991907
01,24,,03,03,00,1,01,03,00,ADI7540003,06.01,02-25-2015,13:00:00,CAD#1238,N,N,BALTIMORE,UNK,01,00,2165,MU,,1.294,E,W ROGERS AVE,5,F,E,1022,MU,,W NORTHERN PKWY,39.36065627,-76.65157914
01,24,,01,03,03,1,00,04,00,ADI7540004,08.04,02-21-2015,14:25:00,CAD#1874,N,N,BALTIMORE,UNK,01,02,2260,MU,,1.6,W,UNIVERSITY PKWY,5,F,W,2270,MU,,ROLAND AVE,39.34092749,-76.63317919
01,24,,02,03,02,2,01,04,00,ADI7540005,06.01,03-09-2015,16:30:00,CAD#1855,Y,N,BALTIMORE,UNK,01,00,1021,MU,,0.84,N,E NORTHERN PKWY,0,F,N,45,MD,,YORK RD,39.36494476,-76.60990834
01,24,,02,03,02,1,01,04,00,ADI7540006,00,03-12-2015,17:00:00,CAD#1977,Y,N,BALTIMORE,UNK,01,01,1021,MU,,0.99,N,E NORTHERN PKWY,0,F,N,,UU,,CLEARSPRING RD,39.36463786,-76.60722613
03,24,,02,03,02,1,01,01,00,ADI7540007,06.01,03-25-2015,23:30:00,CAD#3183,N,N,BALTIMORE,UNK,01,02,,,,,,MIDWOOD AVENUE,0,F,,,,,RICHWOOD ROAD,39.34632898,-76.60413623
01,24,,02,03,02,1,01,03,00,ADI7540008,06.01,03-26-2015,19:15:00,CAD#2596,Y,Y,BALTIMORE,UNK,01,01,45,MD,,3.07,N,YORK RD,0,F,N,1140,MU,,WOODBOURNE AVE,39.35547157,-76.60983324
03,24,,03,08,02,4,01,04,00,ADI7540009,06.01,03-30-2015,21:30:00,CAD#2810,N,N,BALTIMORE,UNK,01,01,1021,MU,,1.46,N,E NORTHERN PKWY,0,F,N,2605,MU,,CHINQUAPIN PKWY,39.36605624,-76.59851432
01,24,,02,03,01,1,01,01,00,ADI754000B,03,03-31-2015,18:20:00,CAD#2371,N,N,BALTIMORE,UNK,01,01,467,MU,,2.666,N,THE ALAMEDA,0,F,N,,UU,,GITTINGS AVE,39.37021169,-76.59398675
03,24,,02,03,01,1,00,01,00,ADI7610001,03,01-04-2015,01:30:00,,Y,N,BALTIMORE,UNK,01,01,699,MU,,0.23,W,COOKS LA,0,F,W,6135,MU,,BRIARCLIFT RD,39.29471977,-76.7049551
03,24,,01,03,01,1,01,01,00,ADI7610002,03,01-04-2015,06:07:00,,N,N,BALTIMORE,UNK,01,01,144,MD,,1.379,E,FREDERICK RD,6,F,E,,UU,,WOODINGTON RD,39.28158314,-76.68669462
03,24,,02,11,01,1,01,01,07,ADI7610004,00,01-18-2015,23:30:00,CAD 2793,N,N,BALTIMORE,UNK,01,09,1695,MU,,0,W,W SARATOGA ST,0,F,W,1690,MU,,E SARATOGA ST (BACK),39.29100822,-76.67527914
03,24,,01,88,02,1,01,02,00,ADI7610005,00,01-31-2015,01:52:00,CAD 203,N,N,BALTIMORE,UNK,02,02,2060,MU,,0.53,S,N LONGWOOD ST,6,F,S,,UU,,CLIFTON AVE,39.31144008,-76.66770458
03,24,,01,03,01,1,01,01,00,ADI7610006,03,02-01-2015,23:30:00,3078,N,N,BALTIMORE,UNK,01,01,1,US,,0.718,N,WILKENS AVE,6,F,N,,UU,,UNETTA AVE,39.27263023,-76.67495728
03,24,,01,07,01,2,01,04,00,ADI7610007,03,02-01-2015,22:49:00,2932,N,N,BALTIMORE,UNK,01,01,40,US,,2.07,E,EDMONDSON AVE,6,F,E,4460,MU,,N HILTON ST,39.29405137,-76.6721195
03,24,,02,02,02,1,01,02,00,ADI7610009,06.01,02-07-2015,22:30:00,3207,N,N,BALTIMORE,UNK,01,01,2030,MU,,1.347,N,POPLAR GROVE ST,0,F,N,,UU,,ELGIN AVE,39.3133991,-76.66588068
03,24,,01,07,02,1,01,01,00,ADI761000B,06.01,02-08-2015,00:07:00,16,N,N,BALTIMORE,UNK,02,02,2280,MU,,0.29,N,S BEECHFIELD AVE,6,F,N,,UU,,AIRY HILL AVE,39.27351892,-76.69312119
03,24,,02,17,02,1,01,04,04,ADI761000C,06.01,02-21-2015,00:55:00,0136,N,N,BALTIMORE,UNK,09,09,1,US,AL,0.853,N,CATON AVE,0,F,N,1980,MU,,BENSON AVE,39.26875969,-76.66849852
03,24,,01,03,02,2,01,04,00,ADI761000D,00,02-20-2015,23:50:00,CAD 3152,Y,N,BALTIMORE,UNK,01,01,1,US,AL,0.22,N,CATON AVE,6,F,N,4170,MU,,JOH AVE,39.26064415,-76.66507602
03,24,,01,07,02,1,01,01,00,ADI761000F,06.01,03-19-2015,01:30:00,80123,N,N,BALTIMORE,UNK,02,02,2080,MU,,0.04,W,CLIFTON AVE,6,F,W,2125,MU,,GARRISON BLVD,39.31127406,-76.66669607
05.02,24,,03,03,00,2,01,04,00,ADI7700004,06.01,01-28-2015,17:40:00,,N,N,BALTIMORE,UNK,01,01,41,MD,,2.47,N,PERRING PKWY,5,F,N,1041,MU,,ECHODALE AVE,39.35473117,-76.57577455
05.02,24,,02,08,01,1,03,04,00,ADI7700005,12.04,01-29-2015,17:20:00,,Y,N,BALTIMORE,UNK,01,01,151,MD,,3.06,N,ERDMAN AVE,0,F,N,2940,MU,,EDISON HWY,39.32017639,-76.57177806
03,24,,01,07,02,1,01,02,00,ADI7700006,07.01,02-08-2015,09:15:00,,N,N,BALTIMORE,UNK,01,00,2485,MU,,0.355,N,MANNASOTA AVE,5,F,N,,UU,,KENYON AVE,39.32281989,-76.56581283
01,24,,02,07,02,,01,00,00,ADI7700007,00,02-13-2015,09:30:00,CAD0772,N,N,BALTIMORE,UNK,01,01,1130,MU,,0.8,N,MCCLEAN BLVD,0,F,N,1021,MU,,E NORTHERN PKWY,39.36852176,-76.56710833
01,24,,01,06,04,,01,01,00,ADI770000B,07.01,02-14-2015,14:30:00,CAD1394,N,N,BALTIMORE,UNK,01,02,2545,MU,,0,E,SOUTHERN AVE,5,F,E,,UU,,CUL DE SAC,39.34255793,-76.563254
01,24,,01,07,02,,01,01,00,ADI770000C,06.01,02-14-2015,12:05:00,CAD1065,N,N,BALTIMORE,UNK,01,02,1040,MU,,1.25,E,E BELVEDERE AVE,500,F,E,467,MU,,THE ALAMEDA,39.36068116,-76.59354687
01,24,,01,07,02,2,01,01,00,ADI770000D,06.01,02-14-2015,10:50:00,CAD0990,N,N,BALTIMORE,UNK,01,01,1,US,,9.987,N,BELAIR RD,5,F,N,,UU,,PARKWOOD AVE,39.33558366,-76.55522883
01,24,,01,03,02,2,01,01,00,ADI770000F,06.01,02-14-2015,10:00:00,CAD 0892,N,N,BALTIMORE,UNK,01,01,147,MD,,3.32,N,HARFORD RD,5,F,N,1041,MU,,ECHODALE AVE,39.34987167,-76.56340957
01,24,,02,11,02,1,01,04,00,ADI770000H,05,02-15-2015,10:05:00,CAD 0715,Y,N,BALTIMORE,UNK,01,01,1021,MU,,3.72,N,E NORTHERN PKWY,0,F,N,2360,MU,,OLD HARFORD RD,39.36530973,-76.55825973
01,24,,01,07,02,2,01,01,00,ADI770000K,00,02-20-2015,14:10:00,CAD1420,N,N,BALTIMORE,UNK,01,00,147,MD,,3.87,N,HARFORD RD,5,F,N,2360,MU,,OLD HARFORD RD,39.35658735,-76.55775011
01,24,,01,03,00,2,01,00,00,ADI770000L,00,02-21-2015,08:15:00,CAD0680,N,N,BALTIMORE,UNK,01,01,1021,MU,,2.59,N,E NORTHERN PKWY,20,F,N,2570,MU,,HILLEN RD,39.36800544,-76.57803297
01,24,,02,01,02,1,01,01,00,ADI770000M,00,02-21-2015,09:15:00,CAD0746,N,N,BALTIMORE,UNK,01,01,1041,MU,,0.272,E,ECHODALE AVE,0,F,E,,UU,,PLYMOUTH RD,39.35360914,-76.57124698
01,24,,01,07,03,1,01,01,00,ADI770000N,06.01,02-22-2015,09:00:00,CAD0405,N,N,BALTIMORE,UNK,01,02,2600,MU,,1.702,S,NORTHWOOD DR,25,F,S,2615,MU,,WINSTON AVE,39.34946929,-76.59663141
01,24,,01,07,01,1,01,02,00,ADI770000P,06.01,02-23-2015,11:00:00,CAD1061,N,N,BALTIMORE,UNK,01,01,1,US,,10.123,N,BELAIR RD,50,F,N,,UU,,BIDDISON LA,39.33721008,-76.55369997
01,24,,01,03,02,2,01,01,00,ADI770000Q,06.01,02-27-2015,09:00:00,CAD749,N,N,BALTIMORE,UNK,01,00,1,US,,11.312,N,BELAIR RD,25,F,N,,UU,,EVERALL AVE,39.34900053,-76.53723657
03,24,,01,08,01,1,01,01,00,ADI770000S,07.01,03-14-2015,21:30:00,CAD32694,N,N,BALTIMORE,UNK,01,00,696,MU,,1,N,TAYLOR AVE,10,F,N,2375,MU,,MOYER AVE,39.3695829,-76.53791182
03,24,,02,01,02,1,01,01,00,ADI770000T,06.01,03-21-2015,01:30:00,CAD202,N,N,BALTIMORE,UNK,01,00,147,MD,,3.5,N,HARFORD RD,0,F,N,961,MU,,HAMILTON AVE,39.35217806,-76.56161249
03,24,,01,17,02,2,01,03,02,ADI770000W,06.01,03-29-2015,21:00:00,CAD2523,N,N,BALTIMORE,UNK,00,00,1,US,,11.021,N,BELAIR RD,15,F,N,,UU,,GLENARM AVE,39.34543913,-76.54143155
03,24,,02,01,02,2,01,02,00,ADI770000X,06.01,03-29-2015,22:35:00,CAD2882,N,N,BALTIMORE,UNK,01,00,1070,MU,,2.31,E,SINCLAIR LA,0,F,E,2935,MU,,BOWLEYS LA,39.31983505,-76.55198738
01,24,,02,11,04,1,01,01,00,ADI7700018,09.04,01-08-2015,09:20:00,CAD0525,N,N,BALTIMORE,UNK,01,00,147,MD,,3.14,N,HARFORD RD,0,F,N,,UU,,RUECKERT  AVE,39.34811279,-76.56508595
99,24,,01,03,02,,01,02,00,ADJ1620002,06.01,02-05-2015,00:00:00,2852,N,N,BALTIMORE,UNK,02,00,1615,MU,,0.05,W,W 29TH ST,0,U,W,,UU,,WYMAN PARK DR,39.32311038,-76.61959648
03,24,,99,04,99,,99,02,00,ADJ1620003,99,02-15-2015,19:30:00,CAD682,N,U,BALTIMORE,UNK,02,00,1125,MU,,0.695,N,N CHARLES ST,0,U,N,,UU,,E READ ST,39.29968481,-76.61577702
01,24,,01,03,01,2,01,03,00,ADJ1620004,09.04,03-02-2015,13:37:00,CAD1229,Y,N,BALTIMORE,UNK,01,01,45,MD,,2.2,N,YORK RD,0,U,N,2641,MU,,NORTHWAY,39.34151661,-76.60964012
01,24,,01,03,01,1,01,02,00,ADJ1620005,03,03-04-2015,10:15:00,CAD30725,Y,N,BALTIMORE,UNK,01,02,1710,MU,,0.48,S,MARYLAND AVE,0,U,S,4037,MU,,W 24TH ST,39.31640393,-76.61826611
03,24,,01,03,04,1,01,02,00,ADJ1620006,09.04,03-03-2015,19:20:00,1273,N,N,BALTIMORE,UNK,01,01,500,MU,,1.56,W,E 33RD ST,0,U,W,1510,MU,,ST PAUL ST,39.32833897,-76.61425352
03,24,,02,02,02,1,01,03,00,ADJ1620007,06.01,03-09-2015,21:59:00,CAD2901,Y,N,BALTIMORE,UNK,01,01,1615,MU,,0.15,W,W 29TH ST,0,F,W,1703,MU,,N HOWARD ST,39.32314358,-76.61732197
01,24,,01,07,01,2,01,03,00,ADJ1620008,03,03-14-2015,18:05:00,CAD2007,N,N,BALTIMORE,UNK,01,01,4650,MU,,0.08,E,E 25TH ST,0,U,E,1510,MU,,ST PAUL ST,39.31783159,-76.61590576
03,24,,01,08,02,1,01,04,00,ADJ1620009,06.01,03-21-2015,22:15:00,CAD2714,Y,N,BALTIMORE,UNK,01,01,542,MD,,0.56,N,THE ALAMEDA,0,U,N,500,MU,,E 33RD ST,39.32848835,-76.59537077
01,24,,02,11,02,1,01,01,00,ADJ162000B,06.01,03-22-2015,16:40:00,CAD1847,Y,N,BALTIMORE,UNK,01,01,1710,MU,,0.257,S,MARYLAND AVE,0,F,S,,UU,,W 26TH ST,39.31932563,-76.61835194
01,24,,02,03,02,1,01,02,00,ADJ1650001,06.01,02-03-2015,14:15:00,CAD#1436,N,N,BALTIMORE,UNK,01,01,,,,,,600 BLOCK N STREEPER STREET,0,F,,,,,2800 BLOCK MCELDERRY STREET,39.29789457,-76.57727256
01,24,,02,11,02,1,01,04,00,ADJ1680001,06.01,03-03-2015,07:15:00,CAD1181,N,N,BALTIMORE,UNK,01,00,1070,MU,,2.864,E,SINCLAIR LA,0,F,E,,UU,,GOODNOW RD,39.32300248,-76.54278874
01,24,,02,88,02,1,01,04,00,ADJ1730001,07.01,02-05-2015,08:03:00,CAD#0519,Y,N,BALTIMORE,UNK,01,01,2,MD,,0.34,N,POTEE ST,0,F,N,100,MU,,W PATAPSCO AVE,39.23896765,-76.61088467