LIGHT_CODE,COUNTY_NO,MUNI_CODE,JUNCTION_CODE,COLLISION_TYPE_CODE,SURF_COND_CODE,LANE_CODE,RD_COND_CODE,RD_DIV_CODE,FIX_OBJ_CODE,REPORT_NO,WEATHER_CODE,ACC_DATE,ACC_TIME,LOC_CODE,SIGNAL_FLAG,C_M_ZONE_FLAG,AGENCY_CODE,AREA_CODE,HARM_EVENT_CODE1,HARM_EVENT_CODE2,RTE_NO,ROUTE_TYPE_CODE,RTE_SUFFIX,LOG_MILE,LOGMILE_DIR_FLAG,MAINROAD_NAME,DISTANCE,FEET_MILES_FLAG,DISTANCE_DIR_FLAG,REFERENCE_NO,REFERENCE_TYPE_CODE,REFERENCE_SUFFIX,REFERENCE_ROAD_NAME,LATITUDE,LONGITUDE
03,24,,01,17,04,2,00,04,05,ADJ1730002,00,02-24-2015,18:15:00,CAD#2530,N,N,BALTIMORE,UNK,09,00,173,MD,,1.17,N,HAWKINS POINT RD,0,U,N,4331,MU,,CHEMICAL RD,39.20769983,-76.57895565
01,24,,00,03,02,1,01,02,00,ADJ1730003,07.01,03-28-2015,13:00:00,CAD71204,N,N,BALTIMORE,UNK,02,00,173,MD,,4.18,N,PATAPSCO AVE,0,U,N,,UU,,BROOKLAND AVE,39.23430579,-76.60050988
01,24,,01,03,02,1,01,01,00,ADJ1730004,06.01,03-29-2015,09:00:00,CAD70593,N,N,BALTIMORE,UNK,01,00,173,MD,,4.442,N,PATAPSCO AVE,100,F,N,,UU,,5TH ST,39.23622,-76.6059
01,24,,01,17,02,2,01,03,00,ADJ1740001,06.01,01-28-2015,07:30:00,,Y,N,BALTIMORE,UNK,03,00,1,US,,10.25,N,BELAIR RD,10,F,N,2455,MU,,FRANKFORD AVE,39.3380188,-76.55192435
01,24,,02,11,01,1,01,01,00,ADJ1740003,03,03-14-2015,13:00:00,CAD31215,Y,N,BALTIMORE,UNK,01,00,1,US,,9.2,N,BELAIR RD,0,F,N,1100,MU,,PARKSIDE DR,39.32774405,-76.56599119
01,24,,01,03,02,1,01,01,00,ADJ1740005,06.01,03-15-2015,14:30:00,CAD1486,N,N,BALTIMORE,UNK,01,01,1130,MU,,0.647,N,MCCLEAN BLVD,15,F,N,,UU,,PINEWOOD AVE,39.36592197,-76.56696752
01,24,,01,07,02,,01,04,00,ADJ1740006,06.01,03-29-2015,09:15:00,792,N,N,BALTIMORE,UNK,02,00,147,MD,,2.381,N,HARFORD RD,20,F,N,,UU,,OVERLAND AVE,39.33890185,-76.5732345
03,24,,02,11,02,,01,01,10,ADJ1760001,06.01,01-02-2015,16:20:00,,Y,N,BALTIMORE,UNK,01,01,1395,MU,,1.48,W,W LOMBARD ST,0,F,W,6157,MU,,S GILMOR ST,39.28634982,-76.64227724
03,24,,02,11,01,,01,02,00,ADJ1760002,03,01-12-2015,22:00:00,,N,N,BALTIMORE,UNK,03,01,1552,MU,,0.051,E,E FORT AVE,0,F,E,,UU,,PATAPSCO ST,39.27263023,-76.6132021
03,24,,01,88,03,,01,02,00,ADJ1760003,08.04,01-21-2015,07:00:00,,N,N,BALTIMORE,UNK,02,02,6158,MU,,0,E,W LEE ST,10,F,E,295,MD,,RUSSELL ST,39.28201498,-76.61687136
01,24,,01,07,01,1,01,02,00,ADJ1760004,08.04,01-28-2015,08:00:00,CAD#2086,N,N,BALTIMORE,UNK,02,02,2,MD,,2.638,N,HANOVER ST,1,F,N,,UU,,W BARNEY ST,39.26990592,-76.61594868
01,24,,01,99,01,,01,03,00,ADJ1760005,09.04,02-01-2015,09:45:00,CAD#1672,Y,N,BALTIMORE,UNK,02,02,1570,MU,,0,N,S CHARLES ST,1,F,N,6164,MU,,W WELLS ST,39.26739747,-76.61373854
01,24,,03,03,04,1,01,03,00,ADJ1760006,10.04,02-15-2015,10:00:00,707,Y,N,BALTIMORE,UNK,01,01,1560,MU,,0.365,N,LIGHT ST,1,F,N,1552,MU,,E FORT AVE,39.27228139,-76.61163568
01,24,,01,07,03,1,01,02,00,ADJ1760007,08.04,02-21-2015,10:00:00,CAD#925,N,N,BALTIMORE,UNK,02,02,,,,,,WEBSTER ST,1,F,,,,,E BARNEY ST,39.26978964,-76.60423279
01,24,,01,07,03,1,01,02,00,ADJ1760008,08.04,02-19-2015,16:00:00,879,N,N,BALTIMORE,UNK,01,02,,,,,,E RANDALL ST,1,F,,,,,HENRY ST,39.27179966,-76.60742998
01,24,,01,99,03,1,01,01,00,ADJ176000B,08.04,02-22-2015,14:00:00,CAD#1074,N,N,BALTIMORE,UNK,02,99,2,MD,,0.9,N,S HANOVER ST ,1,F,N,,UU,,W HILL ST,39.28097483,-76.61600232
01,24,,01,07,03,1,01,04,00,ADJ176000C,06.01,02-23-2015,13:00:00,CAD#1248,N,N,BALTIMORE,UNK,01,01,,,,,,E CROMWELL ST,1,F,,,,,LIGHT ST,39.26218094,-76.61232233
01,24,,01,07,03,1,01,04,00,ADJ176000D,08.04,03-07-2015,09:30:00,CAD60896,N,N,BALTIMORE,UNK,01,02,1560,MU,,0.594,N,LIGHT ST,1,F,N,,UU,,E WEST ST,39.27600224,-76.61220431
03,24,,03,03,01,1,01,03,00,ADJ176000F,03,03-14-2015,19:00:00,CAD32223,Y,N,BALTIMORE,UNK,01,01,1560,MU,,0.65,N,LIGHT ST,1,F,N,,UU,,E CROSS ST,39.27701547,-76.61234379
03,24,,05.01,03,01,,01,04,00,ADJ176000G,03,03-14-2015,23:00:00,CAD32981,N,N,BALTIMORE,UNK,01,01,295,RP,,0.089,N,RAMP 4 FR MD 295 NB TO MD 648E,1,F,N,3002,MU,,RUSSELL ST (AHEAD),39.27508866,-76.62659168
03,24,,01,07,02,1,01,01,00,ADJ176000H,99,03-29-2015,19:00:00,CAD1939,N,N,BALTIMORE,UNK,01,02,1651,MU,,0.246,W,W OSTEND ST,1,F,W,,UU,,LEADENHALL ST,39.27507204,-76.61869526
01,24,,01,07,02,2,01,04,00,ADJ1790002,06.01,01-08-2015,10:30:00,5B31,N,N,BALTIMORE,UNK,01,01,1022,MU,,4.182,N,W NORTHERN PKWY,0,M,N,25,MD,,FALLS RD,39.36159362,-76.64571047
03,24,,00,17,02,3,01,04,05,ADJ1790003,00,01-18-2015,02:05:00,5C34,N,N,BALTIMORE,UNK,09,00,83,IS,,2.94,N,JONES FALLS EXPWY,1,M,N,,UU,,INTERSTATE MILE MARKER 6.0,39.33652135,-76.6457963
01,24,,03,03,02,1,05,04,00,ADJ1790004,06.01,01-27-2015,15:50:00,1929,Y,N,BALTIMORE,UNK,01,01,1022,MU,,3.648,N,W NORTHERN PKWY,0,F,N,,UU,,CYLBURN AVE,39.3571639,-76.65484071
03,24,,03,03,02,2,01,04,00,ADJ1790005,06.01,01-31-2015,18:30:00,2323,Y,N,BALTIMORE,UNK,01,01,1022,MU,,4.182,N,W NORTHERN PKWY,0,M,N,25,MD,,FALLS RD,39.36146297,-76.64604843
01,24,,02,03,01,1,01,03,00,ADJ1790006,05,02-15-2015,11:00:00,CAD#0839,Y,N,BALTIMORE,UNK,01,01,25,MD,,3.924,N,FALLS RD,0,F,N,,UU,,ENT CROSS KEYS VILLAGE,39.35590607,-76.64428085
01,24,,02,11,02,1,01,03,00,ADJ1790007,00,02-19-2015,07:27:00,CAD#0384,Y,N,BALTIMORE,UNK,01,01,2270,MU,,0.73,N,ROLAND AVE,0,F,N,990,MU,,W 40TH ST,39.33712918,-76.63306117
99,24,,01,99,99,,01,88,99,ADJ1790008,99,02-22-2015,14:30:00,CAD#0865,N,N,BALTIMORE,UNK,01,02,2270,MU,,0.31,N,ROLAND AVE,0,M,N,2740,MU,,W 36TH ST,39.33073424,-76.63237587
01,24,,01,17,03,2,01,03,08,ADJ1790009,08.04,03-05-2015,09:35:00,CAD40644,N,N,BALTIMORE,UNK,09,00,139,MD,,3.62,N,N CHARLES ST,0,M,N,1021,MU,,E NORTHERN PKWY,39.36226137,-76.62494749
99,24,,02,07,02,1,01,05.01,00,ADJ1800001,06.01,01-02-2015,18:00:00,,Y,N,BALTIMORE,UNK,02,00,5850,MU,,0.385,S,S OLDHAM ST,0,F,S,1235,MU,,FLEET ST,39.28600935,-76.55565262
01,24,,02,11,02,1,00,04,00,ADJ1800002,06.01,01-11-2015,11:55:00,CAD#0997,Y,N,BALTIMORE,UNK,01,00,438,MU,,3.23,N,DUNDALK AVE,0,F,N,,UU,,HARTWAIT AVE,39.27460694,-76.53214574
88,24,,02,08,01,1,00,04,00,ADJ1800003,03,01-12-2015,07:50:00,CAD#387,Y,N,BALTIMORE,UNK,01,01,3040,MU,,1.123,E,BOSTON ST,0,F,E,5855,MU,,S CLINTON ST,39.2770653,-76.56934261
01,24,,01,03,02,2,00,04,00,ADJ1800004,06.01,01-25-2015,09:44:00,CAD#834,Y,N,BALTIMORE,UNK,01,00,150,MD,,0.86,E,PONCA ST,0,U,E,,UU,,OLDHAM ST,39.29036054,-76.5553093
01,24,,00,99,02,,00,88,00,ADJ1800005,00,01-31-2015,12:45:00,CAD1336,N,N,BALTIMORE,UNK,01,00,3040,MU,,1.17,E,BOSTON ST,0,U,E,,UU,,S HIGHLAND AVE,39.27681615,-76.56684279
03,24,,01,09,01,1,00,03,00,ADJ1800006,08.04,02-01-2015,22:35:00,CAD#2901,N,N,BALTIMORE,UNK,02,99,1392,MU,,1.355,E,E PRATT ST,2,F,E,,UU,,S DURHAM ST,39.28930599,-76.59119725
99,24,,01,07,02,1,01,02,99,ADJ1800007,06.01,02-07-2015,08:54:00,CAD#760,N,N,BALTIMORE,UNK,02,01,,,,,,LEHIGH ST,50,F,,,,,GOUGH ST,39.28856696,-76.55815244
03,03,,02,09,02,1,01,01,00,ADG9670004,06.01,03-21-2015,21:56:00,02681,N,N,BALTIMORE,UNK,01,00,,,,,,5000 WINDSOR MILL RD,0,F,,,,,2100 WHEATLEY DR,39.30964703,-76.69804573
03,03,,02,11,01,1,01,01,00,ADG9670005,03,03-26-2015,19:39:00,2607,N,N,BALTIMORE,UNK,01,00,,,,,,4700 WILLISTON RD,0,F,,,,,600 QUEENSGATE RD,39.27568664,-76.69716597
03,03,,02,08,02,2,01,03,00,ADG9670006,06.01,03-27-2015,23:00:00,3312,N,N,BALTIMORE,UNK,01,00,,,,,,2200 N. FOREST PARK AVE,0,F,,,,,5100 DICKEY HILL RD,39.31198795,-76.70652151
01,24,,02,03,88,1,01,01,00,ADG9700001,06.01,01-07-2015,16:00:00,CAD#1611,N,N,BALTIMORE,UNK,01,00,2150,MU,,0,S,PATTERSON AVE,0,F,S,,UU,, GOUGH ST,39.28776149,-76.58444881
01,24,,01,88,02,,01,02,00,ADG9700002,06.01,01-28-2015,10:48:00,CAD932,N,N,BALTIMORE,UNK,02,00,1025,MU,,1.48,S,N WOLFE ST,100,F,S,1680,MU,,E FAYETTE ST,39.29466995,-76.59068227
01,24,,01,99,02,1,99,02,00,ADG9700003,06.01,01-28-2015,14:30:00,CAD 1665,N,N,BALTIMORE,UNK,01,02,6040,MU,,0.069,E,LANCASTER ST,50,F,E,1027,MU,,S WOLFE ST,39.29181365,-76.58781767
03,24,,01,88,02,1,01,01,00,ADG9700004,06.01,02-28-2015,21:45:00,2742,N,N,BALTIMORE,UNK,01,02,1665,MU,,1.647,E,E BALTIMORE ST,100,F,E,1415,MU,,S PATTERSON PARK AVE,39.29179704,-76.58471704
01,24,,01,88,02,1,01,02,00,ADG9700005,06.01,03-08-2015,18:08:00,1968,N,N,BALTIMORE,UNK,01,02,,,,,,700 BLK BROADWAY,0,U,,,,,1600 BLK LANCASTER,39.28274578,-76.59333229
01,24,,01,88,01,1,88,01,00,ADG9700006,03,03-14-2015,13:30:00,CAD1250,N,N,BALTIMORE,UNK,00,00,,,,,,900 FLEET ST,0,F,,,,,500 ALBEMARLE,39.28432361,-76.60148621
88,24,,02,88,01,2,01,04,00,ADG9700007,03,03-20-2015,08:20:00,CAD0851,Y,N,BALTIMORE,UNK,01,03,,,,,,100 PRESIDENT,0,F,,,,,700 E PRATT ST,39.28706396,-76.60393238
03,24,,01,17,04,2,00,04,04,ADG9860001,07.01,01-18-2015,21:30:00,2612,N,Y,BALTIMORE,UNK,09,00,697,MU,,2.71,E,WALTHER AVE,30,F,E,1024,MU,,FLEETWOOD AVE,39.35858244,-76.53924823
03,24,,01,17,02,1,01,04,04,ADG9860002,06.01,01-19-2015,15:30:00,1960,N,N,BALTIMORE,UNK,09,00,1281,MU,,1.26,W,WASHINGTON BLVD,300,F,W,43,MU,,S MONROE ST,39.25777815,-76.61865234
01,24,,01,17,06.03,1,00,04,04,ADG9860003,06.01,02-21-2015,08:45:00,CAD#0772,N,N,BALTIMORE,UNK,00,00,,,,,,PATAPSCO,150,F,,,,,LILY,39.24665572,-76.63626373
01,24,,00,17,06.03,1,01,04,04,ADG9860004,06.01,02-21-2015,08:55:00,CAD#0825,N,N,BALTIMORE,UNK,10,00,100,MU,,1.497,W,W PATAPSCO AVE,100,M,W,,UU,,CROSSOVER,39.24667857,-76.63622618
01,24,,00,17,01,2,00,04,00,ADG9860005,06.01,02-22-2015,15:15:00,CAD# 115,N,N,BALTIMORE,UNK,00,00,295,MD,,0.15,N,BALTIMORE WASHINGTON PKWY,50,F,N,,UU,,STRUC #BC5204,39.26934111,-76.63375854
01,24,,01,10,01,3,01,04,00,ADG9860006,06.01,02-27-2015,12:45:00,CAD#1317,Y,N,BALTIMORE,UNK,01,01,100,MU,,1.75,W,W PATAPSCO AVE,0,F,W,648,MD,E,ANNAPOLIS RD,39.24877234,-76.63980961
01,24,,03,88,03,1,01,01,00,ADG9940001,08.04,02-21-2015,15:15:00,CAD#1618,N,N,BALTIMORE,UNK,01,00,1281,MU,,2.97,W,WASHINGTON BLVD,5,F,W,7065,OP,,WASHINGTON BLVD (AHEAD),39.28299076,-76.62816681
03,24,,00,99,02,,01,88,00,ADG9940002,06.01,02-23-2015,19:30:00,CAD#2616,N,N,BALTIMORE,UNK,02,01,100,MU,,2.18,W,W PATAPSCO AVE,5,F,W,1960,MU,,HOLLINS FERRY RD,39.25046059,-76.64641991
01,24,,01,07,02,1,01,01,00,ADG9940003,06.01,02-24-2015,15:30:00,CAD#1865,N,N,BALTIMORE,UNK,02,00,1281,MU,,0.95,W,WASHINGTON BLVD,5,F,W,4305,MU,,BUSH ST,39.27731446,-76.63938046
01,24,,01,11,02,2,01,04,00,ADG9940004,06.01,02-25-2015,15:50:00,CAD#1752,N,N,BALTIMORE,UNK,01,00,100,MU,,2.116,W,W PATAPSCO AVE,10,F,W,,UU,,STRANDEN RD,39.25130216,-76.64604172
01,24,,01,88,01,4,01,04,00,ADG9940005,03,03-03-2015,15:45:00,CAD# 249,N,N,BALTIMORE,UNK,01,00,100,MU,,3.18,W,W PATAPSCO AVE,15,F,W,1281,MU,,WASHINGTON BLVD,39.25774795,-76.66374967
01,24,,01,07,02,,01,00,00,ADG9940006,06.01,03-09-2015,15:00:00,CAD# 230,N,N,BALTIMORE,UNK,01,00,6153,MU,,0.46,E,SEAMON AVE,10,F,E,,UU,,SEAMON AVE (AHEAD),39.30415138,-76.71564102
01,24,,02,11,02,2,01,04,00,ADG9940007,06.01,03-15-2015,15:10:00,CAD41577,N,N,BALTIMORE,UNK,01,00,100,MU,,2.116,W,W PATAPSCO AVE,0,F,W,,UU,,STRANDEN RD,39.25144139,-76.64597332
01,24,,03,11,02,2,01,04,00,ADG9940008,06.01,03-29-2015,15:20:00,CAD#1578,Y,N,BALTIMORE,UNK,01,00,6141,MU,,0.08,E,WILKENS AVE,10,F,E,,UU,,S MOUNT ST,39.28320563,-76.64338231
01,24,,02,13,02,1,01,01,07,ADH0020001,00,01-08-2015,16:25:00,,Y,N,BALTIMORE,UNK,01,09,2360,MU,,0.941,N,OLD HARFORD RD,0,F,N,,UU,,BAUERWOOD AVE,39.3692869,-76.55474067
03,24,,01,05,01,1,01,01,07,ADH0020003,07.01,01-20-2015,20:05:00,CAD2838,N,N,BALTIMORE,UNK,01,09,1100,MU,,1.63,N,PARKSIDE DR,200,F,N,697,MU,,WALTHER AVE,39.33519779,-76.57251298
03,24,,02,11,01,2,01,04,00,ADH0020004,07.01,01-20-2015,17:55:00,CAD2341,Y,N,BALTIMORE,UNK,01,01,1021,MU,,2.15,N,E NORTHERN PKWY,0,F,N,542,MD,,LOCH RAVEN BLVD,39.36602928,-76.58548951
03,24,,01,88,01,1,01,01,00,ADH0020005,07.01,01-21-2015,17:35:00,CAD2085,N,N,BALTIMORE,UNK,01,00,147,MD,,4.163,N,HARFORD RD,10,F,N,,UU,,BETHESDA UNITED METHODIST CHURCH,39.36015648,-76.5547058
01,24,,01,08,02,2,01,04,00,ADH0020006,06.01,02-27-2015,14:30:00,CAD1649,N,N,BALTIMORE,UNK,01,00,500,MU,,0.766,W,E 33RD ST,200,F,W,,UU,,ENT TO YMCA,39.3284842,-76.60267711
01,24,,02,17,01,1,01,01,02,ADH0020007,06.01,03-06-2015,09:45:00,CAD50607,N,N,BALTIMORE,UNK,09,00,1,US,,8.455,N,BELAIR RD,0,F,N,,UU,,LAWNVIEW AVE,39.32018054,-76.57513618
04,24,,02,11,00,1,01,04,00,ADH0060001,06.01,03-13-2015,00:00:00,CAD20067,N,N,BALTIMORE,UNK,01,00,2170,MU,,1.255,S,BELVEDERE AVE,0,F,S,,UU,,CORDELIA AVE,39.3451674,-76.68120146
03,24,,01,88,02,2,01,04,00,ADH0170002,07.01,03-03-2015,05:50:00,CAD1090,Y,N,BALTIMORE,UNK,01,00,1750,MU,,0.79,N,N EUTAW ST,30,F,N,6020,MU,,MARTIN LUTHER KING JR BLVD,39.30072468,-76.62163764
03,24,,01,03,02,2,01,02,00,ADH0170003,06.01,03-22-2015,00:49:00,CAD# 134,Y,Y,BALTIMORE,UNK,01,00,1391,MU,,1.55,E,W PRATT ST,100,F,E,1580,MU,,HANOVER ST,39.28639964,-76.61656022
03,24,,01,99,02,1,01,02,00,ADH0170004,06.01,03-29-2015,01:16:00,CAD3403,N,N,BALTIMORE,UNK,02,00,,,,,,CUSTOM HOUSE AVE,600,F,,,,,WATER ST,39.28942639,-76.60974741
01,24,,01,03,02,1,01,00,00,ADH0320001,00,01-10-2015,08:27:00,815,N,N,BALTIMORE,UNK,01,00,6366,MU,,0.24,N,HILTON PKWY,100,F,N,40,US,,EDMONDSON AVE,39.29809072,-76.6737932
03,24,,00,07,02,2,01,04,00,ADH0320002,00,01-14-2015,17:30:00,,N,U,BALTIMORE,UNK,00,02,372,MD,,0,E,WILKENS AVE,100,F,E,,UU,,BALTIMORE CO/L,39.27796017,-76.6591832
03,24,,02,11,02,,01,00,00,ADH0320003,00,01-22-2015,22:08:00,832,Y,N,BALTIMORE,UNK,01,00,,,,0,N,WICKS ROAD,0,F,N,,,,HERKIMER AVE,39.26544028,-76.65737942
03,24,,02,10,00,1,00,00,00,ADH0320004,00,01-28-2015,21:00:00,2325,Y,N,BALTIMORE,UNK,01,00,101,MU,,0,N,S CATON AVE,0,F,N,1,US,,WILKENS AVE,39.27391344,-76.6714704
99,24,,01,99,04,,01,00,00,ADH0320006,00,02-10-2015,07:44:00,0371,N,U,BALTIMORE,UNK,00,00,,,,,,500 SUNSET ROAD,30,F,,,,,2900 STRICKLAND STREET,39.27703623,-76.66436791
01,24,,01,08,01,1,01,01,00,ADH0320007,88,02-10-2015,09:00:00,832,N,N,BALTIMORE,UNK,01,01,101,MU,,0,N,S CATON AVE,60,F,N,1,US,,WILKENS AVE,39.27283268,-76.67093128
03,24,,01,17,03,1,01,04,07,ADI1550001,08.04,01-06-2015,06:08:00,359,N,N,BALTIMORE,UNK,09,00,1300,MU,,0,S,PONCA ST,10,F,S,1340,MU,,EASTERN AVE,39.28754559,-76.55404329
05.02,24,,03,88,02,2,01,02,00,ADI1550002,06.01,02-05-2015,06:43:00,415,N,N,BALTIMORE,UNK,03,00,1390,MU,,0.49,W,E LOMBARD ST,0,F,W,1440,MU,,S BROADWAY,39.29033563,-76.59401894
03,24,,01,17,04,2,04,04,04,ADI1550003,08.04,02-19-2015,05:04:00,CAD #306,N,N,BALTIMORE,UNK,09,00,,,,,,500 NORTH POINT BLVD,500,F,,,,,QUAD AVE.,39.2993361,-76.53359413
03,24,,01,07,02,1,01,01,00,ADI1550004,06.01,03-10-2015,06:46:00,0425,N,N,BALTIMORE,UNK,02,00,3060,MU,,0.227,N,QUINTON ST,30,F,N,,UU,,EASTBROOK AVE,39.29111616,-76.53153419
03,24,,01,07,02,1,01,02,00,ADI1570002,07.01,01-01-2015,02:50:00,CAD#0484,N,N,BALTIMORE,UNK,02,00,,,,,,2400 N CALVERT ,0,U,,,,,200 E 24 ,39.31665294,-76.61408186
03,24,,00,03,04,1,01,01,00,ADI1650002,06.01,02-23-2015,22:30:00,2871,N,N,BALTIMORE,UNK,02,00,2005,MU,,0.046,E,BAKER ST,20,F,E,,UU,,ST. STEPHEN ST,39.30596532,-76.66623741
01,24,,01,88,02,,01,01,00,ADI1650003,06.01,03-21-2015,14:00:00,1314,N,N,BALTIMORE,UNK,01,01,2070,MU,,0.24,S,BLOOMINGDALE RD,25,F,S,2210,MU,,W NORTH AVE,39.30840183,-76.67032242
03,24,,01,88,02,1,01,02,00,ADI1650004,06.01,03-22-2015,09:10:00,10795,N,N,BALTIMORE,UNK,02,00,2090,MU,,0.22,W,WINDSOR MILL RD,5,F,W,,UU,,ALLENDALE RD,39.31263542,-76.67963505
03,24,,00,03,02,1,01,05.01,00,ADI1790002,06.01,02-05-2015,02:23:00,,N,N,BALTIMORE,UNK,02,00,2040,MU,,0.15,S,BRADDISH AVE,25,F,S,,UU,,WINDSOR AVE,39.31253996,-76.66077912
03,24,,02,06,02,1,01,03,00,ADI1850001,06.01,02-04-2015,23:23:00,UNK,Y,N,BALTIMORE,UNK,01,01,2880,MU,,0.297,N,N HILTON ST,0,F,N,,UU,,ELGIN AVE,39.31316668,-76.67262107
03,03,,01,03,02,1,01,03,00,ADI1850002,00,01-12-2015,23:00:00,,Y,N,BALTIMORE,UNK,01,01,45,CO,,0,E,MORRIS RD,10,F,E,44,CO,,FREELAND RD,39.30303891,-76.67414188
03,03,,02,03,02,1,01,03,08,ADI1850003,00,02-28-2015,06:30:00,,Y,N,BALTIMORE,UNK,01,00,2850,CO,,0,S,HILTON AVE,0,F,S,166,MD,,ROLLING RD,39.28866037,-76.67242527
03,03,,00,02,02,1,01,03,00,ADI1850004,00,03-08-2015,04:15:00,,N,N,BALTIMORE,UNK,01,01,2783,CO,,0,E,BLOOMINGDALE AVE,10,F,E,,UU,,ROAD END,39.30809053,-76.66988522
03,03,,01,03,02,2,03,04,00,ADI1850005,88,03-15-2015,00:30:00,,N,N,BALTIMORE,UNK,00,00,4761,CO,,0,E,FRANKLIN AVE,0,F,E,6119,CO,,ESSEX AVE,39.2933373,-76.66387439
03,24,,03,11,02,2,01,04,00,ADI1910001,06.01,01-01-2015,02:52:00,507,N,N,BALTIMORE,UNK,01,01,1022,MU,,3.648,N,W NORTHERN PKWY,5,F,N,,UU,,CYLBURN AVE,39.35741692,-76.65495336
01,24,,01,03,02,1,01,03,00,ADI1910002,00,01-09-2015,12:30:00,CAD 2779,N,N,BALTIMORE,UNK,02,02,2270,MU,,0.73,N,ROLAND AVE,15,F,N,990,MU,,W 40TH ST,39.33723083,-76.63303435
03,24,,01,17,02,2,01,04,05,ADI1910003,06.01,01-15-2015,05:45:00,CAD 337,N,N,BALTIMORE,UNK,00,00,83,IS,,2.42,N,JONES FALLS EXPWY,0,U,N,,UU,,EXIT #7,39.32345896,-76.63270712
03,24,,01,88,00,2,01,02,00,ADI1910004,00,01-30-2015,01:00:00,CAD171,N,N,BALTIMORE,UNK,02,00,1515,MU,,0.36,N,N CALVERT ST,10,F,N,4035,MU,,E 24TH ST,39.31643298,-76.61411405
03,24,,03,00,02,1,01,02,00,ADI1910005,06.01,02-06-2015,04:05:00,CAD 284,Y,N,BALTIMORE,UNK,02,02,25,MD,,2.83,N,FALLS RD,300,F,N,,UU,,ROLAND HEIGHTS AVE,39.34055721,-76.64118692
03,24,,01,88,02,1,01,03,00,ADI1910006,06.01,02-11-2015,03:46:00,CAD 324,N,N,BALTIMORE,UNK,02,01,467,MU,,1.116,N,THE ALAMEDA,100,F,N,2610,MU,,WINSTON AVE,39.34866867,-76.59911513
03,24,,03,17,02,1,01,03,07,ADI1910007,06.01,03-22-2015,03:45:00,CAD 571,N,N,BALTIMORE,UNK,09,00,4035,MU,,0,W,E 24TH ST,500,F,W,,UU,,BARCLAY ST,39.31805985,-76.61122262
99,24,,03,08,99,1,01,02,00,ADI1940001,00,03-10-2015,10:30:00, CAD1124,N,N,BALTIMORE,UNK,02,00,,,,,,WARNER ST.,4,F,,,,,BURGUNDY ST.,39.28307484,-76.62380353
03,24,,00,11,02,2,01,02,00,ADI2050001,06.01,01-10-2015,02:00:00,3A15,Y,N,BALTIMORE,UNK,01,01,1357,MU,,0.26,N,ENSOR ST,0,F,N,1370,MU,,E MONUMENT ST,39.29798694,-76.60420865
03,24,,01,06,02,1,01,01,00,ADI2050002,00,01-16-2015,01:45:00,3A13,N,N,BALTIMORE,UNK,02,00,1500,MU,,0.1,N,GREENMOUNT AVE,100,F,N,1360,MU,,E MADISON ST,39.29967235,-76.60681844
03,24,,01,07,00,1,01,02,99,ADI2050003,06.01,03-03-2015,23:45:00,0001,Y,N,BALTIMORE,UNK,02,02,1370,MU,,0,E,E MONUMENT ST,100,F,E,1382,MU,,FALLSWAY,39.29846019,-76.59100413
06.02,24,,02,11,02,1,01,02,00,ADI2050004,06.01,01-03-2015,06:40:00,534,Y,N,BALTIMORE,UNK,01,01,1382,MU,,0.27,N,FALLSWAY,0,F,N,1470,MU,,HILLEN ST,39.29395174,-76.60993516
03,24,,01,17,04,2,01,04,08,ADI2080001,06.01,01-23-2015,05:40:00,,N,N,BALTIMORE,UNK,09,09,,,,,,3400 PARK HEIGHTS AVE,10,F,,,,,3400 COTTAGE AVE,39.32671856,-76.65745318
03,24,,01,88,01,1,01,03,00,ADI2080002,88,02-25-2015,05:14:00,313,N,N,BALTIMORE,UNK,00,00,140,MD,,2.132,N,REISTERSTOWN RD,700,F,N,,UU,,QUANTICO AVE,39.33646741,-76.66606307
03,24,,01,17,04,1,01,01,10,ADI2080003,09.04,03-05-2015,00:06:00,,N,N,BALTIMORE,UNK,09,00,2050,MU,,0.37,N,N DUKELAND ST,900,F,N,1023,MU,,GWYNNS FALLS PKWY,39.31528751,-76.66477025
01,24,,01,07,88,1,88,02,00,ADI2180001,88,03-02-2015,17:20:00,3C21,N,N,BALTIMORE,UNK,01,00,1370,MU,,0,E,E MONUMENT ST,100,F,E,1382,MU,,FALLSWAY,39.29854321,-76.59119725
01,24,,01,03,02,1,01,01,00,ADI2180002,06.01,03-16-2015,15:38:00,1235,N,N,BALTIMORE,UNK,02,00,,,,,,2300 MILLIMAN ST,10,F,,,,,700 N. BRADFORD AVE,39.29929874,-76.58436298
01,24,,02,11,03,1,01,01,00,ADI2210001,08.04,01-21-2015,14:10:00,,N,N,BALTIMORE,UNK,01,00,2090,MU,,0,W,WINDSOR MILL RD,0,F,W,,UU,,EDGEWOOD ST,39.31291765,-76.65008783
01,24,,01,08,01,1,01,04,00,ADI2210002,07.01,02-02-2015,13:20:00,7B35,N,N,BALTIMORE,UNK,01,00,140,MD,,0.55,N,REISTERSTOWN RD (NB COUPLET),100,F,N,1023,MU,,GWYNNS FALLS PKWY,39.31643713,-76.65026486
01,24,,01,07,04,1,01,03,00,ADI2210003,06.01,02-03-2015,08:20:00,7B35,N,N,BALTIMORE,UNK,02,00,4500,MU,,0,S,N PULASKI ST,5,F,S,,UU,,STRUC #BC2410,39.30876294,-76.65126801