LIGHT_CODE,COUNTY_NO,MUNI_CODE,JUNCTION_CODE,COLLISION_TYPE_CODE,SURF_COND_CODE,LANE_CODE,RD_COND_CODE,RD_DIV_CODE,FIX_OBJ_CODE,REPORT_NO,WEATHER_CODE,ACC_DATE,ACC_TIME,LOC_CODE,SIGNAL_FLAG,C_M_ZONE_FLAG,AGENCY_CODE,AREA_CODE,HARM_EVENT_CODE1,HARM_EVENT_CODE2,RTE_NO,ROUTE_TYPE_CODE,RTE_SUFFIX,LOG_MILE,LOGMILE_DIR_FLAG,MAINROAD_NAME,DISTANCE,FEET_MILES_FLAG,DISTANCE_DIR_FLAG,REFERENCE_NO,REFERENCE_TYPE_CODE,REFERENCE_SUFFIX,REFERENCE_ROAD_NAME,LATITUDE,LONGITUDE
01,24,,02,11,02,2,01,01,00,ADJ2150005,06.01,02-11-2015,16:33:00,2153,Y,N,BALTIMORE,UNK,01,01,45,MD,,0.47,N,GREENMOUNT AVE,0,F,N,4650,MU,,E 25TH ST,39.31810965,-76.609447
03,24,,01,01,03,1,00,02,00,ADJ2150006,06.01,03-07-2015,00:45:00,CAD#0174,N,N,BALTIMORE,UNK,02,00,45,MD,,3.803,N,YORK RD,200,F,N,,UU,,NICOLL AVE,39.36583643,-76.60892665
01,24,,01,07,01,1,01,01,00,ADJ2150007,06.01,03-09-2015,13:25:00,CAD#1476,N,N,BALTIMORE,UNK,02,00,2170,MU,,0.202,S,BELVEDERE AVE,300,F,S,,UU,,LANIER AVE,39.35313419,-76.66547835
01,24,,01,07,02,1,01,01,00,ADJ2150008,00,03-12-2015,13:45:00,CAD#1338,N,N,BALTIMORE,UNK,02,00,45,MD,,2.42,N,YORK RD,50,F,N,2105,MU,,E COLD SPRING LA,39.34593903,-76.60964012
01,24,,01,03,04,1,03,03,00,ADJ2160001,08.04,01-06-2015,09:40:00,624,N,N,BALTIMORE,UNK,01,01,1200,MU,,0,N,KANE ST,1,M,N,438,MU,,DUNDALK AVE,39.28597198,-76.53701663
99,24,,01,17,04,1,03,01,02,ADJ2160002,06.01,01-08-2015,10:40:00,773,N,N,BALTIMORE,UNK,01,09,1275,MU,,0.4,S,S CONKLING ST,0,M,S,1340,MU,,EASTERN AVE,39.28608097,-76.56717002
99,24,,01,07,00,1,01,02,00,ADJ2160003,99,01-15-2015,15:48:00,1573,N,N,BALTIMORE,UNK,01,02,40,US,,7.101,E,ORLEANS ST,1,F,E,,UU,,N GLOVER ST,39.2956248,-76.58000708
01,24,,02,11,02,1,01,03,00,ADJ2160004,06.01,01-23-2015,16:00:00,1987,N,N,BALTIMORE,UNK,01,01,1680,MU,,0.079,W,E FAYETTE ST,0,F,W,,UU,,N CLINTON ST,39.2948329,-76.57105654
99,24,,01,07,02,1,01,01,00,ADJ2160005,06.01,01-27-2015,15:40:00,1625,N,N,BALTIMORE,UNK,01,02,2965,MU,,1.01,N,S HIGHLAND AVE,1,F,N,,UU,,LEVERTON AVE,39.29187177,-76.56951427
01,24,,01,07,02,1,01,03,00,ADJ2160006,06.01,01-30-2015,12:00:00,1342,N,N,BALTIMORE,UNK,01,01,2971,MU,,0.16,N,N HIGHLAND AVE,0,F,N,1680,MU,,E FAYETTE ST,39.2947945,-76.56954646
01,24,,02,11,02,1,01,04,00,ADJ2160007,06.01,01-30-2015,15:15:00,1951,Y,N,BALTIMORE,UNK,01,01,1685,MU,,0,W,PULASKI HWY,0,F,W,2970,MU,,N ELLWOOD AVE,39.29547534,-76.57353759
03,24,,01,03,03,1,01,01,00,ADJ2160008,08.04,02-16-2015,23:45:00,CAD 2630,N,N,BALTIMORE,UNK,01,02,1240,MU,,0.733,N,S HAVEN ST,200,F,N,,UU,,BANK ST,39.28772412,-76.56458974
01,24,,01,03,02,2,01,03,00,ADJ2160009,06.01,03-27-2015,07:40:00,CAD60507,N,N,BALTIMORE,UNK,01,01,40,US,,7.67,E,PULASKI HWY,1,F,E,2971,MU,,N HIGHLAND AVE,39.29602749,-76.56979859
03,24,,02,17,01,2,01,02,88,ADJ2230001,03,01-12-2015,17:54:00,1880,Y,N,BALTIMORE,UNK,10,10,1515,MU,,0.145,N,N CALVERT ST,0,F,N,,UU,,E 21TH ST,39.31331609,-76.61388874
03,24,,02,17,01,2,03,02,88,ADJ2230002,03,01-12-2015,18:00:00,1880,Y,N,BALTIMORE,UNK,10,10,1515,MU,,0.145,N,N CALVERT ST,0,F,N,,UU,,E 21TH ST,39.31334047,-76.61392428
05.02,24,,03,07,02,2,01,00,00,ADJ2230003,06.01,01-16-2015,18:00:00,2370,N,N,BALTIMORE,UNK,01,01,1611,MU,,0.45,E,W 28TH ST,30,F,E,2710,MU,,SISSON ST,39.31853711,-76.6268599
05.02,24,,03,17,00,,00,88,00,ADJ2230004,00,01-22-2015,17:30:00,2125,Y,N,BALTIMORE,UNK,03,00,139,MD,,0.29,N,N CHARLES ST,20,F,N,,UU,,E 23RD ST,39.31531656,-76.61688209
00,24,,00,03,00,,01,99,00,ADJ2230006,00,01-28-2015,18:50:00,2448,N,N,BALTIMORE,UNK,02,01,1615,MU,,0.35,W,W 29TH ST,5,F,W,4635,MU,,HUNTINGDON AVE,39.32150853,-76.62354469
05.02,24,,02,88,00,2,01,04,00,ADJ2230007,00,02-18-2015,11:50:00,0940,N,N,BALTIMORE,UNK,01,01,45,MD,,0.9,N,GREENMOUNT AVE,0,F,N,,UU,,E 30TH ST,39.32431382,-76.60939336
00,24,,02,11,00,2,00,00,00,ADJ2230008,00,02-19-2015,08:16:00,CAD#0494,N,N,BALTIMORE,UNK,01,02,4650,MU,,0.15,E,E 25TH ST,0,F,E,1515,MU,,N CALVERT ST,39.3179146,-76.61421061
01,24,,02,11,02,1,01,02,02,ADJ2230009,06.01,03-08-2015,16:30:00,71793,Y,N,BALTIMORE,UNK,09,00,1611,MU,,0.86,E,W 28TH ST,0,F,E,1710,MU,,MARYLAND AVE,39.32177412,-76.61860943
01,24,,00,05,02,,01,02,00,ADJ223000B,06.01,03-09-2015,16:00:00,1800,N,N,BALTIMORE,UNK,01,00,1720,MU,,0.36,S,ST PAUL ST,0,U,S,2,MD,,ST PAUL PL (SB COUPLET),39.32888671,-76.61593795
01,24,,01,17,03,1,01,03,11,ADJ2280001,08.04,01-06-2015,09:18:00,5B25,N,N,BALTIMORE,UNK,09,00,1101,MU,,1.686,N,ARGONNE DR,20,F,N,,UU,,NORTH HILL RD,39.33817265,-76.60220504
03,24,,01,09,03,1,00,01,00,ADJ2280002,08.04,01-23-2015,18:30:00,,N,N,BALTIMORE,UNK,01,01,45,MD,,1.599,N,GREENMOUNT AVE,25,F,N,,UU,,CHESTNUT HILL AVE,39.33398209,-76.60945773
01,24,,01,07,02,1,01,04,00,ADJ2280003,07.01,02-09-2015,10:30:00,5B24,N,N,BALTIMORE,UNK,02,00,500,MU,,0.89,W,E 33RD ST,25,F,W,1111,MU,,ELLERSLIE AVE,39.32829333,-76.60407722
01,24,,01,07,02,1,01,01,00,ADJ2280005,06.01,02-11-2015,08:50:00,0744,N,N,BALTIMORE,UNK,02,00,,,,,,700 E. 34TH STREET,15,F,,,,,3300 WESTERWALD AVE,39.32983278,-76.60537004
01,24,,01,07,01,1,01,02,00,ADJ2280006,03,02-10-2015,11:00:00,0844,N,N,BALTIMORE,UNK,02,00,,,,,,CHESTNUT AVE,2,F,,,,,FRISBY AVENUE,39.3342767,-76.60471022
07.88,24,,01,99,04,1,01,01,00,ADJ2280007,06.01,02-24-2015,07:00:00,0491,N,N,BALTIMORE,UNK,02,00,,,,,,900 BLOCK OF HARWOOD,10,F,,,,,5500 BLOCK OF LOTHIAN ROAD,39.3573547,-76.60142183
01,24,,02,11,01,1,01,03,00,ADJ2280008,03,03-04-2015,15:00:00,1463,Y,N,BALTIMORE,UNK,01,00,,,,,,4200 PALL MALL ROAD,0,F,,,,,2600 PARK HEIGHTS TERRACE,39.33857094,-76.66136384
03,24,,01,88,02,,00,04,00,ADJ228000B,00,03-30-2015,22:30:00,92940,N,N,BALTIMORE,UNK,01,00,,,,5.6,S,INTERSATE 83 SOUTHBOUND ,50,F,S,,,,EXIT 6 - NORTH AVENUE ,39.31132386,-76.62400603
03,24,,01,07,02,2,01,02,00,ADJ2290001,06.01,01-01-2015,04:20:00,CAD0675,Y,N,BALTIMORE,UNK,01,00,395,IS,A,0.65,N,MARTIN LUTHER KING JR BLVD,75,F,N,6020,MU,,MARTIN LUTHER KING JR BLVD (AHEAD),39.29652981,-76.6262269
03,24,,01,17,02,1,01,02,11,ADJ2290002,00,01-11-2015,01:40:00,0192,N,N,BALTIMORE,UNK,09,00,2,MD,,1.19,S,ST PAUL PL (SB COUPLET),25,F,S,40,US,,ORLEANS ST,39.29458692,-76.61239743
99,24,,00,07,00,,01,88,00,ADJ2290003,06.01,02-28-2015,06:00:00,CAD0619,N,N,BALTIMORE,UNK,02,02,4045,MU,,0,S,GUILFORD AVE,2,F,S,2260,MU,,UNIVERSITY PKWY,39.29631394,-76.61031604
01,24,,01,05,02,2,01,04,00,ADJ2360001,06.01,01-05-2015,14:00:00,,N,N,BALTIMORE,UNK,01,01,83,IS,,3.02,N,JONES FALLS EXPWY,0,F,N,,UU,,EXIT #8,39.32028844,-76.63045406
01,24,,01,88,02,,01,02,00,ADJ2360003,06.01,01-23-2015,09:00:00,760,N,N,BALTIMORE,UNK,02,00,2190,MU,,0.358,N,PIMLICO RD,0,U,N,,UU,,BOARMAN AVE,39.33969114,-76.66458249
01,24,,03,03,02,2,01,01,00,ADH4470005,06.01,03-22-2015,07:55:00,10707,Y,N,BALTIMORE,UNK,01,01,1,US,,7.35,N,NORTH AVE,5,F,N,1025,MU,,N WOLFE ST,39.31227848,-76.59161568
01,24,,03,11,01,1,01,02,08,ADH4520001,12.04,03-03-2015,17:23:00,22205,Y,N,BALTIMORE,UNK,01,00,1360,MU,,0.84,W,E MADISON ST,0,F,W,1410,MU,,N PATTERSON PARK AVE,39.29877984,-76.58512473
01,24,,02,11,02,1,01,01,00,ADH4600003,06.01,02-14-2015,14:00:00,CAD#1497,N,N,BALTIMORE,UNK,01,01,3041,MU,,0.66,W,ALICEANNA ST,0,F,W,,UU,,S EDEN ST,39.28333539,-76.59814954
99,24,,02,07,01,1,01,02,00,ADH4600004,00,03-07-2015,06:00:00,CAD1490,N,N,BALTIMORE,UNK,02,01,1392,MU,,1.51,E,E PRATT ST,0,F,E,,UU,,S CASTLE ST,39.28945545,-76.58803225
03,24,,01,88,02,1,01,01,00,ADH4770001,06.01,02-16-2015,03:22:00,311,N,N,BALTIMORE,UNK,02,00,1590,MU,,0.35,N,KIRK AVE,50,F,N,4060,MU,,BONAPARTE AVE,39.31679405,-76.60348177
03,24,,01,11,02,1,01,03,00,ADH4810001,06.01,01-14-2015,00:42:00,,N,N,BALTIMORE,UNK,01,00,4005,MU,,0.094,S,PENNSYLVANIA AVE,0,U,S,,UU,,CLIFTON AVE,39.3120004,-76.64478779
03,24,,01,03,01,1,01,03,00,ADH4810002,06.01,01-21-2015,23:03:00,,N,N,BALTIMORE,UNK,02,00,4200,MU,,0.44,S,MOSHER ST,25,F,S,,UU,,ARLINGTON AVE,39.30018918,-76.6366607
03,24,,03,11,02,1,01,01,00,ADH4810003,06.01,03-03-2015,01:28:00,149,Y,N,BALTIMORE,UNK,01,00,,,,,,N MOUNT ST,20,F,,,,,LORMAN ST,39.30377779,-76.64464831
99,24,,01,88,99,1,01,03,00,ADH4910001,99,01-26-2015,04:30:00,CAD#2269,N,N,BALTIMORE,UNK,02,00,1270,MU,,0,S,N CONKLING ST,50,F,S,40,US,,PULASKI HWY,39.29586558,-76.56772256
01,24,,01,00,03,1,01,03,00,ADH4910002,08.04,02-21-2015,15:15:00,CAD#1718,N,N,BALTIMORE,UNK,01,00,1665,MU,,0,E,E BALTIMORE ST,20,F,E,1125,MU,,N CHARLES ST,39.2920669,-76.58101156
03,24,,01,88,02,1,01,03,00,ADH5040001,06.01,02-07-2015,02:47:00,,N,N,BALTIMORE,UNK,01,02,1350,MU,,0.91,E,CHASE ST,3,U,E,1445,MU,,N BROADWAY,39.30324647,-76.59397602
03,24,,01,00,03,1,01,02,11,ADH5040003,06.01,02-18-2015,01:56:00,142,N,N,BALTIMORE,UNK,01,02,1359,MU,,0.2,N,HARFORD AVE,0,U,N,1425,MU,,N CENTRAL AVE,39.30396044,-76.60201192
03,24,,02,11,02,1,01,02,00,ADH5040004,06.01,03-03-2015,00:42:00,80,Y,N,BALTIMORE,UNK,01,01,4021,MU,,1.2,E,E BIDDLE ST,0,F,E,4490,MU,,N GAY ST,39.30430081,-76.5937829
03,24,,01,08,02,2,01,04,00,ADH5040005,06.01,03-17-2015,02:09:00,60190,N,N,BALTIMORE,UNK,01,01,1357,MU,,0.51,N,ENSOR ST,1,U,N,4260,MU,,E EAGER ST,39.35938709,-76.65710449
00,24,,01,08,02,1,01,02,00,ADH5040006,06.01,03-24-2015,00:00:00,0416,N,N,BALTIMORE,UNK,01,01,1360,MU,,1.33,W,E MADISON ST,1,F,W,1445,MU,,N BROADWAY,39.29938592,-76.59417987
03,24,,02,11,02,1,01,04,00,ADH5040007,06.01,03-31-2015,05:48:00,00375,Y,N,BALTIMORE,UNK,01,01,1370,MU,,0.7,E,E MONUMENT ST,0,F,E,4252,MU,,N CAROLINE ST,39.29819866,-76.59760237
01,24,,01,03,02,,01,04,00,ADH5090001,06.01,01-05-2015,14:00:00,#1393,N,N,BALTIMORE,UNK,02,00,1445,MU,,0.08,N,N BROADWAY,1,U,N,3006,MU,,FAIRMOUNT AVE,39.29261077,-76.59384727
01,24,,03,03,03,1,00,03,00,ADH5090003,12.04,02-10-2015,09:15:00,CAD#0581,Y,N,BALTIMORE,UNK,00,00,150,MD,,0.38,E,LOMBARD ST,20,F,E,6363,MU,,E LOMBARD ST,39.29119089,-76.5732801
01,24,,01,07,04,1,01,02,00,ADH5090004,08.04,02-10-2015,13:25:00,CAD#1308,N,N,BALTIMORE,UNK,02,00,1680,MU,,0.632,W,E FAYETTE ST,50,F,W,,UU,,N ROSE ST,39.29370679,-76.58129454
01,24,,03,11,01,1,01,03,00,ADH5090005,07.01,02-10-2015,14:01:00,CAD#1429,Y,N,BALTIMORE,UNK,01,01,1680,MU,,0.632,W,E FAYETTE ST,20,F,W,,UU,,N ROSE ST,39.29442086,-76.58130527
01,24,,01,17,01,2,01,04,05,ADH5140001,03,01-04-2015,11:00:00,,N,N,BALTIMORE,UNK,09,00,83,IS,,3.73,N,JONES FALLS EXPWY,75,F,N,2735,MU,,UNION AVE,39.33197386,-76.64238453
03,24,,01,17,02,2,01,01,88,ADH5140002,06.01,01-17-2015,18:29:00,,N,N,BALTIMORE,UNK,08,08,2605,MU,,0.615,N,CHINQUAPIN PKWY,800,F,N,,UU,,SHERWOOD AVE,39.36319041,-76.59670651
03,24,,01,03,01,1,01,01,00,ADH5140003,06.01,01-18-2015,19:54:00,,N,N,BALTIMORE,UNK,01,00,45,MD,,1.762,N,GREENMOUNT AVE,150,F,N,,UU,,ENGLE AVE,39.33653794,-76.60950065
03,24,,02,12,02,,01,00,00,ADH5140004,07.01,01-25-2015,19:22:00,,N,N,BALTIMORE,UNK,01,01,1021,MU,,1.45,N,E NORTHERN PKWY,0,F,N,,UU,,CHINQUAPIN COMMUNITY PARK,39.36605624,-76.59849018
03,24,,05.01,17,01,,01,02,05,ADH5140005,08.04,02-01-2015,21:45:00,CAD 2779,N,N,BALTIMORE,UNK,00,09,83,RP,,0,W,RAMP 3 FR 29TH ST TO IS 83 NB,0,F,W,1615,MU,,W 29TH ST,39.31833376,-76.62970304
01,24,,01,17,02,2,01,01,08,ADH5140006,06.01,02-04-2015,16:50:00,2013,N,N,BALTIMORE,UNK,09,09,2745,MU,,0.49,S,CLIPPER MILL RD,50,F,S,,UU,,MILL RACE RD,39.3266335,-76.63544565
03,24,,01,88,01,4,01,03,00,ADH5260002,03,01-12-2015,00:00:00,,N,N,BALTIMORE,UNK,00,00,1340,MU,,2.021,E,EASTERN AVE,25,F,E,,UU,,S EATON ST,39.28664046,-76.56538367
03,24,,01,88,02,3,01,02,00,ADH5260003,06.01,02-07-2015,02:10:00, CAD308,N,N,BALTIMORE,UNK,02,00,,,,,,N. GLOVER ST,15,F,,,,,JEFFERSON ST.,39.2968121,-76.58000708
03,24,,01,03,02,2,01,02,04,ADH5260004,06.01,03-13-2015,03:30:00,2017,N,N,BALTIMORE,UNK,01,10,,,,,,6300 ERDMAN,150,F,,,,,N NORTH  POINT,39.30207587,-76.54215574
01,24,,02,03,02,1,01,01,00,ADH5320001,06.01,01-05-2015,08:50:00,CAD#0597,Y,N,BALTIMORE,UNK,01,00,21,MU,,0.882,N,GREENSPRING AVE,0,F,N,2781,MU,,CROSS COUNTRY BLVD,39.36421482,-76.67308509
03,24,,02,02,02,2,01,04,07,ADH5320002,06.01,01-15-2015,18:45:00,CAD#2367,Y,N,BALTIMORE,UNK,01,09,1023,MU,,1.06,E,GWYNNS FALLS PKWY,0,F,E,2050,MU,,N DUKELAND ST,39.31449791,-76.66432969
01,24,,03,17,01,2,01,04,00,ADH5320003,06.01,02-22-2015,13:20:00,CAD#888,Y,N,BALTIMORE,UNK,03,00,26,MD,,1.88,E,LIBERTY HEIGHTS AVE,5,F,E,2900,MU,,CALLAWAY AVE,39.32623565,-76.67884648
01,24,,00,01,02,,01,01,00,ADH5320004,06.01,02-28-2015,07:30:00,CAD#699,N,N,BALTIMORE,UNK,02,02,2125,MU,,0.776,N,GARRISON BLVD,15,F,N,,UU,,GRANTLEY RD,39.3217762,-76.67928368
01,24,,01,88,01,1,01,04,00,ADH5320005,06.01,03-08-2015,12:49:00,CAD71135,Y,N,BALTIMORE,UNK,01,00,10,MU,,1.92,W,WABASH AVE,5,F,W,1022,MU,,W NORTHERN PKWY,39.3456813,-76.69684745
03,24,,00,88,01,1,03,01,00,ADH5320006,06.01,03-15-2015,20:45:00,CAD#2499,N,N,BALTIMORE,UNK,15,02,1354,MU,,0.24,W,W FOREST PARK AVE,5,F,W,,UU,,OAKFIELD AVE,39.32446165,-76.6870708
01,24,,01,17,02,2,01,04,00,ADH5320007,06.01,03-22-2015,18:19:00,CAD#2136,Y,N,BALTIMORE,UNK,03,03,1022,MU,,1.44,N,W NORTHERN PKWY,7,F,N,140,MD,,REISTERSTOWN RD,39.34871275,-76.69165201
03,24,,01,07,01,2,01,01,00,ADH5520001,03,01-12-2015,22:20:00,2625,N,N,BALTIMORE,UNK,01,01,2880,MU,,1.139,N,N HILTON ST,30,F,N,,UU,,EGERTON RD,39.32510227,-76.67094469
03,24,,02,11,06.03,1,01,01,00,ADH5520003,08.04,01-21-2015,17:35:00,CAD#2094,Y,N,BALTIMORE,UNK,01,01,2160,MU,,0.785,N,N ROGERS AVE,0,F,N,4440,MU,,BELLE AVE,39.33774945,-76.70042753
03,24,,01,01,02,1,01,01,00,ADH5520005,00,01-28-2015,21:51:00,CAD#3050,N,N,BALTIMORE,UNK,01,00,26,MD,,1.146,E,LIBERTY HEIGHTS AVE,60,F,E,,UU,,ELDORADO AVE,39.3297083,-76.69037461
01,24,,01,07,02,,01,02,00,ADH5520006,06.01,02-02-2015,16:30:00,CAD#2138,N,N,BALTIMORE,UNK,02,02,,,,,,NORFOLK AVE.,50,F,,,,,CHELSEA TERRACE,39.32452131,-76.68407679
01,24,,02,02,03,,00,01,00,ADH5520007,08.04,02-15-2015,11:55:00,CAD#0940,Y,N,BALTIMORE,UNK,01,00,10,MU,,1.73,W,WABASH AVE,0,F,W,2160,MU,,N ROGERS AVE,39.34349968,-76.69415116
01,24,,00,07,02,1,01,01,00,ADH5520008,06.01,02-16-2015,14:12:00,CAD#1249,N,N,BALTIMORE,UNK,01,01,26,MD,,0.99,E,LIBERTY HEIGHTS AVE,30,F,E,2915,MU,,HILLSDALE RD,39.33087013,-76.69401169
01,24,,00,99,03,,01,00,00,ADH5520009,08.04,02-22-2015,13:30:00,0903,N,N,BALTIMORE,UNK,02,00,,,,,,W. BELVEDERE AVE,200,F,,,,,NELSON AVE,39.34532505,-76.68264985
01,24,,01,03,02,1,01,01,00,ADH552000B,06.01,02-23-2015,13:32:00,1229,Y,N,BALTIMORE,UNK,01,00,2910,MU,,0,N,PARKVIEW AVE,10,F,N,26,MD,,LIBERTY HEIGHTS AVE,39.33556291,-76.70857072
01,24,,00,06,02,,01,01,00,ADI3870005,06.01,01-01-2015,16:00:00,1871,N,N,BALTIMORE,UNK,01,01,4021,MU,,1.719,E,E BIDDLE ST,50,F,E,,UU,,N MONTFORD AVE,39.30485704,-76.58413768
03,24,,01,07,01,,01,03,00,ADI3870006,03,01-03-2015,22:50:00,2322,N,N,BALTIMORE,UNK,01,01,2976,MU,,0.154,E,E HOFFMAN ST,75,F,E,2945,MU,,N MILTON AVE,39.30634305,-76.58278584
01,24,,00,11,03,1,00,01,00,ADI3870007,08.04,01-06-2015,16:49:00,1982,Y,N,BALTIMORE,UNK,06,06,1445,MU,,1.245,N,N BROADWAY,1,F,N,,UU,,E LANVALE ST,39.30960552,-76.5948236
01,24,,01,09,02,1,01,03,00,ADI3870008,06.01,01-08-2015,14:50:00,1341,N,N,BALTIMORE,UNK,06,06,955,MU,,0.91,W,E PRESTON ST,35,F,W,1087,MU,,N WASHINGTON ST,39.30557099,-76.59041405
03,24,,02,09,02,1,01,00,00,ADI387000B,06.01,01-11-2015,19:35:00,2068,Y,N,BALTIMORE,UNK,01,01,1241,MU,,0.32,S,N HAVEN ST,0,F,S,40,US,,PULASKI HWY,39.2971027,-76.56302333
00,24,,01,03,99,1,01,03,00,ADI387000F,06.01,01-23-2015,07:00:00,2030,N,N,BALTIMORE,UNK,06,00,1180,MU,,1.279,E,FEDERAL ST,60,F,E,,UU,,N KENWOOD AVE,39.30913235,-76.57884836
01,24,,01,07,02,1,01,02,00,ADI387000G,06.01,02-07-2015,16:42:00,,N,N,BALTIMORE,UNK,02,00,1360,MU,,1.15,W,E MADISON ST,35,F,W,1025,MU,,N WOLFE ST,39.29960178,-76.5912509
01,03,,02,11,02,2,01,01,00,ADI387000J,06.01,02-15-2015,14:00:00,,Y,N,BALTIMORE,UNK,01,01,,,,,,1700 N. WASHINGTON ST.,0,F,,,,,2000  E. LANVALE ST.,39.30974664,-76.59157276
01,24,,02,11,02,1,01,01,00,ADI387000K,06.01,03-18-2015,15:00:00,CAD1632,Y,N,BALTIMORE,UNK,01,00,1410,MU,,0.448,S,N PATTERSON PARK AVE,0,F,S,,UU,,E OLIVER ST,39.30782073,-76.58570945
01,24,,02,07,99,,01,99,00,ADI387000L,06.01,03-25-2015,08:30:00,CAD1405,N,N,BALTIMORE,UNK,01,00,40,US,,4.74,E,MULBERRY ST (EB COUPLET),0,F,E,295,MD,,GREENE ST (SB COUPLET),39.2948028,-76.62393093
03,24,,01,07,02,,01,02,00,ADI387000M,06.01,03-25-2015,06:30:00,,N,N,BALTIMORE,UNK,02,02,1,US,,8.948,N,BELAIR RD,500,F,N,,UU,,KENYON AVE,39.32474124,-76.5684092
06.02,03,,02,11,02,1,01,03,00,ADI387000N,00,03-26-2015,19:00:00,52531,Y,N,BALTIMORE,UNK,01,02,2057,CO,,0,W,MILTON AVE,0,F,W,2056,CO,,ROCKDALE CT,39.30789544,-76.58287168
01,24,,01,03,02,2,01,01,00,ADI387000Q,06.01,03-27-2015,17:15:00,CAD#2308,N,N,BALTIMORE,UNK,01,06,40,US,,5.26,E,ORLEANS ST,300,F,E,2,MD,,ST PAUL PL (SB COUPLET),39.29454541,-76.61242962
01,24,,02,02,02,1,01,01,00,ADI387000R,07.01,03-31-2015,16:07:00,CAD#1883,Y,N,BALTIMORE,UNK,06,06,1025,MU,,0.08,S,N WOLFE ST,0,F,S,1070,MU,,SINCLAIR LA,39.31426238,-76.59185171
01,24,,03,11,02,1,01,01,00,ADI3880001,06.01,01-09-2015,12:10:00,,Y,N,BALTIMORE,UNK,01,00,,,,,,2600 E.PRESTON ST,0,F,,,,,1200 N. LAKEWOOD AVE.,39.30594457,-76.57992125
01,24,,01,08,02,,01,01,00,ADI3880002,06.01,02-19-2015,10:30:00,842,N,N,BALTIMORE,UNK,01,00,70,IS,,0,E,NO NAME,0,U,E,,UU,,BALTIMORE CO/L,39.30720642,-76.60200119
01,24,,00,09,02,,03,01,08,ADI3880004,07.01,02-21-2015,10:10:00,917,N,N,BALTIMORE,UNK,01,09,1590,MU,,0,N,KIRK AVE,0,U,N,1591,MU,,HOMEWOOD AVE,39.31470231,-76.60556316
01,24,,02,09,02,1,03,02,00,ADI3880005,06.01,02-20-2015,14:30:00,1401,Y,N,BALTIMORE,UNK,01,00,1425,MU,,0.53,N,N CENTRAL AVE,0,F,N,1360,MU,,E MADISON ST,39.29919496,-76.60009146
01,24,,02,88,02,3,01,04,00,ADI3880006,06.01,02-27-2015,14:50:00,1714,Y,N,BALTIMORE,UNK,01,01,40,US,,5.961,E,ORLEANS ST,0,F,E,1430,MU,,AISQUITH ST,39.29488583,-76.6017437
01,24,,03,02,02,1,01,04,00,ADI3880007,06.01,02-27-2015,16:39:00,2125,Y,N,BALTIMORE,UNK,01,00,40,US,,5.961,E,ORLEANS ST,0,U,E,1430,MU,,AISQUITH ST,39.29500207,-76.60171822
04,24,,02,09,01,,03,01,00,ADI3880008,03,03-13-2015,23:50:00,23399,Y,N,BALTIMORE,UNK,01,00,40,US,,5.69,E,ORLEANS ST,0,F,E,1357,MU,,ENSOR ST,39.29471977,-76.60603523
88,24,,02,11,02,,01,88,00,ADI388000B,07.01,03-31-2015,00:00:00,,Y,N,BALTIMORE,UNK,01,00,2976,MU,,0.434,E,E HOFFMAN ST,0,F,E,,UU,,KENHILL AVE,39.30707359,-76.57762527
03,24,,01,07,00,1,00,04,00,ADI3920001,00,01-10-2015,23:58:00,3A25,Y,N,BALTIMORE,UNK,01,00,40,US,,6.35,E,ORLEANS ST,15,F,E,1445,MU,,N BROADWAY,39.29485262,-76.59410477
01,24,,01,17,03,1,01,04,05,ADI4440001,08.04,02-17-2015,07:30:00,CAD#0295,N,N,BALTIMORE,UNK,09,00,83,IS,,5.86,N,JONES FALLS EXPWY,0,M,N,1022,MU,,W NORTHERN PKWY,39.35556283,-76.64940119
01,24,,02,04,02,1,01,01,10,ADI4440002,06.01,02-19-2015,14:40:00,CAD#1633,N,N,BALTIMORE,UNK,02,09,2190,MU,,0.358,N,PIMLICO RD,0,F,N,,UU,,BOARMAN AVE,39.33964135,-76.66461468
01,03,,01,03,02,1,01,03,00,ADI4440003,07.01,02-20-2015,13:30:00,1285,N,N,BALTIMORE,UNK,01,00,45,MD,,0,N,YORK RD,10,F,N,,OR,,BALTO CITY LINE,39.3624729,-76.60989761
01,24,,01,03,02,2,01,03,00,ADI4440004,06.01,02-25-2015,08:30:00,552,N,N,BALTIMORE,UNK,01,00,,,,,,4400 FALLS RD,20,F,,,,,1900 W. COLDSPRING LN,39.34296036,-76.64013147
99,24,,01,03,04,,01,01,00,ADI4440005,08.04,03-05-2015,13:00:00,1023,N,N,BALTIMORE,UNK,00,00,,,,,,DALE RD,40,F,,,,,CROSS COUNTRY BLVD,39.36458809,-76.66937828
03,24,,00,06,02,1,01,01,00,ADI4460003,06.01,01-03-2015,05:33:00,,N,N,BALTIMORE,UNK,01,00,43,MU,,0.77,N,S MONROE ST,500,F,N,1281,MU,,WASHINGTON BLVD,39.27718157,-76.64457321
01,24,,03,07,02,1,01,01,00,ADI4460004,00,01-16-2015,09:40:00,773,N,N,BALTIMORE,UNK,02,02,1560,MU,,0.65,N,LIGHT ST,10,F,N,,UU,,E CROSS ST,39.27668327,-76.61230087
01,24,,01,03,00,2,03,01,00,ADI4460005,00,01-22-2015,13:20:00,CAD#1305,N,N,BALTIMORE,UNK,01,00,2,MD,,2.13,N,HANOVER ST,400,F,N,6163,MU,,W CROMWELL ST,39.25835136,-76.61607742