LIGHT_CODE,COUNTY_NO,MUNI_CODE,JUNCTION_CODE,COLLISION_TYPE_CODE,SURF_COND_CODE,LANE_CODE,RD_COND_CODE,RD_DIV_CODE,FIX_OBJ_CODE,REPORT_NO,WEATHER_CODE,ACC_DATE,ACC_TIME,LOC_CODE,SIGNAL_FLAG,C_M_ZONE_FLAG,AGENCY_CODE,AREA_CODE,HARM_EVENT_CODE1,HARM_EVENT_CODE2,RTE_NO,ROUTE_TYPE_CODE,RTE_SUFFIX,LOG_MILE,LOGMILE_DIR_FLAG,MAINROAD_NAME,DISTANCE,FEET_MILES_FLAG,DISTANCE_DIR_FLAG,REFERENCE_NO,REFERENCE_TYPE_CODE,REFERENCE_SUFFIX,REFERENCE_ROAD_NAME,LATITUDE,LONGITUDE
03,24,,00,88,02,,01,02,00,ADI4460006,00,01-31-2015,21:00:00,CAD1019,N,N,BALTIMORE,UNK,02,00,1552,MU,,0.855,E,E FORT AVE,1,F,E,,UU,,WOODALL ST,39.27113519,-76.59858942
06.02,24,,02,88,01,1,01,01,00,ADI446000C,03,03-03-2015,18:20:00,CAD22814,N,N,BALTIMORE,UNK,01,00,2,MD,,2.783,N,HANOVER ST,0,F,N,,UU,,W RANDALL ST,39.27150065,-76.6151762
05.02,24,,01,03,02,2,01,03,00,ADI4490002,06.01,02-20-2015,06:30:00,CAD#389,N,N,BALTIMORE,UNK,01,00,4650,MU,,0.355,E,E 25TH ST,15,F,E,,UU,,BRENTWOOD AVE,39.31802244,-76.61058962
99,24,,01,03,03,1,01,03,00,ADI4490003,08.04,03-06-2015,10:40:00,,N,N,BALTIMORE,UNK,02,00,1101,MU,,1.686,N,ARGONNE DR,5,F,N,,UU,,NORTH HILL RD,39.33798905,-76.60248667
01,24,,02,11,02,1,01,03,00,ADI4490004,06.01,03-07-2015,16:20:00,CAD#1710,N,N,BALTIMORE,UNK,01,01,45,MD,,3.505,N,YORK RD,0,F,N,,UU,,CORDING AVE,39.36160607,-76.60990834
03,24,,02,02,01,1,01,01,00,ADI4510001,03,01-04-2015,20:30:00,1448,Y,N,BALTIMORE,UNK,01,00,129,MD,,1.54,N,MCCULLOH ST,0,F,N,1039,MU,,DRUID PARK LAKE DR,39.31529166,-76.64232016
01,24,,03,07,02,,00,02,00,ADI4510002,06.01,01-22-2015,12:30:00,,Y,N,BALTIMORE,UNK,01,00,1045,MU,,0.19,N,N FULTON AVE,0,F,N,,UU,,AUCHENTOROLY TERR,39.31510905,-76.64430499
01,24,,03,17,01,1,01,01,00,ADI4510003,09.04,01-26-2015,14:30:00,1448,Y,N,BALTIMORE,UNK,03,00,140,MD,,5.07,S,MONROE ST (SB COUPLET),0,F,S,,UU,,CLIFTON AVE,39.31189664,-76.64831758
01,24,,02,03,02,2,01,04,00,ADI4510005,06.01,03-08-2015,14:00:00,1279,N,N,BALTIMORE,UNK,02,00,,,,,,2100 WEST NORTH AVE,0,F,,,,,1900 N PULASKI,39.30969943,-76.65133238
01,24,,03,88,02,1,01,01,00,ADI4510007,06.01,03-26-2015,13:45:00,,N,N,BALTIMORE,UNK,01,01,1,US,,4.6,N,NORTH AVE,5,F,N,4005,MU,,PENNSYLVANIA AVE,39.31011397,-76.64231747
01,24,,01,03,00,2,01,04,00,ADI4510008,07.01,03-28-2015,13:30:00,71345,N,N,BALTIMORE,UNK,01,00,2210,MU,,0.093,W,W NORTH AVE,0,F,W,,UU,,N PAYSON ST,39.30968854,-76.64901495
01,24,,01,03,02,1,01,01,00,ADI4510009,00,03-29-2015,10:30:00,15880858,N,N,BALTIMORE,UNK,01,00,4005,MU,,0.325,S,PENNSYLVANIA AVE,0,F,S,1,US,,NORTH AVE,39.31025302,-76.64270639
01,24,,01,11,01,,01,01,00,ADI4520001,09.04,03-20-2015,12:50:00,1164,Y,N,BALTIMORE,UNK,00,01,,,,,,GROVELAND AVE,10,F,,,,,W. BELVEDERE AVE.,39.34074079,-76.68546081
01,24,,01,04,01,1,01,03,00,ADI4520002,06.01,03-26-2015,13:36:00,CAD51399,N,N,BALTIMORE,UNK,01,01,,,,,,3300 BLOCK N. HILTON STREET,10,F,,,,,3200 BLOCK LIBERTY HEIGHTS AVE.,39.32394034,-76.67154551
03,24,,03,11,02,2,01,04,00,ADI4660001,06.01,01-17-2015,04:55:00,530,Y,N,BALTIMORE,UNK,01,01,295,MD,,2.02,N,RUSSELL ST,0,F,N,4300,MU,,BAYARD ST,39.27343587,-76.62876964
03,24,,02,01,02,1,00,01,00,ADI9040001,06.01,02-21-2015,01:09:00,187,Y,N,BALTIMORE,UNK,01,00,150,MD,,1.1,E,EASTERN AVE,0,F,E,1340,MU,,EASTERN AVE,39.28565902,-76.59138903
01,24,,01,07,03,1,00,01,00,ADI9040002,08.04,02-26-2015,06:49:00,388,N,N,BALTIMORE,UNK,01,00,4252,MU,,0.159,N,N CAROLINE ST,100,F,N,,UU,,E LEXINGTON ST,39.29396004,-76.5973489
03,24,,01,05,01,1,01,03,00,ADI9070001,03,01-23-2015,19:10:00,,N,N,BALTIMORE,UNK,01,01,1281,MU,,0.397,W,WASHINGTON BLVD,15,F,W,,UU,,ARCHER ST,39.28293055,-76.63010806
01,24,,01,08,02,,01,03,00,ADI9070002,06.01,02-12-2015,10:13:00,CAD#0866,N,N,BALTIMORE,UNK,02,02,,,,,,HOLLINS ST,0,F,,,,,PARKIN ST,39.28789435,-76.63062572
03,24,,01,88,02,1,01,01,00,ADI9070003,06.01,03-31-2015,21:30:00,9C31,N,N,BALTIMORE,UNK,02,02,,,,,,BEASON ST,3,F,,,,,TOWSON ST,39.27114558,-76.5909934
01,24,,01,03,02,1,01,02,05,ADI9090001,06.01,01-28-2015,12:00:00,,N,N,BALTIMORE,UNK,09,01,83,IS,,1.66,N,JONES FALLS EXPWY,0,U,N,1703,MU,,N HOWARD ST,39.3088169,-76.61953211
03,24,,02,05,04,1,01,02,00,ADI9090002,08.04,02-15-2015,22:15:00,CAD:2453,N,N,BALTIMORE,UNK,02,00,4200,MU,,0,S,MOSHER ST,0,F,S,129,MD,,MCCULLOH ST,39.30406836,-76.62984252
03,24,,02,07,03,1,01,01,00,ADI9090003,08.04,02-16-2015,22:45:00,CAD#2567,N,N,BALTIMORE,UNK,02,00,4005,MU,,1.105,S,PENNSYLVANIA AVE,0,F,S,4200,MU,,MOSHER ST,39.30174378,-76.63255692
03,24,,00,03,01,2,01,04,00,ADI9140001,00,01-04-2015,02:09:00,298,Y,N,BALTIMORE,UNK,01,01,2210,MU,,1.288,W,W NORTH AVE,10,F,W,,UU,,W NORTH AVE (AHEAD),39.31107587,-76.61981642
03,24,,03,03,01,3,01,02,00,ADI9140002,03,01-04-2015,02:40:00,364,Y,N,BALTIMORE,UNK,01,01,1390,MU,,1.58,W,E LOMBARD ST,0,F,W,2,MD,,LIGHT ST (SB COUPLET),39.28775003,-76.61407381
04,24,,01,05,02,1,01,05.01,00,ADI9140003,00,01-10-2015,23:50:00,2707,N,N,BALTIMORE,UNK,02,00,,,,,,BOLTON ST,20,F,,,,,ROBERT ST,39.30909914,-76.62859797
03,24,,01,03,02,1,01,01,00,ADI9140004,00,01-17-2015,00:18:00,43,N,N,BALTIMORE,UNK,01,01,1480,MU,,0.21,E,GAY ST,20,F,E,1665,MU,,E BALTIMORE ST,39.28926239,-76.60887837
03,24,,01,07,02,2,01,01,00,ADI9140005,06.01,02-01-2015,02:20:00,369,N,N,BALTIMORE,UNK,02,00,4005,MU,,0.867,S,PENNSYLVANIA AVE,20,F,S,,UU,,LAURENS ST,39.30450736,-76.63576216
03,24,,02,03,02,2,01,01,00,ADI9140006,06.01,02-12-2015,01:01:00,87,Y,N,BALTIMORE,UNK,01,01,1703,MU,,0.972,N,N HOWARD ST,0,F,N,,UU,,W PRESTON ST,39.30451323,-76.62077934
03,24,,02,03,02,1,01,01,00,ADI9140008,06.01,02-25-2015,02:00:00,178,Y,N,BALTIMORE,UNK,01,00,1703,MU,,1.04,N,N HOWARD ST,0,F,N,1770,MU,,DOLPHIN ST,39.30607325,-76.62088931
01,24,,02,11,02,1,01,01,00,ADI9140009,00,02-20-2015,07:11:00,382,N,N,BALTIMORE,UNK,01,00,4005,MU,,1.175,S,PENNSYLVANIA AVE,0,F,S,1900,MU,,W LAFAYETTE AVE,39.30120414,-76.6318059
03,24,,02,03,02,1,01,04,00,ADI914000C,06.01,02-14-2015,01:26:00,150233,Y,N,BALTIMORE,UNK,01,00,1383,MU,,0.51,N,PRESIDENT ST,0,F,N,1680,MU,,E FAYETTE ST,39.29071396,-76.60672657
99,24,,03,06,99,1,01,02,00,ADI9160001,99,01-01-2015,11:30:00,CAD# 125,N,N,BALTIMORE,UNK,02,00,,,,,,4100 BLK DUANE AVE,10,F,,,,,5000 BLK 5TH ST,39.22706724,-76.60287559
99,24,,01,88,02,1,01,02,00,ADI9160002,06.01,01-01-2015,15:00:00,CAD#1694,N,N,BALTIMORE,UNK,02,02,,,,,,UNIT BLK E. GITTINGS ST,50,F,,,,,1400 BLK LIGHT ST,39.27417921,-76.61211848
01,24,,02,11,02,2,01,02,88,ADI9160003,06.01,01-05-2015,13:24:00,CAD#1296,N,N,BALTIMORE,UNK,01,09,173,MD,,3.01,N,CURTIS AVE (NB COUPLET),0,F,N,,UU,,ELMTREE ST,39.22449077,-76.5883863
01,24,,01,09,02,1,01,01,00,ADI9160004,06.01,01-07-2015,09:45:00,CAD#723,N,N,BALTIMORE,UNK,01,00,,,,,,700 BLK E. PATAPSCO AVE,20,F,,,,,3600 BLK 7TH ST,39.23567696,-76.60039186
03,24,,01,99,02,,01,01,00,ADI9160005,00,01-10-2015,02:45:00,CAD#559,N,N,BALTIMORE,UNK,02,00,4365,MU,,0.855,S,6TH ST,25,F,S,4385,MU,,TOWNSEND AVE,39.22894551,-76.60172224
03,24,,01,17,06.03,,01,02,00,ADI9160006,00,01-11-2015,19:41:00,CAD#2086,N,N,BALTIMORE,UNK,15,00,,,,,,3600 BLK ST. VICTOR ST,50,F,,,,,900 BLK E. PATAPSCO AVE,39.2341105,-76.59672797
99,24,,01,99,00,1,01,02,00,ADI9160007,00,01-18-2015,17:00:00,CAD#1841,N,N,BALTIMORE,UNK,02,99,,,,0,,1100 BLK CLEVELAND ST,10,F,,,,,1100 BLK W. OSTEND ST,39.28062603,-76.63223505
01,24,,01,07,02,1,01,02,00,ADI9160008,06.01,02-13-2015,09:40:00,812,N,N,BALTIMORE,UNK,02,02,,,,0,,3900 BLK BROOKLYN AVE,200,F,,,,,700 BLK E. JEFFREY ST,39.23231963,-76.60238743
03,24,,03,99,02,1,01,01,00,ADI9160009,06.01,02-13-2015,23:00:00,899,N,N,BALTIMORE,UNK,02,00,,,,0,,1300 BLK GREENMOUNT AVE,20,F,,,,,700 PRESTON ST,39.30464119,-76.60815954
01,24,,03,02,02,1,01,01,00,ADI916000B,06.01,02-14-2015,14:50:00,889,Y,N,BALTIMORE,UNK,01,01,,,,0,,1800 CHERRY HILL RD,10,F,,,,,2900 WATERVIEW AVE,39.2574957,-76.63283587
99,24,,01,99,06.03,1,01,01,00,ADI916000C,08.04,02-22-2015,11:00:00,CAD0640,N,N,BALTIMORE,UNK,02,00,,,,0,,2800 BLK SEAMON AVE,900,F,,,,,100 BLK CHERRY HILL RD,39.25354124,-76.61983252
01,24,,01,07,06.03,1,00,02,00,ADI916000D,06.01,02-26-2015,10:00:00,744,N,N,BALTIMORE,UNK,02,00,,,,0,,600 BLK WASHBURN AVE,100,F,,,,,3800 BLK 6TH ST,39.23403155,-76.6028595
01,24,,01,06,03,1,88,01,00,ADI916000F,08.04,03-05-2015,13:00:00,CAD1012,N,N,BALTIMORE,UNK,02,00,,,,0,,1500 BLK FILBERT ST,50,F,,,,,4500 BLK PENNINGTON AVE,39.22521801,-76.58893883
01,24,,01,08,06.03,1,88,04,08,ADI916000G,00,03-07-2015,07:45:00,CAD60692,N,N,BALTIMORE,UNK,01,09,,,,0,,700 BLK W. PATAPSCO AVE,500,F,,,,,3500 BLK MARMENCO CT ,39.24283984,-76.62910223
01,24,,01,03,01,3,01,04,00,ADJ2360004,06.01,01-27-2015,09:46:00,584,N,N,BALTIMORE,UNK,01,01,2100,MU,,2.452,E,W COLD SPRING LA,0,U,E,,UU,,GRAND VIEW AVE,39.34492679,-76.64264202
01,24,,88,88,00,,01,88,00,ADJ2360005,00,01-30-2015,07:50:00,560,N,N,BALTIMORE,UNK,02,03,25,MD,,3.01,N,FALLS RD,0,U,N,2100,MU,,W COLD SPRING LA,39.34454512,-76.64051771
03,24,,01,03,01,1,01,01,00,ADJ2360006,06.01,02-09-2015,18:00:00,2110,N,N,BALTIMORE,UNK,01,00,1111,MU,,0.538,E,ELLERSLIE AVE,1,U,E,,UU,,E 34TH ST,39.32947593,-76.60359979
03,24,,01,99,02,1,01,01,00,ADJ2360007,06.01,02-12-2015,21:00:00,CAD#3445,N,N,BALTIMORE,UNK,02,00,6148,MU,,0.526,N,TAMARIND RD,0,U,N,,UU,,YELLOWOOD AVE,39.34694295,-76.65486753
03,24,,01,07,02,3,01,04,00,ADJ2360008,06.01,02-12-2015,20:57:00,3077,N,N,BALTIMORE,UNK,01,00,1022,MU,,3.648,N,W NORTHERN PKWY,0,U,N,,UU,,CYLBURN AVE,39.35790221,-76.6539073
03,24,,00,03,00,,01,02,00,ADJ2360009,00,02-16-2015,21:00:00,CAD#2131,N,N,BALTIMORE,UNK,02,00,,,,,,4300 NEWPORT,0,M,,,,,1200 ROLAND HEIGHTS,39.341198,-76.640604
01,24,,00,07,00,,01,04,00,ADJ236000B,00,02-23-2015,15:00:00,CAD#1949,N,N,BALTIMORE,UNK,02,00,500,MU,,1.2,W,E 33RD ST,0,F,W,45,MD,,GREENMOUNT AVE,39.32828918,-76.60989761
03,24,,00,07,02,,01,04,00,ADJ236000C,06.01,02-24-2015,20:15:00,CAD#2648,N,N,BALTIMORE,UNK,02,02,2270,MU,,1.638,N,ROLAND AVE,0,F,N,,UU,,UPLAND RD,39.35021183,-76.63501918
03,24,,00,07,02,,01,01,00,ADJ236000D,00,03-02-2015,23:00:00,CAD#2916,N,N,BALTIMORE,UNK,02,00,45,MD,,1.357,N,GREENMOUNT AVE,0,F,N,,UU,,E 35TH ST,39.33082034,-76.60950065
03,24,,05.01,17,06.03,,01,02,05,ADJ236000F,06.01,03-03-2015,22:45:00,CAD23297,N,N,BALTIMORE,UNK,09,00,,,,,,I-83 SB RAMP TO DRUID PARK LAKE DR,0,F,,,,,700 DRUID PARK LAKE DR,39.31718417,-76.63060427
06.02,24,,00,07,02,,01,01,00,ADJ236000G,06.01,03-12-2015,16:00:00,CAD40911,N,N,BALTIMORE,UNK,02,00,,,,,,4300 ELSA TERRACE,0,F,,,,,4200 BUCHANAN AVE,39.33989028,-76.64148331
01,24,,03,11,02,1,01,03,00,ADJ236000H,06.01,03-22-2015,10:20:00,CAD#0886,Y,N,BALTIMORE,UNK,01,00,1111,MU,,0,E,ELLERSLIE AVE,0,U,E,1112,MU,,E 39TH ST (BACK),39.336289,-76.60753727
01,24,,01,07,02,1,01,02,00,ADJ236000J,00,03-29-2015,14:00:00,CAD#1173,N,N,BALTIMORE,UNK,02,00,,,,,,2200 N MONROE ST,0,F,,,,,1800 CLIFTON AVE,39.31357134,-76.64836049
01,24,,01,88,02,1,01,02,00,ADJ2410002,06.01,01-05-2015,16:00:00,9C24,N,N,BALTIMORE,UNK,02,02,,,,,,2200 BLK. CEDLEY STREET,0,U,,,,,2600 BLK. MANOKIN STREET,39.26372289,-76.63164631
04,24,,01,17,04,,03,99,04,ADJ2410003,00,01-05-2015,17:27:00,9C24,N,N,BALTIMORE,UNK,00,00,,,,,,600 BLK W PATAPSCO AVE.,0,U,,,,,3600 BLK POTEE STREET,39.24094324,-76.62464038
01,24,,00,88,03,,01,00,00,ADJ2410004,00,01-06-2015,16:40:00,9C21,N,N,BALTIMORE,UNK,02,02,,,,,,1801 WASHINGTON BLVD.,0,U,,,,,1300 BLK. S. MONROE ST.,39.27484468,-76.64181858
01,24,,02,03,02,1,01,02,00,ADJ2410005,06.01,02-08-2015,14:50:00,CAD#1452,N,N,BALTIMORE,UNK,01,01,43,MU,,0,N,S MONROE ST,0,F,N,648,MD,,ANNAPOLIS RD,39.28426288,-76.64670758
01,24,,09.04,88,02,,01,03,00,ADJ2410006,00,02-14-2015,11:32:00,CAD#1117,N,N,BALTIMORE,UNK,01,01,43,MU,,0.77,N,S MONROE ST,0,F,N,1281,MU,,WASHINGTON BLVD,39.27480835,-76.6414699
01,24,,02,88,02,1,01,01,00,ADJ2410007,06.01,03-02-2015,09:15:00,1479,Y,N,BALTIMORE,UNK,03,03,1875,MU,,0.52,S,S CAREY ST,0,F,S,,UU,,JAMES ST,39.28140875,-76.63636029
01,24,,02,11,02,2,01,04,11,ADJ2410008,06.01,03-21-2015,18:39:00, 2110,Y,N,BALTIMORE,UNK,01,09,1395,MU,,0.74,W,W LOMBARD ST,0,F,W,6020,MU,,MARTIN LUTHER KING JR BLVD,39.28707019,-76.62829354
01,24,,02,11,02,1,01,01,09,ADJ2420006,06.01,01-02-2015,16:00:00,CAD#1497,N,N,BALTIMORE,UNK,01,09,4200,MU,,0.897,S,MOSHER ST,0,F,S,,UU,,MOUNT ST,39.29980934,-76.64434791
01,24,,01,88,02,2,01,01,00,ADJ2420007,06.01,03-24-2015,15:00:00,CAD#1598,N,N,BALTIMORE,UNK,03,00,1,US,,4.82,N,NORTH AVE,10,F,N,129,MD,,DRUID HILL AVE (SB COUPLET),39.31038584,-76.63881183
01,24,,02,03,02,1,01,04,00,ADJ2450001,06.01,02-05-2015,10:30:00,877,Y,N,BALTIMORE,UNK,01,00,,,,,,ORLEANS ST,0,F,,,,,N CAROLINE ST,39.29518059,-76.59740388
01,24,,01,88,04,1,01,03,00,ADJ2450002,06.01,02-10-2015,10:00:00,1970,Y,N,BALTIMORE,UNK,05,00,,,,,,2100 E. BALTIMORE STREET,0,F,,,,,02 S. CHESTER STREET,39.291791,-76.58749
03,24,,02,17,01,1,01,03,00,ADJ2450003,06.01,02-24-2015,18:45:00,2922,Y,N,BALTIMORE,UNK,03,00,1230,MU,,0.106,E,FLEET ST,0,F,E,,UU,,S EXETER ST,39.284259,-76.600268
01,24,,00,09,01,2,01,03,00,ADJ2450004,06.01,03-03-2015,16:11:00,22745,N,N,BALTIMORE,UNK,01,01,1680,MU,,0.938,W,E FAYETTE ST,0,F,W,,UU,,N DUNCAN ST,39.29419253,-76.5871498
01,24,,02,11,01,1,01,01,00,ADJ2450005,03,03-04-2015,16:55:00,31857,N,N,BALTIMORE,UNK,01,01,4490,MU,,0.609,N,N GAY ST,0,F,N,,UU,,E LANVALE ST,39.309977,-76.587445
01,24,,02,08,01,2,01,02,00,ADJ2450006,03,03-04-2015,15:00:00,32238,Y,N,BALTIMORE,UNK,01,01,1370,MU,,0.88,E,E MONUMENT ST,0,F,E,1445,MU,,N BROADWAY,39.29831489,-76.59458756
01,24,,03,88,02,2,01,03,00,ADJ2450007,06.01,03-12-2015,09:00:00,10663,Y,N,BALTIMORE,UNK,01,01,40,US,,6.84,E,ORLEANS ST,0,F,E,1410,MU,,N PATTERSON PARK AVE,39.29551582,-76.58493564
01,24,,02,88,02,1,01,04,00,ADJ2450008,06.01,03-17-2015,13:10:00,1299,Y,N,BALTIMORE,UNK,01,01,1370,MU,,2.34,E,E MONUMENT ST,0,F,E,,UU,,N DEAN ST,39.29942328,-76.56718612
01,24,,02,07,02,2,01,04,00,ADJ2450009,06.01,03-17-2015,12:55:00,1415,N,N,BALTIMORE,UNK,01,01,1370,MU,,3.03,E,E MONUMENT ST,0,F,E,40,US,,PULASKI HWY,39.30011238,-76.55366242
01,24,,02,11,02,1,01,88,00,ADJ245000B,00,03-18-2015,14:45:00,1579,Y,N,BALTIMORE,UNK,01,01,1087,MU,,1.097,N,N WASHINGTON ST,0,F,N,4490,MU,,N GAY ST,39.30741395,-76.59014314
01,24,,02,03,02,1,01,03,00,ADJ245000C,06.01,03-30-2015,13:40:00,1361,Y,N,BALTIMORE,UNK,01,01,955,MU,,0.37,W,E PRESTON ST,0,F,W,2955,MU,,N LAKEWOOD AVE,39.306072,-76.576874
04,24,,00,03,02,,01,02,00,ADJ2470001,06.01,01-01-2015,06:30:00,9B24,N,N,BALTIMORE,UNK,01,01,2,MD,,0,N,POTEE ST,600,F,N,1530,MU,,S HANOVER ST,39.24672012,-76.61268711
01,24,,01,88,02,3,01,03,00,ADJ2470002,06.01,01-01-2015,09:30:00,9B21,N,N,BALTIMORE,UNK,01,00,100,MU,,1.44,W,W PATAPSCO AVE,150,F,W,,UU,,MAGNOLIA AVE,39.24526607,-76.63368344
01,24,,02,17,03,4,01,04,08,ADJ2470003,08.04,01-06-2015,10:00:00,,N,N,BALTIMORE,UNK,09,09,100,MU,,1.75,W,W PATAPSCO AVE,0,F,W,648,MD,E,ANNAPOLIS RD,39.24899667,-76.64002419
01,24,,02,88,01,1,01,01,00,ADJ2470004,08.04,01-06-2015,14:13:00,1231,N,N,BALTIMORE,UNK,01,01,1960,MU,,0.88,S,HOLLINS FERRY RD,0,F,S,,UU,,FORRESTER AVE,39.25959745,-76.64311409
01,24,,01,07,03,1,01,01,07,ADJ2470005,08.04,01-06-2015,10:27:00,9B23,N,N,BALTIMORE,UNK,01,09,648,MD,E,0.98,N,ANNAPOLIS RD,200,F,N,1630,MU,,WATERVIEW AVE,39.25757877,-76.6369772
01,24,,01,03,03,1,01,01,00,ADJ2470006,08.04,01-06-2015,10:35:00,9B23,N,N,BALTIMORE,UNK,01,01,648,MD,E,1.02,N,ANNAPOLIS RD,350,F,N,1630,MU,,WATERVIEW AVE,39.25764523,-76.63708448
03,24,,01,88,02,1,01,01,00,ADJ2470007,06.01,01-16-2015,18:00:00,CAD#2383,N,N,BALTIMORE,UNK,01,01,1570,MU,,0.516,N,S CHARLES ST,40,F,N,,UU,,E WEST ST,39.27595241,-76.61427498
03,24,,01,17,01,1,01,01,00,ADJ2470008,03,01-23-2015,22:04:00,CAD#3229,N,N,BALTIMORE,UNK,03,03,1560,MU,,0.625,N,LIGHT ST,45,F,N,,UU,,WEBER ST,39.27711513,-76.61232233
03,24,,01,03,02,2,01,04,00,ADJ2470009,00,01-30-2015,17:40:00,CAD#257,N,N,BALTIMORE,UNK,01,01,5875,MU,,0.08,W,CONWAY ST,900,F,W,1571,MU,,S CHARLES ST,39.28397483,-76.61694646
03,24,,02,07,02,2,01,02,00,ADJ247000B,06.01,02-06-2015,22:48:00,CAD#3394,Y,N,BALTIMORE,UNK,01,01,1391,MU,,1.23,E,W PRATT ST,0,F,E,295,MD,,PACA ST (NB COUPLET),39.28625017,-76.62205875
03,24,,01,07,02,1,01,01,00,ADJ247000C,06.01,02-07-2015,21:10:00,CAD#2971,N,N,BALTIMORE,UNK,01,01,2,MD,,2.783,N,HANOVER ST,45,F,N,,UU,,W RANDALL ST,39.27163354,-76.61514938
01,24,,02,11,02,2,01,02,00,ADJ247000D,06.01,02-18-2015,09:10:00,CAD#0537,Y,N,BALTIMORE,UNK,01,01,1530,MU,,0.6,N,S HANOVER ST,0,F,N,4350,MU,,FRANKFURST AVE,39.25312104,-76.61740819
99,24,,01,99,02,1,01,02,00,ADJ247000F,99,02-18-2015,20:00:00,CAD#0876,Y,Y,BALTIMORE,UNK,01,01,,,,,,1500 CLARKSON ST,30,F,,,,,100 W FORT AVE,39.27244958,-76.61607474
99,24,,01,99,00,1,01,02,00,ADJ247000G,99,02-27-2015,09:00:00,CAD#0701,N,N,BALTIMORE,UNK,01,01,,,,,,1300 PONTIAC AVE,150,F,,,,,3600 ALTON AVE,39.23211186,-76.59219503
01,24,,02,11,02,1,01,02,00,ADJ247000H,07.01,03-04-2015,11:20:00,30865,Y,N,BALTIMORE,UNK,01,01,1391,MU,,0.38,E,W PRATT ST,0,F,E,1875,MU,,S CAREY ST,39.28557131,-76.63798034
01,24,,01,88,03,,01,02,00,ADJ247000J,00,03-06-2015,11:42:00,50938,N,N,BALTIMORE,UNK,01,01,295,MD,,1.92,N,RUSSELL ST,600,F,N,4305,MU,,BUSH ST,39.27083618,-76.63169861
03,24,,01,08,02,2,00,02,00,ADJ247000K,06.01,03-11-2015,20:10:00,CAD#2743,N,N,BALTIMORE,UNK,01,01,6163,MU,,0.7,E,W CROMWELL ST,60,F,E,4320,MU,,MCCOMAS ST,39.26647547,-76.60631418
99,24,,01,99,99,1,01,01,00,ADJ247000L,00,03-11-2015,21:09:00,CAD#2836,N,N,BALTIMORE,UNK,02,01,,,,,,RANDALL ST,40,F,,,,,BYRD ST,39.27166261,-76.61067009
01,24,,02,00,02,1,01,01,00,ADJ247000N,06.01,03-30-2015,17:00:00,CAD#2015,N,N,BALTIMORE,UNK,03,01,1552,MU,,1.236,E,E FORT AVE,0,F,E,,UU,,TOWSON ST,39.26799552,-76.59099609
06.02,24,,01,03,02,2,01,01,00,ADJ247000P,06.01,03-30-2015,22:50:00,CAD#2605,N,N,BALTIMORE,UNK,02,01,4295,MU,,0.08,W,CAMDEN ST,450,F,W,1760,MU,,S EUTAW ST,39.28520385,-76.62135601
99,24,,01,99,02,1,01,01,00,ADJ247000Q,06.01,03-30-2015,19:00:00,2656,N,N,BALTIMORE,UNK,02,01,,,,,,MARIBAN CT,30,F,,,,,GRETNA,39.22943585,-76.59825683
03,24,,03,17,02,1,01,04,04,ADH5650001,00,01-17-2015,04:09:00,492,N,N,BALTIMORE,UNK,09,00,1200,MU,,1.13,N,KANE ST,1,F,N,151,MD,,NORTH POINT BLVD,39.29726876,-76.53011799
03,24,,01,07,01,,01,02,00,ADH5650002,88,01-30-2015,05:30:00,492,N,N,BALTIMORE,UNK,02,01,40,US,,7.063,E,ORLEANS ST,45,F,E,,UU,,N LUZERNE AVE,39.29576387,-76.58072323
05.02,24,,03,11,02,1,01,01,00,ADH5650003,06.01,02-06-2015,07:00:00,409,Y,N,BALTIMORE,UNK,01,01,3041,MU,,0.66,W,ALICEANNA ST,3,F,W,,UU,,S EDEN ST,39.28327726,-76.59816027
06.02,24,,01,17,04,1,01,01,00,ADH5650004,09.04,02-10-2015,06:15:00,362,N,N,BALTIMORE,UNK,03,01,1415,MU,,0.08,S,S PATTERSON PARK AVE,5,F,S,1390,MU,,E LOMBARD ST,39.29143169,-76.58470631
06.02,24,,01,99,04,1,01,01,00,ADH5650005,09.04,02-10-2015,06:15:00,328,N,N,BALTIMORE,UNK,01,01,2965,MU,,1.08,N,S HIGHLAND AVE,2,F,N,1665,MU,,E BALTIMORE ST,39.29241149,-76.56942844
03,24,,02,11,03,1,99,02,00,ADH5650006,08.04,02-17-2015,02:54:00,162,Y,N,BALTIMORE,UNK,01,01,1230,MU,,0.67,E,FLEET ST,0,F,E,1027,MU,,S WOLFE ST,39.28465577,-76.59000635
03,24,,01,07,02,,01,00,00,ADH5650007,00,03-24-2015,01:56:00,0166,N,N,BALTIMORE,UNK,02,00,1230,MU,,1.221,E,FLEET ST,60,F,E,,UU,,S LUZERNE AVE,39.28510835,-76.57982469
03,24,,00,88,02,,01,02,00,ADH5650008,06.01,03-30-2015,00:21:00,0007,N,N,BALTIMORE,UNK,00,00,1085,MU,,0.213,N,S WASHINGTON ST,5,F,N,,UU,,BANK ST,39.28676502,-76.58955574
06.02,24,,02,11,02,1,01,01,00,ADH5670001,06.01,01-09-2015,17:00:00,CAD 1766,Y,N,BALTIMORE,UNK,01,00,2895,MU,,0.857,N,DOLFIELD AVE,0,F,N,,UU,,LEWIN AVE,39.33857924,-76.67892694