LIGHT_CODE,COUNTY_NO,MUNI_CODE,JUNCTION_CODE,COLLISION_TYPE_CODE,SURF_COND_CODE,LANE_CODE,RD_COND_CODE,RD_DIV_CODE,FIX_OBJ_CODE,REPORT_NO,WEATHER_CODE,ACC_DATE,ACC_TIME,LOC_CODE,SIGNAL_FLAG,C_M_ZONE_FLAG,AGENCY_CODE,AREA_CODE,HARM_EVENT_CODE1,HARM_EVENT_CODE2,RTE_NO,ROUTE_TYPE_CODE,RTE_SUFFIX,LOG_MILE,LOGMILE_DIR_FLAG,MAINROAD_NAME,DISTANCE,FEET_MILES_FLAG,DISTANCE_DIR_FLAG,REFERENCE_NO,REFERENCE_TYPE_CODE,REFERENCE_SUFFIX,REFERENCE_ROAD_NAME,LATITUDE,LONGITUDE
06.02,24,,02,11,02,1,01,01,07,ADH5670002,06.01,02-12-2015,17:00:00,CAD#2201,Y,N,BALTIMORE,UNK,01,09,2125,MU,,1.752,N,GARRISON BLVD,0,F,N,,UU,,BOARMAN AVE,39.33425179,-76.68371737
01,03,,00,01,02,1,01,01,00,ADH5670003,06.01,02-14-2015,16:15:00,CAD#1998,N,N,BALTIMORE,UNK,01,01,,,,,,2700 LIST AVE,50,F,,,,,4700 MORRELLO RD.,39.34583013,-76.57189004
06.02,03,,09.04,03,02,,01,00,00,ADH5670004,06.01,03-06-2015,17:15:00,CAD#,N,N,BALTIMORE,UNK,02,00,140,MD,,0,N,REISTERSTOWN RD,100,F,N,,UU,,4000 LEWISTON,39.34574145,-76.68731622
01,24,,02,17,02,1,01,01,00,ADH5670006,06.01,03-18-2015,09:45:00,CAD#0773,Y,N,BALTIMORE,UNK,03,00,,,,,,5400   TIPPETT,0,F,,,,,4000 W. ROGERS,39.34827873,-76.6891408
01,24,,00,11,02,1,01,03,00,ADH5830002,06.01,02-12-2015,10:39:00,987,Y,N,BALTIMORE,UNK,01,01,1570,MU,,0.74,N,S CHARLES ST,0,F,N,,UU,,E HENRIETTA ST,39.27895365,-76.61446005
01,24,,02,11,03,1,99,01,00,ADH5830003,06.01,03-03-2015,08:56:00,CAD#1340,Y,N,BALTIMORE,UNK,01,01,1570,MU,,0.58,N,S CHARLES ST,0,F,N,4315,MU,,CROSS ST,39.27669988,-76.61438227
01,24,,01,03,02,1,01,03,00,ADH5840001,06.01,01-13-2015,10:00:00,CAD754,N,Y,BALTIMORE,UNK,01,01,21,MU,,1.487,N,GREENSPRING AVE,10,F,N,,UU,,SHELLEYDALE DR,39.36991725,-76.68161452
01,24,,01,88,02,2,01,03,00,ADH5840002,06.01,01-13-2015,11:30:00,,N,N,BALTIMORE,UNK,00,00,129,MD,,6.21,N,PARK HEIGHTS AVE,8,F,N,2825,MU,,CLARKS LA,39.36214939,-76.69946194
01,24,,02,88,02,,01,04,00,ADH5840003,06.01,01-14-2015,08:19:00,4558,Y,N,BALTIMORE,UNK,01,01,140,MD,,0.63,N,REISTERSTOWN RD,0,F,N,140,MD,,REISTERSTOWN RD (NB COUPLET),39.34304333,-76.68330431
01,24,,01,88,02,,01,00,00,ADH5840005,06.01,01-19-2015,13:00:00,1255,N,N,BALTIMORE,UNK,02,00,,,,,,INGLESIDE,3,F,,,,,CLOVER,39.35178813,-76.68142676
01,24,,01,13,02,,01,03,00,ADH5840006,06.01,01-22-2015,13:02:00,1303,N,N,BALTIMORE,UNK,01,01,140,MD,,3.622,N,REISTERSTOWN RD,15,F,N,,UU,,LEWISTON AVE,39.34639536,-76.68806791
01,24,,01,03,01,1,01,03,00,ADH5840007,09.04,01-26-2015,15:33:00,1672,N,N,BALTIMORE,UNK,01,01,140,MD,,4.089,N,REISTERSTOWN RD,5,F,N,2870,MU,,PRIMROSE AVE,39.35047731,-76.6939795
01,24,,00,88,01,,01,88,00,ADH5840008,09.04,01-27-2015,09:00:00,1427,N,N,BALTIMORE,UNK,02,02,,,,,,CLARINTH RD,3,F,,,,,GIST AVE,39.36113739,-76.70306683
01,24,,01,02,02,1,01,03,00,ADH5840009,06.01,02-03-2015,13:02:00,1228,N,N,BALTIMORE,UNK,01,01,,,,,,6200 GREENSPRING AVE,15,F,,,,,2700 HANSON AVE,39.36793079,-76.6795814
01,24,,01,03,02,,01,88,00,ADH584000B,06.01,02-04-2015,13:16:00,1354,N,N,BALTIMORE,UNK,01,01,,,,,,W.BELVEDER AVE.,2,F,,,,,WILTON HGTS.AVE,39.34749883,-76.67927027
03,24,,01,07,03,1,01,88,00,ADH584000C,08.04,02-14-2015,20:08:00,2572,N,N,BALTIMORE,UNK,02,02,,,,,,GLENHEIGHTS RD.,8,F,,,,,CRESTHEIGHTS RD.,39.36119546,-76.71038389
03,24,,01,88,01,3,01,02,05,ADH584000D,08.04,02-16-2015,20:55:00,2346,N,N,BALTIMORE,UNK,01,01,,,,,,W. NORTHERN PKWY.,0,F,,,,,PARK HEIGHTS AVE.,39.3527339,-76.6839695
03,24,,01,07,01,3,01,04,04,ADH584000F,12.04,02-22-2015,19:00:00,1697,N,N,BALTIMORE,UNK,01,01,,,,,,W. NORTHERN PKWY.,20,F,,,,,KEY AVE.,39.35610205,-76.67662024
03,24,,00,03,04,,01,02,00,ADH584000G,06.01,02-28-2015,21:50:00,2748,N,N,BALTIMORE,UNK,02,02,,,,,,REISTERSTOWN RD.,1,F,,,,,ROCKFEILD AVE.,39.34696784,-76.6887331
01,24,,03,11,02,2,01,03,00,ADH584000H,06.01,03-15-2015,11:22:00,1006,Y,N,BALTIMORE,UNK,01,01,140,MD,,4.87,N,REISTERSTOWN RD,0,F,N,2825,MU,,CLARKS LA,39.35821744,-76.70507312
01,24,,01,88,01,1,01,03,04,ADH584000J,09.04,03-20-2015,09:35:00,0721,N,N,BALTIMORE,UNK,01,01,140,MD,,4,N,REISTERSTOWN RD,8,F,N,,UU,,EMMART AVE,39.3500376,-76.69363618
01,24,,01,88,01,1,01,03,04,ADH584000L,12.04,03-20-2015,09:35:00,0721,N,N,BALTIMORE,UNK,01,01,140,MD,,4,N,REISTERSTOWN RD,8,F,N,,UU,,EMMART AVE,39.35000441,-76.69358253
01,24,,01,09,04,3,01,03,00,ADH5920001,06.01,03-03-2015,07:30:00,CAD 1205,N,N,BALTIMORE,UNK,01,00,960,MU,,0.13,E,WOODBOURNE AVE,200,F,E,2410,MU,,PIONEER DR,39.35548402,-76.57320231
03,24,,02,11,01,4,01,03,00,ADH5920002,03,03-05-2015,00:52:00,CAD 086,Y,N,BALTIMORE,UNK,01,00,147,MD,,3.5,N,HARFORD RD,0,F,N,961,MU,,HAMILTON AVE,39.35216769,-76.56161249
03,24,,02,11,01,5,01,04,00,ADH5920003,03,03-14-2015,01:19:00,CAD30196,Y,N,BALTIMORE,UNK,01,00,40,US,,9.88,E,PULASKI HWY,0,F,E,1020,MU,,MORAVIA PARK DR,39.30864049,-76.53232411
03,24,,01,17,01,1,01,01,04,ADH5920004,06.01,03-14-2015,08:30:00,CAD40344,N,N,BALTIMORE,UNK,09,00,1070,MU,,2.864,E,SINCLAIR LA,250,F,E,,UU,,GOODNOW RD,39.32453791,-76.54374361
03,24,,01,88,02,2,01,03,88,ADH5920006,06.01,03-22-2015,00:07:00,CAD 416,N,N,BALTIMORE,UNK,10,10,55,MU,,0.688,S,MORAVIA RD,20,F,S,,UU,,SIMMS AVE,39.33420615,-76.5634203
01,24,,02,07,02,2,01,03,00,ADH5920007,06.01,03-23-2015,07:20:00,CAD29411,Y,N,BALTIMORE,UNK,01,00,2455,MU,,0.62,S,FRANKFORD AVE,0,F,S,1042,MU,,CORSE AVE,39.33993592,-76.55260026
01,24,,01,03,02,2,01,02,00,ADH5970001,06.01,01-14-2015,14:40:00,CAD1555,N,N,BALTIMORE,UNK,02,02,1025,MU,,1.4,S,N WOLFE ST,100,F,S,40,US,,ORLEANS ST,39.29401712,-76.59066349
00,24,,01,88,02,1,01,02,00,ADH6060001,06.01,02-12-2015,07:00:00,CAD#410,N,N,BALTIMORE,UNK,02,01,,,,,,ST VICTOR ,10,F,,,,,WASHBURN,39.23255232,-76.59759164
01,24,,01,07,02,2,01,02,88,ADH6080001,06.01,01-15-2015,09:21:00,CAD#715,N,N,BALTIMORE,UNK,02,15,1390,MU,,0.8,W,E LOMBARD ST,30,F,W,1420,MU,,S CENTRAL AVE,39.29008653,-76.59987688
01,24,,02,11,03,2,01,01,00,ADH6080002,08.04,01-21-2015,16:30:00,1792,Y,N,BALTIMORE,UNK,01,01,3041,MU,,0.66,W,ALICEANNA ST,0,F,W,,UU,,S EDEN ST,39.28331048,-76.59820318
01,24,,03,07,01,1,01,01,00,ADH6080003,03,02-02-2015,10:35:00,806,Y,N,BALTIMORE,UNK,02,01,3041,MU,,0.71,W,ALICEANNA ST,5,F,W,1420,MU,,S CENTRAL AVE,39.2833437,-76.59886837
01,24,,01,03,02,1,01,01,00,ADH6080004,06.01,02-03-2015,10:37:00,CAD#1109,N,N,BALTIMORE,UNK,02,02,4270,MU,,0.3,S,THAMES ST,50,F,S,,UU,,S BOND ST,39.28116791,-76.59446955
01,24,,02,11,02,2,01,01,00,ADH6080005,06.01,02-13-2015,17:00:00,2375,Y,N,BALTIMORE,UNK,01,01,1230,MU,,0.19,E,FLEET ST,0,F,E,1420,MU,,S CENTRAL AVE,39.284307,-76.59912586
03,24,,02,11,02,1,01,01,00,ADH6080007,06.01,02-20-2015,23:30:00,CAD#3130,Y,N,BALTIMORE,UNK,01,01,1230,MU,,0.19,E,FLEET ST,0,F,E,1420,MU,,S CENTRAL AVE,39.28424056,-76.59908295
03,24,,02,02,02,1,01,01,00,ADH6080008,06.01,02-20-2015,23:30:00,CAD#3130,Y,N,BALTIMORE,UNK,01,01,1340,MU,,0.2,E,EASTERN AVE,0,F,E,1420,MU,,S CENTRAL AVE,39.28527028,-76.59919024
03,24,,01,07,02,1,01,01,00,ADH6080009,06.01,02-27-2015,22:40:00,3208,N,N,BALTIMORE,UNK,01,01,1230,MU,,0.106,E,FLEET ST,50,F,E,,UU,,S EXETER ST,39.28427378,-76.60116434
03,24,,03,07,04,2,01,01,00,ADH608000B,12.04,03-02-2015,00:30:00,CAD#2134,N,N,BALTIMORE,UNK,02,02,1665,MU,,1.5,E,E BALTIMORE ST,40,F,E,,UU,,S CHESTER ST,39.29173892,-76.58715248
01,24,,02,11,02,2,01,01,00,ADH608000C,06.01,03-07-2015,16:30:00,CAD61783,Y,N,BALTIMORE,UNK,01,01,,,,,,400 BLK OF IMLA ST.,0,F,,,,,6400 BLK OF BANK ST.,39.28922295,-76.53913021
03,24,,00,08,02,1,01,00,00,ADI4660002,06.01,03-08-2015,03:13:00,70306,N,N,BALTIMORE,UNK,01,01,295,MD,,2.126,N,RUSSELL ST,0,F,N,,UU,,WORCHESTER ST,39.27408578,-76.6279985
01,24,,02,11,02,1,01,02,00,ADI4670001,06.01,02-03-2015,15:30:00,,Y,N,BALTIMORE,UNK,01,00,1370,MU,,0.88,E,E MONUMENT ST,0,F,E,1445,MU,,N BROADWAY,39.29837301,-76.5941155
01,24,,01,88,02,,01,02,00,ADI4670002,06.01,02-04-2015,12:30:00,,N,N,BALTIMORE,UNK,02,00,955,MU,,1.945,W,E PRESTON ST,0,F,W,,UU,,BRENTWOOD AVE,39.30484043,-76.60853505
01,24,,02,88,02,1,01,02,00,ADI4670003,06.01,02-05-2015,15:00:00,,Y,N,BALTIMORE,UNK,01,00,1360,MU,,1.59,W,E MADISON ST,0,F,W,,UU,,N EDEN ST,39.29925308,-76.59920096
01,24,,01,88,02,1,01,01,00,ADI4670004,07.01,02-16-2015,17:10:00,,N,N,BALTIMORE,UNK,02,00,4260,MU,,0.759,W,E EAGER ST,0,F,W,,UU,,SOMERSET ST,39.30156113,-76.60123944
01,24,,01,08,01,2,01,03,00,ADI4670005,06.01,02-23-2015,17:30:00,1885,N,N,BALTIMORE,UNK,01,00,40,US,,5.69,E,ORLEANS ST,0,F,E,1480,MU,,GAY ST,39.29469486,-76.60614252
03,24,,01,88,02,,01,01,09,ADI4670006,06.01,02-23-2015,23:00:00,2916,N,N,BALTIMORE,UNK,02,09,4260,MU,,1.265,W,E EAGER ST,0,F,W,,UU,,WARDEN ST,39.30123735,-76.60957575
03,24,,02,11,01,1,01,01,00,ADI4670007,06.01,03-02-2015,19:30:00,2318,N,N,BALTIMORE,UNK,01,00,1242,MU,,0,W,ASHLAND AVE,0,F,W,,UU,,ASHLAND AVE (BACK),39.30094677,-76.58243179
01,24,,00,88,03,,01,01,00,ADI4670008,06.01,03-09-2015,10:30:00,80726,N,N,BALTIMORE,UNK,01,00,40,US,,6.643,E,ORLEANS ST,0,F,E,,UU,,N CASTLE ST,39.29573273,-76.58855796
01,24,,03,03,02,,01,00,00,ADI4670009,00,03-09-2015,13:40:00,81291,N,N,BALTIMORE,UNK,01,00,40,US,,6.84,E,ORLEANS ST,0,F,E,1410,MU,,N PATTERSON PARK AVE,39.29547534,-76.58508182
01,24,,02,11,01,,01,03,00,ADI467000B,07.01,03-11-2015,11:30:00,01022,Y,N,BALTIMORE,UNK,01,00,4252,MU,,0.48,N,N CAROLINE ST,0,F,N,1370,MU,,E MONUMENT ST,39.29829043,-76.59763724
01,24,,00,88,00,,01,00,00,ADI467000C,00,03-14-2015,10:30:00,0919,N,N,BALTIMORE,UNK,01,00,1351,MU,,0,W,E CHASE ST,0,F,W,,UU,,N EDEN ST,39.30290622,-76.59714237
01,24,,02,11,01,3,01,03,00,ADI467000D,03,03-14-2015,13:30:00,31294,Y,N,BALTIMORE,UNK,01,00,1500,MU,,0.44,N,GREENMOUNT AVE,0,F,N,4021,MU,,E BIDDLE ST,39.30373835,-76.60786986
00,24,,01,88,00,,01,02,00,ADI467000F,00,03-21-2015,14:00:00,1271,N,N,BALTIMORE,UNK,01,00,,,,,,N. ROSE ST.,0,F,,,,,ASHLAND AVE.,39.30119643,-76.58175051
00,24,,00,88,00,,00,00,00,ADI467000G,00,03-27-2015,13:30:00,61354,N,N,BALTIMORE,UNK,02,00,,,,,,2200 LAFAYETTE,0,F,,,,,1800 COLLINGTON AVE.,39.31092331,-76.58711493
03,24,,01,11,01,3,01,01,00,ADI4680001,03,01-03-2015,19:59:00,,N,N,BALTIMORE,UNK,01,01,25,MD,,3.72,N,FALLS RD,40,F,N,2690,MU,,HARVEST RD,39.35361329,-76.64345741
01,03,,01,99,01,1,01,02,99,ADI4680002,06.01,01-19-2015,10:30:00,,N,N,BALTIMORE,UNK,02,99,,,,,,500 BLK MCCABE AVE,20,F,,,,,5200 BLK YORK RD.,39.35266753,-76.60906076
01,03,,03,03,02,1,01,03,00,ADI4680003,06.01,01-22-2015,13:15:00,,N,N,BALTIMORE,UNK,01,01,,,,,,100 BLK WEST COLDSPRING LANE,50,F,,,,,4600 BLK MILLBROOK ROAD,39.26628442,-76.63513184
01,03,,01,99,99,1,01,01,99,ADI4680004,99,01-30-2015,16:00:00,1193,N,N,BALTIMORE,UNK,02,00,,,,,,100 BLK TAPLOW RD,100,F,,,,,5100 BLK N. CHARLES ST.,39.29918666,-76.61572337
05.02,03,,01,99,01,1,01,01,00,ADI4680005,12.04,02-15-2015,17:35:00,CAD#1745,N,N,BALTIMORE,UNK,02,00,,,,,,4600 BLK SCHENLEY,10,F,,,,,200 BLK OAKDALE,39.32840536,-76.61785841
01,03,,01,99,01,1,00,01,00,ADI4680006,06.01,03-08-2015,16:30:00,CAD#1570,N,N,BALTIMORE,UNK,02,00,,,,,,4700 BLK IVANHOE,5,F,,,,,600 BLK WILLOW,39.34427132,-76.60519838
01,03,,01,99,02,1,01,01,00,ADI4680007,06.01,03-13-2015,08:35:00,CAD#0647,N,N,BALTIMORE,UNK,02,00,,,,,,6100 BLK CHINQUAPIN PARKWAY,10,F,,,,,1100 BLK MERIDENE,39.36854457,-76.59925461
01,03,,01,99,02,1,01,04,00,ADI4680008,88,01-04-2015,16:00:00,CAD#1160,N,N,BALTIMORE,UNK,02,00,,,,,,5100 BLK ROLAND AVE,15,F,,,,,700 BLK COLORADO,39.35530566,-76.63444519
01,03,,01,07,02,1,01,03,00,ADI4680009,06.01,03-27-2015,14:45:00,CAD#1783,N,N,BALTIMORE,UNK,02,00,,,,,,5600 BLK YORK RD,10,F,,,,,400 BLK BENNINGHAUS RD,39.35819255,-76.60989761
01,24,,03,17,03,1,01,01,00,ADI4760001,08.04,03-20-2015,17:00:00,,Y,N,BALTIMORE,UNK,03,04,1,US,,4.39,N,NORTH AVE,1,F,N,1,US,,FULTON AVE (NB COUPLET),39.30981305,-76.64618254
03,24,,01,11,02,1,01,01,00,ADI4760002,06.01,03-22-2015,19:30:00,2331,N,N,BALTIMORE,UNK,01,00,,,,,,GILMORE STREET,5,F,,,,,BAKER STREET,39.30737245,-76.64342523
01,24,,02,08,02,1,01,01,00,ADI4770001,06.01,01-13-2015,12:00:00,,N,N,BALTIMORE,UNK,01,00,2,MD,,2.57,N,HANOVER ST,0,F,N,6164,MU,,W WELLS ST,39.26858213,-76.61506087
01,24,,02,03,04,2,01,04,00,ADI4770002,06.01,01-13-2015,08:40:00,CAD#562,Y,N,BALTIMORE,UNK,01,00,36,MU,,0.865,S,KEY HWY,0,F,S,,UU,,WEBSTER ST,39.27403677,-76.60346299
01,24,,01,88,02,1,01,01,00,ADI4770003,06.01,01-28-2015,11:00:00,CAD # 87,N,N,BALTIMORE,UNK,01,00,1560,MU,,0.47,N,LIGHT ST,6,F,N,,UU,,GITTINGS ST,39.2740353,-76.61193877
03,24,,02,17,02,1,01,04,04,ADI4770004,06.01,03-07-2015,19:30:00,CAD#6211,N,N,BALTIMORE,UNK,09,00,,,,0.213,E,E CROMWELL ST,0,F,E,,UU,,PENINSULA DR,39.26222455,-76.61083236
01,24,,02,03,01,2,01,04,00,ADI4780001,03,01-12-2015,12:33:00,,Y,N,BALTIMORE,UNK,01,01,1750,MU,,0.79,N,N EUTAW ST,0,F,N,6020,MU,,MARTIN LUTHER KING JR BLVD,39.30058977,-76.62180126
01,24,,02,03,02,2,01,04,00,ADI4780002,00,01-22-2015,12:20:00,,Y,N,BALTIMORE,UNK,01,00,1703,MU,,1.53,N,N HOWARD ST,0,F,N,1,US,,NORTH AVE,39.31107483,-76.61919951
01,24,,02,11,02,2,01,01,00,ADI4780003,00,01-22-2015,15:00:00,,Y,N,BALTIMORE,UNK,01,01,1703,MU,,1.04,N,N HOWARD ST,0,F,N,1770,MU,,DOLPHIN ST,39.304251,-76.62081957
99,24,,01,03,01,3,01,04,00,ADI4780004,12.04,01-27-2015,09:00:00,,N,N,BALTIMORE,UNK,01,00,4210,MU,,0.36,S,MCMECHEN ST,200,F,S,1755,MU,,EUTAW PL,39.30556269,-76.62841558
03,24,,00,03,02,1,01,02,00,ADI4780005,00,02-01-2015,10:40:00,,N,N,BALTIMORE,UNK,01,00,1710,MU,,0.83,S,MARYLAND AVE,80,F,S,1,US,,NORTH AVE,39.31078429,-76.61717176
03,24,,01,03,02,2,01,03,00,ADI4820001,06.01,02-07-2015,02:44:00,371,Y,N,BALTIMORE,UNK,01,01,2125,MU,,2.277,N,GARRISON BLVD,20,F,N,10,MU,,WABASH AVE,39.3411204,-76.68316215
01,24,,01,01,02,1,01,01,00,ADI4840001,06.01,03-11-2015,17:00:00,02154,N,N,BALTIMORE,UNK,01,01,45,MD,,0.22,N,GREENMOUNT AVE,30,F,N,,UU,,E 22ND ST,39.31432048,-76.60951138
01,24,,03,14,02,,01,01,00,ADI4890002,06.01,01-15-2015,08:19:00,,Y,N,BALTIMORE,UNK,01,01,4161,MU,,0.82,N,N WARWICK AVE,5,F,N,,UU,,MOSHER ST,39.29971594,-76.65660024
07.88,24,,01,88,00,1,01,03,00,ADI4990002,06.01,02-28-2015,19:00:00,CAD2411,N,N,BALTIMORE,UNK,02,00,1041,MU,,1.131,E,ECHODALE AVE,10,F,E,,UU,,CARTER AVE,39.34636217,-76.55915424
07.88,24,,02,88,02,,03,01,00,ADI4990003,00,02-03-2015,16:15:00,CAD0438,N,N,BALTIMORE,UNK,01,02,1024,MU,,0,S,FLEETWOOD AVE,0,F,S,1021,MU,,E NORTHERN PKWY (BACK),39.36725894,-76.56806588
06.02,24,,00,99,01,1,01,01,00,ADI4990004,07.01,03-10-2015,18:00:00,CAD0553,N,N,BALTIMORE,UNK,02,01,2935,MU,,0.5,E,BOWLEYS LA,25,F,E,,UU,,SHAMROCK AVE,39.32342265,-76.55358866
01,24,,01,07,03,1,00,02,00,ADI5000002,00,01-06-2015,16:00:00,1512,N,N,BALTIMORE,UNK,01,00,2125,MU,,1.752,N,GARRISON BLVD,50,F,N,,UU,,BOARMAN AVE,39.33421445,-76.68473125
05.02,24,,03,11,03,,01,02,00,ADI5000003,08.04,01-07-2015,06:00:00,,N,N,BALTIMORE,UNK,02,00,10,MU,,0.822,W,WABASH AVE,5,F,W,,UU,,LEWIN AVE,39.33824733,-76.67674899
01,24,,02,01,01,1,00,04,00,ADI5000004,08.04,01-21-2015,14:00:00,,Y,N,BALTIMORE,UNK,01,00,129,MD,,3.53,N,PARK HEIGHTS AVE,0,F,N,,UU,,QUANTICO AVE,39.33675577,-76.66434377
07.88,24,,00,99,01,1,00,03,00,ADI5070001,03,03-14-2015,13:00:00,1302,N,N,BALTIMORE,UNK,01,01,1670,MU,,0.938,E,W BALTIMORE ST,15,F,E,4161,MU,,N WARWICK AVE,39.28780301,-76.65486217
01,24,,02,12,02,2,01,03,00,ADI5100003,06.01,03-09-2015,18:30:00,CAD2291,Y,N,BALTIMORE,UNK,01,00,41,MD,,2.054,N,PERRING PKWY,0,F,N,,UU,,HEATHFIELD RD,39.35095021,-76.58157349
03,24,,03,11,02,2,01,02,00,ADI9170004,06.01,02-13-2015,20:30:00,CAD#3112,Y,N,BALTIMORE,UNK,01,01,6168,MU,,0.03,E,W MULBERRY ST,0,F,E,4500,MU,,N PULASKI ST,39.29272702,-76.6503346
03,24,,01,02,01,2,01,04,02,ADI9170005,00,02-17-2015,18:40:00,1947,N,N,BALTIMORE,UNK,01,09,,,,,,2400 REISTERTOWN RD,40,F,,,,,BRYANT AVE,39.316455,-76.649749
04,24,,01,07,02,1,01,02,00,ADI9170007,06.01,02-27-2015,18:00:00,CAD#2377,Y,N,BALTIMORE,UNK,01,01,6168,MU,,0.03,E,W MULBERRY ST,2,F,E,4500,MU,,N PULASKI ST,39.29281005,-76.65042579
01,24,,01,07,04,2,01,04,00,ADI9170008,12.04,03-01-2015,12:00:00,15063227,N,N,BALTIMORE,UNK,02,00,1,US,,3.77,N,FULTON AVE (NB COUPLET),20,F,N,,UU,,RIGGS AVE,39.30121244,-76.64588213
01,24,,01,07,02,1,01,01,00,ADI917000B,00,03-17-2015,11:45:00,C#60984,Y,N,BALTIMORE,UNK,01,01,4005,MU,,0.325,S,PENNSYLVANIA AVE,1,F,S,1,US,,NORTH AVE,39.30999153,-76.64233357
01,24,,01,17,02,1,01,02,88,ADI917000C,06.01,03-18-2015,13:00:00,C#71236,N,N,BALTIMORE,UNK,10,10,,,,,,2300 N. MONROE STREET,5,F,,,,,2100 BRYANT AVENUE,39.31564755,-76.65055521
01,24,,02,13,02,1,01,03,10,ADI9200002,06.01,01-30-2015,07:45:00,CAD 0618,N,N,BALTIMORE,UNK,01,09,140,MD,,4.06,N,REISTERSTOWN RD,0,F,N,,UU,,PRIMROSE AVE,39.35044724,-76.69418335
03,24,,02,11,02,1,01,03,00,ADI9200003,06.01,02-11-2015,00:45:00,CAD 0088,Y,N,BALTIMORE,UNK,01,00,140,MD,,3.29,N,REISTERSTOWN RD,0,F,N,2170,MU,,BELVEDERE AVE,39.3429728,-76.68356717
01,24,,01,02,02,1,01,01,00,ADI9270001,07.01,01-23-2015,16:30:00,CAD#2155,N,N,BALTIMORE,UNK,02,00,,,,,,LORENA AVE,10,F,,,,,NIEMAN AVE,39.25615819,-76.65297389
03,24,,01,88,01,1,01,02,00,ADI9270002,03,01-23-2015,19:15:00,,N,N,BALTIMORE,UNK,02,00,4335,MU,,0.081,E,CHERRYLAND RD,500,F,E,,UU,,BRIDGEVIEW RD,39.24784178,-76.62464976
03,24,,01,88,06.03,1,01,01,00,ADI9270003,12.04,03-01-2015,19:00:00,2129,N,N,BALTIMORE,UNK,02,00,,,,,,BANGER ST,300,F,,,,,RIDGELY ST,39.25891626,-76.6479528
99,24,,00,99,99,1,01,01,00,ADI9270004,99,03-01-2015,19:00:00,61854,N,N,BALTIMORE,UNK,02,00,,,,,,1200 BLK CHERRY HILL RD,0,M,,,,,2400 BLK GILES RD,39.25172179,-76.6313231
03,24,,02,88,01,1,03,01,00,ADI9290001,03,01-24-2015,02:23:00,302,N,N,BALTIMORE,UNK,01,02,,,,,,3900 GLENHUNT RD,0,F,,,,,1100 LYNDHURST ST,39.30006672,-76.68154478
03,24,,02,11,01,3,03,01,00,ADI9290002,03,01-24-2015,02:35:00,283,N,N,BALTIMORE,UNK,01,01,144,MD,,0.26,W,FREDERICK AVE (WB COUPLET),0,F,W,4510,MU,,S PULASKI ST,39.28578514,-76.64991617
03,24,,02,08,01,2,03,88,00,ADI9290003,03,01-26-2015,01:10:00,132,Y,N,BALTIMORE,UNK,01,01,1,US,,0.6,N,WILKENS AVE,0,F,N,6136,MU,,PINE HEIGHTS AVE,39.27253471,-76.67539716
03,24,,00,88,00,,03,01,08,ADI9290004,00,01-31-2015,02:10:00,359,N,N,BALTIMORE,UNK,09,00,,,,,,4000 N FRANKLINTOWN RD ,10,F,,,,,WETHEREDVILLE RD,39.30557099,-76.68534279
03,24,,00,88,00,,03,01,00,ADI9290005,06.01,02-01-2015,02:32:00,377,N,N,BALTIMORE,UNK,02,00,1970,MU,,0,S,DESOTO RD,2,F,S,1,US,,WILKENS AVE,39.27429549,-76.66746855
04,24,,00,17,02,1,03,01,11,ADI9290006,06.01,02-11-2015,22:42:00,3312,N,N,BALTIMORE,UNK,09,09,4070,MU,,0,N,UPLANDS PKWY,50,F,N,,UU,,PENLUCY RD,39.28733384,-76.695503
03,24,,02,11,02,,03,02,00,ADI9290008,06.01,02-26-2015,00:55:00,105,N,N,BALTIMORE,UNK,01,01,4115,MU,,0.193,N,N CULVER ST,0,F,N,,UU,,ST. JOSEPH ST,39.28604257,-76.67726398
04,24,,00,03,03,,03,01,01,ADI9290009,07.01,03-06-2015,03:40:00,50241,N,N,BALTIMORE,UNK,01,01,1910,MU,,1.018,E,N FRANKLINTOWN RD,5,F,E,4080,MU,,WINANS WAY,39.30152793,-76.70140386
01,24,,03,03,02,1,01,04,00,ADI9350001,06.01,03-18-2015,13:04:00,71245,N,N,BALTIMORE,UNK,01,00,,,,,,3300 EDMONDSON AVE.,0,F,,,,,600 DENISON ST.,39.29410534,-76.67416334
01,24,,02,03,01,1,00,01,00,ADI9350002,12.04,03-20-2015,08:28:00,90605,Y,N,BALTIMORE,UNK,01,00,,,,,,2200 N. FOREST PARK AVE.,0,F,,,,,5200 WIINDSOR MILL RD.,39.31049375,-76.70746565
03,24,,00,03,02,1,01,01,00,ADI9350003,06.01,03-25-2015,10:25:00,40814,N,N,BALTIMORE,UNK,01,00,,,,0,S,1300 N. HILTON ST.,0,F,S,,,,3200 NORMOUNT AVE.,39.30126225,-76.67167425
03,24,,03,11,02,,01,01,00,ADI9380001,00,01-05-2015,01:20:00,6A21,N,N,BALTIMORE,UNK,01,00,26,MD,,0.17,E,LIBERTY HEIGHTS AVE,100,F,E,,UU,,POWDER MILL LA,39.33349041,-76.7100513
03,24,,03,11,02,,01,01,00,ADI9380002,06.01,01-05-2015,01:10:00,6A21,Y,N,BALTIMORE,UNK,01,00,26,MD,,2.205,E,LIBERTY HEIGHTS AVE,1,M,E,,UU,,DENISON ST,39.3162981,-76.67452544