LIGHT_CODE,COUNTY_NO,MUNI_CODE,JUNCTION_CODE,COLLISION_TYPE_CODE,SURF_COND_CODE,LANE_CODE,RD_COND_CODE,RD_DIV_CODE,FIX_OBJ_CODE,REPORT_NO,WEATHER_CODE,ACC_DATE,ACC_TIME,LOC_CODE,SIGNAL_FLAG,C_M_ZONE_FLAG,AGENCY_CODE,AREA_CODE,HARM_EVENT_CODE1,HARM_EVENT_CODE2,RTE_NO,ROUTE_TYPE_CODE,RTE_SUFFIX,LOG_MILE,LOGMILE_DIR_FLAG,MAINROAD_NAME,DISTANCE,FEET_MILES_FLAG,DISTANCE_DIR_FLAG,REFERENCE_NO,REFERENCE_TYPE_CODE,REFERENCE_SUFFIX,REFERENCE_ROAD_NAME,LATITUDE,LONGITUDE
01,24,,01,09,02,1,01,01,00,ADI9380003,06.01,01-23-2015,11:00:00,6B22,N,N,BALTIMORE,UNK,01,00,2925,MU,,0.614,E,GWYNN OAK AVE,0,F,E,,UU,,ORCHARD PARK CHRISTIAN JUBILEE CHURCH,39.33052988,-76.70065284
01,24,,03,02,02,3,01,88,00,ADI9380004,06.01,02-06-2015,07:30:00,6B25,Y,N,BALTIMORE,UNK,01,00,26,MD,,1.88,E,LIBERTY HEIGHTS AVE,0,F,E,2900,MU,,CALLAWAY AVE,39.32624758,-76.6789484
06.02,24,,01,88,02,1,01,02,00,ADI9380005,00,02-13-2015,07:00:00,2598,N,N,BALTIMORE,UNK,02,00,2170,MU,,1.345,S,BELVEDERE AVE,120,F,S,,UU,,ST. CHARLES AVE,39.34485626,-76.68340623
03,24,,03,08,01,,01,03,00,ADI9380006,06.01,02-19-2015,00:30:00,035,Y,N,BALTIMORE,UNK,01,00,26,MD,,1.67,E,LIBERTY HEIGHTS AVE,0,F,E,2125,MU,,GARRISON BLVD,39.32740325,-76.6826123
01,24,,02,00,02,2,01,04,00,ADI9380007,06.01,03-17-2015,08:00:00,CAD#0477,N,N,BALTIMORE,UNK,18,00,10,MU,,1.73,W,WABASH AVE,0,F,W,2160,MU,,N ROGERS AVE,39.34349968,-76.69427454
99,24,,01,00,02,,01,01,00,ADI9380008,99,03-22-2015,22:30:00,CAD:1005,N,N,BALTIMORE,UNK,01,00,2125,MU,,1.419,N,GARRISON BLVD,200,F,N,,UU,,DORCHESTER RD,39.32948215,-76.68515235
01,24,,01,03,02,3,01,01,00,ADI9380009,00,03-24-2015,10:45:00,CAD:0872,Y,N,BALTIMORE,UNK,01,00,140,MD,,3.5,N,REISTERSTOWN RD,10,F,N,2840,MU,,HAYWARD AVE,39.34493975,-76.68628089
01,24,,01,17,01,1,01,02,88,ADI938000B,03,03-25-2015,10:00:00,CAD:0739,N,N,BALTIMORE,UNK,09,00,11,MU,,0.46,N,WABASH AVE,100,F,N,,UU,,YOSEMITE AVE,39.32894169,-76.66619182
01,24,,03,11,02,,01,01,00,ADI938000C,07.01,03-25-2015,15:00:00,CAD:1530,N,N,BALTIMORE,UNK,01,00,2905,MU,,1.212,N,GRANADA AVE,0,F,N,,UU,,GROVELAND AVE,39.34073872,-76.6870299
01,24,,01,03,03,1,01,02,00,ADF784001S,08.04,01-06-2015,12:23:00,CAD#978,N,N,BALTIMORE,UNK,02,00,,,,,,UPSHIRE ROAD,180,F,,,,,LOCH RAVEN BLVD.,39.33382027,-76.59455001
03,24,,01,06,02,1,01,01,00,ADF784001T,06.01,01-25-2015,20:12:00,CAD#2494,N,N,BALTIMORE,UNK,02,00,1100,MU,,1.274,N,PARKSIDE DR,77,F,N,,UU,,HECKEL AVE,39.33212171,-76.56945795
03,24,,02,11,02,1,01,04,00,ADF784001V,06.01,01-31-2015,02:31:00,CAD#411,Y,N,BALTIMORE,UNK,01,00,,,,,,N. FULTON AVE.,0,F,,,,,LAURENS ST.,39.30314544,-76.64595589
05.02,24,,01,09,02,1,01,01,00,ADF784001W,06.01,02-06-2015,06:04:00,CAD#374,N,N,BALTIMORE,UNK,01,00,1045,MU,,0.03,N,N FULTON AVE,111,F,N,4005,MU,,PENNSYLVANIA AVE,39.31356173,-76.64592773
01,24,,01,07,02,1,01,04,00,ADF784001X,06.01,02-11-2015,12:01:00,CAD#1279,Y,N,BALTIMORE,UNK,01,00,140,MD,,0,N,N FULTON AVE (NB COUPLET),154,F,N,1,US,,NORTH AVE,39.30938248,-76.64634883
01,24,,01,07,02,2,01,01,00,ADF784001Y,06.01,02-17-2015,15:30:00,CAD#1374,N,N,BALTIMORE,UNK,02,00,1430,MU,,0.218,N,AISQUITH ST,35,F,N,1370,MU,,E MONUMENT ST,39.29798661,-76.6018483
01,24,,01,07,02,2,01,02,00,ADF784001Z,06.01,02-27-2015,14:26:00,CAD#1656,N,N,BALTIMORE,UNK,02,00,129,MD,,0.58,N,MCCULLOH ST,44,F,N,4210,MU,,MCMECHEN ST,39.30485958,-76.63055331
01,24,,01,07,01,2,01,01,00,ADF7840020,09.04,03-03-2015,14:30:00,CAD#2347,N,N,BALTIMORE,UNK,02,00,129,MD,,4.59,N,PARK HEIGHTS AVE,174,F,N,2170,MU,,BELVEDERE AVE,39.34868526,-76.67519867
01,24,,01,06,04,1,01,01,00,ADF7840021,06.01,03-13-2015,09:00:00,CAD#0751,N,N,BALTIMORE,UNK,01,00,1910,MU,,2.504,E,N FRANKLINTOWN RD,1,M,E,,UU,,MORRIS RD,39.30437553,-76.69046044
03,24,,03,03,02,1,01,01,00,ADF7840022,06.01,03-18-2015,22:00:00,CAD#3039,Y,N,BALTIMORE,UNK,01,00,1275,MU,,0.08,S,S CONKLING ST,44,F,S,6363,MU,,E LOMBARD ST,39.29160617,-76.56749591
01,24,,01,07,02,1,01,02,00,ADF7840023,06.01,03-29-2015,07:31:00,CAD#0646,N,N,BALTIMORE,UNK,02,00,,,,,,S. NEWKIRK STREET,10,F,,,,,FLEET STREET,39.28608978,-76.55648679
01,24,,01,03,02,1,01,02,00,ADF7840024,06.01,03-29-2015,10:45:00,CAD#0916,N,N,BALTIMORE,UNK,02,00,,,,,,BERWICK AVENUE,142,F,,,,,ELSRODE AVENUE,39.36505674,-76.5532279
01,24,,02,08,02,2,01,02,00,ADF796001D,06.01,01-25-2015,16:10:00,CAD#1823,N,N,BALTIMORE,UNK,01,00,1665,MU,,0.374,E,E BALTIMORE ST,0,F,E,,UU,,S FREDERICK AVE,39.28979279,-76.60816625
03,24,,01,03,02,2,01,04,00,ADF796001G,07.01,02-07-2015,19:05:00,CAD#2585,N,N,BALTIMORE,UNK,02,00,1,US,,5.84,N,NORTH AVE,75,F,N,1703,MU,,N HOWARD ST,39.31101283,-76.61991164
01,24,,01,07,03,1,01,01,00,ADH608000D,08.04,03-20-2015,08:00:00,CAD90549,N,N,BALTIMORE,UNK,02,02,4252,MU,,0.25,N,N CAROLINE ST,100,F,N,40,US,,ORLEANS ST,39.29428801,-76.59725904
01,24,,01,12,02,1,01,01,00,ADH608000F,06.01,03-29-2015,09:28:00,CAD#761,N,N,BALTIMORE,UNK,02,02,4250,MU,,0.162,N,S CAROLINE ST,30,F,N,6042,MU,,LANCASTER ST,39.28214785,-76.5965724
03,24,,01,17,02,2,01,04,08,ADH6130001,06.01,01-15-2015,03:10:00,,N,N,BALTIMORE,UNK,09,09,1281,MU,,1.555,W,WASHINGTON BLVD,150,F,W,,UU,,WESTERN AVE,39.27399649,-76.64381683
03,24,,00,17,01,2,01,01,88,ADH6130002,03,01-24-2015,00:35:00,75,N,N,BALTIMORE,UNK,00,00,,,,,,WASHINGTON BLVD,150,F,,,,,WESTERN AVE,39.27425811,-76.64348021
03,24,,01,17,02,1,01,04,04,ADH6130003,00,02-04-2015,01:50:00,165,N,N,BALTIMORE,UNK,00,00,1281,MU,,1.555,W,WASHINGTON BLVD,100,F,W,,UU,,WESTERN AVE,39.27212981,-76.64623886
01,24,,01,08,02,1,01,03,00,ADH6130004,06.01,02-11-2015,07:09:00,,N,N,BALTIMORE,UNK,01,01,1281,MU,,0.85,W,WASHINGTON BLVD,1,F,W,4300,MU,,BAYARD ST,39.27974054,-76.63652122
06.02,24,,02,17,01,2,01,02,08,ADH6130005,03,03-04-2015,06:22:00,15063028,N,N,BALTIMORE,UNK,00,09,173,MD,,1.816,S,PENNINGTON AVE (SB COUPLET),0,F,S,,UU,,ELMTREE ST,39.22447622,-76.58842385
03,24,,01,88,03,1,88,02,00,ADH6140001,06.01,02-22-2015,18:15:00,CAD#1647,N,N,BALTIMORE,UNK,01,00,,,,,,MARSHALL ST,30,F,,,,,BIRKHEAD ST,39.27358952,-76.61258787
01,24,,11.04,17,02,,01,00,00,ADH6400002,07.01,01-27-2015,14:40:00,,N,N,BALTIMORE,UNK,00,00,959,MU,,0.07,W,W PRESTON ST,5,F,W,1710,MU,,MARYLAND AVE,39.29942743,-76.62610888
03,24,,01,17,03,1,01,02,05,ADH6400003,08.04,02-14-2015,20:35:00,,N,N,BALTIMORE,UNK,00,00,295,MD,,0,S,GREENE ST (SB COUPLET),5,F,S,40,US,,FRANKLIN ST (WB COUPLET),39.29374831,-76.62563682
03,24,,02,11,01,1,01,88,00,ADH6460001,03,01-12-2015,21:10:00,2470,Y,N,BALTIMORE,UNK,01,00,4045,MU,,0.608,S,GUILFORD AVE,0,F,S,,UU,,E 27TH ST,39.32080718,-76.6130358
06.02,24,,01,03,01,,01,04,00,ADH6460002,08.04,01-26-2015,16:00:00,1911,N,N,BALTIMORE,UNK,02,00,2270,MU,,2.041,N,ROLAND AVE,0,F,N,,UU,,COLORADO AVE,39.3560191,-76.63454175
01,24,,02,07,02,,01,01,00,ADH6460003,07.01,02-12-2015,09:05:00,CAD #662,N,N,BALTIMORE,UNK,01,00,4650,MU,,0.553,E,E 25TH ST,0,F,E,,UU,,ST. ANNS AVE,39.31827981,-76.60513401
03,24,,01,03,00,,01,01,00,ADH6460004,06.01,02-05-2015,21:00:00,CAD#1626,N,N,BALTIMORE,UNK,02,00,,,,,,NEWINGTON AVE,25,F,,,,,CALLOW AVE,39.31361492,-76.63221359
01,24,,01,07,01,1,01,01,08,ADH6460005,06.01,02-19-2015,13:40:00,CAD 1447,N,N,BALTIMORE,UNK,02,10,2105,MU,,0,E,E COLD SPRING LA,100,F,E,139,MD,,N CHARLES ST,39.34541632,-76.61998272
01,24,,01,07,02,,01,01,00,ADH6460007,06.01,03-12-2015,18:20:00,CAD#2492,N,N,BALTIMORE,UNK,02,00,45,MD,,0.663,N,GREENMOUNT AVE,20,F,N,,UU,,E 27TH ST,39.32103543,-76.60948992
01,24,,01,01,02,2,01,01,00,ADH6490001,06.01,03-26-2015,08:54:00,CAD#0662,N,N,BALTIMORE,UNK,02,00,,,,0,W,NORFOLK AVE,25,F,W,,,,WAKEFIELD ROAD,39.32028844,-76.69698358
01,24,,02,11,02,1,01,03,00,ADH6490002,06.01,03-31-2015,11:34:00,CAD#1057,Y,N,BALTIMORE,UNK,01,00,1023,MU,,0.41,E,GWYNNS FALLS PKWY,0,F,E,2125,MU,,GARRISON BLVD,39.31413787,-76.67651296
03,24,,00,88,02,1,01,01,00,ADH6670002,06.01,01-19-2015,23:00:00,,N,N,BALTIMORE,UNK,01,00,1670,MU,,0.22,E,W BALTIMORE ST,200,F,E,,UU,,S MT. OLIVET LA,39.28774562,-76.66429013
03,24,,02,88,01,2,01,04,00,ADH6670003,08.04,01-26-2015,20:00:00,,N,N,BALTIMORE,UNK,01,00,1,US,,2.073,N,WILKENS AVE,0,F,N,,UU,,S BENTALOU ST,39.28031604,-76.65182859
01,24,,00,88,02,1,01,02,04,ADH6670004,06.01,02-13-2015,13:00:00,1454,N,N,BALTIMORE,UNK,01,01,4510,MU,,0.435,S,S PULASKI ST,5,F,S,,UU,,CHRISTAN ST,39.28138186,-76.6508536
03,24,,03,03,02,1,01,03,00,ADH6750001,06.01,01-25-2015,00:00:00,0034,N,N,BALTIMORE,UNK,02,00,,,,,,WIMSLOW ROAD,5,F,,,,,KENDALL ROAD,39.34576479,-76.62851751
03,24,,02,01,01,1,01,03,00,ADH6750002,03,01-25-2015,21:30:00,2565,N,N,BALTIMORE,UNK,01,00,2105,MU,,0.56,E,E COLD SPRING LA,0,F,E,,UU,,EASTWAY,39.34611326,-76.61185026
03,24,,01,17,03,1,01,01,88,ADH6750003,12.04,02-02-2015,01:15:00,0087,N,N,BALTIMORE,UNK,09,00,,,,,,BLYTHEWOOD ROAD,50,F,,,,,NORTH CHARLES STREET,39.34806301,-76.62495017
03,24,,02,01,02,1,01,01,00,ADH6750004,00,02-06-2015,21:00:00,2974,N,N,BALTIMORE,UNK,01,00,,,,,,EAST 32ND STREET,0,F,,,,,BRENTWOOD AVENUE,39.3271273,-76.61024094
06.02,24,,03,03,02,1,01,04,00,ADH6750005,00,02-07-2015,18:45:00,2452,N,N,BALTIMORE,UNK,01,00,1,US,,5.84,N,NORTH AVE,5,F,N,1703,MU,,N HOWARD ST,39.31090881,-76.62026167
01,24,,03,01,03,1,01,01,00,ADH6750006,00,02-18-2015,10:30:00,CAD#0578,N,N,BALTIMORE,UNK,01,00,,,,,,LOTHIAN ROAD,5,F,,,,,WOODBOURNE AVENUE,39.35467517,-76.60332084
01,24,,01,04,02,1,01,04,05,ADH6760002,06.01,01-27-2015,17:10:00,1879,N,N,BALTIMORE,UNK,01,09,83,IS,,6.04,N,JONES FALLS EXPWY,500,F,N,83,RP,,RAMP 8 FR IS 83 SB TO NORTHERN PKWY WB,39.3607807,-76.65028095
03,24,,01,17,02,1,01,01,00,ADH6760003,06.01,02-05-2015,18:00:00,2433,N,Y,BALTIMORE,UNK,03,00,45,MD,,3.131,N,YORK RD,20,F,N,,UU,,TUNBRIDGE AVE,39.35636337,-76.60990298
01,24,,03,03,02,1,01,03,00,ADH6910001,07.01,01-19-2015,09:45:00,CAD# 653,N,N,BALTIMORE,UNK,01,00,1281,MU,,1.624,W,WASHINGTON BLVD,100,F,W,,UU,,ENT TO CARROLL PARK GOLF COURSE,39.27152245,-76.64694831
01,24,,03,03,02,1,01,01,00,ADH6910002,07.01,01-19-2015,12:45:00,CAD#1180,Y,N,BALTIMORE,UNK,01,00,2,MD,,2.43,N,HANOVER ST,20,F,N,4320,MU,,MCCOMAS ST,39.26630103,-76.6148597
03,24,,03,88,03,1,00,01,00,ADH6910003,08.04,02-14-2015,20:40:00,CAD#2665,N,N,BALTIMORE,UNK,02,02,,,,,,W HENRIETTA ST,5,F,,,,,S CHARLES ST,39.27895885,-76.61459684
03,24,,01,17,03,3,88,01,04,ADH6910004,08.04,02-14-2015,21:35:00,CAD#2838,Y,N,BALTIMORE,UNK,09,00,36,MU,,0,S,KEY HWY,50,F,S,2,MD,,LIGHT ST (NB COUPLET),39.28069455,-76.61241889
03,24,,03,03,02,2,01,04,00,ADH6910005,06.01,02-15-2015,22:10:00,CAD#2450,Y,N,BALTIMORE,UNK,01,00,295,MD,,2.66,N,RUSSELL ST,15,F,N,6158,MU,,W LEE ST,39.28134439,-76.62314773
03,24,,99,17,03,3,00,04,04,ADH6910006,08.04,02-16-2015,20:50:00,CAD#2342,Y,N,BALTIMORE,UNK,09,09,6163,MU,,0.394,E,W CROMWELL ST,20,F,E,,UU,,ENT TO PORT COVINGTON S.C.,39.26299501,-76.60776258
03,24,,01,17,03,1,01,02,05,ADH6910007,08.04,02-16-2015,20:00:00,CAD#2258,N,N,BALTIMORE,UNK,16,99,43,MU,,0.06,N,S MONROE ST,0,F,N,95,RP,,RAMP 3 FR IS 95 EB TO MD 295 NB,39.26827793,-76.63531423
03,24,,02,88,02,4,01,04,00,ADH6910008,06.01,02-20-2015,20:55:00,CAD#2746,Y,N,BALTIMORE,UNK,01,01,,,,,,W PATAPSCO AVE,0,F,,,,,ANNAPOLIS RD,39.24900082,-76.63989812
01,24,,03,03,02,1,01,04,00,ADH6910009,06.01,03-12-2015,14:15:00,CAD11543,Y,N,BALTIMORE,UNK,01,00,295,MD,,2.836,N,RUSSELL ST,250,F,N,,UU,,PACA ST,39.28488829,-76.62305117
01,24,,02,11,02,1,01,02,00,ADH691000B,06.01,03-13-2015,10:00:00,CAD20878,Y,N,BALTIMORE,UNK,01,00,1370,MU,,0.57,E,E MONUMENT ST,0,F,E,1425,MU,,N CENTRAL AVE,39.29825262,-76.59760773
99,24,,02,99,01,,01,01,00,ADH691000C,03,03-15-2015,10:45:00,CAD40951,N,N,BALTIMORE,UNK,02,02,1651,MU,,0.06,W,W OSTEND ST,0,F,W,2,MD,,HANOVER ST,39.27470868,-76.61550879
01,24,,03,88,02,3,01,02,00,ADH691000D,07.01,03-15-2015,11:15:00,CAD41001,N,N,BALTIMORE,UNK,01,01,1,US,,2.523,N,FULTON AVE (NB COUPLET),6,F,N,6370,MU,,RAMSAY ST,39.28314024,-76.64486825
99,24,,03,88,99,,99,01,00,ADH691000F,99,03-28-2015,00:00:00,CAD70624,N,N,BALTIMORE,UNK,02,00,,,,,,200 S FREMONT AVE,5,F,,,,,700 DOVER ST,39.28554017,-76.62697256
01,24,,02,11,00,1,01,01,00,ADI5100004,06.01,03-29-2015,17:15:00,CAD1836,Y,N,BALTIMORE,UNK,01,00,,,,,,WOODBOURNE,0,F,,,,,PURDUE,39.35409445,-76.59331083
03,24,,01,03,02,1,00,01,00,ADI5120001,06.01,01-21-2015,22:25:00,CAD 2906,N,N,BALTIMORE,UNK,02,02,2895,MU,,1.094,N,DOLFIELD AVE,0,F,N,,UU,,SWEET HOPE FREE WILL BAPTIST CHURCH,39.34012262,-76.68267131
03,24,,00,88,02,,00,88,00,ADI5120002,06.01,02-04-2015,21:15:00,2902,N,N,BALTIMORE,UNK,02,02,,,,,,4300 ARYDALE AVE,5,F,,,,,3800 PENHURST AVE,39.3379403,-76.67924881
01,24,,03,03,02,2,00,04,00,ADI5120003,06.01,03-27-2015,17:30:00,CAD#2246,Y,Y,BALTIMORE,UNK,01,01,2880,MU,,1.08,N,N HILTON ST,0,F,N,26,MD,,LIBERTY HEIGHTS AVE,39.32410633,-76.67143822
05.02,24,,01,03,02,2,01,04,00,ADI5160001,06.01,03-16-2015,19:03:00,CAD#2343,Y,N,BALTIMORE,UNK,01,00,2100,MU,,2.6,E,W COLD SPRING LA,500,F,E,25,MD,,FALLS RD,39.34315949,-76.63976669
01,24,,01,07,01,1,01,02,00,ADI5190001,06.01,01-30-2015,07:45:00,CAD #610,N,N,BALTIMORE,UNK,01,00,83,IS,,0,N,JONES FALLS EXPWY,1,M,N,,UU,,EXIT #1,39.35101243,-76.64662778
01,24,,02,07,02,1,01,02,00,ADI5190002,06.01,02-05-2015,15:30:00,CAD #191,N,N,BALTIMORE,UNK,02,00,,,,,,E 23RD ST,0,F,,,,,LOVEGROVE ST.,39.31528543,-76.61606401
03,24,,01,17,03,,01,04,05,ADI5190003,08.04,02-16-2015,21:00:00,CAD#2356,N,N,BALTIMORE,UNK,09,00,2210,MU,,0,W,W NORTH AVE,75,F,W,,,,N HOWARD ST,39.3110354,-76.61939532
03,24,,02,11,03,1,01,03,00,ADI5190004,08.04,02-16-2015,22:30:00,CAD#2529,Y,N,BALTIMORE,UNK,01,00,1703,MU,,1.81,N,N HOWARD ST,0,F,N,,UU,,W 23RD ST,39.31514847,-76.61952943
01,24,,01,01,04,1,00,01,00,ADI5190005,06.01,02-17-2015,16:30:00,CAD#1791,N,N,BALTIMORE,UNK,01,00,,,,,,LOYOLA NORTHWAY,100,F,,,,,PALL MALL RD,39.33941317,-76.66167229
03,24,,01,03,01,2,01,01,00,ADI5190006,06.01,02-17-2015,22:10:00,CAD#2587,N,N,BALTIMORE,UNK,01,00,2100,MU,,1.5,E,W COLD SPRING LA,75,F,E,2130,MU,,GREENSPRING AVE,39.336222,-76.649417
03,24,,02,13,02,1,01,03,11,ADI5190007,06.01,02-19-2015,18:15:00,CAD#2425,Y,N,BALTIMORE,UNK,01,09,139,MD,,4.143,N,N CHARLES ST,0,F,N,,UU,,CHARLESMEAD AVE,39.36974308,-76.62587821
06.02,24,,01,03,04,2,01,03,00,ADI5190009,12.04,03-03-2015,17:30:00,CAD#2756,N,N,BALTIMORE,UNK,01,00,,,,,,LOCH RAVEN RD,200,F,,,,,EXETER HALL AVE,39.32203556,-76.60311162
06.02,24,,01,03,04,2,01,04,00,ADI519000B,12.04,03-03-2015,18:45:00,CAD#2883,N,Y,BALTIMORE,UNK,01,00,1022,MU,,4.805,N,W NORTHERN PKWY,500,F,N,2270,MU,,ROLAND AVE,39.36198764,-76.6320312
99,24,,01,02,99,1,01,01,00,ADI519000C,99,03-04-2015,07:15:00,CAD#2190,N,N,BALTIMORE,UNK,02,00,,,,,,AMHERST AVE,15,F,,,,,LA PLATA AVE,39.34371333,-76.64454907
01,24,,01,17,01,1,01,01,10,ADI519000D,12.04,03-20-2015,11:00:00,CAD#920,N,N,BALTIMORE,UNK,09,00,2270,MU,,2.041,N,ROLAND AVE,75,F,N,,UU,,COLORADO AVE,39.35577645,-76.63388729
01,24,,03,17,03,1,01,02,04,ADI5200001,08.04,03-05-2015,15:23:00,1523,Y,N,BALTIMORE,UNK,09,00,1391,MU,,1.39,E,W PRATT ST,30,F,E,1700,MU,,S HOWARD ST,39.28639756,-76.6185075
01,24,,02,03,02,,01,02,00,ADI5200002,06.01,03-23-2015,13:40:00,1263,Y,N,BALTIMORE,UNK,01,00,1680,MU,,2.429,W,E FAYETTE ST,0,F,W,2,MD,,ST PAUL ST (SB COUPLET),39.29040414,-76.61379486
01,24,,02,03,02,4,01,02,00,ADI5200003,06.01,03-23-2015,13:40:00,1355,Y,N,BALTIMORE,UNK,01,00,2,MD,,1.46,S,ST PAUL ST (SB COUPLET),0,F,S,1680,MU,,E FAYETTE ST,39.29060757,-76.61395043
01,24,,01,09,02,3,01,02,00,ADI5200005,06.01,03-29-2015,14:23:00,1470,N,N,BALTIMORE,UNK,01,00,1390,MU,,1.5,W,E LOMBARD ST,100,F,W,2,MD,,CALVERT ST (NB COUPLET),39.28779263,-76.61171079
01,24,,02,09,02,1,01,02,00,ADI5200006,06.01,03-29-2015,18:35:00,2186,Y,N,BALTIMORE,UNK,01,00,1391,MU,,1.55,E,W PRATT ST,0,F,E,1580,MU,,HANOVER ST,39.28644272,-76.61618471
03,24,,01,02,03,1,01,01,00,ADI5220001,08.04,01-08-2015,02:20:00,,N,N,BALTIMORE,UNK,01,01,4165,MU,,0.602,E,W LEXINGTON ST,0,F,E,,UU,,N PAYSON ST,39.29054322,-76.6488111
03,24,,01,11,02,2,01,01,00,ADI5220002,00,03-03-2015,04:15:00,,N,N,BALTIMORE,UNK,01,01,1920,MU,,0.893,E,EDMONDSON AVE,0,F,E,,UU,,N PAYSON ST,39.29503529,-76.64907932
03,24,,01,06,02,2,01,01,00,ADI5220003,00,03-15-2015,03:50:00,40486,N,N,BALTIMORE,UNK,01,02,2005,MU,,0.35,E,BAKER ST,0,F,E,2040,MU,,BRADDISH AVE,39.27053717,-76.5637207
03,24,,01,07,02,2,01,02,00,ADI5230001,06.01,01-16-2015,18:00:00,2359,N,N,BALTIMORE,UNK,01,00,295,MD,,2.55,N,RUSSELL ST,200,F,N,4290,MU,,W HAMBURG ST,39.27974781,-76.62403822
01,24,,01,07,03,3,01,02,00,ADI5230002,08.04,02-21-2015,16:49:00,1913,N,N,BALTIMORE,UNK,02,02,140,MD,,4.62,S,MONROE ST (SB COUPLET),6,F,S,140,MD,,REISTERSTOWN RD (NB COUPLET),39.30749697,-76.6480279
03,24,,01,07,88,4,01,01,00,ADI5230003,06.01,03-13-2015,20:57:00,22978,N,N,BALTIMORE,UNK,01,01,1,US,,4.82,N,NORTH AVE,12,F,N,129,MD,,DRUID HILL AVE (SB COUPLET),39.31028778,-76.6382774
03,24,,01,03,02,2,01,01,00,ADI5230004,06.01,03-29-2015,22:45:00,2017,N,N,BALTIMORE,UNK,01,02,,,,,,LANVALE,100,F,,,,,FREMONT,39.29829829,-76.63324356
03,24,,00,01,02,,01,00,00,ADI5260001,06.01,01-11-2015,03:30:00,,N,N,BALTIMORE,UNK,01,00,40,US,,6.6,E,ORLEANS ST,50,F,E,1087,MU,,N WASHINGTON ST,39.29527607,-76.58900857
03,24,,01,03,02,1,01,03,00,ADI5260002,06.01,01-18-2015,02:00:00,,N,N,BALTIMORE,UNK,01,00,2950,MU,,0,E,E NORTH AVE,100,F,E,4490,MU,,N GAY ST,39.31169741,-76.58504426
03,24,,02,01,02,1,01,02,00,ADI5260003,06.01,01-31-2015,23:08:00,,N,N,BALTIMORE,UNK,01,09,1360,MU,,0.984,W,E MADISON ST,0,F,W,,UU,,N CHESTER ST,39.29969207,-76.58769965
03,24,,01,17,03,1,88,02,02,ADI5260004,06.01,02-18-2015,05:00:00,,N,N,BALTIMORE,UNK,09,00,1445,MU,,0.626,N,N BROADWAY,100,F,N,,UU,,ASHLAND AVE,39.30035367,-76.59453124
03,24,,01,17,01,1,01,02,08,ADI5260005,03,03-05-2015,03:40:00,,N,N,BALTIMORE,UNK,09,00,1470,MU,,0.377,W,HILLEN ST,100,F,W,,UU,,FRONT ST,39.29435651,-76.60898298
03,24,,01,03,02,1,01,03,00,ADI5260006,06.01,01-01-2015,03:30:00,,N,N,BALTIMORE,UNK,01,00,1410,MU,,0.92,S,N PATTERSON PARK AVE,100,F,S,,UU,,ASHLAND AVE,39.30086374,-76.58529639
01,24,,01,09,01,1,01,01,00,ADI5360001,00,01-07-2015,08:20:00,CAD496,N,N,BALTIMORE,UNK,02,00,1600,MU,,0.044,W,EXETER HALL AVE,5,F,W,,UU,,ROBB ST,39.31821341,-76.59831047
01,24,,01,07,00,1,01,02,00,ADI5360002,06.01,01-07-2015,11:30:00,CAD1039,N,N,BALTIMORE,UNK,02,00,,,,,,ERDMAN AVE,150,F,,,,,BONVIEW AVE,39.31434539,-76.56807661
03,24,,02,03,01,1,01,01,08,ADI5360003,00,01-06-2015,09:30:00,CAD492,Y,N,BALTIMORE,UNK,01,09,697,MU,,1.3,E,WALTHER AVE,0,F,E,2455,MU,,FRANKFORD AVE,39.34604689,-76.5561676
01,24,,02,11,01,1,01,01,00,ADI5360004,00,01-07-2015,10:45:00,CAD808,Y,N,BALTIMORE,UNK,01,00,,,,,,COLDSPRING LN,0,F,,,,,STADIUM DR,39.34526697,-76.58118725
01,24,,01,01,03,1,88,00,08,ADI5360005,08.04,01-06-2015,16:00:00,CAD1421,N,N,BALTIMORE,UNK,09,09,,,,,,FORESTVIEW AVE,20,F,,,,,MANNINGTON AVE,39.34968085,-76.52958155
01,24,,01,03,01,1,01,01,00,ADI5360007,00,01-07-2015,15:00:00,CAD996,N,N,BALTIMORE,UNK,01,00,,,,,,HAMPNETT AVE,5,F,,,,,LIST AVE,39.34378178,-76.56961083
01,24,,01,07,02,1,01,02,00,ADI5360008,06.01,01-10-2015,13:57:00,CAD1276,N,N,BALTIMORE,UNK,02,02,,,,,,SHELDON AVE,50,F,,,,,BELAIR RD,39.32856304,-76.56464338
03,24,,02,17,02,6,01,04,08,ADI9420001,06.01,03-29-2015,21:43:00,CAD82757,Y,N,BALTIMORE,UNK,09,00,1,US,,5.05,N,NORTH AVE,0,F,N,1755,MU,,EUTAW PL,39.31028726,-76.63386315
03,24,,01,88,02,2,01,03,00,ADI9440001,06.01,01-10-2015,03:00:00,8A33,N,N,BALTIMORE,UNK,02,00,1281,MU,,1.925,W,WASHINGTON BLVD,100,F,W,,UU,,SPENCE ST,39.2684399,-76.65045463
03,24,,01,88,02,2,01,01,00,ADI9440002,06.01,01-25-2015,03:00:00,372,N,N,BALTIMORE,UNK,01,00,4460,MU,,0.256,S,N HILTON ST,100,F,S,,UU,,W FRANKLIN ST,39.2928827,-76.67266935