LIGHT_CODE,COUNTY_NO,MUNI_CODE,JUNCTION_CODE,COLLISION_TYPE_CODE,SURF_COND_CODE,LANE_CODE,RD_COND_CODE,RD_DIV_CODE,FIX_OBJ_CODE,REPORT_NO,WEATHER_CODE,ACC_DATE,ACC_TIME,LOC_CODE,SIGNAL_FLAG,C_M_ZONE_FLAG,AGENCY_CODE,AREA_CODE,HARM_EVENT_CODE1,HARM_EVENT_CODE2,RTE_NO,ROUTE_TYPE_CODE,RTE_SUFFIX,LOG_MILE,LOGMILE_DIR_FLAG,MAINROAD_NAME,DISTANCE,FEET_MILES_FLAG,DISTANCE_DIR_FLAG,REFERENCE_NO,REFERENCE_TYPE_CODE,REFERENCE_SUFFIX,REFERENCE_ROAD_NAME,LATITUDE,LONGITUDE
03,24,,01,17,02,2,01,03,88,ADI9440003,06.01,01-25-2015,04:35:00,490,N,N,BALTIMORE,UNK,09,00,2070,MU,,0.478,S,BLOOMINGDALE RD,0,F,S,,UU,,GRAYSON ST,39.30652819,-76.66768044
03,24,,01,88,02,2,01,01,11,ADI9440005,06.01,02-13-2015,00:50:00,,N,N,BALTIMORE,UNK,02,09,2050,MU,,0.076,N,N DUKELAND ST,0,F,N,,UU,,WALBROOK AVE,39.31045667,-76.66398033
03,24,,01,88,04,2,01,01,00,ADI9440006,06.01,02-28-2015,03:00:00,70,N,N,BALTIMORE,UNK,02,00,2290,MU,,0.37,N,N ATHOL AVE,0,F,N,2300,MU,,OLD FREDERICK RD,39.28581836,-76.68875456
03,24,,01,88,04,1,01,02,00,ADI9440007,06.01,02-28-2015,02:25:00,302,N,N,BALTIMORE,UNK,02,00,4115,MU,,0.33,N,N CULVER ST,0,F,N,1671,MU,,W CATON AVE,39.2873546,-76.67587996
03,24,,02,08,04,1,01,01,00,ADI9440008,00,03-06-2015,01:17:00,40890,Y,N,BALTIMORE,UNK,01,01,144,MD,,2.13,E,FREDERICK AVE,0,F,E,,UU,,FRED HILTON PASS,39.28105476,-76.6728504
03,24,,01,06,02,1,01,01,00,ADI944000B,06.01,03-27-2015,02:25:00,60231,N,N,BALTIMORE,UNK,01,01,1670,MU,,0.177,E,W BALTIMORE ST,0,F,E,,UU,,N ROSEDALE ST,39.28593877,-76.66891426
05.02,24,,01,88,02,,01,04,88,ADI944000D,06.01,03-27-2015,07:20:00,60470,Y,N,BALTIMORE,UNK,01,09,4095,MU,,0.31,N,ALLENDALE ST,100,F,N,40,US,,EDMONDSON AVE,39.2938002,-76.67844683
99,24,,00,07,99,1,01,03,00,ADI9450001,99,01-25-2015,01:55:00,289,N,N,BALTIMORE,UNK,02,00,150,MD,,1.1,E,EASTERN AVE,0,U,E,1340,MU,,EASTERN AVE,39.28677747,-76.56287849
03,24,,01,03,01,1,01,03,00,ADI9450002,03,01-26-2015,01:44:00,CAD 187,N,N,BALTIMORE,UNK,01,00,150,MD,,1.1,E,EASTERN AVE,0,F,E,1340,MU,,EASTERN AVE,39.28666537,-76.56615078
01,24,,01,88,02,1,01,01,10,ADI9470002,06.01,01-24-2015,09:04:00,745,N,N,BALTIMORE,UNK,09,00,2610,MU,,0,W,WINSTON AVE,0,U,W,467,MU,,THE ALAMEDA,39.34959789,-76.6035676
01,24,,02,03,02,2,01,01,00,ADI9470003,00,01-25-2015,14:18:00,1484,Y,N,BALTIMORE,UNK,01,00,45,MD,,2.803,N,YORK RD,0,F,N,,UU,,BEAUMONT AVE,39.35176324,-76.60965085
01,03,,01,03,02,,01,02,00,ADI9470005,00,02-13-2015,17:30:00,CAD#2430,N,N,BALTIMORE,UNK,02,00,2,CO,,0,W,ST PAULS RD,0,F,W,3,CO,,GUNPOWDER RD,39.31517545,-76.61522985
01,24,,02,11,02,1,01,01,00,ADI9490001,06.01,01-09-2015,11:30:00,CAD#0946,Y,N,BALTIMORE,UNK,01,01,40,US,,2.66,E,FRANKLIN ST,0,F,E,6364,MU,,N FRANKLINTOWN RD,39.29320653,-76.66246086
01,24,,01,07,02,,01,01,00,ADI9490002,06.01,01-09-2015,12:00:00,996,N,N,BALTIMORE,UNK,02,01,6364,MU,,0.402,N,N FRANKLINTOWN RD,50,F,N,,UU,,W MULBERRY ST,39.29271456,-76.66215777
01,24,,01,08,02,,01,02,00,ADI9490003,06.01,01-14-2015,08:00:00,CAD#0462,N,N,BALTIMORE,UNK,02,00,,UU,,,N,MT HOLLY ST,0,F,N,,UU,,COLBORNE,39.29806996,-76.68005347
04,24,,01,03,01,1,01,01,00,ADI9490004,02,01-18-2015,16:06:00,1676,N,N,BALTIMORE,UNK,01,00,1910,MU,,2.504,E,N FRANKLINTOWN RD,0,M,E,,UU,,MORRIS RD,39.30458308,-76.67667389
06.02,24,,01,03,02,1,01,04,00,ADI9490005,06.01,01-27-2015,17:25:00,CAD#1931,N,N,BALTIMORE,UNK,01,00,2210,MU,,0.744,W,W NORTH AVE,10,F,W,,UU,,ASHBURTON ST,39.30926517,-76.66217387
03,24,,02,02,01,2,01,01,00,ADI9490006,08.04,01-29-2015,19:25:00,CAD#2593,N,N,BALTIMORE,UNK,01,01,2210,MU,,1.125,W,W NORTH AVE,0,F,W,,UU,,N ROSEDALE ST,39.30896632,-76.66927099
01,24,,01,03,02,2,01,01,00,ADI9490007,06.01,02-24-2015,11:20:00,CAD#0951,N,N,BALTIMORE,UNK,01,01,2210,MU,,1.212,W,W NORTH AVE,150,F,W,,UU,,N ELLAMONT ST,39.30908254,-76.66882843
01,24,,01,03,02,1,01,01,00,ADI9490008,06.01,03-02-2015,09:10:00,CAD#593,N,N,BALTIMORE,UNK,01,00,,,,,,FAIRMOUNT AVE,70,F,,,,,CATHERINE ST,39.28827632,-76.65784478
01,24,,01,06,02,1,01,01,00,ADI9490009,00,03-03-2015,08:45:00,CAD21332,N,N,BALTIMORE,UNK,02,01,,,,,,DENISON ST,25,F,,,,,ELGIN AVE,39.31188418,-76.67424649
01,24,,01,08,02,2,01,01,00,ADI949000B,06.01,02-26-2015,12:52:00,CAD#1239,N,N,BALTIMORE,UNK,01,01,1,US,,1.45,N,WILKENS AVE,500,F,N,,UU,,HURLEY AVE,39.27630953,-76.66390657
01,24,,01,03,03,1,01,01,00,ADI949000C,03,03-05-2015,07:00:00,CAD40560,N,N,BALTIMORE,UNK,01,02,,,,,,HURLEY ST,5,F,,,,,SUNSET RD,39.27805776,-76.66404337
01,24,,01,07,02,2,01,04,00,ADI949000D,06.01,03-09-2015,10:30:00,CAD82156,Y,N,BALTIMORE,UNK,01,00,1023,MU,,1.38,E,GWYNNS FALLS PKWY,10,F,E,3095,MU,,TIOGA PKWY,39.31547635,-76.65893778
03,03,,02,07,01,1,01,00,00,ADI9540001,03,01-12-2015,00:00:00,,Y,N,BALTIMORE,UNK,02,00,1310,CO,,0,W,CASTLE DR,0,F,W,1293,CO,,HOLLY LA,39.3097591,-76.58940017
01,24,,02,02,02,2,01,01,00,ADI9540002,00,01-16-2015,16:25:00,1330,N,N,BALTIMORE,UNK,01,00,40,US,,5.728,E,ORLEANS ST,0,F,E,,UU,,COLVIN ST,39.29471147,-76.6054666
04,24,,00,88,99,,99,01,88,ADI9540003,99,02-15-2015,08:30:00,314,N,N,BALTIMORE,UNK,02,00,45,MD,,0,N,GREENMOUNT AVE,0,U,N,1,US,,NORTH AVE,39.3115978,-76.60948992
01,24,,02,11,02,1,00,03,00,ADI9540005,06.01,03-17-2015,18:00:00,,Y,N,BALTIMORE,UNK,04,01,1350,MU,,0.348,E,CHASE ST,0,F,E,,UU,,MONTFORD AVE,39.30366156,-76.58404648
01,24,,88,88,02,1,01,00,00,ADI9550001,06.01,01-20-2015,14:52:00,,N,N,BALTIMORE,UNK,01,01,,,,,,300 NORTH CHARLES STREET,2,F,,,,,100 WEST MULBERRY STREET,39.24765069,-76.64193392
01,24,,02,88,01,2,01,88,00,ADI9550002,06.01,01-27-2015,12:20:00,1B12,Y,N,BALTIMORE,UNK,01,01,6166,MU,,0.15,E,W LEXINGTON ST,0,F,E,295,MD,,GREENE ST (SB COUPLET),39.29139848,-76.62375927
03,24,,02,11,01,2,01,88,00,ADI9550003,03,03-03-2015,20:00:00,CAD#045,Y,N,BALTIMORE,UNK,01,01,1571,MU,,0.31,N,S CHARLES ST,0,F,N,1392,MU,,E PRATT ST,39.28655742,-76.61487579
01,24,,02,11,01,2,01,01,00,ADI9550004,03,03-14-2015,08:20:00,30702,Y,N,BALTIMORE,UNK,01,01,2,MD,,4.69,N,CALVERT ST (NB COUPLET),0,F,N,1790,MU,,CENTRE ST,39.29645508,-76.61277294
01,24,,00,88,01,2,01,88,00,ADI9550005,09.04,03-14-2015,11:20:00,30096,Y,N,BALTIMORE,UNK,01,01,2,MD,,4.41,N,CALVERT ST (NB COUPLET),12,F,N,1690,MU,,E SARATOGA ST,39.29235337,-76.61250472
01,24,,01,07,03,1,88,88,00,ADI9560001,10.04,02-21-2015,14:30:00,CAD0662,Y,N,BALTIMORE,UNK,01,01,1030,MU,,0.17,N,CEDONIA AVE,0,U,N,1031,MU,,RADECKE AVE,39.33047179,-76.53296113
00,24,,01,07,04,1,00,02,00,ADI9560002,00,03-06-2015,11:55:00,CAD50865,N,N,BALTIMORE,UNK,02,01,2510,MU,,0.7,E,CHESTERFIELD AVE,0,U,E,1,US,,BELAIR RD,39.32445906,-76.5692246
00,24,,01,07,03,1,01,02,00,ADI9560003,08.04,03-06-2015,14:30:00,CAD51294,N,N,BALTIMORE,UNK,02,01,151,MD,,2.6,N,ERDMAN AVE,500,F,N,,UU,,BONVIEW AVE,39.31490983,-76.5641284
01,24,,03,88,02,2,01,01,00,ADI9650001,06.01,01-30-2015,14:40:00,1883,Y,N,BALTIMORE,UNK,03,00,173,MD,,4.36,N,PATAPSCO AVE,0,F,N,4365,MU,,6TH ST,39.23630852,-76.60234451
01,24,,01,17,02,1,01,02,00,ADI9650002,06.01,01-30-2015,15:54:00,CAD#2121,N,N,BALTIMORE,UNK,18,00,1530,MU,,0.6,N,S HANOVER ST,0,U,N,4350,MU,,FRANKFURST AVE,39.24291462,-76.60792351
03,24,,01,02,02,1,01,01,00,ADI9650003,06.01,02-01-2015,17:26:00,CAD#2045,N,N,BALTIMORE,UNK,01,00,173,MD,,4.54,N,PATAPSCO AVE,25,F,N,,UU,,FOURTH ST,39.23746982,-76.60529763
01,24,,01,17,02,1,01,01,00,ADI9650004,06.01,02-12-2015,15:33:00,CAD#1943,N,N,BALTIMORE,UNK,03,00,,,,,,800 GLADE CT,50,F,,,,,4200 RENNICK CT,39.22922718,-76.59992248
01,24,,01,03,00,1,03,02,00,ADI9650005,06.01,02-15-2015,13:55:00,CAD#1183,N,N,BALTIMORE,UNK,01,00,,,,,,4500 PENNINGTON AVE,10,F,,,,,1600 ELMTREE ST,39.2245157,-76.5883702
03,24,,02,02,01,,01,05.01,00,ADI9650006,06.01,02-22-2015,18:34:00,CAD#1523,Y,N,BALTIMORE,UNK,01,00,173,MD,,1.84,N,PENNINGTON AVE,0,F,N,710,MD,,EAST ORDNANCE RD,39.20932922,-76.58502817
01,24,,01,99,02,,01,01,00,ADI9650007,06.01,02-27-2015,15:45:00,CAD#2038,N,N,BALTIMORE,UNK,02,00,4425,MU,,0.2,E,HAWKINS POINT RD,5,F,E,,UU,,THOMS RD,39.20202262,-76.55372277
01,24,,03,11,02,2,01,01,00,ADI9650008,06.01,02-28-2015,14:00:00,CAD#1509,Y,N,BALTIMORE,UNK,01,00,173,MD,,4.442,N,PATAPSCO AVE,0,F,N,,UU,,5TH ST,39.2367988,-76.60384655
01,24,,01,03,02,,01,01,00,ADI9650009,00,03-11-2015,10:25:00,CAD#1649,N,N,BALTIMORE,UNK,02,00,,,,,,3700 PASCAL AVE,50,F,,,,,3700 EVERETT ST,39.23104396,-76.59160227
01,24,,03,08,02,1,01,03,04,ADI965000C,06.01,03-27-2015,15:55:00,CAD2097,N,N,BALTIMORE,UNK,01,00,1530,MU,,0.56,N,S HANOVER ST,0,F,N,,UU,,BALTIC AVE,39.24168693,-76.60791546
01,24,,02,08,02,1,01,01,00,ADF796001H,07.01,03-03-2015,11:25:00,CAD#1802,Y,N,BALTIMORE,UNK,01,00,2605,MU,,0,N,CHINQUAPIN PKWY,0,F,N,467,MU,,THE ALAMEDA,39.35687978,-76.59569263
01,24,,01,17,02,1,01,02,09,ADF796001J,06.01,03-10-2015,14:10:00,CAD#1434,N,N,BALTIMORE,UNK,09,00,1665,MU,,0.374,E,E BALTIMORE ST,30,F,E,,UU,,S FREDERICK AVE,39.28985403,-76.60775587
01,24,,02,11,02,1,01,01,00,ADF796001K,06.01,03-19-2015,18:25:00,CAD#2541,Y,N,BALTIMORE,UNK,01,00,4165,MU,,0.855,E,W LEXINGTON ST,0,F,E,,UU,,N MOUNT ST,39.29066362,-76.64392143
01,24,,01,03,02,1,01,03,00,ADF796001L,06.01,03-30-2015,16:30:00,CAD#2048,N,N,BALTIMORE,UNK,01,02,1,US,,8.5,N,BELAIR RD,20,F,N,,UU,,MARECO AVE,39.32064222,-76.57485053
01,24,,01,88,02,1,01,01,00,ADF796001Q,06.01,03-18-2015,14:30:00,CAD#1547,N,N,BALTIMORE,UNK,03,00,,,,,,CHERRY HILL RD,20,F,,,,,SEABURY RD,39.25046059,-76.62190586
00,24,,01,03,03,2,01,04,04,ADF8040004,08.04,01-06-2015,07:04:00,CAD#395,N,N,BALTIMORE,UNK,01,01,1023,MU,,1.38,E,GWYNNS FALLS PKWY,20,F,E,3095,MU,,TIOGA PKWY,39.31598891,-76.65751219
01,24,,01,03,04,1,01,04,00,ADF8040005,88,01-07-2015,09:00:00,0585,Y,N,BALTIMORE,UNK,01,01,1023,MU,,1.798,E,GWYNNS FALLS PKWY,10,F,E,140,MD,,MONROE ST (SB COUPLET),39.3159225,-76.65148258
01,24,,02,11,02,2,01,02,11,ADF8040006,06.01,02-03-2015,10:41:00,828,Y,N,BALTIMORE,UNK,01,09,1,US,,8.512,S,MONROE ST (SB COUPLET),0,F,S,,UU,,W LANVALE ST,39.29754275,-76.64747
01,24,,02,11,02,1,01,01,00,ADF8040007,06.01,02-05-2015,10:30:00,1051,Y,N,BALTIMORE,UNK,01,00,1920,MU,,1.155,E,EDMONDSON AVE,0,F,E,,UU,,N MOUNT ST,39.29526777,-76.64416552
03,24,,03,11,01,1,01,01,00,ADF8040008,07.01,02-15-2015,18:50:00,1967,Y,N,BALTIMORE,UNK,01,01,129,MD,,1.23,N,MCCULLOH ST,0,F,N,4010,MU,,WHITELOCK ST,39.31200455,-76.63862944
04,03,,00,11,03,,88,01,00,ADF8040009,08.04,02-17-2015,21:30:00,2371,N,N,BALTIMORE,UNK,01,01,,,,,,2100 BRIGHTON STREET,0,U,,,,,1500 N. SMALLWOOD STREET ,39.305951,-76.252771
03,24,,02,11,02,1,01,04,04,ADF804000C,06.01,02-27-2015,22:25:00,3232,N,N,BALTIMORE,UNK,01,09,2210,MU,,0.093,W,W NORTH AVE,0,F,W,,UU,,N PAYSON ST,39.30975598,-76.64989874
01,24,,01,09,02,1,01,02,00,ADF8190009,06.01,01-14-2015,08:55:00,CAD#0537,N,N,BALTIMORE,UNK,01,00,295,MD,,3.04,N,PACA ST (NB COUPLET),100,F,N,1391,MU,,W PRATT ST,39.28597613,-76.62206411
01,03,,02,10,02,2,01,02,00,ADF819000B,06.01,01-28-2015,09:13:00,CAD #701,Y,N,BALTIMORE,UNK,01,00,,,,,,1100 HILLEN ST,0,F,,,,,600 FORREST ST,39.2967872,-76.60561681
01,24,,01,08,02,1,01,01,00,ADF819000C,06.01,01-29-2015,10:18:00,,N,N,BALTIMORE,UNK,02,00,,,,,,UNIT E LAFAYETTE AVE,10,F,,,,,1700 N LOVEGROVE ST,39.30977985,-76.61571264
01,24,,01,17,02,1,01,01,07,ADF819000F,06.01,02-06-2015,10:45:00,CAD#0988,N,N,BALTIMORE,UNK,09,00,2915,MU,,0.946,S,HILLSDALE RD,72,F,S,,UU,,NORWOOD AVE,39.32920207,-76.69515967
01,24,,03,03,01,2,01,02,00,ADF819000G,06.01,02-22-2015,15:31:00,CAD#1218,Y,N,BALTIMORE,UNK,01,00,,,,,,E 29TH ST,60,F,,,,,N CHARLES ST,39.32322657,-76.6167748
01,24,,02,03,02,1,01,01,00,ADF819000H,06.01,02-23-2015,17:00:00,CAD#1928,Y,N,BALTIMORE,UNK,01,00,,,,,,S MONROE ST,0,F,,,,,WICOMICO ST,39.27250564,-76.63853288
01,24,,02,11,04,1,03,01,07,ADF819000J,12.04,03-01-2015,13:17:00,CAD#1193,Y,N,BALTIMORE,UNK,01,09,4195,MU,,0.11,E,WILMARCO AVE,0,F,E,6165,MU,,BERNARD DR,39.27321992,-76.65903568
04,24,,01,17,01,,01,04,04,ADF819000L,06.01,03-11-2015,06:20:00,CAD#443,N,N,BALTIMORE,UNK,09,00,,,,,,O'DONELL ST,127,F,,,,,S NEWKIRK ST,39.28085234,-76.55681133
01,24,,10.04,17,01,,01,88,99,ADF819000N,03,03-20-2015,09:40:00,CAD#0856,N,N,BALTIMORE,UNK,09,00,,,,,,W NORTH AVE,100,F,,,,,MOUNT ST,39.30961382,-76.6446805
03,24,,02,03,01,1,01,01,00,ADF8280001,03,01-13-2015,01:52:00,725,N,N,BALTIMORE,UNK,02,00,2010,MU,,0,N,N BENTALOU ST,0,F,N,,UU,,N BENTALOU ST (BACK),39.29962669,-76.65348887
03,24,,01,07,02,1,01,00,88,ADF8280002,06.01,02-14-2015,02:00:00,714,N,N,BALTIMORE,UNK,02,02,1810,MU,,0.876,S,FREMONT AVE,0,F,S,,UU,,BENNETT PL,39.29499377,-76.63281441
03,24,,02,09,02,2,01,02,00,ADF8280003,00,03-08-2015,03:11:00,70319,Y,N,BALTIMORE,UNK,01,01,,,,,,1100 BLK. N. MONROE ST,0,F,,,,,1800 BLK RIGGS AVE.,39.30090526,-76.64764166
03,24,,02,03,02,3,01,04,00,ADF8280004,06.01,03-15-2015,01:11:00,CAD#0172,Y,N,BALTIMORE,UNK,01,01,6169,MU,,0,W,W FRANKLIN ST,0,F,W,,,,N. WARWICK AVE.,39.29342449,-76.6562891
01,24,,00,99,02,1,01,04,00,ADF8530001,06.01,02-27-2015,14:55:00,1662,N,N,BALTIMORE,UNK,01,11,40,US,,5.69,E,ORLEANS ST,0,F,E,1480,MU,,GAY ST,39.29384795,-76.60723686
01,24,,00,17,03,1,00,00,08,ADF8530003,08.04,02-15-2015,09:00:00,2368,N,N,BALTIMORE,UNK,00,00,,,,,,FEDERAL ST,0,U,,,,,EDISON HIGHWAY,39.30895802,-76.56677842
01,24,,00,11,03,1,88,00,00,ADF8530005,08.04,02-15-2015,11:00:00,1124,Y,N,BALTIMORE,UNK,00,00,,,,0,,1600 N. BROADAWY,0,F,,,,,1700 E. FEDERAL ST,39.30852635,-76.59502745
01,24,,00,10,00,1,01,01,00,ADF8530006,99,03-23-2015,17:30:00,2253,N,N,BALTIMORE,UNK,00,00,,,,,,2200 KIRK AVE,0,F,,,,,22 ND ST,39.31425408,-76.60605669
03,24,,02,11,02,1,01,01,07,ADF8600001,06.01,02-08-2015,01:05:00,CAD 187,Y,N,BALTIMORE,UNK,01,09,4165,MU,,1.007,E,W LEXINGTON ST,0,F,E,,UU,,N STRICKER ST,39.29075496,-76.6410917
01,24,,02,11,02,2,01,01,00,ADF8800001,06.01,01-11-2015,12:30:00,1023,Y,N,BALTIMORE,UNK,01,00,173,MD,,3.97,N,PATAPSCO AVE,0,F,N,4380,MU,,10TH ST,39.2341479,-76.59582138
01,24,,00,11,01,1,01,88,00,ADF8800002,03,03-25-2015,09:50:00,,Y,N,BALTIMORE,UNK,01,00,2,MD,,0.72,N,POTEE ST,1,F,N,1530,MU,,S HANOVER ST,39.24199229,-76.60931826
01,24,,02,17,02,1,01,01,07,ADF8800003,07.01,03-25-2015,13:00:00,CAD1276,Y,N,BALTIMORE,UNK,09,00,2,MD,,0.15,N,POTEE ST,0,F,N,,UU,,W TALBOTT ST,39.23659105,-76.61275148
03,24,,02,11,02,1,01,01,00,ADF9160001,06.01,02-03-2015,20:23:00,2836,Y,N,BALTIMORE,UNK,01,00,955,MU,,1.27,W,E PRESTON ST,0,F,W,,UU,,N BOND ST,39.30527005,-76.59663945
03,24,,00,03,02,1,01,01,00,ADF9160002,06.01,02-04-2015,21:03:00,2859,Y,N,BALTIMORE,UNK,01,00,1351,MU,,0.296,W,E CHASE ST,10,F,W,,UU,,VALLEY ST,39.30318835,-76.60504818
01,24,,00,03,02,2,01,04,00,ADH691000G,06.01,03-29-2015,13:40:00,CAD#1358,N,N,BALTIMORE,UNK,01,00,295,MD,,0.39,N,BALTIMORE WASHINGTON PKWY,500,F,N,648,MD,E,ANNAPOLIS RD,39.27131792,-76.63114071
06.02,24,,01,06,00,1,01,01,00,ADH707000C,00,01-02-2015,17:30:00,CAD1656,N,N,BALTIMORE,UNK,02,00,,,,,,5TH ST,20,F,,,,,E PATAPSCO AV,39.23688606,-76.60377681
01,24,,00,07,02,1,01,01,00,ADH707000D,06.01,01-05-2015,15:30:00,CAD#1803,N,N,BALTIMORE,UNK,02,00,1281,MU,,0.52,W,WASHINGTON BLVD,30,F,W,4285,MU,,W CROSS ST,39.28267934,-76.63285732
01,24,,00,17,02,,01,00,00,ADH707000F,06.01,01-11-2015,11:30:00,CAD#0970,N,N,BALTIMORE,UNK,03,00,2,MD,,0.72,N,HANOVER ST (NB COUPLET),60,F,N,2,MD,,POTEE ST (SB COUPLET),39.25404802,-76.61761701
01,24,,02,11,02,1,01,01,00,ADH707000G,06.01,01-16-2015,07:55:00,CAD#0549,Y,N,BALTIMORE,UNK,01,00,1651,MU,,1.082,W,W OSTEND ST,0,F,W,,UU,,CLEVELAND ST,39.28048693,-76.63234234
01,24,,02,11,01,1,00,01,10,ADH707000H,03,01-24-2015,11:45:00,CAD:1125,Y,N,BALTIMORE,UNK,01,09,2,MD,,3.23,N,HANOVER ST,0,F,N,4290,MU,,W HAMBURG ST,39.27776293,-76.61559463
01,24,,01,07,99,4,01,02,00,ADH707000J,99,01-24-2015,12:00:00,CAD:1633,N,N,BALTIMORE,UNK,01,00,295,MD,,3.04,N,PACA ST (NB COUPLET),30,F,N,1391,MU,,W PRATT ST,39.28585157,-76.62208557
01,24,,00,99,02,,01,88,00,ADH707000K,06.01,02-19-2015,15:30:00,CAD#1902,N,N,BALTIMORE,UNK,02,00,648,MD,E,0.14,N,ANNAPOLIS RD,300,F,N,100,MU,,W PATAPSCO AVE,39.24677828,-76.64315701
06.02,24,,03,07,06.03,,00,02,00,ADH707000L,06.01,02-25-2015,03:10:00,CAD#1940,N,N,BALTIMORE,UNK,02,00,,,,,,PATAPSCO ST,10,F,,,,,E HEATH ST,39.27063684,-76.61298752
01,24,,01,07,01,1,01,01,00,ADH707000M,03,03-25-2015,10:40:00,CAD40983,N,N,BALTIMORE,UNK,02,00,4515,MU,,0.258,N,HULL ST,20,F,N,,UU,,CUBA ST,39.27199899,-76.59198046
01,24,,01,03,02,2,01,01,00,ADH7110001,06.01,01-07-2015,15:30:00,CAD#1564,Y,N,BALTIMORE,UNK,01,00,1,US,,4.82,N,NORTH AVE,5,F,N,129,MD,,DRUID HILL AVE (SB COUPLET),39.31024472,-76.63830757
01,24,,02,11,02,2,01,04,00,ADH7110002,06.01,01-08-2015,16:00:00,CAD#1486,Y,N,BALTIMORE,UNK,01,00,2005,MU,,1.14,E,BAKER ST,0,F,E,1,US,,FULTON AVE (NB COUPLET),39.30664191,-76.64613962
01,24,,03,08,02,1,01,01,00,ADH7110003,06.01,01-08-2015,16:00:00,CAD#1562,Y,N,BALTIMORE,UNK,01,01,2005,MU,,1.287,E,BAKER ST,0,F,E,,UU,,N GILMORE ST,39.30676643,-76.64343596
01,24,,01,88,02,1,01,02,00,ADH7110004,06.01,01-08-2015,16:00:00,,N,N,BALTIMORE,UNK,02,02,2000,MU,,0.037,E,BAKER ST,100,F,E,,UU,,N WOODYEAR ST,39.30670832,-76.64106488
01,24,,02,11,01,2,01,04,00,ADH7110005,03,01-12-2015,12:30:00,CAD#975,Y,N,BALTIMORE,UNK,01,00,140,MD,,5.22,S,MONROE ST (SB COUPLET),0,F,S,2210,MU,,W NORTH AVE,39.30982966,-76.64813519
99,24,,01,09,99,,01,02,00,ADH7110006,99,01-26-2015,08:15:00,CAD#0893,N,N,BALTIMORE,UNK,02,99,1,US,,7.89,S,MONROE ST (SB COUPLET),20,F,S,2005,MU,,BAKER ST,39.30689096,-76.64792061
01,24,,00,03,02,,01,01,00,ADH7110007,06.01,01-27-2015,10:00:00,CAD#655,N,N,BALTIMORE,UNK,02,00,4005,MU,,0.392,S,PENNSYLVANIA AVE,150,F,S,,UU,,CUMBERLAND ST,39.3088501,-76.64092541
01,24,,02,11,02,1,01,01,00,ADH7110008,06.01,02-04-2015,13:01:00,CAD#1327,Y,N,BALTIMORE,UNK,01,00,1,US,,7.635,S,W NORTH AVE (SB COUPLET),0,F,S,,UU,,MCKEAN AVE,39.30787054,-76.64721251
01,24,,02,11,02,1,01,01,00,ADH7110009,06.01,02-05-2015,10:43:00,CAD#917,Y,N,BALTIMORE,UNK,01,00,4005,MU,,0,S,PENNSYLVANIA AVE,0,F,S,140,MD,,REISTERSTOWN RD (NB COUPLET),39.31251921,-76.64534569
03,24,,02,11,01,1,01,01,00,ADH711000B,03,02-09-2015,21:43:00,CAD#2866,Y,N,BALTIMORE,UNK,01,00,1,US,,7.67,S,MONROE ST (SB COUPLET),0,F,S,2210,MU,,W NORTH AVE,39.31391375,-76.65013075
01,24,,01,00,02,2,01,04,00,ADH711000C,06.01,03-19-2015,14:30:00,CAD#1677,N,N,BALTIMORE,UNK,11,12,,,,,,2200 LIBERTY HEIGHTS,100,F,,,,,2600 REISTERSTOWN ROAD,39.31861182,-76.65189028
99,24,,01,99,02,1,01,01,00,ADH711000D,06.01,03-22-2015,07:20:00,10686,N,N,BALTIMORE,UNK,01,02,,,,,,600 ARLINGTON AVE,25,F,,,,,1100 HARLEM AVE,39.29657963,-76.63575411
01,24,,03,03,02,2,01,04,00,ADH7130001,06.01,01-11-2015,16:00:00,,Y,N,BALTIMORE,UNK,01,01,2100,MU,,2.452,E,W COLD SPRING LA,1,F,E,,UU,,GRAND VIEW AVE,39.34464261,-76.64219677
01,24,,02,11,01,,00,04,00,ADH7190001,03,01-04-2015,14:50:00,6B22,Y,N,BALTIMORE,UNK,00,00,2125,MU,,0.24,N,GARRISON BLVD,0,F,N,1023,MU,,GWYNNS FALLS PKWY,39.31425408,-76.67655587
01,24,,01,07,02,1,01,02,00,ADH7190002,06.01,01-13-2015,16:00:00,1736,N,N,BALTIMORE,UNK,02,00,6138,MU,,0,S, 4000 FAIRFAX RD,10,F,S,6137,MU,,3100 WOLCOTT AVE.,39.32179902,-76.68350816
01,24,,00,01,02,1,01,01,00,ADH7190003,06.01,01-20-2015,09:30:00,6B22,N,N,BALTIMORE,UNK,00,00,6139,MU,,0.185,N,WESTCHESTER RD,10,F,N,,UU,,N LOUDON AVE,39.31900192,-76.68886185
03,24,,02,03,02,1,01,04,00,ADH7190004,06.01,02-15-2015,22:20:00,CAD 2368,Y,N,BALTIMORE,UNK,00,00,,,,,,3900 BELVIEU AVE ,0,F,,,,,4700 GARRISON BLVD,39.33969114,-76.68417335
01,24,,01,01,03,1,01,01,00,ADH7190005,08.04,02-16-2015,17:00:00,CAD 1584,N,N,BALTIMORE,UNK,01,01,,,,,,3600 HOWARD PARK AVE,10,F,,,,,4900 LIBERTY HGTS AVE ,39.33218962,-76.69841051
03,24,,01,01,02,2,01,04,00,ADH7190007,06.01,02-21-2015,00:50:00,CAD 102,N,N,BALTIMORE,UNK,00,00,,,,,,3600 N. ROGERS AVE,10,F,,,,,5500 LIBERTY HGTS AVE ,39.33449659,-76.70538425