LIGHT_CODE,COUNTY_NO,MUNI_CODE,JUNCTION_CODE,COLLISION_TYPE_CODE,SURF_COND_CODE,LANE_CODE,RD_COND_CODE,RD_DIV_CODE,FIX_OBJ_CODE,REPORT_NO,WEATHER_CODE,ACC_DATE,ACC_TIME,LOC_CODE,SIGNAL_FLAG,C_M_ZONE_FLAG,AGENCY_CODE,AREA_CODE,HARM_EVENT_CODE1,HARM_EVENT_CODE2,RTE_NO,ROUTE_TYPE_CODE,RTE_SUFFIX,LOG_MILE,LOGMILE_DIR_FLAG,MAINROAD_NAME,DISTANCE,FEET_MILES_FLAG,DISTANCE_DIR_FLAG,REFERENCE_NO,REFERENCE_TYPE_CODE,REFERENCE_SUFFIX,REFERENCE_ROAD_NAME,LATITUDE,LONGITUDE
99,24,,03,88,02,1,01,01,00,ADJ0050006,00,02-05-2015,08:30:00,525,N,N,BALTIMORE,UNK,01,00,2735,MU,,0.354,E,UNION AVE,10,F,E,,UU,,CONDUIT AVE,39.332756,-76.63737416
01,24,,01,03,02,3,01,04,00,ADJ0050007,00,02-06-2015,16:07:00,2038,N,N,BALTIMORE,UNK,01,00,83,IS,,5.86,N,JONES FALLS EXPWY,500,F,N,1022,MU,,W NORTHERN PKWY,39.35369625,-76.64763093
03,24,,01,17,03,3,01,04,15.05,ADJ0050008,08.04,02-16-2015,21:34:00,CAD#2404,N,N,BALTIMORE,UNK,09,00,83,IS,,1.85,N,JONES FALLS EXPWY,50,F,N,,UU,,EXIT #6,39.31321648,-76.62638783
03,24,,03,11,02,1,01,01,00,ADJ0050009,00,02-24-2015,18:30:00,CAD#2353,N,N,BALTIMORE,UNK,01,00,25,MD,,4.3,N,FALLS RD,50,F,N,1022,MU,,W NORTHERN PKWY,39.36097978,-76.64606452
03,24,,01,99,02,1,01,01,00,ADJ005000B,00,03-02-2015,21:00:00,CAD#2663,N,N,BALTIMORE,UNK,01,00,,,,,,2800 BARCLAY ST,10,F,,,,,300 E. 28TH ST.,39.32226796,-76.61113143
03,24,,01,08,01,2,01,04,00,ADJ005000C,03,03-04-2015,18:00:00,CAD#2193,N,N,BALTIMORE,UNK,01,00,1022,MU,,3.648,N,W NORTHERN PKWY,100,F,N,,UU,,CYLBURN AVE,39.3586571,-76.65322065
99,24,,01,99,99,1,01,01,00,ADJ005000D,00,03-09-2015,02:30:00,CAD#8082,N,N,BALTIMORE,UNK,01,00,,,,,,900 E. 41ST ST,50,F,,,,,4000 ELKADER RD.,39.33980938,-76.60298824
01,24,,03,08,02,1,01,01,00,ADJ005000F,00,03-16-2015,08:22:00,CAD#5048,Y,N,BALTIMORE,UNK,01,00,1101,MU,,1.792,N,ARGONNE DR,10,F,N,,UU,,WILSBY AVE,39.33706902,-76.60435081
01,24,,02,11,02,2,01,04,00,ADJ005000G,00,03-24-2015,13:00:00,CAD#3116,Y,N,BALTIMORE,UNK,01,00,25,MD,,3.01,N,FALLS RD,0,F,N,2100,MU,,W COLD SPRING LA,39.34323417,-76.64022803
05.02,24,,02,11,02,4,01,01,00,ADJ0060001,06.01,01-05-2015,07:25:00,439,Y,N,BALTIMORE,UNK,01,00,1920,MU,,0.14,E,EDMONDSON AVE,0,F,E,6364,MU,,N FRANKLINTOWN RD,39.29447898,-76.66327894
03,24,,01,88,04,,00,01,00,ADJ0060002,99,01-08-2015,06:00:00,434,N,N,BALTIMORE,UNK,02,00,1900,MU,,1.107,E,W LAFAYETTE AVE,15,F,E,,UU,,MCKEAN AVE,39.29875649,-76.64688326
01,24,,01,03,00,,01,01,00,ADJ0060003,07.01,02-16-2015,14:45:00,CAD#1526,N,N,BALTIMORE,UNK,02,00,,,,,,WESTWOOD,15,F,,,,,MOUNT,39.30888331,-76.64519548
99,24,,01,07,00,1,01,01,00,ADJ0060004,06.01,03-14-2015,00:00:00,CAD22919,N,N,BALTIMORE,UNK,02,00,,,,,,WALBROOK,20,F,,,,,SMALLWOOD,39.31071788,-76.65234089
99,03,,01,99,02,1,01,01,00,ADJ0130002,06.01,01-29-2015,08:00:00,441,N,N,BALTIMORE,UNK,02,00,5236,CO,,0.37,S,CENTRAL AVE,100,F,S,5229,CO,,RIVERVIEW AVE,39.25742924,-76.53037548
01,24,,03,07,02,1,01,04,00,ADJ0130003,06.01,02-06-2015,13:15:00,1404,Y,N,BALTIMORE,UNK,01,00,438,MU,,3.76,N,DUNDALK AVE,15,F,N,1400,MU,,ODONNELL ST,39.28182398,-76.53570771
01,24,,02,11,02,1,02,01,00,ADJ0130006,06.01,03-11-2015,12:09:00,CAD#1148,Y,N,BALTIMORE,UNK,01,00,3040,MU,,1.82,E,BOSTON ST,0,F,E,1280,MU,,NEWKIRK ST,39.2773892,-76.55612469
01,24,,03,03,02,3,00,04,00,ADJ0130007,06.01,03-12-2015,10:27:00,CAD# 887,Y,N,BALTIMORE,UNK,01,00,150,MD,,1.406,E,EASTERN AVE,10,F,E,,UU,,BAYVIEW BLVD,39.28739612,-76.54826447
01,24,,03,17,02,1,01,01,08,ADJ0130009,06.01,03-24-2015,11:15:00,CAD#0935,Y,N,BALTIMORE,UNK,09,00,1275,MU,,1.07,S,S CONKLING ST,5,F,S,3040,MU,,BOSTON ST,39.27721012,-76.56651422
01,24,,01,07,02,1,01,02,04,ADJ013000B,06.01,03-25-2015,08:05:00,CAD#0531,N,N,BALTIMORE,UNK,02,09,,,,,,DECKER AVE,200,F,,,,,FOSTER AVE,39.28396652,-76.57352149
01,24,,01,07,02,1,01,01,00,ADJ013000C,06.01,03-30-2015,08:15:00,CAD#0537,N,N,BALTIMORE,UNK,02,09,1400,MU,,0.303,E,ODONNELL ST,30,F,E,2960,MU,,S ELLWOOD AVE,39.28032187,-76.57246202
01,24,,02,11,02,1,01,01,00,ADJ013000D,06.01,03-30-2015,15:29:00,CAD#1665,Y,N,BALTIMORE,UNK,01,00,3040,MU,,0.09,E,BOSTON ST,0,F,E,3041,MU,,ALICEANNA ST,39.2838513,-76.58577651
01,03,,03,03,02,3,01,04,00,ADF9940001,06.01,01-20-2015,07:40:00,CAD0576,Y,N,BALTIMORE,UNK,01,00,40,US,,14.03,E,PULASKI HWY,30,F,E,,,,ARMISTEAD WAY,39.30250343,-76.54620588
01,24,,01,88,02,,01,02,00,ADF9940002,06.01,01-28-2015,16:07:00,CAD 1904,N,N,BALTIMORE,UNK,01,00,1,US,,10.497,N,BELAIR RD,0,M,N,,UU,,BERGER AVE,39.3383635,-76.54558897
99,24,,01,88,02,,01,01,00,ADF9940003,06.01,02-03-2015,08:30:00,,N,N,BALTIMORE,UNK,00,00,2480,MU,,0.4,N,GUNTHER AVE,50,F,N,2475,MU,,PLEASANTVIEW AVE,39.3280734,-76.54789567
03,24,,02,11,02,2,01,01,00,ADF9940004,06.01,02-08-2015,22:38:00,,N,N,BALTIMORE,UNK,01,00,2935,MU,,1.111,E,BOWLEYS LA,0,F,E,,UU,,LORELLY AVE,39.31603456,-76.54786348
99,24,,01,99,02,1,01,01,00,ADF9940006,06.01,02-13-2015,20:30:00,CAD 3056,N,N,BALTIMORE,UNK,02,00,3015,MU,,0.381,N,ARMISTEAD WAY,10,F,N,,UU,,NEWCOMB WAY,39.30685775,-76.55009508
99,24,,01,99,03,,01,01,00,ADF9940007,05,02-15-2015,05:30:00,CAD 1625,N,N,BALTIMORE,UNK,02,00,1070,MU,,2.437,E,SINCLAIR LA,50,F,E,,UU,,EASTBURY AVE,39.32163717,-76.54981613
00,24,,01,99,01,,01,01,00,ADF9940008,03,03-14-2015,09:30:00,30825,N,N,BALTIMORE,UNK,02,00,1030,MU,,0.09,N,CEDONIA AVE,50,F,N,,UU,,DAYWALT AVE,39.32880579,-76.53030306
01,24,,01,88,02,1,01,01,11,ADF9940009,06.01,03-19-2015,07:12:00,CAD475,N,N,BALTIMORE,UNK,01,02,1030,MU,,0.314,N,CEDONIA AVE,50,M,N,,UU,,WAYCROSS RD,39.33188257,-76.53263658
99,24,,01,99,99,,01,01,00,ADF994000B,00,03-27-2015,00:00:00,CAD30882,N,N,BALTIMORE,UNK,02,00,2440,MU,,0,N,TODD AVE,15,F,N,,UU,,OMAHA AVE,39.3266086,-76.53779447
01,24,,02,11,02,,01,02,04,ADG0220001,06.01,02-05-2015,16:30:00,CAD#2079,Y,N,BALTIMORE,UNK,01,00,1755,MU,,0.31,N,EUTAW PL,0,F,N,4210,MU,,MCMECHEN ST,39.30616041,-76.62907004
03,24,,01,88,02,1,01,01,00,ADG0420001,00,02-05-2015,00:00:00,,N,N,BALTIMORE,UNK,02,00,4160,MU,,0.746,E,PRESSTMAN ST,50,F,E,,UU,,N WOODYEAR ST,39.30542986,-76.64038897
03,24,,02,06,02,1,01,01,00,ADG0420002,06.01,02-21-2015,01:36:00,732,Y,N,BALTIMORE,UNK,01,00,,,,,,1700 N FULTON,0,F,,,,,1700 WESTWOOD,39.30876709,-76.64637566
03,24,,02,11,00,1,01,02,00,ADG0420003,06.01,03-08-2015,23:58:00,2949,Y,N,BALTIMORE,UNK,01,00,2210,MU,,0,W,W NORTH AVE,0,F,W,140,MD,,MONROE ST (SB COUPLET),39.30974664,-76.64815664
03,24,,02,11,02,1,01,01,00,ADG0420004,06.01,03-22-2015,01:50:00,10295,Y,N,BALTIMORE,UNK,01,00,,,,,,1900 BLK WHEELER,0,F,,,,,2300 WALBROOK,39.31057676,-76.65568829
03,24,,02,11,02,,01,01,00,ADG0420005,06.01,03-29-2015,02:32:00,80353,Y,N,BALTIMORE,UNK,01,00,,,,,,2500 GWYNN FALLS,0,F,,,,,2300 N WARWICK,39.31567349,-76.65639639
03,24,,03,88,03,1,01,02,88,ADG0750002,07.01,01-06-2015,22:10:00,,Y,N,BALTIMORE,UNK,10,03,1027,MU,,0.41,S,S WOLFE ST,5,F,S,1340,MU,,EASTERN AVE,39.2857623,-76.59005195
01,24,,01,88,04,1,01,01,00,ADG0750003,03,01-12-2015,09:10:00,CAD# 501,N,N,BALTIMORE,UNK,02,00,1235,MU,,0.022,E,FLEET ST,5,F,E,,UU,,LEHIGH ST,39.28595122,-76.55808806
99,24,,00,88,99,1,01,02,00,ADG0750004,06.01,01-18-2015,12:00:00,CAD#1358,N,N,BALTIMORE,UNK,01,00,1555,MU,,0,E,FOSTER AVE,10,F,E,,UU,,S.CONKLING ST.,39.28458104,-76.56729743
01,24,,00,88,01,1,01,04,00,ADG0750005,03,01-24-2015,08:10:00,CAD# 626,N,N,BALTIMORE,UNK,01,00,1221,MU,,0.517,E,BOSTON ST,0,U,E,,UU,,STEELTON AVE,39.27898376,-76.53615028
01,24,,00,88,02,2,01,04,00,ADG0750006,06.01,01-25-2015,12:53:00,CAD#1241,Y,N,BALTIMORE,UNK,03,00,438,MU,,3.76,N,DUNDALK AVE,50,F,N,1400,MU,,ODONNELL ST,39.2820399,-76.5358606
99,24,,00,88,02,1,01,02,00,ADG0750007,06.01,02-06-2015,21:00:00,CAD#694,N,N,BALTIMORE,UNK,02,02,,,,,,RAPPOLLA ST. REAR ALLEY,30,F,,,,,FLEET ST.,39.28649098,-76.55336738
01,24,,02,88,01,1,00,02,00,ADG0750009,03,03-26-2015,12:50:00,CAD#1271,N,N,BALTIMORE,UNK,01,00,151,MD,,0.46,N,ERDMAN AVE,0,F,N,1190,MU,,NORTH POINT RD,39.30188907,-76.54057324
03,24,,01,88,04,,88,04,05,ADG0910002,12.04,02-15-2015,00:40:00,CAD#0077,N,N,BALTIMORE,UNK,01,01,100,MU,,0,W,W PATAPSCO AVE,0,M,W,2,MD,,POTEE ST,39.23993356,-76.61532909
03,24,,02,10,01,2,01,02,00,ADG0910003,00,03-02-2015,04:15:00,CAD#0245,N,N,BALTIMORE,UNK,01,00,,,,,,BIRCH ST,0,F,,,,,CURTIS AVE,39.21896586,-76.58624858
03,24,,01,17,01,,00,02,04,ADG0910004,03,03-11-2015,01:00:00,CAD#0119,N,N,BALTIMORE,UNK,09,09,2,MD,,0.9,N,HANOVER ST (NB COUPLET),100,F,N,,UU,,BEGIN BRIDGE,39.24683573,-76.61108047
03,24,,05.01,03,02,,01,02,00,ADG0910005,06.01,03-12-2015,03:50:00,CAD10290,N,N,BALTIMORE,UNK,01,01,295,RP,,0.25,S,RAMP 9 FR S MONROE ST SB TO MD 295 SB,100,F,S,295,MD,,BALTIMORE WASHINGTON PKWY,39.2680829,-76.63529947
01,24,,01,03,02,,01,01,00,ADG1110002,00,03-25-2015,09:00:00,CAD52201,N,N,BALTIMORE,UNK,00,02,1000,MU,,0,E,KENWOOD AVE,50,F,E,1,US,,BELAIR RD,39.29930289,-76.57805443
03,24,,01,03,02,1,01,01,00,ADG1240002,06.01,01-10-2015,20:57:00,2174,N,N,BALTIMORE,UNK,02,02,4005,MU,,1.175,S,PENNSYLVANIA AVE,0,U,S,1900,MU,,W LAFAYETTE AVE,39.30067072,-76.63107902
03,24,,01,03,02,1,01,02,88,ADG1240003,06.01,01-14-2015,17:50:00,2092,N,N,BALTIMORE,UNK,02,02,1770,MU,,0.526,W,DOLPHIN ST,0,F,W,,UU,,DIVISION ST,39.30097167,-76.62931681
01,24,,02,03,02,1,01,01,00,ADG1450001,07.01,01-21-2015,07:30:00,447,N,N,BALTIMORE,UNK,01,00,1340,MU,,1.152,E,EASTERN AVE,0,F,E,,UU,,S MILTON AVE,39.28602181,-76.58144474
01,24,,00,00,02,2,01,01,00,ADG1450002,00,01-28-2015,09:30:00,0638,N,N,BALTIMORE,UNK,03,00,40,US,,6.99,E,ORLEANS ST,50,F,E,2945,MU,,N MILTON AVE,39.29560819,-76.58226013
03,24,,00,00,02,,01,01,00,ADG1450003,00,02-09-2015,17:00:00,2290 CAD,N,N,BALTIMORE,UNK,02,00,,,,,,JEFFERSON,200,F,,,,,GLOVER,39.29684532,-76.57962084
03,24,,01,17,03,,00,00,02,ADG1450004,08.04,02-18-2015,19:20:00,2388 CAD,N,N,BALTIMORE,UNK,09,00,1680,MU,,0.593,W,E FAYETTE ST,500,F,W,,UU,,N LUZERNE AVE,39.29477789,-76.58064008
03,24,,00,88,02,,01,01,00,ADG1450005,06.01,02-26-2015,00:30:00,9,N,N,BALTIMORE,UNK,01,00,,,,,,2900 MCELDERRY STREET,0,U,,,,,500 N. LINWOOD AVENUE,39.29795788,-76.57656312
01,24,,01,17,02,1,01,03,00,ADG1780001,06.01,01-29-2015,14:15:00,1452,N,N,BALTIMORE,UNK,03,00,4005,MU,,0.025,S,PENNSYLVANIA AVE,100,F,S,1045,MU,,N FULTON AVE,39.31285124,-76.64592505
01,24,,01,11,01,1,01,01,00,ADG1810001,03,01-03-2015,15:56:00,1463,N,N,BALTIMORE,UNK,01,00,1281,MU,,2.93,W,WASHINGTON BLVD,25,F,W,100,MU,,W PATAPSCO AVE,39.25819352,-76.66278005
03,24,,01,00,02,1,01,02,02,ADG1810003,06.01,03-16-2015,19:30:00,2445,N,N,BALTIMORE,UNK,09,00,,,,,,WEST PRATT,0,F,,,,,NORTH FRANKLINTOWN,39.28463086,-76.65778041
01,24,,01,08,02,2,01,01,00,ADG1810004,00,03-24-2015,13:30:00,1249,N,N,BALTIMORE,UNK,01,01,101,MU,,0,N,S CATON AVE,25,F,N,1,US,,WILKENS AVE,39.27329467,-76.67120218
03,24,,01,03,02,1,01,02,00,ADG1820001,06.01,01-15-2015,02:35:00,,N,N,BALTIMORE,UNK,02,00,1180,MU,,0.301,E,FEDERAL ST,20,F,E,,UU,,N BOND ST,39.30875049,-76.59682989
03,24,,02,11,02,1,01,02,00,ADG1820002,06.01,02-06-2015,02:30:00,,N,N,BALTIMORE,UNK,01,00,1515,MU,,0,N,N CALVERT ST,0,F,N,1,US,,NORTH AVE,39.31089221,-76.61375999
03,24,,02,03,02,2,01,02,88,ADG1820003,00,03-07-2015,06:03:00,,Y,N,BALTIMORE,UNK,01,09,1370,MU,,0.88,E,E MONUMENT ST,0,F,E,1445,MU,,N BROADWAY,39.29838962,-76.59412622
03,24,,02,11,02,1,00,01,00,ADG1820004,06.01,03-09-2015,02:34:00,,Y,N,BALTIMORE,UNK,01,00,2976,MU,,0.635,E,E HOFFMAN ST,0,F,E,,UU,,N ELLWOOD AVE,39.30727283,-76.57384872
03,24,,01,08,02,2,01,01,00,ADG1820005,06.01,03-30-2015,01:15:00,CAD90100,N,N,BALTIMORE,UNK,01,02,1357,MU,,0.34,N,ENSOR ST,100,F,N,1360,MU,,E MADISON ST,39.29924478,-76.60369635
01,24,,00,06,01,1,01,02,00,ADG2620001,06.01,02-23-2015,16:45:00,CAD#1878,Y,N,BALTIMORE,UNK,01,09,4060,MU,,0.369,S,BONAPARTE AVE,0,F,S,,UU,,AIKEN ST,39.31505302,-76.59941688
01,24,,00,88,01,1,01,02,00,ADG2620002,03,03-04-2015,15:39:00,31578,N,N,BALTIMORE,UNK,02,02,1090,MU,,0.19,W,E 20TH ST,50,F,W,1170,MU,,AISQUITH ST,39.3128926,-76.60215139
03,24,,02,11,02,2,01,88,00,ADG2720001,06.01,01-13-2015,02:50:00,,Y,N,BALTIMORE,UNK,01,01,1703,MU,,1.89,N,N HOWARD ST,0,F,N,4037,MU,,W 24TH ST,39.31618812,-76.61957502
03,24,,00,03,04,3,01,04,05,ADG2720002,88,01-18-2015,23:00:00,2692,N,N,BALTIMORE,UNK,09,01,1022,MU,,3.648,N,W NORTHERN PKWY,5,F,N,,UU,,CYLBURN AVE,39.35872346,-76.65316701
03,24,,03,03,02,1,01,03,88,ADG2720003,06.01,03-08-2015,05:03:00,CAD70271,Y,N,BALTIMORE,UNK,01,00,2120,MU,,0,W,W GARRISON AVE,1,F,W,,UU,,W GARRISON AVE (BACK),39.31418767,-76.67652369
01,24,,01,07,02,1,01,04,00,ADH7980006,06.01,02-23-2015,15:46:00,1697 CAD,N,N,BALTIMORE,UNK,01,01,,,,,,REISTERSTOWN RD,10,F,,,,,LIBERTY HEIGHTS,39.31827151,-76.65235162
01,24,,01,03,03,2,01,03,00,ADH7980007,08.04,03-01-2015,08:32:00,CAD#636,N,N,BALTIMORE,UNK,01,00,,,,,,1700 W. NORTH AV,10,F,,,,,1800 N. MOUNT ST.,39.30992097,-76.64503455
01,24,,01,07,03,1,01,03,00,ADH7980008,08.04,03-01-2015,11:54:00,CAD#1011,N,N,BALTIMORE,UNK,02,00,,,,,,PULASKI,20,F,,,,,WALBROOK,39.3108673,-76.65136456
01,24,,01,07,02,,01,02,00,ADH7980009,06.01,03-02-2015,08:20:00,CAD#1155,N,N,BALTIMORE,UNK,02,00,,,,,,BRYANT ,20,F,,,,,AUCHENTOROLY TERR,39.31774029,-76.64735466
03,24,,01,03,01,,01,02,00,ADH798000B,03,03-27-2015,00:09:00,CAD#0017,N,N,BALTIMORE,UNK,01,00,,,,,,CLIFTON AVE,20,F,,,,,PENNSYLVANIA AVE,39.31271843,-76.64505601
03,24,,01,07,04,1,01,02,00,ADH8010002,08.04,02-16-2015,04:10:00,,Y,N,BALTIMORE,UNK,02,00,6168,MU,,0.75,E,W MULBERRY ST,10,F,E,,UU,,N CARROLLTON AVE,39.29324182,-76.63702011
03,24,,01,07,02,1,01,01,00,ADH8010003,06.01,03-13-2015,02:22:00,20275,N,N,BALTIMORE,UNK,02,00,1695,MU,,1.555,W,W SARATOGA ST,50,F,W,,UU,,N MOUNT ST,39.29223712,-76.64399385
03,24,,02,11,01,1,01,02,88,ADH8010004,03,03-26-2015,23:15:00,3338,Y,N,BALTIMORE,UNK,01,09,4200,MU,,1.066,S,MOSHER ST,0,F,S,1,US,,MONROE ST (SB COUPLET),39.29982595,-76.64756656
00,24,,02,02,01,1,01,05.01,10,ADH8160001,03,01-03-2015,08:30:00,,N,N,BALTIMORE,UNK,01,01,1140,MU,,1.48,W,WOODBOURNE AVE,0,F,W,,UU,,LOTHIAN AVE,39.35475813,-76.60320282
01,24,,01,05,01,,01,00,00,ADH8160002,06.01,01-08-2015,11:15:00,,N,N,BALTIMORE,UNK,01,02,6151,MU,,0.359,S,E 43RD ST,0,U,S,,UU,,ST. GEORGES AVE,39.3421887,-76.60228014
03,24,,01,17,02,1,01,04,88,ADH8240003,06.01,01-02-2015,06:20:00,,N,N,BALTIMORE,UNK,09,00,2125,MU,,1.411,N,GARRISON BLVD,3,F,N,,UU,,DORCHESTER RD,39.33854605,-76.57470703
03,24,,01,07,02,1,01,02,00,ADH8240004,06.01,01-16-2015,00:35:00,CAD 77,N,N,BALTIMORE,UNK,02,00,26,MD,,1.146,E,LIBERTY HEIGHTS AVE,20,F,E,,UU,,ELDORADO AVE,39.33047594,-76.69115514
03,24,,00,03,02,,01,03,00,ADH8240005,00,01-28-2015,01:00:00,CAD 080,N,N,BALTIMORE,UNK,01,00,26,MD,,0.91,E,LIBERTY HEIGHTS AVE,1,F,E,2925,MU,,GWYNN OAK AVE,39.33148009,-76.6958195
03,24,,00,17,02,1,01,04,07,ADH8240006,06.01,02-24-2015,05:00:00,CAD 275,N,N,BALTIMORE,UNK,16,09,26,MD,,0.472,E,LIBERTY HEIGHTS AVE,10,F,E,,UU,,MARMON AVE,39.33355887,-76.70273423
01,24,,01,17,04,1,01,03,88,ADH8240007,06.01,02-27-2015,06:42:00,CAD 430,N,N,BALTIMORE,UNK,09,00,2160,MU,,1.257,N,N ROGERS AVE,10,F,N,,UU,,ARLINGTON CEMETERY,39.34292717,-76.69456959
03,24,,02,11,01,1,01,03,88,ADH8240008,06.01,03-21-2015,02:07:00,CAD00317,Y,N,BALTIMORE,UNK,01,09,2915,MU,,0.355,S,HILLSDALE RD,0,F,S,,UU,,FERNHILL AVE,39.33763328,-76.69164062
03,24,,02,11,01,1,01,03,00,ADH8240009,06.01,03-21-2015,02:07:00,CAD00317,Y,N,BALTIMORE,UNK,01,00,2915,MU,,0.355,S,HILLSDALE RD,0,F,S,,UU,,FERNHILL AVE,39.33764988,-76.69164062
03,24,,01,03,02,,01,00,02,ADH8400001,06.01,01-05-2015,22:30:00,2838,N,N,BALTIMORE,UNK,02,09,5855,MU,,1.323,N,S CLINTON ST,40,F,N,,UU,,DILLON ST,39.28172432,-76.56966984
01,24,,03,11,02,,01,03,00,ADH8400002,06.01,02-13-2015,16:48:00,CAD 2438,Y,N,BALTIMORE,UNK,01,01,1390,MU,,0.67,W,E LOMBARD ST,0,F,W,4250,MU,,S CAROLINE ST,39.29013635,-76.59708738
01,24,,88,11,02,1,01,03,00,ADH8460001,07.01,01-29-2015,08:50:00,608,Y,N,BALTIMORE,UNK,01,00,5850,MU,,0.74,S,S OLDHAM ST,15,F,S,1400,MU,,ODONNELL ST,39.28113083,-76.55547023
01,24,,01,09,02,1,01,02,00,ADH8460003,06.01,02-05-2015,08:50:00,977,N,N,BALTIMORE,UNK,01,01,1390,MU,,1.228,W,E LOMBARD ST,30,F,W,,UU,,MARKET PL,39.2879893,-76.6057992
01,24,,88,99,99,1,01,02,00,ADH8460006,99,02-02-2015,08:00:00,CAD#2794,N,N,BALTIMORE,UNK,02,00,1340,MU,,2.45,E,EASTERN AVE,75,F,E,,UU,,S MACON ST,39.28745057,-76.55730352
06.02,24,,03,11,01,1,01,01,00,ADH8460007,08.04,02-18-2015,19:30:00,CAD#2432,N,N,BALTIMORE,UNK,01,00,1400,MU,,0.567,E,ODONNELL ST,0,F,E,,UU,,BAYLIS ST,39.28049515,-76.56768367
99,24,,01,99,99,,01,01,00,ADH8460009,07.01,02-23-2015,19:00:00,CAD#2346,N,N,BALTIMORE,UNK,02,00,1280,MU,,1.33,N,NEWKIRK ST,100,F,N,1400,MU,,ODONNELL ST,39.27603351,-76.55596375
03,24,,01,06,01,,01,01,00,ADH846000B,07.01,02-23-2015,20:00:00,CAD#2425,N,N,BALTIMORE,UNK,02,00,1235,MU,,0.142,E,FLEET ST,20,F,E,5850,MU,,S OLDHAM ST,39.28604574,-76.55594364
01,24,,01,88,02,3,01,04,00,ADH846000C,06.01,03-09-2015,11:50:00,CAD#0991,N,Y,BALTIMORE,UNK,01,01,438,MU,,3.93,N,DUNDALK AVE,10,F,N,,UU,,HUDSON ST,39.28324187,-76.53670684
99,24,,01,99,99,1,01,01,00,ADH846000D,99,03-07-2015,11:00:00,CAD#1715,N,N,BALTIMORE,UNK,02,00,4400,MU,,1.07,E,CHESAPEAKE AVE,10,F,E,,UU,,FENCE,39.2605734,-76.53254405
99,24,,01,99,02,1,01,01,00,ADH846000F,00,03-15-2015,07:00:00,CAD#0628,N,N,BALTIMORE,UNK,02,00,1340,MU,,1.266,E,EASTERN AVE,25,F,E,,UU,,S GLOVER ST,39.28616171,-76.57908842
01,24,,01,06,01,1,01,01,00,ADH846000H,03,03-27-2015,09:45:00,CAD#0820,N,N,BALTIMORE,UNK,01,00,6152,MU,,0.68,N,GUSRYAN ST,5,F,N,,UU,,GUSRYAN ST (AHEAD),39.27637706,-76.54076099
01,24,,02,03,01,2,01,01,00,ADH846000J,03,03-27-2015,10:44:00,CAD#1015,Y,N,BALTIMORE,UNK,01,00,1200,MU,,0.32,N,KANE ST,0,F,N,150,MD,,EASTERN AVE,39.28801132,-76.53715611
03,24,,01,05,04,1,00,01,00,ADH8480001,06.01,02-18-2015,02:32:00,170,N,N,BALTIMORE,UNK,02,02,2880,MU,,0.862,N,N HILTON ST,0,U,N,,UU,,FAIRVIEW AVE,38.73105851,-77.01187787
03,24,,01,03,01,,01,00,00,ADH8570001,03,03-14-2015,06:30:00,CAD#0596,N,N,BALTIMORE,UNK,01,00,40,US,,6.873,E,ORLEANS ST,60,F,E,,UU,,E BRADFORD ST,39.29555837,-76.58380508
03,03,,01,01,02,1,01,02,00,ADH8570002,00,03-28-2015,02:00:00,,N,N,BALTIMORE,UNK,02,02,,,,,,S DECKER AVE,0,F,,,,,FLEET  ST,39.28541976,-76.57356977
03,24,,01,03,02,1,01,04,00,ADH8570003,06.01,03-29-2015,02:00:00,80279,N,N,BALTIMORE,UNK,01,01,1440,MU,,0.403,N,S BROADWAY,200,F,N,,UU,,GOUGH ST,39.28724042,-76.59364611
01,24,,03,11,06.03,2,88,04,00,ADH8750001,06.01,03-07-2015,13:30:00,1345,Y,N,BALTIMORE,UNK,01,00,3041,MU,,0.66,W,ALICEANNA ST,1,F,W,,UU,,S EDEN ST,39.28329387,-76.59809589
03,24,,02,11,02,1,01,02,00,ADI5760002,06.01,03-01-2015,02:00:00,,Y,N,BALTIMORE,UNK,01,01,1920,MU,,1.08,E,EDMONDSON AVE,0,F,E,1,US,,FULTON AVE (NB COUPLET),39.47012512,-76.53076172
03,24,,03,01,02,2,01,88,00,ADI5960001,06.01,03-15-2015,03:15:00,CAD4043,N,N,BALTIMORE,UNK,01,00,40,US,,7.101,E,ORLEANS ST,5,F,E,,UU,,N GLOVER ST,39.29570783,-76.57996416
01,24,,02,14,02,,01,01,02,ADI6010001,06.01,01-05-2015,15:00:00,,Y,N,BALTIMORE,UNK,01,09,40,US,,6.84,E,ORLEANS ST,0,F,E,1410,MU,,N PATTERSON PARK AVE,39.29545043,-76.58491015
03,24,,02,03,02,1,01,02,00,ADI6010002,06.01,01-31-2015,20:30:00,,Y,N,BALTIMORE,UNK,01,00,1360,MU,,0.984,W,E MADISON ST,0,F,W,,UU,,N CHESTER ST,39.29950215,-76.58792496
03,24,,02,11,02,1,01,01,00,ADI6010003,06.01,01-31-2015,18:55:00,,Y,N,BALTIMORE,UNK,01,00,40,US,,6.84,E,ORLEANS ST,0,F,E,1410,MU,,N PATTERSON PARK AVE,39.29547534,-76.58492088
01,24,,03,11,02,1,01,01,02,ADI6010004,06.01,02-01-2015,16:40:00,,N,N,BALTIMORE,UNK,01,02,25,MD,,0,N,E LAFAYETTE AVE,10,F,N,4030,MU,,E LAFAYETTE AVE (BACK),39.31075109,-76.59229159