LIGHT_CODE,COUNTY_NO,MUNI_CODE,JUNCTION_CODE,COLLISION_TYPE_CODE,SURF_COND_CODE,LANE_CODE,RD_COND_CODE,RD_DIV_CODE,FIX_OBJ_CODE,REPORT_NO,WEATHER_CODE,ACC_DATE,ACC_TIME,LOC_CODE,SIGNAL_FLAG,C_M_ZONE_FLAG,AGENCY_CODE,AREA_CODE,HARM_EVENT_CODE1,HARM_EVENT_CODE2,RTE_NO,ROUTE_TYPE_CODE,RTE_SUFFIX,LOG_MILE,LOGMILE_DIR_FLAG,MAINROAD_NAME,DISTANCE,FEET_MILES_FLAG,DISTANCE_DIR_FLAG,REFERENCE_NO,REFERENCE_TYPE_CODE,REFERENCE_SUFFIX,REFERENCE_ROAD_NAME,LATITUDE,LONGITUDE
03,24,,01,07,03,,01,01,00,ADI048000F,08.04,03-05-2015,18:40:00,41646,N,N,BALTIMORE,UNK,02,00,,,,,,400 KINGSTON RD,50,F,,,,,5300 BRABANT RD,39.28577684,-76.70794845
01,24,,00,88,02,,01,00,00,ADI048000G,06.01,03-19-2015,09:10:00,80715,N,N,BALTIMORE,UNK,02,00,1,US,AL,1.116,N,CATON AVE,0,U,N,,UU,AL,ST. AGNES HOSPITAL,39.27133453,-76.67296171
01,24,,05.01,17,02,1,01,02,10,ADI048000H,07.01,03-26-2015,14:30:00,1445,N,N,BALTIMORE,UNK,09,00,,,,,,STRICKLAND ,0,U,,,,,PARKSLEY ,39.27698225,-76.66482925
01,24,,02,01,01,3,01,01,00,ADI048000J,03,03-31-2015,16:30:00,,Y,N,BALTIMORE,UNK,01,00,,,,,,900 SOUTH CATON AVE,0,F,,,,,WILKENS AVE,39.27393005,-76.67145431
03,24,,01,88,02,,01,02,00,ADI0540001,00,01-30-2015,20:45:00,CAD2937,N,N,BALTIMORE,UNK,02,02,,,,,,2500 GARRATT AVE,3,F,,,,,1600 E EXETHER HALL,39.31940033,-76.59820318
03,24,,02,88,00,2,01,04,00,ADI0540002,00,02-02-2015,18:10:00,2204,Y,N,BALTIMORE,UNK,01,00,542,MD,,0.56,N,THE ALAMEDA,0,F,N,500,MU,,E 33RD ST,39.32832237,-76.59537077
03,24,,01,11,00,1,01,03,00,ADI0540003,06.01,02-06-2015,18:55:00,CAD2591,Y,N,BALTIMORE,UNK,01,00,147,MD,,0.39,N,HARFORD RD,3,F,N,4650,MU,,E 25TH ST,39.31647863,-76.59563899
03,24,,01,88,00,,01,02,00,ADI0540004,00,02-06-2015,22:39:00, CAD3407,N,N,BALTIMORE,UNK,02,02,,,,,,1700 MONTPELIER ST,10,F,,,,,2500 HARFORD,39.31935053,-76.59448028
01,24,,01,17,04,,01,04,11,ADI0540005,10.04,02-21-2015,10:20:00,CAD0923,N,N,BALTIMORE,UNK,09,10,542,MD,,1.161,N,LOCH RAVEN BLVD,5,F,N,,UU,,GREENDALE RD,39.33650475,-76.59438372
01,24,,01,88,03,,00,02,00,ADI0540007,00,03-07-2015,09:20:00,CAD60853,N,N,BALTIMORE,UNK,02,99,501,MU,,0.174,W,E 32ND ST,3,F,W,,UU,,JENNIFER AVE,39.32728291,-76.58811808
03,24,,02,07,02,3,01,02,00,ADI0580002,06.01,01-28-2015,06:15:00,0367,Y,N,BALTIMORE,UNK,01,01,295,MD,,0.68,S,GREENE ST (SB COUPLET),0,F,S,1281,MU,,WASHINGTON BLVD,39.28499729,-76.623483
03,24,,02,08,02,4,01,02,00,ADI0580003,06.01,01-29-2015,05:24:00,0339,Y,N,BALTIMORE,UNK,01,01,295,MD,,3.04,N,PACA ST (NB COUPLET),0,F,N,1391,MU,,W PRATT ST,39.28625224,-76.62206814
03,24,,01,17,02,4,01,01,08,ADI0580004,88,03-01-2015,00:03:00,22,N,N,BALTIMORE,UNK,09,09,43,MU,,0.77,N,S MONROE ST,1,M,N,1281,MU,,WASHINGTON BLVD,39.27797294,-76.64568231
03,24,,01,05,02,1,01,00,00,ADI0620001,06.01,01-14-2015,00:00:00,,N,N,BALTIMORE,UNK,02,01,4145,MU,,0.435,S,YALE AVE,75,F,S,,UU,,ELDONE RD,39.27581122,-76.68760657
03,24,,02,03,00,1,01,01,00,ADI0620002,06.01,01-15-2015,04:23:00,,N,N,BALTIMORE,UNK,01,01,1910,MU,,1.018,E,N FRANKLINTOWN RD,0,F,E,4080,MU,,WINANS WAY,39.30127056,-76.69711232
03,24,,99,03,03,,99,99,00,ADI0640001,08.04,02-16-2015,19:36:00,CAD 2103,N,N,BALTIMORE,UNK,02,00,,,,,,WOODRING AVE,200,F,,,,,MOYER AVE,39.36287106,-76.54573917
03,24,,02,11,03,1,01,03,00,ADI0640002,08.04,02-16-2015,18:00:00,1870,Y,N,BALTIMORE,UNK,01,00,,,,,,FOREST PARK AVENUE,0,F,,,,,OAKLAWN AVENUE,39.30891651,-76.70819521
01,24,,01,88,00,,00,02,00,ADI0640003,00,03-02-2015,11:30:00,CAD15030,N,N,BALTIMORE,UNK,01,00,6169,MU,,0.71,W,W FRANKLIN ST,100,F,W,1870,MU,,N CAREY ST,39.29422989,-76.63813591
03,24,,01,07,01,,01,03,00,ADI0640004,03,03-10-2015,22:30:00,CAD 1381,N,N,BALTIMORE,UNK,02,00,1,US,,1.67,N,WILKENS AVE,200,F,N,4185,MU,,JARVIS ST,39.27782106,-76.65926099
01,24,,01,17,02,1,01,03,00,ADI0640006,06.01,01-20-2015,14:30:00,CAD#1747,N,N,BALTIMORE,UNK,11,00,,,,,,WEST NORTH AVE,200,F,,,,,HILTON PARKWAY,39.3088418,-76.67320848
01,24,,01,06,02,2,01,01,00,ADI0680001,06.01,01-25-2015,15:01:00,1483,N,N,BALTIMORE,UNK,01,00,,,,,,600 POPLAR GROVE AVE ,75,F,,,,,2500 EDMONDSON AVE ,39.29438765,-76.66487217
01,24,,02,03,02,2,01,01,00,ADI0680002,06.01,03-23-2015,14:55:00,1465,Y,N,BALTIMORE,UNK,01,00,144,MD,,1,E,FREDERICK RD,0,F,E,2280,MU,,S BEECHFIELD AVE,39.28138383,-76.69364691
01,24,,01,06,02,1,01,00,00,ADI0690001,06.01,01-16-2015,08:50:00,5B15,N,N,BALTIMORE,UNK,01,00,501,MU,,0.18,W,E 32ND ST,20,F,W,,UU,,E 32ND ST,39.32693642,-76.61562681
01,24,,01,03,01,,01,04,00,ADI0690002,06.01,01-22-2015,10:40:00,888,N,N,BALTIMORE,UNK,02,00,1510,MU,,1.059,S,ST PAUL ST,15,F,S,,UU,,E 32ND ST,39.32741881,-76.61598757
01,24,,01,11,02,,01,03,00,ADI0690003,06.01,01-23-2015,08:15:00,627,N,N,BALTIMORE,UNK,01,00,4650,MU,,0.41,E,E 25TH ST,15,F,E,45,MD,,GREENMOUNT AVE,39.3181387,-76.60899103
01,24,,02,17,02,1,01,02,00,ADI0690004,06.01,01-28-2015,10:51:00,964,Y,N,BALTIMORE,UNK,03,00,1710,MU,,0.541,S,MARYLAND AVE,0,F,S,,UU,,W 23RD ST,39.31526053,-76.61816686
01,24,,01,03,02,,01,03,00,ADI0690005,06.01,02-04-2015,13:10:00,1414,N,N,BALTIMORE,UNK,02,02,2230,MU,,0.02,S,REMINGTON AVE,25,F,S,,UU,,GILMAN TERR,39.32645506,-76.62563682
06.02,24,,02,17,02,2,01,01,00,ADI0690006,07.01,02-10-2015,16:50:00,2019,Y,N,BALTIMORE,UNK,03,00,4045,MU,,0.801,S,GUILFORD AVE,0,F,S,4650,MU,,E 25TH ST,39.31791045,-76.61286682
03,24,,01,17,02,1,01,01,08,ADI0690007,06.01,02-10-2015,20:00:00,2615,N,N,BALTIMORE,UNK,09,00,25,MD,,0.39,N,FALLS RD,1,M,N,1,US,,NORTH AVE,39.31224528,-76.62132382
01,24,,01,03,01,1,01,04,00,ADI0690008,06.01,02-23-2015,16:00:00,CAD 1811,N,N,BALTIMORE,UNK,01,00,500,MU,,1.5,W,E 33RD ST,500,F,W,1515,MU,,N CALVERT ST,39.32813564,-76.61441982
03,24,,02,03,01,2,00,04,00,ADI0690009,12.04,03-03-2015,20:25:00,CAD 3094,N,N,BALTIMORE,UNK,01,00,1021,MU,,1.58,N,E NORTHERN PKWY,0,F,N,2595,MU,,DUNROMING RD,39.36652281,-76.59608692
01,24,,02,17,01,1,01,04,00,ADI069000B,06.01,03-09-2015,09:12:00,CAD#0623,Y,N,BALTIMORE,UNK,03,00,500,MU,,1.5,W,E 33RD ST,0,F,W,1515,MU,,N CALVERT ST,39.32830577,-76.61492944
03,24,,03,99,03,,01,03,00,ADI069000C,08.04,03-08-2015,00:00:00,CAD#0996,N,N,BALTIMORE,UNK,02,00,,,,,,ILCHESTER AVENUE,1,F,,,,,BARCLAY STREET,39.32272859,-76.61308408
03,24,,01,99,02,,00,03,00,ADI069000D,06.01,03-13-2015,19:45:00,CAD#1589,N,N,BALTIMORE,UNK,02,00,,,,,,BARCLAY STREET,5,F,,,,,E 32ND STREET,39.32717917,-76.61102682
01,24,,01,07,02,2,01,03,00,ADI069000F,06.01,03-15-2015,16:00:00,CAD#1711,N,N,BALTIMORE,UNK,02,00,4640,MU,,0.11,E,W 25TH ST,50,F,E,1710,MU,,MARYLAND AVE,39.31782329,-76.61864698
01,24,,01,11,02,,01,03,00,ADI069000G,06.01,03-22-2015,13:05:00,CAD#1256,N,N,BALTIMORE,UNK,01,00,4650,MU,,0.41,E,E 25TH ST,50,F,E,45,MD,,GREENMOUNT AVE,39.31814078,-76.60911977
01,24,,01,07,01,2,01,03,00,ADI069000H,07.01,03-27-2015,11:58:00,CAD#1274,N,N,BALTIMORE,UNK,01,00,4650,MU,,0.41,E,E 25TH ST,200,F,E,45,MD,,GREENMOUNT AVE,39.3181304,-76.60993785
01,24,,01,07,02,,01,01,00,ADI069000J,06.01,03-29-2015,14:30:00,CAS#1026,N,N,BALTIMORE,UNK,02,00,,,,,,E 31ST STREET,500,F,,,,,BARCLAY STREET,39.32603595,-76.61131114
03,24,,01,03,01,1,00,01,00,ADJ5880001,06.01,01-18-2015,21:19:00,,N,N,BALTIMORE,UNK,02,01,,,,,,3300 WOLCOTT AVE,2,F,,,,,4000 NORFOLK ,39.32431382,-76.68537498
03,24,,01,07,01,,01,02,00,ADJ5880002,12.04,01-23-2015,20:00:00,2811,N,N,BALTIMORE,UNK,02,01,,,,,,5100 CORDELIA AVE,2,F,,,,,3700 WEST BELVEDERE,39.34514666,-76.68109953
01,03,,02,03,01,1,01,03,00,ADJ5880003,10.04,02-15-2015,09:42:00,697,Y,N,BALTIMORE,UNK,01,01,,,,,,5900 PARK HEIGHTS,0,F,,,,,3600 GLEN AVE,39.35572874,-76.68820739
01,24,,00,07,02,1,00,04,00,ADJ5880005,06.01,02-21-2015,09:00:00,576,N,N,BALTIMORE,UNK,01,01,,,,,,4000 BELVEDERE AVE,1,F,,,,,5100 ARBUTUS,39.34379838,-76.68256402
01,24,,00,00,02,,01,02,00,ADJ5880006,06.01,02-26-2015,11:15:00,1056,N,N,BALTIMORE,UNK,18,00,,,,,,3100 GRANADA AVE,1,F,,,,,4100 SPRINGDALE AVE,39.32639697,-76.68861508
01,24,,03,88,01,2,01,02,00,ADJ5900001,03,01-12-2015,14:17:00,,N,N,BALTIMORE,UNK,01,01,173,MD,,3.376,N,CURTIS AVE (NB COUPLET),20,F,N,,UU,,SPRUCE ST,39.22996566,-76.58720344
01,24,,02,17,02,1,01,01,00,ADJ5900002,06.01,01-19-2015,15:32:00,,N,N,BALTIMORE,UNK,00,00,1875,MU,,0.448,S,S CAREY ST,0,F,S,,UU,,HERKIMER ST,39.28212294,-76.63733125
01,24,,01,08,02,2,01,03,00,ADJ5900003,06.01,01-21-2015,07:23:00,CAD#435,N,N,BALTIMORE,UNK,02,00,173,MD,,4.09,N,PATAPSCO AVE,1,F,N,4375,MU,,9TH ST,39.23490412,-76.59789205
03,24,,01,09,01,,01,01,00,ADJ5900004,06.01,03-06-2015,19:13:00,CAD52151,N,N,BALTIMORE,UNK,01,00,1395,MU,,1.114,W,W LOMBARD ST,30,F,W,,UU,,S ARLINGTON AVE,39.2865242,-76.63519621
01,24,,01,01,01,1,00,03,00,ADJ5900005,08.04,03-20-2015,09:12:00,CAD90679,N,N,BALTIMORE,UNK,01,01,43,MU,,0.474,N,S MONROE ST,20,F,N,4310,MU,,WICOMICO ST,39.27246411,-76.63842559
01,24,,01,06,03,1,01,01,88,ADJ5910001,08.04,02-21-2015,16:30:00,1880,N,N,BALTIMORE,UNK,01,01,4010,MU,,0.541,E,WHITELOCK ST,10,F,E,,UU,,LAKEVIEW AVE,39.31439519,-76.63281441
01,24,,02,08,02,3,01,02,00,ADJ5910003,06.01,02-27-2015,16:20:00,1868,Y,N,BALTIMORE,UNK,01,00,1450,MU,,1.43,S,GUILFORD AVE,0,F,S,1680,MU,,E FAYETTE ST,39.2905017,-76.61100268
03,24,,00,07,02,1,01,01,00,ADJ5920001,06.01,02-12-2015,20:30:00,CAD1677,N,N,BALTIMORE,UNK,01,00,5850,MU,,0,S,S OLDHAM ST,20,F,S,,UU,,ROAD END: GUARDRAIL,39.28681484,-76.55554533
03,24,,02,03,01,1,01,01,00,ADJ5920002,06.01,03-06-2015,21:15:00,CAD52447,Y,N,BALTIMORE,UNK,01,00,1400,MU,,2.028,E,ODONNELL ST,0,F,E,6152,MU,,GUSRYAN ST,39.28140044,-76.54046059
01,24,,02,03,01,2,01,04,00,ADJ5920003,03,03-10-2015,15:30:00,CAD1602,Y,N,BALTIMORE,UNK,01,00,150,MD,,2.23,E,EASTERN AVE,0,F,E,,UU,,EXIT #59,39.28794417,-76.5312767
01,24,,02,88,00,3,01,04,00,ADJ5920004,06.01,03-25-2015,07:30:00,CAD# 470,Y,N,BALTIMORE,UNK,00,00,438,MU,,4.164,N,DUNDALK AVE,0,F,N,6152,MU,,GUSRYAN ST,39.28571871,-76.54079854
01,24,,00,88,02,,01,02,12,ADJ5940001,06.01,01-13-2015,10:00:00,4716,N,N,BALTIMORE,UNK,09,02,,,,,,LIGHT STREET,20,F,,,,,BALTIMORE STREET,39.28951773,-76.613819
99,24,,00,99,02,1,01,88,99,ADJ5940002,06.01,01-22-2015,12:00:00,,N,N,BALTIMORE,UNK,01,00,,,,,,PRATT STREET,200,F,,,,,GAY STREET,39.28724457,-76.60904735
01,24,,02,11,02,4,01,02,00,ADJ5940003,06.01,01-28-2015,12:45:00,1282,Y,N,BALTIMORE,UNK,01,00,,,,,,600 E PRATT STREET,0,F,,,,,200 S GREENE STREET,39.28620242,-76.62349507
01,24,,02,17,02,3,01,02,00,ADJ5940004,06.01,01-31-2015,11:20:00,1248,Y,N,BALTIMORE,UNK,03,00,,,,,,UNIT BLOCK OF SAINT PAUL STREET,0,F,,,,,UNIT BLOCK EAST FAYETTE STREET,39.2904031,-76.61390349
99,24,,00,99,02,,01,88,00,ADJ5940005,00,02-04-2015,10:00:00,988,N,N,BALTIMORE,UNK,02,00,,,,,,700 WEST MULBERRY STREET,200,F,,,,,300 NORTH MARTIN LUTHER KING BLVD,39.29322521,-76.62745535
01,24,,00,99,00,2,01,01,00,ADJ5940006,06.01,02-16-2015,16:15:00,CAD#1981,N,N,BALTIMORE,UNK,03,00,,,,,,500 NORTH STRICKER STREET,70,F,,,,,1400 WEST FRANKLIN AVENUE,39.29417177,-76.64127409
03,24,,02,09,02,1,01,02,00,ADJ5940007,06.01,02-12-2015,22:30:00,CAD#3344,Y,N,BALTIMORE,UNK,01,00,,,,,,300 WEST LOMBARD STREET,0,F,,,,,200 SOUTH HOWARD STREET,39.28759022,-76.61928937
01,24,,00,09,03,2,00,02,00,ADJ5940008,08.04,03-05-2015,17:00:00,P1457,N,N,BALTIMORE,UNK,01,00,,,,,,400 EAST LOMBARD STREET,100,F,,,,,200 SOUTH GAY STREET,39.287731,-76.609072
01,24,,00,99,02,,01,00,00,ADJ5940009,00,03-13-2015,08:30:00,21218,N,N,BALTIMORE,UNK,02,00,,,,,,300 BLOCK NORTH CALVERT STREET,200,F,,,,,200 BLOCK EAST LEXINGTON,39.29177629,-76.61231697
00,24,,00,07,02,2,01,04,00,ADJ594000B,07.01,03-13-2015,13:30:00,21482,N,N,BALTIMORE,UNK,02,00,,,,,,UNIT BLOCK MARKET PLACE,175,F,,,,,500 EAST PRATT STREET,39.28828463,-76.60675406
01,24,,00,07,02,1,01,01,00,ADJ594000C,06.01,03-16-2015,08:00:00,50421,N,N,BALTIMORE,UNK,02,02,,,,,,2200 BLOCK OF CALLOW AVE,100,F,,,,,700 BLOCK NEWINGTON RD,39.31325,-76.631376
01,24,,02,11,01,2,01,02,07,ADJ594000D,12.04,03-20-2015,10:20:00,CAD90846,Y,N,BALTIMORE,UNK,01,09,,,,,,300 EAST FAYETTE STREET,0,F,,,,,200 GUILFORD AVENUE,39.290444,-76.611033
01,24,,02,09,01,1,01,02,00,ADJ594000F,12.04,03-20-2015,12:00:00,CAD01055,Y,N,BALTIMORE,UNK,01,00,,,,,,100 EAST FAYETTE STREET,0,F,,,,,100 SAINT PAUL STREET,39.290419,-76.613856
01,24,,00,01,02,2,01,02,00,ADJ594000G,00,03-21-2015,16:20:00,1998,N,N,BALTIMORE,UNK,03,00,,,,,,500 BLOCK OF NORTH ROSE,30,F,,,,,2500 BLOCK OF JEFFERSON,39.29683701,-76.5814662
01,24,,00,09,02,2,01,02,00,ADJ594000H,00,03-27-2015,10:30:00,CAD#698,N,N,BALTIMORE,UNK,01,00,,,,,,100 WEST LOMBARD,40,F,,,,,UNIT BLOCK SHARPE STREET,39.28764108,-76.61752582
99,24,,00,99,99,,00,00,00,ADJ594000J,00,03-21-2015,20:00:00,CAD71101,N,N,BALTIMORE,UNK,02,00,,,,,,200 BLOCK WEST MULBERRY STREET,20,F,,,,,400 BLOCK TYSON STREET,39.29407628,-76.61910564
01,24,,02,03,00,1,01,01,00,ADJ5950002,06.01,02-25-2015,07:30:00,CAD#0435,Y,N,BALTIMORE,UNK,01,01,,,,,,ORLEANS ST,0,F,,,,,ELLWOOD AVE,39.29541722,-76.57352686
99,24,,01,00,02,1,01,02,00,ADJ5950003,06.01,03-09-2015,18:15:00,CAD#8214,N,N,BALTIMORE,UNK,01,01,4355,MU,,0,E,ST. HELENA AVE,100,F,E,1530,MU,,CHESAPEAKE AVE,39.25973867,-76.53116941
03,24,,01,07,00,1,01,01,00,ADJ5950004,06.01,03-28-2015,23:30:00,CAD#7302,N,N,BALTIMORE,UNK,01,01,1275,MU,,0,S,S CONKLING ST,100,F,S,1270,MU,,N CONKLING ST (BACK),39.28658233,-76.56675696
03,24,,01,09,01,1,01,02,00,ADJ5980002,03,01-18-2015,10:33:00,942,N,N,BALTIMORE,UNK,02,01,,,,,,CHAUNCEY AVE,0,U,,,,,LINDEN AVE,39.3151464,-76.63639247
99,24,,01,99,02,3,01,02,00,ADJ5980003,00,02-08-2015,00:00:00,,N,N,BALTIMORE,UNK,02,01,,,,,,W BALTIMORE ST,15,F,,,,,HOPKINS PL.,39.2893475,-76.61730051
01,24,,01,88,02,3,01,02,00,ADJ5980004,06.01,03-24-2015,11:50:00,CAD31451,N,N,BALTIMORE,UNK,02,99,,,,,,300 W. MULBERRY ST,5,F,,,,,300 N. HOWARD ST,39.29286817,-76.62011147
03,24,,01,07,02,1,01,01,00,ADJ5990001,06.01,01-14-2015,11:50:00,0019,N,N,BALTIMORE,UNK,02,00,150,MD,,1.1,E,EASTERN AVE,0,U,E,1340,MU,,EASTERN AVE,39.28887419,-76.60766602
01,24,,01,01,02,1,01,02,00,ADJ6740001,06.01,01-25-2015,15:00:00,CAD2599,N,N,BALTIMORE,UNK,01,00,2455,MU,,0.77,S,FRANKFORD AVE,100,F,S,1,US,,BELAIR RD,39.33506813,-76.55077234
03,24,,01,01,01,,01,03,00,ADJ6740002,12.04,01-29-2015,19:00:00,2592,N,N,BALTIMORE,UNK,01,00,1,US,,10.123,N,BELAIR RD,30,F,N,,UU,,BIDDISON LA,39.33678274,-76.55364633
03,24,,01,88,02,2,01,04,00,ADJ6740003,06.01,02-07-2015,20:00:00,2597,N,N,BALTIMORE,UNK,03,00,1495,MU,,0,N,LOCH RAVEN BLVD,50,F,N,1490,MU,,LOCH RAVEN RD (BACK),39.36975137,-76.58335984
01,24,,02,11,06.03,2,01,01,08,ADJ6740004,06.01,02-10-2015,11:20:00,979,Y,N,BALTIMORE,UNK,01,09,1101,MU,,0.511,N,ARGONNE DR,0,F,N,,UU,,NORTHEASTERN POLICE STATION,39.34042963,-76.58214211
01,24,,01,08,02,,01,01,00,ADJ6740005,06.01,02-18-2015,14:40:00,CAD1456,N,N,BALTIMORE,UNK,01,01,1,US,,9.305,N,BELAIR RD,50,F,N,,UU,,EIERMAN AVE,39.328885,-76.564985
01,24,,00,03,00,,01,02,00,ADJ6740006,06.01,02-18-2015,13:00:00,CAD1362,N,N,BALTIMORE,UNK,02,00,2485,MU,,0.355,N,MANNASOTA AVE,10,F,N,,UU,,KENYON AVE,39.324241,-76.563364
01,24,,02,11,02,,01,04,00,ADJ6740007,06.01,02-18-2015,11:13:00,CAD807,Y,N,BALTIMORE,UNK,01,00,500,MU,,0.44,W,E 33RD ST,0,F,W,542,MD,,THE ALAMEDA,39.327797,-76.595259
01,24,,01,08,03,1,01,02,00,ADJ6740008,06.01,02-24-2015,08:00:00,CAD589,N,N,BALTIMORE,UNK,01,00,1,US,,8.777,N,BELAIR RD,50,F,N,,UU,,BRENDON AVE,39.32318093,-76.57094926
01,24,,00,17,01,,00,01,00,ADJ6740009,06.01,02-26-2015,14:18:00,CAD 1538,N,N,BALTIMORE,UNK,03,00,147,MD,,0.8,N,HARFORD RD,20,F,N,542,MD,,THE ALAMEDA,39.32148363,-76.59045696
01,24,,01,09,02,2,01,01,00,ADJ674000C,06.01,03-19-2015,18:00:00,CAD2610,N,N,BALTIMORE,UNK,01,00,542,MD,,0.96,N,LOCH RAVEN BLVD,300,F,N,467,MU,,THE ALAMEDA,39.33322694,-76.5965724
03,24,,03,03,02,,01,04,00,ADJ674000F,06.01,03-19-2015,22:00:00,CAD83188,N,N,BALTIMORE,UNK,01,00,1021,MU,,2.15,N,E NORTHERN PKWY,15,F,N,542,MD,,LOCH RAVEN BLVD,39.36592145,-76.58595622
04,24,,02,11,01,4,01,01,00,ADJ6750001,03,03-11-2015,00:10:00,CAD20,N,N,BALTIMORE,UNK,01,00,1050,MU,,0,S,ERDMAN AVE,0,F,S,147,MD,,HARFORD RD,39.31908181,-76.56753346
03,24,,01,03,00,1,01,01,00,ADJ6760003,00,01-24-2015,23:55:00,3228,N,N,BALTIMORE,UNK,01,00,6363,MU,,0.447,W,E LOMBARD ST,100,F,W,,UU,,BOULDIN ST,39.29123034,-76.57130063
99,24,,01,06,03,1,01,03,00,ADJ6760004,08.04,02-15-2015,10:29:00,753,N,N,BALTIMORE,UNK,01,00,3005,MU,,0.04,W,FAIRMOUNT AVE,150,F,W,,UU,,DECKER AVE,39.29342241,-76.57378972
03,24,,00,07,02,1,01,01,00,ADJ6760005,06.01,03-09-2015,02:27:00,3000,N,N,BALTIMORE,UNK,01,00,2971,MU,,0.104,N,N HIGHLAND AVE,300,F,N,,UU,,ESTHER PL,39.29423197,-76.57046914
01,24,,02,00,02,1,01,01,00,ADJ6780001,06.01,03-03-2015,07:50:00,CAD21224,Y,N,BALTIMORE,UNK,01,00,147,MD,,0.17,N,HARFORD RD,0,F,N,1445,MU,,N BROADWAY,39.31416484,-76.59802616
01,24,,02,07,03,1,00,01,00,ADJ6780002,08.04,03-05-2015,15:25:00,CAD 1352,Y,N,BALTIMORE,UNK,01,00,45,MD,,0,N,GREENMOUNT AVE,0,F,N,1,US,,NORTH AVE,39.31140687,-76.60943896
03,24,,01,88,02,1,01,01,00,ADJ6780003,00,03-21-2015,23:11:00,CAD02881,N,N,BALTIMORE,UNK,02,00,4260,MU,,0.9,W,E EAGER ST,50,F,W,1357,MU,,ENSOR ST,39.30149991,-76.60408527
03,24,,01,03,02,1,01,02,00,ADJ6780004,00,03-22-2015,21:15:00,CAD12551,N,N,BALTIMORE,UNK,02,00,,,,,,N REGESTER ST,100,F,,,,,E NORTH AVE,39.31147951,-76.5940766
03,24,,01,88,02,1,01,01,00,ADJ6780005,06.01,03-23-2015,22:35:00,CAD22906,N,N,BALTIMORE,UNK,02,00,1590,MU,,0.253,N,KIRK AVE,15,F,N,,UU,,CURTAIN AVE,39.31613624,-76.60418183
01,24,,01,03,03,2,01,02,00,ADJ6800001,08.04,03-05-2015,14:15:00,CAD1272,N,N,BALTIMORE,UNK,02,02,1,US,,7.81,S,MONROE ST (SB COUPLET),15,F,S,,UU,,PRESBURY ST,39.30776,-76.648059
01,24,,03,88,03,1,01,03,00,ADJ6800002,08.04,03-05-2015,13:00:00,CAD1134,Y,N,BALTIMORE,UNK,01,00,,,,,,PAYSON ST,15,F,,,,,FRANKLIN ST,39.293859,-76.648977
01,24,,01,99,01,,01,02,00,ADJ6800004,06.01,03-07-2015,14:00:00,CAD#1375,N,N,BALTIMORE,UNK,01,00,1681,MU,,1.47,W,W FAYETTE ST,15,F,W,6377,MU,,N GILMOR ST,39.28959246,-76.64235771
99,24,,00,99,00,,01,02,00,ADJ6800007,99,03-26-2015,16:50:00,CAD51922,N,N,BALTIMORE,UNK,01,00,4285,MU,,0.108,S,W CROSS ST,200,F,S,,UU,,WARD ST,39.28217484,-76.63235039
03,24,,00,88,02,2,01,01,00,ADJ6820001,06.01,03-02-2015,19:27:00,,N,N,BALTIMORE,UNK,00,00,4005,MU,,0.783,S,PENNSYLVANIA AVE,20,F,S,,UU,,ROBERT ST,39.30484043,-76.63623691
01,24,,02,03,02,1,01,01,00,ADJ6820002,06.01,03-19-2015,18:00:00,,N,N,BALTIMORE,UNK,01,00,4005,MU,,1.409,S,PENNSYLVANIA AVE,0,F,S,,UU,,W HOFFMAN ST,39.29877153,-76.62841558
99,24,,01,03,99,2,01,02,00,ADJ6820003,99,03-20-2015,16:45:00,,N,N,BALTIMORE,UNK,01,00,1665,MU,,0.33,E,E BALTIMORE ST,2,F,E,1480,MU,,GAY ST,39.2897876,-76.60910368
01,24,,01,88,01,1,01,01,00,ADJ6830003,07.01,03-14-2015,15:15:00,CAD#1537,N,N,BALTIMORE,UNK,02,00,6363,MU,,0.35,W,E LOMBARD ST,0,F,W,2965,MU,,S HIGHLAND AVE,39.29130662,-76.56943515
03,24,,03,88,02,,01,01,88,ADJ6840001,06.01,02-13-2015,19:30:00,,N,N,BALTIMORE,UNK,02,00,,,,,,CASTLE ,150,F,,,,,LAFAYETTE,39.30909914,-76.58936262
03,24,,03,11,02,1,01,02,00,ADJ6840002,06.01,03-09-2015,23:30:00,,Y,N,BALTIMORE,UNK,01,01,,,,,,3200 E. MONUMENT,0,F,,,,,600 LONEY'S LANE,39.29917005,-76.57264709
01,24,,01,08,02,1,01,03,00,ADJ6840003,06.01,03-25-2015,07:05:00,0411,N,N,BALTIMORE,UNK,01,01,40,US,,6.6,E,ORLEANS ST,50,F,E,1087,MU,,N WASHINGTON ST,39.29531759,-76.58937335
01,03,,01,17,02,1,01,01,00,AE40140008,07.01,02-07-2015,16:38:00,,N,N,BACOPD,UNK,08,00,45,MD,,12.04,N,YORK RD,50,F,N,7286,CO,,STODDARD CT,39.53295855,-76.64620399
01,03,,01,07,02,1,01,02,00,AE4014000B,06.01,02-20-2015,07:58:00,,N,N,BACOPD,UNK,01,00,83,IS,,8.53,N,HARRISBURG EXPWY,50,F,N,83,RP,,RAMP 4 FR IS 83 NB TO MD 943 EB,39.49215226,-76.66656733