LIGHT_CODE,COUNTY_NO,MUNI_CODE,JUNCTION_CODE,COLLISION_TYPE_CODE,SURF_COND_CODE,LANE_CODE,RD_COND_CODE,RD_DIV_CODE,FIX_OBJ_CODE,REPORT_NO,WEATHER_CODE,ACC_DATE,ACC_TIME,LOC_CODE,SIGNAL_FLAG,C_M_ZONE_FLAG,AGENCY_CODE,AREA_CODE,HARM_EVENT_CODE1,HARM_EVENT_CODE2,RTE_NO,ROUTE_TYPE_CODE,RTE_SUFFIX,LOG_MILE,LOGMILE_DIR_FLAG,MAINROAD_NAME,DISTANCE,FEET_MILES_FLAG,DISTANCE_DIR_FLAG,REFERENCE_NO,REFERENCE_TYPE_CODE,REFERENCE_SUFFIX,REFERENCE_ROAD_NAME,LATITUDE,LONGITUDE
04,03,,01,17,02,1,01,01,05,AE4014000C,06.01,02-26-2015,23:30:00,,N,N,BACOPD,UNK,09,09,25,MD,,16.45,N,FALLS RD,1,M,N,155,CO,,GORSUCH MILL RD,39.58321746,-76.76364183
01,03,,00,88,01,,01,00,00,AE4014000D,03,03-04-2015,09:00:00,,N,N,BACOPD,UNK,02,00,5779,CO,,0.12,N,BEAVER CT,50,F,N,,UU,,CUL DE SAC,39.47772776,-76.65019512
01,03,,01,08,02,3,01,04,00,AE4014000F,06.01,03-18-2015,08:45:00,,N,N,BACOPD,UNK,01,00,438,CO,,2.37,E,SHAWAN RD,0,M,E,83,RP,,RAMP 4 FR RAMP 10 TO SHAWAN RD EB,39.49498382,-76.66362762
01,03,,01,04,02,1,01,01,00,AE4014000G,06.01,03-19-2015,13:22:00,,N,N,BACOPD,UNK,01,00,25,MD,,13.48,N,FALLS RD,0,F,N,6769,CO,,STRINGTOWN RD,39.54233368,-76.73602782
01,03,,00,17,02,1,01,01,88,AE4014000H,06.01,03-22-2015,09:38:00,,N,N,BACOPD,UNK,09,09,70,CO,,6.02,W,MIDDLETOWN RD,0,M,W,37,CO,,KEENEY MILL RD,39.68327922,-76.73224926
03,03,,00,17,04,,01,01,04,AE40190008,03,01-12-2015,04:55:00,031360,N,N,BACOPD,UNK,10,00,,,,,,CASCADE MILLS DRIVE,100,F,,,,,LAKESIDE BOULEVARD,39.33857924,-76.80724382
05.02,03,,02,03,02,1,01,04,00,AE40210006,06.01,02-23-2015,06:19:00,,Y,N,BACOPD,UNK,01,01,45,MD,,3.24,N,YORK RD,0,F,N,695,RP,,RAMP 8 FR MD 45 SB TO IS 695 WB,39.41465998,-76.61275685
04,03,,01,17,01,1,01,00,88,AE40210007,08.04,02-27-2015,03:47:00,07,N,N,BACOPD,UNK,09,09,434,CO,,1.66,S,BEAVER DAM RD,225,F,S,83,IS,,HARRISBURG EXPWY,39.48223263,-76.66654587
01,24,,01,03,02,,01,01,00,ADJ4240001,06.01,01-02-2015,12:30:00,214,N,N,BALTIMORE,UNK,02,00,3041,MU,,0.51,W,ALICEANNA ST,5,F,W,,UU,,S BOND ST,39.28342674,-76.59512401
01,24,,01,03,03,2,01,04,00,ADJ4240002,08.04,01-06-2015,07:30:00,CAD# 417,Y,N,BALTIMORE,UNK,01,01,1680,MU,,1.83,W,E FAYETTE ST,100,F,W,,UU,,COLVIN ST,39.29161437,-76.60324574
01,24,,01,08,02,1,01,01,00,ADJ4240003,06.01,01-09-2015,09:45:00,CAD# 688,N,N,BALTIMORE,UNK,01,00,,uu,,1.106,,200 S BOND ST,100,F,,,,,1600 E PRATT ST,39.28870812,-76.59554243
01,24,,02,11,02,1,01,01,00,ADJ4240004,06.01,01-10-2015,10:20:00,CAD# 797,Y,N,BALTIMORE,UNK,01,00,1392,MU,,1.618,E,E PRATT ST,0,F,E,,UU,,S COLLINGTON AVE,39.2895551,-76.58612251
01,24,,02,11,02,1,01,01,00,ADJ4240005,06.01,01-10-2015,13:50:00,CAD#1250,Y,N,BALTIMORE,UNK,01,00,1665,MU,,1.337,E,E BALTIMORE ST,0,F,E,1025,MU,,N WOLFE ST,39.29164758,-76.59049988
03,24,,02,02,02,1,01,01,00,ADJ4240006,06.01,01-22-2015,18:45:00,CAD#2458,Y,N,BALTIMORE,UNK,01,00,1320,MU,,0.96,N,LINWOOD AVE,0,F,N,1665,MU,,E BALTIMORE ST,39.29211257,-76.57620907
03,24,,01,03,02,,01,01,00,ADJ4240007,06.01,02-04-2015,23:55:00,CAD#3348,N,N,BALTIMORE,UNK,02,00,1275,MU,,0.214,S,S CONKLING ST,100,F,S,,UU,,CLAREMONT ST,39.28925616,-76.56732559
03,24,,01,17,02,,01,01,00,ADJ4240008,06.01,02-06-2015,22:35:00,CAD#3396,Y,N,BALTIMORE,UNK,03,00,2965,MU,,0.9,N,S HIGHLAND AVE,150,F,N,,UU,,PRATT ST,39.29034394,-76.5692997
03,24,,01,07,04,,01,02,00,ADJ4240009,12.04,02-10-2015,08:00:00,CAD#450,N,N,BALTIMORE,UNK,02,00,1370,MU,,2.019,E,E MONUMENT ST,1,M,E,,UU,,ROBINSON ST,39.29696155,-76.57291532
01,24,,01,05,04,,01,02,00,ADJ424000B,06.01,02-10-2015,08:30:00,CAD# 571,Y,N,BALTIMORE,UNK,02,00,1320,MU,,1.356,N,LINWOOD AVE,25,F,N,,UU,,MCELDERRY ST,39.29792467,-76.57642365
01,24,,02,03,04,1,01,01,00,ADJ424000C,06.01,02-10-2015,09:00:00,CAD# 581,Y,N,BALTIMORE,UNK,01,00,2960,MU,,0.94,N,S ELLWOOD AVE,0,F,N,6363,MU,,E LOMBARD ST,39.29106634,-76.57322645
99,24,,03,06,03,,01,01,00,ADJ424000D,08.04,02-17-2015,09:40:00,CAD# 464,Y,N,BALTIMORE,UNK,02,00,1665,MU,,2.457,E,E BALTIMORE ST,25,F,E,2971,MU,,N HIGHLAND AVE,39.29248622,-76.56957865
03,24,,01,07,03,,01,02,00,ADJ424000F,08.04,02-17-2015,12:25:00,CAD#832,N,N,BALTIMORE,UNK,02,00,1685,MU,,0,W,PULASKI HWY,100,F,W,2970,MU,,N ELLWOOD AVE,39.29609806,-76.57135963
01,24,,02,11,04,2,01,01,00,ADJ424000G,06.01,03-02-2015,08:15:00,CAD# 401,N,N,BALTIMORE,UNK,01,00,1680,MU,,0.593,W,E FAYETTE ST,0,F,W,,UU,,N LUZERNE AVE,39.29561649,-76.58066154
03,24,,10.04,17,01,1,01,01,00,ADJ424000H,03,03-14-2015,19:20:00,CAD2233,N,N,BALTIMORE,UNK,03,03,6042,MU,,0.13,E,LANCASTER ST,0,F,E,4250,MU,,S CAROLINE ST,39.28243021,-76.59732342
06.02,24,,01,03,02,2,01,01,00,ADJ424000J,06.01,03-27-2015,19:35:00,CAD#2763,N,N,BALTIMORE,UNK,01,00,40,US,,7.063,E,ORLEANS ST,30,F,E,,UU,,N LUZERNE AVE,39.29562687,-76.5811336
03,24,,01,04,02,,01,01,00,ADJ424000K,06.01,03-29-2015,00:30:00,CAD0031,N,N,BALTIMORE,UNK,02,00,1240,MU,,0.733,N,S HAVEN ST,0,M,N,,UU,,BANK ST,39.28775526,-76.56441271
01,24,,03,11,03,2,01,04,00,ADJ4290001,08.04,01-06-2015,08:31:00,CAD# 546,Y,N,BALTIMORE,UNK,01,01,1023,MU,,0.966,E,GWYNNS FALLS PKWY,0,U,E,2030,MU,,POPLAR GROVE ST,39.31433708,-76.66606307
01,24,,02,02,02,1,01,03,00,ADJ4290002,06.01,01-13-2015,15:55:00,CAD#1789,Y,N,BALTIMORE,UNK,01,01,26,MD,,2.6,E,LIBERTY HEIGHTS AVE,0,F,E,11,MU,,WABASH AVE,39.3226456,-76.66656733
07.88,24,,01,07,02,1,01,02,00,ADJ4290003,06.01,01-24-2015,20:00:00,CAD#1284,N,N,BALTIMORE,UNK,02,00,,,,2.5,W,3100 BLK HANLON AVE,100,F,W,,,,2500 BLK N ROSEDALE ST,39.31603041,-76.66990399
01,03,,03,11,02,,01,03,00,ADJ4290004,06.01,02-27-2015,16:28:00,CAD#2079,N,N,BALTIMORE,UNK,01,01,,,,,,5100 BLK GWYNN OAK AVE,100,F,,,,,3300 BLK FERNDALE AVE,39.32991992,-76.70376956
01,24,,01,08,02,1,01,03,00,ADJ4320001,06.01,01-14-2015,13:15:00,1244,N,N,BALTIMORE,UNK,01,01,129,MD,,4.499,N,PARK HEIGHTS AVE,10,F,N,,UU,,SPAULDING AVE,39.3482725,-76.67453751
01,24,,03,09,01,1,01,01,00,ADJ4320002,06.01,01-22-2015,09:45:00,720,N,N,BALTIMORE,UNK,01,01,,,,,,3100 LEIGHTON AVENUE,15,F,,,,,2600 FAIRVIEW AVENUE,39.31758051,-76.66014612
01,24,,01,09,02,,01,03,00,ADJ4320003,06.01,03-09-2015,14:00:00,1301,N,N,BALTIMORE,UNK,01,01,,,,,,2700 W COLD SPRING LANE,50,F,,,,,4400 PARK HEIGHTS AVENUE,39.33932811,-76.66708499
03,24,,02,02,01,2,01,03,00,ADJ4360001,03,01-04-2015,22:00:00,2127,Y,N,BALTIMORE,UNK,01,01,1680,MU,,0.364,W,E FAYETTE ST,0,F,W,1320,MU,,LINWOOD AVE,39.29463882,-76.57635927
01,24,,01,00,02,,01,02,00,ADJ4360002,00,01-30-2015,13:00:00,CAD#1406,N,N,BALTIMORE,UNK,02,00,1555,MU,,0,E,FOSTER AVE,0,F,E,,UU,,ROAD END,39.28397483,-76.57989979
99,24,,01,00,02,1,01,00,00,ADJ4360003,06.01,02-01-2015,12:00:00,1194,N,N,BALTIMORE,UNK,02,02,,,,,,800 S.MONTFORD,0,F,,,,,CAMBRIDGE ST.,39.28301152,-76.58268929
01,24,,01,09,02,1,01,03,00,ADJ4360004,06.01,03-19-2015,14:00:00,CAD1491,N,N,BALTIMORE,UNK,01,01,4250,MU,,0.442,N,S CAROLINE ST,0,F,N,,UU,,BANK ST,39.28657402,-76.5968138
88,24,,00,00,03,,01,01,05,ADJ4370002,08.04,03-20-2015,20:43:00,821,N,N,BALTIMORE,UNK,09,09,,,,,,1700 BLK MORRIS RD,5,U,,,,,3400 BLK WINTERBOURNE RD,39.30614381,-76.67434573
03,24,,03,03,02,1,01,04,00,ADJ4400001,06.01,01-01-2015,02:05:00,330,Y,N,BALTIMORE,UNK,00,00,1,US,,5.84,N,NORTH AVE,15,F,N,1703,MU,,N HOWARD ST,39.31095032,-76.61953211
99,24,,01,07,99,,01,04,00,ADJ4400003,99,01-07-2015,15:00:00,1895,N,N,BALTIMORE,UNK,00,00,1780,MU,,0.869,S,MT ROYAL AVE,20,F,S,1450,MU,,GUILFORD AVE,39.30556269,-76.61229014
99,24,,01,99,00,,99,02,00,ADJ4400004,99,03-07-2015,15:30:00,,N,N,BALTIMORE,UNK,00,00,2,MD,,0,S,ST PAUL ST (SB COUPLET),25,F,S,1,US,,NORTH AVE,39.31068468,-76.6149509
01,24,,01,07,02,2,01,02,00,ADJ4400005,06.01,03-11-2015,15:10:00,,N,N,BALTIMORE,UNK,00,00,1670,MU,,2.798,E,W BALTIMORE ST,25,F,E,1750,MU,,N EUTAW ST,39.28927277,-76.62047625
00,24,,00,99,02,,01,02,00,ADJ4420001,99,01-15-2015,09:00:00,CAD#0054,N,N,BALTIMORE,UNK,01,00,1611,MU,,0.573,E,W 28TH ST,0,U,E,,UU,,MILES AVE,39.38181414,-76.73383713
99,03,,00,99,99,1,01,01,88,ADJ4420002,00,03-15-2015,10:30:00,0948,N,N,BALTIMORE,UNK,02,00,25,MD,,21.83,N,FALLS RD,0,M,N,12,CO,,FALLS RD (AHEAD),39.33895057,-76.63750291
01,24,,02,03,02,1,01,02,00,ADJ4420003,06.01,03-17-2015,10:30:00,CAD#0847,Y,N,BALTIMORE,UNK,01,00,1383,MU,,0.23,N,PRESIDENT ST,0,F,N,1392,MU,,E PRATT ST,39.28691656,-76.60429716
01,24,,03,03,02,2,01,01,00,ADJ4420004,06.01,03-26-2015,09:30:00,CAD#0734,Y,N,BALTIMORE,UNK,01,00,1140,MU,,0.73,W,WOODBOURNE AVE,0,F,W,542,MD,,LOCH RAVEN BLVD,39.3554218,-76.58949673
01,24,,02,11,02,1,01,01,00,ADJ4430001,07.01,01-01-2015,15:15:00,CAD 1623,Y,N,BALTIMORE,UNK,01,00,,,,,,BANK STREET,0,F,,,,,S. BOULDIN STREET,39.28749369,-76.57078832
01,24,,02,07,02,1,01,01,00,ADJ4430002,07.01,01-09-2015,15:15:00,CAD 1515,Y,N,BALTIMORE,UNK,01,00,1680,MU,,0.211,W,E FAYETTE ST,0,F,W,2970,MU,,N ELLWOOD AVE,39.29473845,-76.57346115
01,24,,02,11,02,1,01,01,00,ADJ4430003,07.01,01-16-2015,14:11:00,CAD 1611,Y,N,BALTIMORE,UNK,01,00,40,US,,6.99,E,ORLEANS ST,0,F,E,2945,MU,,N MILTON AVE,39.29562168,-76.58208713
01,24,,02,17,02,1,01,01,08,ADJ4430004,07.01,01-25-2015,12:52:00,CAD 1215,Y,N,BALTIMORE,UNK,09,00,1340,MU,,1.82,E,EASTERN AVE,0,F,E,2965,MU,,S HIGHLAND AVE,39.28651797,-76.56897381
01,24,,01,08,02,1,01,01,00,ADJ4430005,07.01,01-31-2015,10:20:00,CAD 1068,N,N,BALTIMORE,UNK,01,00,,,,,,GOUGH STREET,50,F,,,,,S DEAN STREET,39.28867906,-76.56636536
01,24,,01,07,02,2,01,01,00,ADJ4430006,07.01,02-08-2015,12:32:00,CAD 1126,N,N,BALTIMORE,UNK,01,00,,,,,,E FAYETTE STREET,60,F,,,,,N. GLOVER STREET,39.29455734,-76.57979988
03,24,,01,03,02,1,01,01,00,ADJ4430008,07.01,03-07-2015,22:15:00,CAD 2616,Y,N,BALTIMORE,UNK,01,00,1275,MU,,0.15,S,S CONKLING ST,10,F,S,,UU,,E PRATT ST,39.29023859,-76.56737857
01,24,,01,17,01,1,01,02,08,ADJ4430009,03,03-27-2015,09:45:00,CAD60908,N,N,BALTIMORE,UNK,09,00,,,,,,NOBLE ST,75,F,,,,,N CLINTON ST,39.29301971,-76.57066226
06.02,24,,01,17,04,2,01,01,08,ADJ4450001,07.01,01-10-2015,07:20:00,0569,N,N,BALTIMORE,UNK,09,00,140,MD,,0.63,N,REISTERSTOWN RD,0,F,N,140,MD,,REISTERSTOWN RD (NB COUPLET),39.34182776,-76.6815877
03,24,,01,11,02,1,01,01,00,ADJ4450002,06.01,01-20-2015,18:07:00,2452,N,N,BALTIMORE,UNK,03,03,2160,MU,,1.516,N,N ROGERS AVE,1,M,N,,UU,,LYNVIEW AVE,39.3451674,-76.69299245
03,24,,02,11,02,1,01,01,00,ADJ4450003,07.01,01-28-2015,18:06:00,634,N,N,BALTIMORE,UNK,01,01,2165,MU,,0.378,E,W ROGERS AVE,0,F,E,,UU,,NELSON AVE,39.3498053,-76.68678045
04,24,,01,17,04,1,00,01,10,ADJ5990002,06.01,01-16-2015,23:45:00,,N,N,BALTIMORE,UNK,09,00,151,MD,,0,N,NORTH POINT RD,0,U,N,,UU,,BALTIMORE CO/L,39.27585274,-76.50647163
03,24,,01,08,02,,01,05.01,00,ADJ5990003,06.01,02-06-2015,19:35:00,CAD#2786,N,N,BALTIMORE,UNK,00,00,150,MD,,1.1,E,EASTERN AVE,0,U,E,1340,MU,,EASTERN AVE,39.28669443,-76.56511545
01,24,,01,17,01,1,01,04,04,ADJ5990005,06.01,02-17-2015,10:30:00,578,N,N,BALTIMORE,UNK,09,00,150,MD,,1.1,E,EASTERN AVE,0,U,E,1340,MU,,EASTERN AVE,39.28698092,-76.56199336
99,24,,01,99,99,,01,03,00,ADJ5990006,99,02-18-2015,16:20:00,CAD#1832,N,N,BALTIMORE,UNK,00,00,2960,MU,,0,N,S ELLWOOD AVE,0,U,N,3040,MU,,BOSTON ST,39.288736,-76.572856
01,24,,00,88,01,1,01,01,00,ADJ5990007,03,03-03-2015,16:15:00,622500,N,N,BALTIMORE,UNK,02,01,5850,MU,,0,S,S OLDHAM ST,50,F,S,,UU,,ROAD END: GUARDRAIL,39.29003671,-76.55597448
00,24,,00,17,02,1,01,01,10,ADJ5990008,06.01,03-09-2015,18:20:00,82236,N,N,BALTIMORE,UNK,09,00,1310,MU,,0,E,HOLABIRD AVE,0,U,E,1280,MU,,NEWKIRK ST,39.27246411,-76.53172731
01,24,,02,03,02,1,01,01,00,ADJ5990009,06.01,03-16-2015,08:00:00,CAD#2055,Y,N,BALTIMORE,UNK,00,01,1340,MU,,1,E,EASTERN AVE,0,F,E,1415,MU,,S PATTERSON PARK AVE,39.28593461,-76.58414841
99,24,,01,99,02,,01,02,00,ADJ599000B,06.01,03-16-2015,18:00:00,CAD#5256,N,N,BALTIMORE,UNK,02,00,6378,MU,,0,S,4TH AVE,0,U,S,5862,MU,,NORTHBRIDGE AVE (BACK),39.2751551,-76.53538585
03,24,,02,88,02,2,01,04,00,ADJ599000C,06.01,03-28-2015,00:10:00,CAD#7001,Y,N,BALTIMORE,UNK,01,00,150,MD,,1.1,E,EASTERN AVE,0,F,E,1340,MU,,EASTERN AVE,39.28710548,-76.55320644
03,24,,88,11,00,1,00,00,10,ADJ6000001,00,02-10-2015,22:35:00,2002,Y,N,BALTIMORE,UNK,01,09,,,,,,900 MYRTLE AVE,0,U,,,,,MURPHY LN,39.29551686,-76.6283834
01,24,,02,07,02,2,01,04,00,ADJ6000003,06.01,03-18-2015,08:00:00,CAD70699,Y,N,BALTIMORE,UNK,01,00,1383,MU,,0.51,N,PRESIDENT ST,0,F,N,1680,MU,,E FAYETTE ST,39.29067608,-76.60633564
01,24,,03,03,01,2,01,02,00,ADJ6020001,03,01-12-2015,14:00:00,,Y,N,BALTIMORE,UNK,02,02,1392,MU,,0.436,E,E PRATT ST,12,F,E,,UU,,MARKET PL,39.2869311,-76.60677552
01,24,,01,88,01,1,01,02,00,ADJ6020005,03,03-10-2015,12:00:00,CAD1058,N,N,BALTIMORE,UNK,01,01,,,,,,HARFORD AVENUE,0,U,,,,,MONUMENT,39.29817375,-76.60564899
01,24,,01,88,02,,01,02,00,ADJ6020006,06.01,03-17-2015,10:30:00,,N,N,BALTIMORE,UNK,01,01,1125,MU,,0.32,N,N CHARLES ST,15,M,N,40,US,,MULBERRY ST (EB COUPLET),39.29546289,-76.61552489
01,24,,03,88,02,1,01,02,00,ADJ6020007,06.01,03-24-2015,09:10:00,30595,Y,N,BALTIMORE,UNK,01,01,1390,MU,,1.228,W,E LOMBARD ST,0,F,W,,UU,,MARKET PL,39.28786528,-76.60659313
01,24,,02,88,02,1,01,02,00,ADJ6020009,06.01,03-25-2015,13:10:00,41237,Y,N,BALTIMORE,UNK,03,03,6020,MU,,1.54,N,MARTIN LUTHER KING JR BLVD,0,F,N,1695,MU,,W SARATOGA ST,39.29272909,-76.62782684
99,24,,01,88,02,1,01,04,00,ADJ6030001,06.01,01-16-2015,10:45:00,,N,N,BALTIMORE,UNK,02,00,1770,MU,,0.26,W,DOLPHIN ST,50,F,W,1755,MU,,EUTAW PL,39.30325477,-76.62504673
03,24,,01,99,99,1,01,02,00,ADJ6030002,99,01-18-2015,08:38:00,,N,N,BALTIMORE,UNK,02,00,959,MU,,0.07,W,W PRESTON ST,50,F,W,1710,MU,,MARYLAND AVE,39.30430081,-76.61751509
01,24,,00,99,02,,01,00,99,ADJ6030003,06.01,01-23-2015,12:40:00,,N,N,BALTIMORE,UNK,02,00,1770,MU,,0.115,W,DOLPHIN ST,100,F,W,,UU,,BOLTON ST,39.30448346,-76.62300825
01,24,,02,11,01,3,01,01,00,ADJ6030004,03,02-02-2015,10:30:00,,Y,N,BALTIMORE,UNK,01,01,959,MU,,0.24,W,W PRESTON ST,0,F,W,1703,MU,,N HOWARD ST,39.28754559,-76.62689209
03,24,,01,03,02,2,01,02,00,ADJ6030005,05,02-12-2015,19:40:00,CAD#2829,Y,N,BALTIMORE,UNK,01,01,959,MU,,0,W,W PRESTON ST,75,F,W,1125,MU,,N CHARLES ST,39.30147811,-76.61590576
03,24,,01,03,03,1,01,02,00,ADJ6030006,10.04,02-14-2015,19:25:00,CAD#2443,N,N,BALTIMORE,UNK,02,00,4065,MU,,0.197,S,MT ROYAL TERR,50,F,S,,UU,,NEWINGTON AVE,39.31383074,-76.6273427
03,24,,00,08,02,1,01,02,00,ADJ6030007,06.01,02-28-2015,21:40:00,CAD#2669,N,N,BALTIMORE,UNK,99,00,139,MD,,0.098,N,N CHARLES ST,25,F,N,,UU,,ENT TO BUSINESS,39.30909914,-76.61633492
06.02,24,,01,88,02,1,01,03,00,ADJ6040001,06.01,01-15-2015,17:11:00,2074,N,N,BALTIMORE,UNK,01,01,1370,MU,,1.23,E,E MONUMENT ST,500,F,E,,UU,,N CHESTER ST,39.29917005,-76.58791423
99,24,,01,88,99,2,01,01,00,ADJ6040002,99,01-23-2015,17:37:00,2323,N,N,BALTIMORE,UNK,02,01,1445,MU,,0.626,N,N BROADWAY,500,F,N,,UU,,ASHLAND AVE,39.3003324,-76.59537077
03,24,,01,03,02,1,01,02,88,ADJ6040003,06.01,01-30-2015,20:26:00,,N,N,BALTIMORE,UNK,02,01,1360,MU,,1.59,W,E MADISON ST,100,F,W,,UU,,N EDEN ST,39.29917005,-76.5988791
01,24,,01,03,02,1,01,02,00,ADJ6040004,07.01,02-09-2015,08:30:00,,N,N,BALTIMORE,UNK,02,01,2950,MU,,0,E,E NORTH AVE,1,M,E,4490,MU,,N GAY ST,39.31250261,-76.59178734
01,24,,02,07,02,1,01,01,00,ADJ6040005,06.01,02-11-2015,13:07:00,,N,N,BALTIMORE,UNK,02,01,,,,,,CURTIAN AVE,0,F,,,,,GARRETT AVE,39.31514225,-76.60251617
01,24,,01,09,03,1,01,01,00,ADJ6040006,06.01,02-19-2015,09:45:00,0702,N,N,BALTIMORE,UNK,02,02,,,,,,E PRESTON ST,50,F,,,,,VALLEY ST,39.30479062,-76.60517693
01,24,,02,88,02,2,01,02,00,ADJ6040007,06.01,02-25-2015,13:55:00,1722,N,N,BALTIMORE,UNK,01,01,,,,,,E. NORTH AVE,0,F,,,,,AISQUITH ST.,39.31173892,-76.60262346
01,24,,01,88,02,1,01,02,00,ADJ6040008,06.01,03-28-2015,17:27:00,20647,N,N,BALTIMORE,UNK,01,01,,,,,,N. AISQUITH ST,500,F,,,,,LANDVALE ST,39.30850145,-76.60236597
03,24,,02,11,03,1,88,04,00,ADJ6060001,08.04,02-14-2015,21:05:00,,Y,N,BALTIMORE,UNK,01,00,395,IS,,1.24,N,HOWARD ST,0,F,N,5875,MU,,CONWAY ST,39.30431742,-76.62071228
06.02,24,,02,11,01,2,00,01,00,ADJ6070003,00,01-21-2015,16:50:00,,Y,N,BALTIMORE,UNK,01,01,1,US,,7.98,S,MONROE ST (SB COUPLET),0,F,S,,UU,,PRESSTMAN ST,39.30522232,-76.64792061
03,24,,01,01,02,1,00,01,00,ADJ6070004,06.01,01-30-2015,22:49:00,,N,N,BALTIMORE,UNK,01,01,1900,MU,,0.75,E,W LAFAYETTE AVE,25,F,E,2010,MU,,N BENTALOU ST,39.29848925,-76.65457249
01,24,,00,11,02,2,01,01,00,ADJ6070005,07.01,02-16-2015,15:09:00,CAD#1416,Y,N,BALTIMORE,UNK,01,00,1920,MU,,0.221,E,EDMONDSON AVE,0,U,E,,UU,,ASHBURTON ST,39.29457862,-76.6613853
99,24,,00,88,99,1,01,01,00,ADJ6070006,99,02-18-2015,07:39:00,CAD#328,N,N,BALTIMORE,UNK,01,00,2010,MU,,0.25,N,N BENTALOU ST,0,U,N,1900,MU,,W LAFAYETTE AVE,39.298468,-76.654842
01,24,,02,11,02,2,00,02,00,ADJ6070007,06.01,02-18-2015,11:56:00,CAD#1000,Y,N,BALTIMORE,UNK,01,01,6169,MU,,1.01,W,W FRANKLIN ST,0,F,W,,UU,,N MOUNT ST,39.293976,-76.644178
01,24,,02,11,02,2,01,02,08,ADJ6070008,00,02-19-2015,12:15:00,CAD#1149,Y,N,BALTIMORE,UNK,01,01,6169,MU,,1.18,W,W FRANKLIN ST,0,F,W,1,US,,MONROE ST (SB COUPLET),39.2938521,-76.64729029
01,24,,02,09,01,1,00,02,00,ADJ6070009,06.01,02-23-2015,12:47:00,CAD#1179,Y,N,BALTIMORE,UNK,01,01,1,US,,7.89,S,MONROE ST (SB COUPLET),0,F,S,2005,MU,,BAKER ST,39.3066004,-76.64796352
03,24,,01,17,03,1,01,01,11,ADJ6990004,08.04,03-05-2015,20:30:00,41923,N,N,BALTIMORE,UNK,09,16,173,MD,,2.216,N,PENNINGTON AVE,0,U,N,,UU,,END BRIDGE,39.21243827,-76.58738852
01,24,,00,17,06.03,2,03,04,07,ADJ6850001,12.04,03-01-2015,12:00:00,CAD#1771,N,N,BALTIMORE,UNK,15,09,1022,MU,,4.805,N,W NORTHERN PKWY,300,F,N,2270,MU,,ROLAND AVE,39.36214524,-76.63395032
99,24,,01,01,06.03,1,03,02,00,ADJ6850002,12.04,03-02-2015,12:30:00,CAD#1926,N,N,BALTIMORE,UNK,01,00,,,,,,ROSE HILL TERRACE,10,F,,,,,GREENMOUNT AVE.,39.33862592,-76.60948791
01,24,,02,11,03,1,00,01,00,ADJ6860001,07.01,02-15-2015,13:45:00,1198,Y,N,BALTIMORE,UNK,01,00,140,MD,,4.87,N,REISTERSTOWN RD,0,F,N,2825,MU,,CLARKS LA,39.35813448,-76.70513749
01,24,,00,03,02,1,01,02,00,ADJ6860002,06.01,03-19-2015,08:00:00,CAD#8053,N,N,BALTIMORE,UNK,02,00,,,,,,3900 BOARMAN AVE.,100,F,,,,,4000 GARRISON BLVD,39.33423104,-76.68308973
01,24,,01,99,03,1,01,02,00,ADJ6870001,06.01,02-25-2015,17:43:00,CAD#2096,N,N,BALTIMORE,UNK,00,00,4260,MU,,0.759,W,E EAGER ST,500,F,W,,UU,,SOMERSET ST,39.30052231,-76.60101146
03,24,,00,11,06.03,,01,02,00,ADJ6870002,09.04,03-03-2015,18:00:00,CAD22460,N,N,BALTIMORE,UNK,01,00,1360,MU,,1.51,W,E MADISON ST,50,F,W,4252,MU,,N CAROLINE ST,39.29918666,-76.59843922
01,24,,00,07,00,1,01,02,00,ADJ6870003,06.01,03-09-2015,16:00:00,81706,N,N,BALTIMORE,UNK,01,02,4025,MU,,0.07,E,E LANVALE ST,50,F,E,1450,MU,,GUILFORD AVE,39.3088169,-76.61273003
01,24,,01,03,00,1,01,01,00,ADJ6870004,06.01,03-13-2015,08:00:00,20609,N,N,BALTIMORE,UNK,01,01,1,GV,,0,E,ENT TO FT MCHENRY,50,F,E,,UU,,GATE,39.30800336,-76.57959938
99,24,,01,03,99,,99,01,00,ADJ6880001,99,03-09-2015,00:40:00,CAD80074,N,N,BALTIMORE,UNK,01,00,2670,MU,,0.46,W,RIDGEWOOD RD,75,F,W,2680,MU,,HILLSIDE RD,39.33659603,-76.69246674
03,24,,00,03,01,1,00,01,00,ADJ6880002,00,03-20-2015,19:40:00,CAD2484,Y,N,BALTIMORE,UNK,01,00,26,MD,,0.91,E,LIBERTY HEIGHTS AVE,5,F,E,2925,MU,,GWYNN OAK AVE,39.33141214,-76.6957511
01,24,,02,11,00,,01,01,10,ADJ6890001,00,03-04-2015,13:35:00,CAD31248,N,N,BALTIMORE,UNK,01,09,171,MD,,0.45,E,CHURCH ST,0,F,E,6154,MU,,FAIRHAVEN AVE,39.22292198,-76.58974618
01,24,,01,88,02,,01,01,00,ADJ6890002,00,03-09-2015,08:17:00,CAD80516,N,N,BALTIMORE,UNK,02,00,4315,MU,,0.32,W,CROSS ST,0,U,W,1560,MU,,LIGHT ST,39.27713174,-76.61139965
99,24,,01,03,00,1,01,88,00,ADJ6890004,07.01,03-11-2015,07:26:00,CAD00525,N,N,BALTIMORE,UNK,01,01,2,MD,,2.074,N,HANOVER ST,0,U,N,,UU,,END BRIDGE,39.26507168,-76.61466122
00,24,,01,99,00,,01,01,00,ADJ6890005,00,03-16-2015,08:30:00,CAD50542,N,N,BALTIMORE,UNK,02,02,1651,MU,,0.246,W,W OSTEND ST,100,F,W,,UU,,LEADENHALL ST,39.27476475,-76.61833048