LIGHT_CODE,COUNTY_NO,MUNI_CODE,JUNCTION_CODE,COLLISION_TYPE_CODE,SURF_COND_CODE,LANE_CODE,RD_COND_CODE,RD_DIV_CODE,FIX_OBJ_CODE,REPORT_NO,WEATHER_CODE,ACC_DATE,ACC_TIME,LOC_CODE,SIGNAL_FLAG,C_M_ZONE_FLAG,AGENCY_CODE,AREA_CODE,HARM_EVENT_CODE1,HARM_EVENT_CODE2,RTE_NO,ROUTE_TYPE_CODE,RTE_SUFFIX,LOG_MILE,LOGMILE_DIR_FLAG,MAINROAD_NAME,DISTANCE,FEET_MILES_FLAG,DISTANCE_DIR_FLAG,REFERENCE_NO,REFERENCE_TYPE_CODE,REFERENCE_SUFFIX,REFERENCE_ROAD_NAME,LATITUDE,LONGITUDE
06.02,24,,99,99,99,1,01,01,00,ADJ6990005,99,02-17-2015,18:30:00,CAD#1790,Y,N,BALTIMORE,UNK,01,01,1281,MU,,2.299,W,WASHINGTON BLVD,0,U,W,,UU,,DEERING AVE,39.26416418,-76.65522426
03,24,,02,11,03,1,01,04,00,ADJ7000001,06.01,02-28-2015,21:20:00,CAD#2655,Y,N,BALTIMORE,UNK,01,00,36,MU,,0.535,S,KEY HWY,0,F,S,4315,MU,,CROSS ST,39.27762745,-76.60642952
03,24,,01,11,01,1,01,01,00,ADJ7000002,06.01,03-06-2015,20:30:00,CAD#5227,N,N,BALTIMORE,UNK,01,01,1960,MU,,1.044,S,HOLLINS FERRY RD,20,F,S,,UU,,NORTHSHIRE DR,39.25784461,-76.64443776
03,24,,00,88,04,1,01,01,00,ADJ7010001,10.04,02-14-2015,00:50:00,252,N,N,BALTIMORE,UNK,02,00,1560,MU,,0.365,N,LIGHT ST,15,F,N,1552,MU,,E FORT AVE,39.27277454,-76.61177516
03,24,,01,88,02,2,01,01,00,ADJ7010002,06.01,02-23-2015,19:25:00,CAD#2358,N,N,BALTIMORE,UNK,01,00,173,MD,,3.777,N,PATAPSCO AVE,20,F,N,,UU,,SHELBY AVE,39.23333764,-76.59275293
01,24,,02,11,02,1,01,04,00,ADJ7010005,06.01,03-24-2015,07:30:00,CAD30480,Y,N,BALTIMORE,UNK,01,00,173,MD,,4.86,N,PATAPSCO AVE,0,F,N,2,MD,,POTEE ST,39.23885963,-76.6109249
01,24,,01,03,02,3,01,01,00,ADJ7010006,06.01,03-25-2015,07:30:00,40473,N,N,BALTIMORE,UNK,01,01,2,MD,,2.43,N,HANOVER ST,500,F,N,4320,MU,,MCCOMAS ST,39.26472472,-76.61462635
99,24,,02,99,99,1,01,02,00,ADJ7020002,99,02-16-2015,12:00:00,CAD#991,N,N,BALTIMORE,UNK,01,02,,,,,,2500 N. ROSEDALE STREET,0,F,,,,,3100 HANLON AVE,39.3160356,-76.67031303
99,24,,01,99,99,1,01,02,00,ADJ7020003,99,02-16-2015,12:00:00,CAD#1167,N,N,BALTIMORE,UNK,01,02,,,,,,6900 GLENHEIGHTS ROAD,30,F,,,,,4100 CRESTHEIGHTS ROAD,39.36082217,-76.70985818
01,24,,01,88,02,1,01,01,00,ADJ7020005,06.01,02-20-2015,09:30:00,CAD#571,N,N,BALTIMORE,UNK,01,02,,,,,,3100 BANCROFT ROAD,100,F,,,,,3300 CLARKS LANE,39.36725894,-76.69466615
01,24,,01,88,02,2,01,01,00,ADJ7020006,06.01,02-27-2015,14:05:00,CAD#1580,N,N,BALTIMORE,UNK,01,02,129,MD,,4.59,N,PARK HEIGHTS AVE,100,F,N,2170,MU,,BELVEDERE AVE,39.34878482,-76.67531133
01,24,,01,88,02,1,01,01,00,ADJ7020007,06.01,03-11-2015,17:55:00,CAD#2297,N,N,BALTIMORE,UNK,02,00,,,,,,2800 ELSINORE AVE,50,F,,,,,3400 CARLISLE AVE,39.31900192,-76.67937756
01,24,,01,88,02,1,01,01,00,ADJ7020008,06.01,03-26-2015,17:30:00,CAD#2224,N,N,BALTIMORE,UNK,02,01,,,,,,4700 NORFOLK AVE,200,F,,,,,FOREST GLEN RD,39.32007264,-76.69721961
03,24,,01,03,01,2,01,01,00,ADJ7060001,06.01,03-06-2015,21:09:00,52316,Y,N,BALTIMORE,UNK,01,00,,,,,,WARWICK AVE,10,F,,,,,GWYNN FALLS PKWY,39.31578969,-76.65637493
03,24,,02,07,02,1,01,01,00,ADJ7060002,07.01,03-09-2015,00:24:00,,Y,N,BALTIMORE,UNK,01,00,4505,MU,,0,,WINCHESTER ST,0,F,,,,,WHATCOAT,39.30243286,-76.6410327
03,24,,00,03,02,1,01,01,00,ADJ7060003,00,03-10-2015,02:20:00,90206,N,N,BALTIMORE,UNK,01,00,,,,,,N PULASKI ST,10,F,,,,,BAKER ST,39.30604004,-76.65105879
01,24,,00,01,03,1,01,01,00,ADJ7070001,06.01,02-23-2015,10:20:00,CAD0804,N,N,BALTIMORE,UNK,00,00,2525,MU,,0.43,S,BREHMS LA,0,U,S,2515,MU,,CHESTERFIELD AVE,39.32101053,-76.56578064
01,24,,00,88,02,2,00,01,00,ADJ7070002,06.01,02-27-2015,15:50:00,CAD1923,N,N,BALTIMORE,UNK,01,01,4650,MU,,1.19,E,E 25TH ST,25,F,E,147,MD,,HARFORD RD,39.31739168,-76.59869671
03,24,,03,03,03,1,01,01,00,ADJ7080001,08.04,02-16-2015,18:00:00,CAD#1847,N,N,BALTIMORE,UNK,01,01,,,,,,GREENMOUNT AVE,5,F,,,,,CALVIN ST,39.33013984,-76.60942554
06.02,24,,03,02,02,,01,01,00,ADJ7080002,06.01,03-03-2015,06:15:00,CAD#1086,N,N,BALTIMORE,UNK,01,01,2630,MU,,0,N,BELLONA AVE,3,F,N,45,MD,,YORK RD,39.36576697,-76.61677614
03,24,,03,03,02,,01,02,00,ADJ7080003,06.01,03-09-2015,02:00:00,CAD#0203,Y,N,BALTIMORE,UNK,01,00,139,MD,,0,N,N CHARLES ST,8,F,N,1125,MU,,N CHARLES ST (BACK),39.32818129,-76.61761165
03,24,,03,07,02,1,01,01,00,ADJ7080004,06.01,03-10-2015,02:45:00,CAD#0202,N,N,BALTIMORE,UNK,01,00,501,MU,,0.18,W,E 32ND ST,6,F,W,,UU,,E 32ND ST,39.3271771,-76.60959184
01,24,,02,11,02,1,01,05.01,00,ADJ7110002,06.01,02-20-2015,07:20:00,373,N,N,BALTIMORE,UNK,01,01,1530,MU,,0.31,N,S HANOVER ST,0,F,N,173,MD,,PATAPSCO AVE,39.23853555,-76.60955429
07.88,24,,00,03,00,3,00,02,00,ADJ7110003,00,02-28-2015,02:30:00,361,N,N,BALTIMORE,UNK,01,01,295,MD,,0.68,S,GREENE ST (SB COUPLET),60,F,S,1281,MU,,WASHINGTON BLVD,39.28480525,-76.62349105
01,24,,02,08,02,2,00,01,00,ADJ7110004,00,03-11-2015,13:29:00,CAD01340,Y,N,BALTIMORE,UNK,01,01,4330,MU,,1.48,W,CHERRY HILL RD,0,F,W,1630,MU,,WATERVIEW AVE,39.25762862,-76.63279295
05.02,24,,00,11,02,1,00,02,00,ADJ7110005,00,03-12-2015,09:30:00,CAD10626,N,N,BALTIMORE,UNK,01,01,2,MD,,3.325,N,HANOVER ST,5,F,N,,UU,,W CHURCHILL ST,39.27930765,-76.61560535
01,24,,01,03,02,2,01,03,00,ADJ7110006,00,03-16-2015,09:38:00,CAD50635,N,N,BALTIMORE,UNK,01,01,4380,MU,,0,S,10TH ST,0,F,S,173,MD,,PATAPSCO AVE,39.23379056,-76.59600377
01,24,,00,07,02,,01,00,00,ADJ7110007,00,03-18-2015,08:00:00,CAD70642,N,N,BALTIMORE,UNK,01,01,,,,,,300 3RD ST,25,F,,,,,300 PONTIAC AVE,39.23650795,-76.6070652
01,24,,01,17,02,2,01,01,08,ADJ7110008,06.01,03-18-2015,10:40:00,CAD70889,N,N,BALTIMORE,UNK,16,16,1630,MU,,0.61,E,WATERVIEW AVE,100,F,E,4330,MU,,CHERRY HILL RD,39.25460465,-76.62429571
04,03,,01,17,02,1,01,01,10,AE3117000F,07.01,01-09-2015,06:21:00,,N,N,BACOPD,UNK,09,00,145,MD,,0.43,E,PAPER MILL RD,550,F,E,361,CO,,ASHLAND RD,39.49621741,-76.64265275
03,03,,01,88,02,2,01,01,00,AE3117000G,07.01,01-24-2015,20:31:00,,N,N,BACOPD,UNK,03,00,1,US,,15.83,N,BELAIR RD,132,F,N,4231,CO,,OVERLEA AVE W,39.35705606,-76.52819753
01,03,,02,11,02,1,01,01,10,AE3117000H,07.01,02-16-2015,09:12:00,,Y,N,BACOPD,UNK,01,09,1600,CO,,1.99,S,STEVENSON RD,0,F,S,1623,CO,,WOODVALLEY DR,39.39680571,-76.71201468
01,03,,01,03,01,,01,03,00,AE3117000J,12.04,03-20-2015,09:19:00,,Y,N,BACOPD,UNK,01,01,26,MD,,6.747,E,LIBERTY RD,28,F,E,2100,CO,,COURTLEIGH DR,39.35947005,-76.77366257
03,03,,00,88,00,1,01,00,00,AE31660006,06.01,01-09-2015,23:22:00,,N,N,BACOPD,UNK,02,02,562,OP,,0.04,E,NORTHROP LA,0,M,E,563,OP,,CHARBANK LA,39.34751128,-76.44623458
03,03,,01,17,04,,01,04,10,AE31660008,09.04,03-11-2015,05:25:00,,N,N,BACOPD,UNK,09,00,40,US,,21.5,E,PULASKI HWY,500,F,E,4095,CO,,EBENEZER RD,39.28196515,-76.46055222
05.02,03,,01,10,03,1,01,03,00,AE31820006,12.04,01-06-2015,07:30:00,,N,N,BACOPD,UNK,01,00,532,CO,,0.1,W,LYONS MILL RD,200,F,W,2251,CO,,PAINTERS MILL RD,39.39420232,-76.78881168
01,03,,01,07,02,2,01,03,00,AE32170003,00,03-02-2015,14:57:00,,N,N,BACOPD,UNK,01,00,6880,CO,,0.1,S,CAMPBELL BLVD,0,U,S,6945,CO,,TOWN CENTER DR,39.37372,-76.46613121
01,03,,01,11,04,1,04,01,04,AE32470002,00,02-10-2015,08:30:00,,N,N,BACOPD,UNK,09,01,8007,CO,,1.88,N,NORTH POINT RD,40,F,N,,UU,,SPUR FR MERRITT BLVD,39.28827632,-76.50563478
04,03,,01,17,02,1,01,03,06,AE32510004,06.01,02-01-2015,00:26:00,,Y,N,BACOPD,UNK,09,11,147,MD,,8.09,N,HARFORD RD,250,F,N,3894,CO,,BONAPARTE AVE,39.46063308,-76.46085262
03,03,,01,17,03,1,01,03,08,AE32510005,08.04,02-01-2015,23:00:00,,N,N,BACOPD,UNK,09,15,3807,CO,,0,S,CUB HILL RD,0,M,S,3353,CO,,CROMWELL BRIDGE RD,39.42172374,-76.52891636
03,03,,01,17,03,1,01,03,07,AE32510006,08.04,02-14-2015,19:00:00,,N,N,BACOPD,UNK,09,00,258,CO,,5.93,S,MANOR RD,30,F,S,307,CO,,KANES RD,39.4806924,-76.5184021
03,03,,01,17,01,1,01,03,06,AE32510007,06.01,02-18-2015,23:43:00,,N,N,BACOPD,UNK,09,15,3887,CO,,0.72,N,GLEN ARM RD,0,M,N,258,CO,,MANOR RD,39.43364908,-76.52739286
03,03,,01,03,02,1,01,01,00,AE32510008,06.01,03-12-2015,05:30:00,,N,N,BACOPD,UNK,01,02,6062,CO,,0.09,W,BELLBECK RD,0,M,W,,UU,,EASTFORD CT,39.4163861,-76.53274655
03,03,,00,17,03,1,88,01,11,AE32800004,02,01-22-2015,00:27:00,,N,N,BACOPD,UNK,09,00,251,CO,,1.25,S,OLD YORK RD,0,M,S,229,CO,,MONKTON RD,39.55946565,-76.56636
03,03,,01,17,04,,01,03,10,AE32990003,03,02-09-2015,21:10:00,,N,N,BACOPD,UNK,09,88,313,CO,,0,E,HYDES RD,30,F,E,258,CO,,MANOR RD,39.48814484,-76.52213573
03,03,,03,03,02,2,01,01,00,AE3341000P,06.01,01-08-2015,22:21:00,PC9 1408,Y,N,BACOPD,UNK,01,00,1,US,,16.73,N,BELAIR RD,20,F,N,4216,CO,,FOWLER AVE,39.36670736,-76.5172112
04,03,,01,17,04,,01,01,06,AE3341000Q,09.04,01-11-2015,23:41:00,PC3 1408,N,N,BACOPD,UNK,09,00,446,CO,,4.14,N,GARRISON FOREST RD,0,M,N,7603,CO,,AVERY HILL DR,39.46176375,-76.76824719
03,03,,01,88,02,1,01,01,00,AE3341000R,06.01,01-16-2015,03:39:00,PC2 1408,N,N,BACOPD,UNK,02,00,2558,CO,,0.24,N,CHARING CROSS RD,424,F,N,2556,CO,,MARTIN DR,39.29344109,-76.71424627
04,03,,01,88,02,2,01,03,00,AE3341000S,06.01,02-08-2015,22:33:00,12/1407,N,N,BACOPD,UNK,03,00,157,MD,,4.48,N,MERRITT BLVD,39,F,N,5428,CO,,RABON AVE,39.28357622,-76.5064019
03,03,,01,88,02,1,01,01,00,AE3341000V,06.01,02-24-2015,23:25:00,PC1/1407,N,N,BACOPD,UNK,03,00,144,MD,,4.4,E,FREDERICK RD,129,F,E,2774,CO,,MAPLE DR,39.27525476,-76.71810865
03,03,,01,88,02,1,01,01,00,AE3341000W,06.01,03-02-2015,21:51:00,PC8/1407,N,N,BACOPD,UNK,02,00,1400,CO,,0.54,W,JOPPA RD,65,F,W,6701,OP,,SPRING TOWNE CIR,39.39455055,-76.49316788
03,03,,01,17,02,,01,01,04,AE3341000X,06.01,03-02-2015,23:01:00,PC8/1407,N,N,BACOPD,UNK,09,09,6209,CO,,0.19,N,SEVEN COURTS DR,167,F,N,,UU,,BOURBON CT,39.40100908,-76.48538947
03,03,,02,02,02,2,01,05.01,00,AE3341000Y,06.01,03-08-2015,22:44:00,PC2/1407,Y,N,BACOPD,UNK,01,00,26,MD,,6.457,E,LIBERTY RD,0,F,E,1700,CO,,OLD COURT RD,39.36127841,-76.77855492
03,03,,01,88,01,,00,01,00,AE3341000Z,03,03-26-2015,21:30:00,PC2 1407,N,N,BACOPD,UNK,03,00,26,MD,,6.457,E,LIBERTY RD,58,F,E,1700,CO,,OLD COURT RD,39.36116228,-76.77827597
05.02,03,,02,02,02,2,01,02,00,AE4052000B,00,02-20-2015,04:57:00,,N,N,BACOPD,UNK,01,00,45,MD,,7.04,N,YORK RD,0,F,N,797,CO,,INDUSTRY LA,39.4341858,-76.6233
03,03,,01,17,00,1,01,01,11,AE4052000C,00,02-20-2015,20:54:00,,N,N,BACOPD,UNK,09,00,773,CO,,1.358,E,PADONIA RD,100,F,E,769,CO,,JENIFER RD,39.4341858,-76.6233616
01,03,,01,03,02,3,01,04,00,AE4053000V,00,01-12-2015,11:15:00,,N,N,BACOPD,UNK,01,00,702,MD,,2.804,E,SOUTHEAST BLVD,400,F,E,5815,CO,,MANSFIELD RD,39.30624343,-76.44836426
03,03,,03,03,02,2,01,04,00,AE4053000W,06.01,01-12-2015,17:46:00,,Y,N,BACOPD,UNK,01,00,702,MD,,2.324,E,SOUTHEAST BLVD,200,F,E,4831,CO,,E HOMBERG AVE,39.31205435,-76.45329952
01,03,,08.04,03,02,1,01,01,00,AE4053000Y,06.01,01-22-2015,16:23:00,,N,N,BACOPD,UNK,01,00,150,MD,,8.61,E,EASTERN AVE,500,F,E,4158,CO,,EARLS RD,39.34678946,-76.39078259
01,03,,00,07,02,1,01,01,88,AE4053000Z,06.01,01-30-2015,08:29:00,,N,N,BACOPD,UNK,02,09,4543,CO,,0,N,CITATION RD,500,F,N,4458,CO,,ROSSVILLE BLVD,39.33665412,-76.47694588
01,03,,01,09,01,1,01,01,00,AE40530010,03,02-02-2015,09:25:00,,N,N,BACOPD,UNK,02,00,4742,CO,,0.04,N,ALCOCK RD,30,F,N,4741,CO,,EARHART RD,39.32178242,-76.45387888
01,03,,00,09,02,2,01,04,05,AE40530012,06.01,02-04-2015,12:14:00,,N,N,BACOPD,UNK,01,09,40,US,,20.99,E,PULASKI HWY,0,F,E,43,MD,,WHITE MARSH BLVD,39.3738527,-76.43291473
01,03,,00,07,02,1,01,01,00,AE40530013,06.01,02-05-2015,08:23:00,,N,N,BACOPD,UNK,01,00,4483,CO,,0.26,N,WINDLASS DR,100,F,N,4484,CO,,HARDING AVE,39.33569154,-76.4481926
01,03,,01,03,02,1,01,01,00,AE40530014,06.01,02-05-2015,08:31:00,,N,N,BACOPD,UNK,02,00,4563,CO,,0.62,N,FUSELAGE AVE,75,F,N,4569,CO,,PROPELLER DR,39.3339655,-76.45593882
03,03,,02,11,01,1,01,01,00,AE40530016,03,02-09-2015,18:22:00,,Y,N,BACOPD,UNK,01,00,4465,CO,,1.67,S,MIDDLE RIVER RD,0,F,S,4483,CO,,WINDLASS DR,39.33613964,-76.44643307
03,03,,01,17,02,1,01,01,10,AE40530017,06.01,02-10-2015,18:11:00,,N,N,BACOPD,UNK,00,11,150,MD,,8.29,E,EASTERN AVE,300,F,E,,UU,,LARIAT RD,39.3402056,-76.39969826
01,03,,03,07,02,,01,02,04,AE40530018,06.01,02-11-2015,15:02:00,,Y,N,BACOPD,UNK,01,09,700,MD,,0.46,N,MARTIN BLVD,0,F,N,,UU,,SPUR TO MIDDLE RIVER RD,39.33339705,-76.44392788
01,03,,02,03,02,1,01,04,00,AE40530019,06.01,02-23-2015,12:36:00,,Y,N,BACOPD,UNK,01,01,40,US,,23.42,E,PULASKI HWY,0,F,E,6577,CO,,DAYS COVE RD,39.39954166,-76.40209079
01,03,,06.01,11,02,2,01,01,00,AE4053001B,06.01,02-25-2015,11:53:00,,N,N,BACOPD,UNK,01,00,4458,CO,,3.98,E,ROSSVILLE BLVD,0,F,E,,UU,,CROSSOVER,39.33660433,-76.47990704
01,03,,03,03,02,2,01,04,00,AE4053001C,06.01,02-27-2015,11:46:00,,Y,N,BACOPD,UNK,01,01,700,MD,,0.48,N,MARTIN BLVD,0,F,N,4465,CO,,MIDDLE RIVER RD,39.33301947,-76.44435167
01,03,,00,17,03,1,01,01,10,AE4053001D,08.04,03-05-2015,11:11:00,,N,N,BACOPD,UNK,09,00,4154,CO,,0,N,BIRD RIVER BEACH RD,600,F,N,4095,CO,,EBENEZER RD,39.34999612,-76.39081478
01,03,,03,03,04,1,01,01,00,AE4053001F,06.01,03-06-2015,08:49:00,,N,N,BACOPD,UNK,01,00,5033,CO,,0.74,S,MACE AVE,25,F,S,5020,CO,,MYRTH AVE,39.31656579,-76.47534192
06.02,03,,01,07,02,2,01,04,05,AE4053001G,06.01,03-19-2015,19:10:00,,N,N,BACOPD,UNK,01,09,40,US,,25.57,E,PULASKI HWY,200,F,E,,UU,,STRUC #3034 LITTLE GUNPOWDER FALLS,39.4206463,-76.37444258
01,03,,03,11,01,2,01,01,00,AE40600004,06.01,03-09-2015,12:15:00,,Y,N,BACOPD,UNK,01,00,140,MD,,8.83,N,MAIN ST,0,F,N,503,CO,,BERRYMANS LA,39.45490493,-76.82405055
03,03,,01,88,00,1,01,01,00,AE40670004,00,01-15-2015,02:25:00,06,N,N,BACOPD,UNK,02,02,1309,CO,,0.06,E,WALKER AVE,200,F,E,1293,CO,,HOLLY LA,39.37172949,-76.60682917
03,03,,03,11,02,1,01,01,00,AE40670005,06.01,01-20-2015,23:45:00,06,Y,N,BACOPD,UNK,01,00,1309,CO,,0.43,E,WALKER AVE,0,F,E,1308,CO,,BANBURY RD,39.37232665,-76.59846067
03,03,,01,17,02,1,01,01,11,AE40670006,06.01,02-08-2015,05:27:00,,N,N,BACOPD,UNK,09,09,1364,CO,,0.58,E,ALLEGHENY AVE,50,F,E,1153,CO,,BOSLEY AVE,39.40206195,-76.6080308
03,03,,01,88,01,1,01,01,00,AE40670007,03,03-14-2015,01:46:00,06,N,N,BACOPD,UNK,02,02,1200,CO,,0.57,E,STEVENSON LA,100,F,E,1350,CO,,BRANDON RD,39.38171048,-76.618191
01,24,,01,05,01,2,01,04,00,ADJ4570001,03,01-04-2015,11:13:00,CAD#829,N,N,BALTIMORE,UNK,01,00,150,MD,,1.56,E,EASTERN AVE,100,F,E,,UU,,BONSAL ST,39.28753105,-76.54526979
07.88,24,,01,99,02,1,01,01,00,ADJ4570002,99,01-14-2015,19:30:00,CAD#621,N,N,BALTIMORE,UNK,02,02,,,,,,800 S EATON ST,20,F,,,,,3800 HUDSON ST,39.28257969,-76.56502426
03,24,,01,88,02,2,01,00,00,ADJ4570004,06.01,02-25-2015,20:34:00,CAD#2660,N,N,BALTIMORE,UNK,19,01,,UN,N,,,3718 FAIT AVENUE BALTIMORE MD 21224,30,F,,,UN,N,800  DEAN ST BALTIMORE MD 21224,39.28362189,-76.56563044
03,24,,03,03,00,1,01,04,00,ADJ4570005,06.01,02-26-2015,20:05:00,CAD#2627,N,N,BALTIMORE,UNK,01,01,,,,,,6100 EASTERN AVE,0,F,,,,,400 ELRINO ST,39.28752483,-76.5428853
01,24,,03,88,02,1,01,01,00,ADJ4570006,06.01,03-12-2015,10:29:00,CAD#882,N,N,BALTIMORE,UNK,02,01,1275,MU,,0.34,S,300 S CONKLING ST,40,F,S,,UU,,3500 E. BANK ST,39.28769609,-76.56724647
01,24,,01,17,02,2,01,00,88,ADJ4570007,06.01,03-16-2015,14:43:00,CAD#1497,N,N,BALTIMORE,UNK,09,09,,,,,,2780 LIGHT HOUSE POINT E.,100,F,,,,,2700 BOSTON ST ,39.27859083,-76.57750256
01,24,,01,07,01,1,01,03,00,ADJ4620001,12.04,01-23-2015,12:00:00,2052,N,N,BALTIMORE,UNK,02,01,1275,MU,,0.83,S,S CONKLING ST,200,F,S,1400,MU,,ODONNELL ST,39.27997619,-76.56679451
01,24,,02,88,02,1,01,03,00,ADJ4620002,06.01,01-29-2015,10:30:00,846,Y,N,BALTIMORE,UNK,01,01,1300,MU,,0.22,S,PONCA ST,0,F,S,3010,MU,,FAIT AVE,39.28404749,-76.55477017
01,24,,01,07,02,1,02,04,00,ADJ4620003,06.01,02-06-2015,10:50:00,1002,N,Y,BALTIMORE,UNK,01,00,438,MU,,3.07,N,DUNDALK AVE,150,F,N,1310,MU,,HOLABIRD AVE,39.27277973,-76.53128542
06.02,24,,02,07,00,1,01,04,00,ADJ4620004,00,02-25-2015,17:25:00,CAD#2072,N,N,BALTIMORE,UNK,01,00,,,,,,BAYVIEW BLVD,0,F,,,,,NATHAN SHOCK DR,39.29080063,-76.54986441
01,24,,01,09,02,1,01,01,00,ADJ4620005,06.01,02-27-2015,17:30:00,CAD#2138,N,N,BALTIMORE,UNK,01,00,1300,MU,,0.42,S,PONCA ST,300,F,S,1400,MU,,ODONNELL ST,39.28008,-76.55448586
99,24,,03,07,99,1,01,02,00,ADJ4620006,99,03-17-2015,09:47:00,CAD#0594,Y,N,BALTIMORE,UNK,02,00,,,,,,500 BLOCK S. LEHIGH ST,20,F,,,,,4500 BLOCK EASTERN AVE,39.28688023,-76.55801296
99,24,,02,07,02,1,01,02,00,ADJ4620007,99,03-19-2015,08:45:00,CAD#0651,Y,N,BALTIMORE,UNK,02,00,,,,,,1000 BLOCK S. CURLEY ST.,0,F,,,,,3000 BLOCK DILLON ST,39.28119438,-76.57476068
99,24,,01,07,00,1,01,02,00,ADJ4620008,00,03-19-2015,10:42:00,CAD#0952,N,N,BALTIMORE,UNK,01,02,,,,,,2800 BLOCK O'DONNELL ST.,50,F,,,,,1000 BLOCK S. STREEPER,39.28032084,-76.57631367
01,24,,02,11,02,1,01,03,00,ADJ4620009,06.01,03-23-2015,08:11:00,CAD#0498,Y,N,BALTIMORE,UNK,01,00,2965,MU,,0.089,N,S HIGHLAND AVE,0,F,N,,UU,,TOONE ST,39.27841487,-76.56848431
01,24,,02,11,02,3,01,04,00,ADJ462000B,06.01,03-23-2015,14:13:00,CAD#1370,Y,N,BALTIMORE,UNK,01,00,,,,,,5400 BLOCK O'DONNELL ST,0,F,,,,,1100 BLOCK INTERSTATE AVE,39.28119283,-76.549505
01,24,,02,02,01,1,01,04,08,ADJ4630001,00,01-07-2015,12:07:00,9B22,N,N,BALTIMORE,UNK,01,09,100,MU,,1.964,W,W PATAPSCO AVE,0,F,W,,UU,,MALLVIEW RD,39.25071909,-76.64336286
01,24,,01,07,03,1,01,01,00,ADJ4630002,08.04,02-17-2015,09:00:00,CAD#808,N,N,BALTIMORE,UNK,01,00,1,US,,9.49,S,MONROE ST (SB COUPLET),100,F,S,,UU,,WILHELM ST,39.28366134,-76.64737478
01,24,,01,06,02,2,01,03,00,ADJ4630003,06.01,02-25-2015,09:32:00,CAD:0687,Y,N,BALTIMORE,UNK,01,01,1281,MU,,1.26,W,WASHINGTON BLVD,10,F,W,43,MU,,S MONROE ST,39.27530304,-76.64217263
05.02,24,,01,07,02,1,01,02,00,ADJ4630004,06.01,03-09-2015,06:20:00,CAD:2395,N,N,BALTIMORE,UNK,01,00,1391,MU,,0.534,E,W PRATT ST,50,F,E,,UU,,S ARLINGTON ST,39.28573168,-76.63494006
01,24,,01,11,02,1,01,01,00,ADJ4630005,06.01,03-16-2015,18:42:00,CAD:2470,N,N,BALTIMORE,UNK,03,00,1651,MU,,1.21,W,W OSTEND ST,3,F,W,1281,MU,,WASHINGTON BLVD,39.28172173,-76.63398117
03,24,,02,17,02,2,01,03,04,ADJ4630006,06.01,03-30-2015,22:15:00,CAD:2980,Y,N,BALTIMORE,UNK,09,00,1281,MU,,1.26,W,WASHINGTON BLVD,0,F,W,43,MU,,S MONROE ST,39.2753103,-76.64215453
03,24,,02,11,01,1,01,02,08,ADJ4650002,03,01-03-2015,20:36:00,CAD#2091,Y,N,BALTIMORE,UNK,01,09,1710,MU,,1.29,S,MARYLAND AVE,0,F,S,959,MU,,W PRESTON ST,39.30437553,-76.61749363
01,24,,02,04,02,2,01,01,00,ADJ4650003,06.01,01-05-2015,13:40:00,,Y,N,BALTIMORE,UNK,01,01,1,US,,5.65,N,NORTH AVE,0,F,N,83,IS,,JONES FALLS EXPWY,39.31083618,-76.62341326
01,24,,01,03,02,,01,01,00,ADJ4650004,07.01,02-13-2015,17:41:00,2468,N,N,BALTIMORE,UNK,02,00,4005,MU,,0.783,S,PENNSYLVANIA AVE,50,F,S,,UU,,ROBERT ST,39.30493175,-76.63641393
05.02,24,,01,03,02,,01,02,99,ADJ4650005,07.01,03-16-2015,07:10:00,50392,N,N,BALTIMORE,UNK,02,00,129,MD,,1.017,N,MCCULLOH ST,60,F,N,,UU,,GOLD ST,39.30918216,-76.63607597
01,24,,02,11,02,1,01,88,00,ADJ4650007,06.01,03-18-2015,10:45:00,CAD70893,Y,N,BALTIMORE,UNK,01,00,2,MD,,0.09,S,ST PAUL ST (SB COUPLET),0,F,S,25,MD,,E LAFAYETTE AVE,39.30986701,-76.6148597
99,24,,01,07,03,,01,01,00,ADJ4650008,08.04,03-05-2015,12:00:00,CAD70794,N,N,BALTIMORE,UNK,02,00,,,,,,ARGYLE AVENUE,70,F,,,,,DOLPHIN STREET,39.29755728,-76.62909418
01,24,,02,11,02,1,01,01,00,ADJ4660001,06.01,02-18-2015,12:33:00,CAD#1123,Y,N,BALTIMORE,UNK,01,01,140,MD,,0.55,N,REISTERSTOWN RD (NB COUPLET),0,F,N,1023,MU,,GWYNNS FALLS PKWY,39.316676,-76.650441
01,03,,02,11,01,2,01,04,00,ADJ4670002,03,01-03-2015,10:25:00,,Y,N,BALTIMORE,UNK,01,01,,,,,,N MARTIN LUTHER KING JR BLVD,0,F,,,,,W SARATOGA ST,39.29272909,-76.62788853
01,24,,03,11,02,1,01,88,00,ADJ4670007,06.01,03-12-2015,16:20:00,2118,Y,N,BALTIMORE,UNK,01,01,129,MD,,0.26,N,MCCULLOH ST,0,U,N,1770,MU,,DOLPHIN ST,39.30176869,-76.62676334
03,24,,02,17,04,,01,01,08,ADJ4730001,06.01,01-08-2015,17:55:00,1815,Y,N,BALTIMORE,UNK,09,00,1230,MU,,1.145,E,FLEET ST,0,F,E,,UU,,S MILTON AVE,39.28502635,-76.58135757