LIGHT_CODE,COUNTY_NO,MUNI_CODE,JUNCTION_CODE,COLLISION_TYPE_CODE,SURF_COND_CODE,LANE_CODE,RD_COND_CODE,RD_DIV_CODE,FIX_OBJ_CODE,REPORT_NO,WEATHER_CODE,ACC_DATE,ACC_TIME,LOC_CODE,SIGNAL_FLAG,C_M_ZONE_FLAG,AGENCY_CODE,AREA_CODE,HARM_EVENT_CODE1,HARM_EVENT_CODE2,RTE_NO,ROUTE_TYPE_CODE,RTE_SUFFIX,LOG_MILE,LOGMILE_DIR_FLAG,MAINROAD_NAME,DISTANCE,FEET_MILES_FLAG,DISTANCE_DIR_FLAG,REFERENCE_NO,REFERENCE_TYPE_CODE,REFERENCE_SUFFIX,REFERENCE_ROAD_NAME,LATITUDE,LONGITUDE
03,24,,03,88,02,1,01,02,00,ADJ4730002,06.01,01-10-2015,18:51:00,1946,N,N,BALTIMORE,UNK,01,00,,,,,,3500 LYNDALE AVE,0,U,,,,,3700 ERDMAN AVE,39.31642053,-76.56987637
99,24,,03,07,99,,99,99,00,ADJ4730003,99,01-04-2015,20:00:00,1925,N,U,BALTIMORE,UNK,02,00,,,,,,3800 GLENARM AVE,0,U,,,,,5900 LILLYAN,39.34822739,-76.54489227
01,24,,02,02,01,1,01,01,00,ADJ4730004,03,01-12-2015,09:40:00,572,Y,N,BALTIMORE,UNK,01,00,,,,,,MASON LORD DR,0,F,,,,,400 BLK OF BAYVIEW BLVD,39.28853166,-76.54864132
01,24,,00,06,01,1,01,04,00,ADJ4730005,00,01-18-2015,15:08:00,CAD#1515,N,N,BALTIMORE,UNK,01,00,,,,,,5100 HOLABIRD AVE,0,U,,,,,1700 RAPOLLA ST,39.27176643,-76.55184254
03,24,,00,17,04,1,00,01,04,ADJ4730006,00,02-15-2015,21:00:00,CAD#2252,N,N,BALTIMORE,UNK,09,00,3040,MU,,1.82,E,BOSTON ST,0,U,E,1280,MU,,NEWKIRK ST,39.2772231,-76.56009436
03,24,,03,03,00,1,01,01,00,ADJ4730007,00,02-20-2015,18:26:00,CAD#2223,Y,N,BALTIMORE,UNK,01,00,1340,MU,,1.57,E,EASTERN AVE,0,U,E,,UU,,S DECKER AVE,39.28636227,-76.57370389
03,24,,03,03,00,1,01,01,00,ADJ4730008,00,02-28-2015,19:32:00,CAD#2408,Y,N,BALTIMORE,UNK,01,00,,,,,,3100 E. FAYETTE ST,0,U,,,,,200 N. ELLWOOD AVE,39.29472756,-76.57350741
99,24,,01,99,99,1,01,02,00,ADJ4730009,00,03-18-2015,15:35:00,CAD#1760,N,N,BALTIMORE,UNK,02,00,,,,,,300 S. LEHIGH ST,0,U,,,,,4800 GOUGH ST,39.28852336,-76.55816585
01,24,,01,07,04,,88,02,00,ADJ7130001,88,02-15-2015,13:42:00,CAD#1204,N,N,BALTIMORE,UNK,02,00,129,MD,,4.61,S,AUCHENTOROLY TERR (SB COUPLET),0,U,S,140,MD,,REISTERSTOWN RD,39.31657824,-76.64584994
01,24,,01,03,02,1,01,01,00,ADJ7130003,06.01,03-12-2015,16:30:00,2068,N,N,BALTIMORE,UNK,01,00,,,,,,EDMONDSON ,10,F,,,,,PULASKI,39.29503529,-76.65010929
01,24,,01,09,02,2,01,01,00,ADJ7140001,06.01,03-09-2015,13:05:00,C#81176,Y,N,BALTIMORE,UNK,01,02,4005,MU,,0.025,S,PENNSYLVANIA AVE,1,F,S,1045,MU,,N FULTON AVE,39.31308886,-76.64612755
01,24,,01,07,02,2,01,01,00,ADJ7140002,06.01,03-16-2015,08:05:00,C# 50466,N,N,BALTIMORE,UNK,01,01,4005,MU,,0.094,S,PENNSYLVANIA AVE,1,F,S,,UU,,CLIFTON AVE,39.31231998,-76.6455549
01,24,,03,11,02,1,01,01,00,ADJ7140003,06.01,03-23-2015,15:20:00,C# 1512,Y,N,BALTIMORE,UNK,01,01,1920,MU,,1.155,E,EDMONDSON AVE,2,F,E,,UU,,N MOUNT ST,39.29525116,-76.64406359
04,24,,10.04,07,03,,01,01,00,ADJ7150001,08.04,02-23-2015,11:30:00,CAD1013,N,N,BALTIMORE,UNK,02,00,1,US,,10.25,N,BELAIR RD,100,F,N,2455,MU,,FRANKFORD AVE,39.33746006,-76.55179024
01,24,,01,03,04,1,01,02,00,ADJ7150003,08.04,02-24-2015,12:30:00,CAD1170,N,N,BALTIMORE,UNK,02,00,1358,MU,,0,S,HARFORD AVE,50,F,S,1359,MU,,HARFORD AVE,39.33950029,-76.5734303
01,24,,02,08,00,2,01,04,00,ADJ7150004,06.01,02-25-2015,08:38:00,CAD543,Y,N,BALTIMORE,UNK,01,00,55,MU,,0.94,S,MORAVIA RD,0,F,S,1,US,,BELAIR RD,39.33108383,-76.56157225
01,03,,01,99,02,,01,02,00,ADJ7150005,06.01,03-17-2015,18:30:00,CAD 2256,N,N,BALTIMORE,UNK,02,00,,,,,,EVERGREEN,200,F,,,,,ELSRODE,39.35491575,-76.56224012
03,24,,01,88,01,2,01,01,00,ADJ7150006,03,03-21-2015,00:15:00,CAD 9320,N,N,BALTIMORE,UNK,02,01,,,,2.61,N,5800 EDGEPARK ,100,F,N,,,,5800 WILLOWTOWN,39.3590221,-76.57561898
03,24,,00,11,00,,01,03,00,ADJ7150007,06.01,03-22-2015,23:30:00,CAD2854,N,N,BALTIMORE,UNK,01,00,1101,MU,,0.978,N,ARGONNE DR,2,F,N,,UU,,TIVOLY AVE,39.34020974,-76.5912348
03,24,,01,17,03,1,01,01,07,ADJ7160001,08.04,02-14-2015,19:58:00,2555,N,N,BALTIMORE,UNK,09,00,140,MD,,2.939,N,REISTERSTOWN RD,5,F,N,,UU,,OAKMONT AVE,39.34201446,-76.67761803
99,24,,01,17,03,1,01,04,00,ADJ7160002,08.04,02-15-2015,18:50:00,CAD 1966,N,N,BALTIMORE,UNK,02,00,3095,MU,,0.132,N,TIOGA PKWY,50,F,N,,UU,,FAIRVIEW AVE,39.31787517,-76.65866286
03,24,,01,17,02,2,01,04,00,ADJ7160003,06.01,02-28-2015,20:20:00,CAD#2505,N,N,BALTIMORE,UNK,02,00,26,MD,,3.19,E,LIBERTY HEIGHTS AVE,25,F,E,3095,MU,,TIOGA PKWY,39.31910983,-76.65474147
03,24,,01,17,02,2,01,04,00,ADJ7160004,06.01,02-28-2015,20:20:00,CAD#2505,N,N,BALTIMORE,UNK,02,00,26,MD,,3.19,E,LIBERTY HEIGHTS AVE,25,F,E,3095,MU,,TIOGA PKWY,39.31910983,-76.65475488
03,24,,05.01,03,04,,01,00,00,ADJ7160005,12.04,03-01-2015,19:00:00,CAD#1976,N,N,BALTIMORE,UNK,01,01,83,IS,,2.44,N,JONES FALLS EXPWY,20,F,N,83,RP,,RAMP 5 FR RAMP 8 (FR IS83) TO 28TH ST,39.31507584,-76.6277504
01,24,,03,11,03,1,01,03,00,ADJ7160006,08.04,03-05-2015,17:00:00,CAD41482,N,N,BALTIMORE,UNK,01,00,140,MD,,3.2,N,REISTERSTOWN RD,0,F,N,2123,MU,,W GARRISON AVE,39.34213062,-76.68231726
01,24,,02,05,02,1,01,04,00,ADJ7160007,00,03-12-2015,08:51:00,CAD10645,N,N,BALTIMORE,UNK,01,00,2100,MU,,1.02,E,W COLD SPRING LA,0,F,E,129,MD,,PARK HEIGHTS AVE,39.33968284,-76.66634738
01,24,,03,11,02,1,01,01,00,ADJ7170002,06.01,02-19-2015,17:40:00,CAD 2093,Y,N,BALTIMORE,UNK,01,01,1,US,,4.708,N,NORTH AVE,20,F,N,,UU,,DIVISION ST,39.31012228,-76.64038494
06.02,24,,02,03,02,2,01,88,00,ADJ7170003,06.01,02-27-2015,18:45:00,CAD#2407,N,N,BALTIMORE,UNK,01,01,4161,MU,,0.82,N,N WARWICK AVE,0,F,N,,UU,,MOSHER ST,39.29950215,-76.65655196
03,24,,03,07,02,,01,02,00,ADJ7170004,06.01,02-28-2015,20:30:00,CAD#2603,N,N,BALTIMORE,UNK,02,01,1,US,,8.206,S,MONROE ST (SB COUPLET),0,F,S,,UU,,WINCHESTER ST,39.30204059,-76.64764434
01,24,,02,02,02,1,01,01,00,ADJ7170005,06.01,03-10-2015,11:00:00,CAD90940,Y,N,BALTIMORE,UNK,01,01,1920,MU,,0.986,E,EDMONDSON AVE,0,F,E,1,US,,MONROE ST (SB COUPLET),39.29515568,-76.64727688
01,24,,01,03,02,1,01,02,00,ADJ7170006,06.01,03-17-2015,09:10:00,CAD60621,N,N,BALTIMORE,UNK,02,02,1,US,,8.358,S,MONROE ST (SB COUPLET),0,F,S,4200,MU,,MOSHER ST,39.29968688,-76.64760143
03,24,,01,06,02,1,01,01,00,ADJ7180001,06.01,02-12-2015,21:00:00,CAD#3157,N,N,BALTIMORE,UNK,02,00,1870,MU,,1.1,S,N CAREY ST,10,F,S,1920,MU,,EDMONDSON AVE,39.29545043,-76.63850069
03,24,,02,09,02,1,01,01,00,ADJ7180002,06.01,02-13-2015,20:00:00,CAD#2958,N,N,BALTIMORE,UNK,01,00,1,US,,9.13,S,MONROE ST (SB COUPLET),0,F,S,,UU,,W FAIRMOUNT AVE,39.28885759,-76.64695501
03,24,,02,03,02,1,01,01,00,ADJ7180003,06.01,02-19-2015,18:30:00,CAD#2920,Y,N,BALTIMORE,UNK,01,00,1870,MU,,1.1,S,N CAREY ST,0,F,S,1920,MU,,EDMONDSON AVE,39.29543383,-76.63852215
03,24,,02,09,02,1,01,01,00,ADJ7180004,06.01,02-24-2015,18:30:00,CAD#2379,Y,N,BALTIMORE,UNK,01,00,1681,MU,,1.24,W,W FAYETTE ST,0,F,W,1870,MU,,N CAREY ST,39.28977099,-76.63822174
01,24,,02,11,02,2,01,01,09,ADJ7180005,06.01,03-09-2015,11:54:00,CAD#8102,Y,N,BALTIMORE,UNK,01,09,1920,MU,,1.155,E,EDMONDSON AVE,0,F,E,,UU,,N MOUNT ST,39.29523456,-76.64420843
03,03,,01,88,01,1,01,02,00,AE33520001,03,01-03-2015,17:14:00,,N,N,BACOPD,UNK,01,02,5290,CO,,0,S,CORNWALL RD,0,M,S,5297,CO,,DUNMANWAY,39.25696402,-76.51511908
01,03,,02,11,02,2,01,04,00,AE33980006,06.01,02-08-2015,15:30:00,,Y,N,BACOPD,UNK,01,00,7,MD,,2.48,E,PHILADELPHIA RD,0,F,E,695,RP,,RAMP 7 FR MD 7 WB TO RAMP 6 (TO MD 695),39.33710221,-76.49018526
01,03,,01,17,06.03,1,88,00,11,AE33980008,07.01,02-22-2015,07:47:00,,N,N,BACOPD,UNK,16,09,4280,CO,,0.71,N,KENWOOD AVE,15,F,N,4300,CO,,OLD HOME RD,39.35351373,-76.52560115
01,03,,01,07,02,2,01,04,04,AE33980009,06.01,02-20-2015,14:06:00,,N,N,BACOPD,UNK,01,09,40,US,,14.27,E,PULASKI HWY,100,F,E,5126,CO,,66TH ST,39.31207096,-76.52628779
03,03,,01,88,01,2,01,03,00,AE3438001Z,06.01,01-06-2015,19:02:00,,N,N,BACOPD,UNK,03,00,139,MD,,1.65,N,CHARLES ST,35,F,N,1421,CO,,MALVERN AVE,39.39338148,-76.62822783
01,03,,03,03,02,2,01,03,00,AE34380021,06.01,01-09-2015,15:53:00,,Y,N,BACOPD,UNK,01,00,8762,CO,,5.4,W,JOPPA RD E,15,F,W,3473,CO,,LA SALLE RD,39.39588542,-76.57616615
01,03,,01,17,04,1,00,01,22.03,AE34380022,09.04,01-12-2015,09:08:00,,N,N,BACOPD,UNK,16,88,1474,CO,,0.78,W,RUXTON RD,10,F,W,173,OP,,JACK FROST LA,39.40143189,-76.65507674
06.02,03,,02,14,02,1,01,01,00,AE34380023,07.01,01-22-2015,16:59:00,,Y,N,BACOPD,UNK,01,00,7032,CO,,2.9,W,JOPPA RD W,0,F,W,1488,CO,,OLD COURT RD,39.40914979,-76.65320992
01,03,,03,03,02,,01,03,00,AE34380025,06.01,01-27-2015,11:51:00,,Y,N,BACOPD,UNK,01,01,139,MD,,1.81,N,CHARLES ST,113,F,N,1354,CO,,TOWSONTOWN BLVD,39.39598076,-76.62689745
01,03,,02,09,02,1,01,02,16.05,AE34380026,06.01,01-28-2015,14:18:00,,Y,N,BACOPD,UNK,01,09,1166,CO,,0.65,W,PENNSYLVANIA AVE,0,F,W,1172,CO,,WASHINGTON AVE,39.40075,-76.60523057
01,03,,01,88,04,1,00,01,00,AE34380027,07.01,02-10-2015,07:53:00,,N,N,BACOPD,UNK,02,02,3376,CO,,0.05,W,COLBURY RD,20,F,W,288,OP,,LACHLAN CIR,39.38422312,-76.58093512
01,03,,02,02,01,1,00,01,04,AE34380028,07.01,02-12-2015,11:11:00,,N,N,BACOPD,UNK,01,09,1142,CO,,1.71,N,BELLONA AVE,0,F,N,1146,CO,,BELLONA LA,39.41325294,-76.63238525
01,03,,01,03,01,1,01,03,00,AE34380029,06.01,02-17-2015,14:23:00,,N,N,BACOPD,UNK,01,01,542,MD,,2.18,N,LOCH RAVEN BLVD,100,F,N,8762,CO,,JOPPA RD E,39.39735809,-76.56327546
01,03,,03,03,02,1,01,01,00,AE3438002B,07.01,02-18-2015,15:10:00,,N,N,BACOPD,UNK,01,01,45,MD,,2.21,N,YORK RD,99,F,N,1165,CO,,INVESTMENT PL,39.40246818,-76.60322696
03,03,,01,88,02,1,01,02,00,AE3438002C,07.01,02-19-2015,18:16:00,,N,N,BACOPD,UNK,02,00,1188,CO,,0.1,E,LINDEN AVE,100,F,E,1195,CO,,SUSQUEHANNA AVE,39.39630826,-76.59587502
01,03,,03,08,02,1,01,01,00,AE3438002D,06.01,02-20-2015,15:15:00,,Y,N,BACOPD,UNK,01,00,3333,CO,,1.03,N,GOUCHER BLVD,15,F,N,,UU,,ACORA CIR,39.39524701,-76.58449173
01,03,,01,88,02,1,01,01,00,AE3438002F,07.01,02-23-2015,10:03:00,,N,N,BACOPD,UNK,02,00,1119,CO,,0.49,N,ALSTON RD,250,F,N,1118,CO,,LANDON RD,39.41979677,-76.64765239
01,03,,01,06,04,1,00,01,06,AE3438002G,08.04,02-23-2015,07:05:00,,N,N,BACOPD,UNK,01,16,1117,CO,,0.14,N,THORNTON RD,4,F,N,,UU,,KILLINGTON RD,39.41250693,-76.64807081
01,03,,00,07,02,2,01,04,00,AE40760007,06.01,02-08-2015,08:00:00,07,N,N,BACOPD,UNK,01,00,434,CO,,3.95,S,BEAVER DAM RD,100,F,S,8321,CO,,TEXAS STATION CT,39.45730311,-76.64197683
01,03,,01,03,02,3,01,04,00,AE40760008,06.01,02-23-2015,12:45:00,07,N,N,BACOPD,UNK,01,00,1153,CO,,0.45,S,BOSLEY AVE,100,F,S,7032,CO,,JOPPA RD W,39.40415108,-76.60813808
01,03,,03,03,02,3,00,01,00,AE40760009,06.01,03-14-2015,12:31:00,PC07,N,N,BACOPD,UNK,01,00,360,CO,,0.54,E,WARREN RD,25,F,E,45,MD,,YORK RD,39.4747133,-76.64122581
01,03,,02,03,02,,01,01,00,AE4076000B,06.01,03-13-2015,12:30:00,PC07,Y,N,BACOPD,UNK,01,00,139,MD,,0.72,N,CHARLES ST,0,F,N,1336,CO,,BELLONA AVE,39.38234487,-76.62747145
01,03,,03,88,02,1,01,01,00,AE4076000C,06.01,03-27-2015,14:50:00,PC07,N,N,BACOPD,UNK,01,00,131,MD,,2.73,E,SEMINARY AVE,150,F,E,1054,CO,,BELLONA AVE,39.42016559,-76.62238598
04,03,,01,88,02,2,01,04,00,AE4083000K,06.01,01-14-2015,21:58:00,PC09,N,N,BACOPD,UNK,03,00,6539,CO,,0.15,E,HONEYGO BLVD,36,F,E,6833,CO,,SANDPIPER CIR,39.37254229,-76.47121668
04,03,,01,17,02,,01,01,15.05,AE4083000L,06.01,01-19-2015,23:20:00,PC02,N,N,BACOPD,UNK,09,00,2356,CO,,2.99,E,DOGWOOD RD,20,F,E,2365,CO,,HOLLIFIELD RD,39.3158395,-76.79293156
04,03,,01,88,02,2,01,03,00,AE4083000M,06.01,02-11-2015,02:12:00,PC12,N,N,BACOPD,UNK,03,00,151,MD,,4.87,N,NORTH POINT BLVD,300,F,N,5510,CO,,TRAPPE RD,39.28054091,-76.48534656
03,03,,02,07,02,1,01,05.01,00,AE4083000N,06.01,03-02-2015,21:51:00,PC08,Y,N,BACOPD,UNK,01,00,1400,CO,,0.74,W,JOPPA RD,0,F,W,6701,OP,,SPRING TOWNE CIR,39.39461688,-76.49284601
03,03,,01,17,04,,01,01,11,AE4083000P,12.04,03-03-2015,22:25:00,PC11,N,N,BACOPD,UNK,16,09,4779,CO,,0.31,S,HYDE PARK RD,698,F,S,6370,CO,,MARLYN AVE,39.29455371,-76.44051075
03,03,,02,11,02,1,01,01,11,AE4083000Q,06.01,03-18-2015,03:17:00,PC01,Y,N,BACOPD,UNK,01,16,2900,CO,,0.51,S,OLD FREDERICK RD,0,F,S,2902,CO,,ROCKWELL AVE,39.27759683,-76.76357746
03,03,,02,17,01,,01,01,04,AE4083000R,08.04,03-20-2015,04:53:00,PC04,Y,N,BACOPD,UNK,09,09,1861,CO,,0.59,E,PATTERSON AVE,0,F,E,1883,CO,,ALTER ST,39.34685998,-76.71512604
03,03,,02,06,01,1,01,01,00,AE4083000S,08.04,03-20-2015,04:40:00,PC04,Y,N,BACOPD,UNK,02,00,1767,CO,,0.09,S,ALTER AVE,0,F,S,1759,CO,,WOODSIDE RD,39.36061479,-76.72501802
03,03,,01,03,04,2,01,04,16.05,AE40860010,12.04,01-06-2015,18:38:00,6,N,N,BACOPD,UNK,01,09,139,MD,,1.41,N,CHARLES ST,300,F,N,1442,CO,,CHARLESWAY,39.38895378,-76.6265595
01,03,,03,17,02,1,01,04,04,AE40860011,06.01,01-09-2015,15:55:00,,Y,N,BACOPD,UNK,09,00,1164,CO,,0.58,E,FAIRMOUNT AVE,100,F,E,8045,CO,,TOWSON GATE DR,39.40513418,-76.59785718
01,03,,01,17,04,,01,01,05,AE40860012,03,01-12-2015,09:39:00,6,N,N,BACOPD,UNK,09,00,1474,CO,,0.78,W,RUXTON RD,60,F,W,173,OP,,JACK FROST LA,39.4015065,-76.65504053
01,03,,02,11,02,1,01,03,00,AE40860013,06.01,01-21-2015,09:52:00,6,N,N,BACOPD,UNK,01,00,1460,CO,,0.15,E,LAKE AVE W,0,F,E,1455,CO,,ALTAMONT PL,39.37347326,-76.6473788
01,03,,02,09,02,,01,01,04,AE40860014,00,02-11-2015,09:54:00,,N,N,BACOPD,UNK,02,02,3376,CO,,0.29,W,COLBURY RD,0,F,W,3385,CO,,GLENDALE RD,39.38396379,-76.58548817
01,03,,01,17,01,,00,01,06,AE40860015,06.01,02-18-2015,08:49:00,6,N,N,BACOPD,UNK,09,00,1354,CO,,1.67,W,TOWSONTOWN BLVD,300,F,W,139,MD,,CHARLES ST,39.39561533,-76.62566364
01,03,,02,03,02,1,01,01,00,AE40860017,00,03-16-2015,09:39:00,6,Y,N,BACOPD,UNK,01,00,139,MD,,0.35,N,CHARLES ST,0,F,N,1200,CO,,STEVENSON LA,39.37698762,-76.62676334
01,03,,09.04,08,02,2,01,01,04,AE40860018,00,03-26-2015,13:04:00,6,N,N,BACOPD,UNK,01,09,8762,CO,,4.47,W,JOPPA RD E,100,F,W,3512,CO,,EMGE RD,39.39862428,-76.55885383
01,03,,02,11,00,2,01,04,00,AE40860019,00,03-30-2015,11:43:00,6,Y,N,BACOPD,UNK,01,00,1354,CO,,0.18,W,TOWSONTOWN BLVD,0,F,W,1170,CO,,VIRGINIA AVE,39.39858911,-76.60020411
03,24,,03,08,01,4,01,02,00,ADJ4740001,03,01-03-2015,22:30:00,N/A,Y,N,BALTIMORE,UNK,01,00,952,MU,,0.25,E,E LOMBARD ST,1,F,E,895,RP,,RAMP 2 FR E LOMBARD ST TO IS 895 NB,39.28781287,-76.61212452
01,24,,01,09,01,2,01,04,00,ADJ4740002,07.01,01-24-2015,12:43:00,CAD 1218,Y,N,BALTIMORE,UNK,01,00,1400,MU,,1.126,E,ODONNELL ST,0,F,E,,UU,,MACON ST,39.28081445,-76.55759051
99,24,,01,03,99,1,01,03,00,ADJ4740003,06.01,01-30-2015,09:45:00,CAD 895,N,N,BALTIMORE,UNK,02,00,1300,MU,,0.08,S,PONCA ST,0,M,S,1235,MU,,FLEET ST,39.28641002,-76.55487746
01,24,,01,03,02,2,01,01,00,ADJ4740004,07.01,02-01-2015,09:09:00,CAD 782,N,N,BALTIMORE,UNK,02,00,1555,MU,,0,E,FOSTER AVE,100,F,E,,UU,,ROAD END,39.28431738,-76.57140255
01,24,,01,11,02,1,99,99,00,ADJ4740005,06.01,02-05-2015,09:45:00,CAD 967,N,U,BALTIMORE,UNK,03,00,2940,MU,,0.719,N,EDISON HWY,30,F,N,1180,MU,,FEDERAL ST,39.30920084,-76.57305747
03,24,,01,03,02,2,01,03,00,ADJ4740006,00,02-12-2015,19:30:00,CAD 2765,N,N,BALTIMORE,UNK,01,00,1300,MU,,0.42,S,PONCA ST,300,F,S,1400,MU,,ODONNELL ST,39.2801755,-76.55448318
06.02,24,,03,03,02,1,01,02,00,ADJ4740007,06.01,02-13-2015,18:07:00,CAD 2556,Y,N,BALTIMORE,UNK,01,01,1235,MU,,0.385,E,FLEET ST,0,F,E,,UU,,TOLNA ST,39.28625224,-76.55125111
01,24,,03,03,04,2,01,01,00,ADJ4740008,08.04,02-25-2015,08:30:00,CAD 1905,N,N,BALTIMORE,UNK,02,00,1340,MU,,1.342,E,EASTERN AVE,0,F,E,,UU,,S BELNORD AVE,39.28615052,-76.57788277
03,24,,03,03,01,2,01,01,00,ADJ4740009,12.04,03-05-2015,20:05:00,CAD 1842,Y,N,BALTIMORE,UNK,01,01,3040,MU,,1.27,E,BOSTON ST,0,F,E,1275,MU,,S CONKLING ST,39.27724802,-76.5665102
01,24,,02,01,02,,01,03,00,ADJ474000B,06.01,03-17-2015,08:58:00,CAD 547,Y,N,BALTIMORE,UNK,01,01,1400,MU,,0.617,E,ODONNELL ST,0,F,E,1275,MU,,S CONKLING ST,39.28048797,-76.56677842
01,24,,02,11,02,1,01,03,00,ADJ474000C,06.01,03-17-2015,11:52:00,CAD 1055,Y,N,BALTIMORE,UNK,01,01,1280,MU,,1.09,N,NEWKIRK ST,0,F,N,3040,MU,,BOSTON ST,39.27736429,-76.55612469
01,24,,03,03,02,2,01,03,00,ADJ474000D,06.01,03-19-2015,12:24:00,CAD 1327,Y,N,BALTIMORE,UNK,01,02,1320,MU,,0.08,N,LINWOOD AVE,100,F,N,,UU,,CANTON SQUARE,39.27988899,-76.57535613
01,24,,01,03,02,1,01,00,00,ADJ474000F,06.01,03-22-2015,17:00:00,CAD 0439,N,N,BALTIMORE,UNK,01,02,1320,MU,,0.209,N,LINWOOD AVE,100,F,N,,UU,,DILLON ST,39.28283505,-76.57562166
01,24,,02,11,02,,01,03,00,ADJ474000G,06.01,03-25-2015,07:48:00,CAD 0748,Y,N,BALTIMORE,UNK,01,01,,,,,,GOUGH ST,0,F,,,,,S. EAST ST. ,39.28847458,-76.57164864
03,24,,02,11,02,2,01,04,00,ADJ4750001,00,01-11-2015,18:57:00,1972,Y,N,BALTIMORE,UNK,01,00,2260,MU,,0.83,W,UNIVERSITY PKWY,0,F,W,1110,MU,,W 39TH ST,39.33600479,-76.62303239
99,24,,00,88,99,,01,02,00,ADJ4750002,99,01-16-2015,16:30:00,CAD 2006,N,N,BALTIMORE,UNK,02,00,1111,MU,,0.11,E,ELLERSLIE AVE,500,F,E,,UU,,PARKWYRTH AVE,39.33511066,-76.60520643
03,24,,02,02,02,1,01,01,08,ADJ4750003,00,01-18-2015,06:10:00,CAD 0628,Y,N,BALTIMORE,UNK,01,09,1,US,,10.7,N,BELAIR RD,0,F,N,961,MU,,HAMILTON AVE,39.3423671,-76.54557154
01,24,,01,07,01,2,01,01,00,ADJ4750004,00,01-22-2015,07:34:00,CAD 0452,N,N,BALTIMORE,UNK,01,00,45,MD,,1.74,N,GREENMOUNT AVE,400,F,N,1112,MU,,E 39TH ST,39.33690721,-76.60955161
01,24,,01,07,01,,01,04,00,ADJ4750005,07.01,01-24-2015,13:00:00,CAD 1309,N,N,BALTIMORE,UNK,02,02,467,MU,,0.176,N,THE ALAMEDA,600,F,N,,UU,,CRESTLYN RD,39.33524966,-76.59682989
01,24,,03,07,01,,01,01,00,ADJ4750006,06.01,01-30-2015,09:15:00,CAD 0851,N,N,BALTIMORE,UNK,02,02,2105,MU,,1.062,E,E COLD SPRING LA,50,F,E,,UU,,ST. GEORGES AVE,39.3453126,-76.6026476
01,24,,03,07,02,,01,01,04,ADJ4750007,06.01,01-31-2015,10:35:00,CAD 1174,N,N,BALTIMORE,UNK,09,02,2600,MU,,1.118,S,NORTHWOOD DR,50,F,S,,UU,,UPNOR RD,39.35747084,-76.59763992
03,24,,01,07,01,,01,01,00,ADJ4750008,00,02-20-2015,19:26:00,CAD 2428,N,N,BALTIMORE,UNK,02,00,45,MD,,2.742,N,YORK RD,800,F,N,,UU,,CHATEAU AVE,39.35074424,-76.608527
01,24,,09.04,06,00,,01,00,00,ADJ4750009,00,02-24-2015,17:00:00,CAD#2020,N,N,BALTIMORE,UNK,01,00,45,MD,,1.19,N,GREENMOUNT AVE,300,F,N,500,MU,,E 33RD ST,39.32818336,-76.60876036
01,24,,01,07,02,,01,01,00,ADJ475000B,06.01,03-09-2015,11:50:00,CAD81014,N,N,BALTIMORE,UNK,01,00,2105,MU,,0.976,E,E COLD SPRING LA,600,F,E,,UU,,MIDWOOD AVE,39.34586435,-76.60525203
01,24,,01,03,02,1,01,04,00,ADJ475000C,06.01,03-09-2015,15:00:00,CAD#1437,N,N,BALTIMORE,UNK,01,00,1021,MU,,1.162,N,E NORTHERN PKWY,200,F,N,,UU,,REVERDY RD,39.36508577,-76.60218358
01,24,,02,03,02,1,01,04,00,ADJ475000D,06.01,03-11-2015,12:45:00,CAD#1224,Y,N,BALTIMORE,UNK,01,00,500,MU,,1.56,W,E 33RD ST,0,F,W,1510,MU,,ST PAUL ST,39.32820411,-76.61581188
01,24,,03,03,02,,01,01,00,ADJ475000F,07.01,03-24-2015,14:35:00,CAD#1500,Y,N,BALTIMORE,UNK,01,00,45,MD,,3.74,N,YORK RD,10,F,N,1021,MU,,E NORTHERN PKWY,39.36495617,-76.60991773
88,24,,02,03,01,1,01,01,00,ADJ475000G,03,03-25-2015,10:39:00,CAD40848,N,N,BALTIMORE,UNK,01,00,1021,MU,,0.26,N,E NORTHERN PKWY,0,F,N,2640,MU,,ST ALBANS WAY,39.36305147,-76.62040651
01,24,,02,11,02,1,01,01,00,ADJ475000H,06.01,03-31-2015,12:00:00,CAD#0970,Y,N,BALTIMORE,UNK,01,00,45,MD,,2.803,N,YORK RD,0,F,N,,UU,,BEAUMONT AVE,39.35194991,-76.60977691
01,24,,00,88,00,,00,00,00,ADJ4780001,06.01,01-13-2015,08:55:00,1B11,N,U,BALTIMORE,UNK,03,00,1392,MU,,0.707,E,E PRATT ST,0,U,E,,UU,,LLOYDD ST,39.2882182,-76.60072446
01,24,,02,07,00,1,00,02,99,ADJ4780002,07.01,01-14-2015,10:34:00,1B11,Y,N,BALTIMORE,UNK,00,00,2,MD,,4.41,N,CALVERT ST (NB COUPLET),0,F,N,1690,MU,,E SARATOGA ST,39.29235544,-76.61266834
01,24,,88,03,00,2,99,02,00,ADJ4780003,00,01-14-2015,08:10:00,1B11,N,N,BALTIMORE,UNK,01,01,2,MD,,1.52,S,LIGHT ST (SB COUPLET),0,U,S,1665,MU,,E BALTIMORE ST,39.28897384,-76.61372781
01,24,,00,88,02,3,01,02,00,ADJ4780004,06.01,01-23-2015,11:30:00,1B11,Y,N,BALTIMORE,UNK,02,00,,,,,,400 W BALTIMORE ST,0,U,,,,,22 S GREENE ST,39.28918351,-76.62399866
01,03,,00,03,88,3,00,02,00,ADJ4780005,06.01,01-28-2015,10:04:00,1B11,N,N,BALTIMORE,UNK,01,01,,,,,,W PRATT ST,0,U,,,,,100 BLK S HOWARD,39.28628338,-76.61856651