LIGHT_CODE,COUNTY_NO,MUNI_CODE,JUNCTION_CODE,COLLISION_TYPE_CODE,SURF_COND_CODE,LANE_CODE,RD_COND_CODE,RD_DIV_CODE,FIX_OBJ_CODE,REPORT_NO,WEATHER_CODE,ACC_DATE,ACC_TIME,LOC_CODE,SIGNAL_FLAG,C_M_ZONE_FLAG,AGENCY_CODE,AREA_CODE,HARM_EVENT_CODE1,HARM_EVENT_CODE2,RTE_NO,ROUTE_TYPE_CODE,RTE_SUFFIX,LOG_MILE,LOGMILE_DIR_FLAG,MAINROAD_NAME,DISTANCE,FEET_MILES_FLAG,DISTANCE_DIR_FLAG,REFERENCE_NO,REFERENCE_TYPE_CODE,REFERENCE_SUFFIX,REFERENCE_ROAD_NAME,LATITUDE,LONGITUDE
01,24,,01,06,02,,01,01,00,ADJ5040005,06.01,03-09-2015,17:30:00,CAD82144,N,N,BALTIMORE,UNK,02,00,,,,,,2400 PICKWICK RD.,50,F,,,,,2400 COTTONDALE LN.,39.31708353,-76.70423359
01,24,,01,03,02,1,01,01,00,ADJ5040006,07.01,03-11-2015,17:30:00,CAD2137,N,N,BALTIMORE,UNK,01,01,6372,MU,,0,N,N FOREST PARK AVE,0,M,N,1910,MU,,N FRANKLINTOWN RD,39.3088718,-76.70833334
01,24,,01,88,01,1,01,01,00,ADJ5060001,03,03-03-2015,12:32:00,CAD#1834,N,N,BALTIMORE,UNK,01,01,,,,,,BANGER ST,10,F,,,,,PUGET ST,39.25823698,-76.64640248
01,24,,01,10,03,1,01,02,00,ADJ5060002,08.04,03-05-2015,14:18:00,CAD#1172,N,N,BALTIMORE,UNK,01,01,295,MD,,0.39,N,BALTIMORE WASHINGTON PKWY,75,F,N,648,MD,E,ANNAPOLIS RD,39.25443187,-76.63694233
01,24,,01,08,03,1,01,04,00,ADJ5060003,08.04,03-05-2015,14:18:00,CAD#1268,N,N,BALTIMORE,UNK,01,01,295,MD,,0.39,N,BALTIMORE WASHINGTON PKWY,75,F,N,648,MD,E,ANNAPOLIS RD,39.26131205,-76.6355744
03,24,,02,11,01,3,01,02,02,ADJ5060004,03,03-20-2015,19:25:00,CAD#9429,Y,N,BALTIMORE,UNK,01,02,,,,,,S MONROE ST,0,F,,,,,MCHENRY ST,39.2841814,-76.64681822
03,24,,01,05,01,,01,04,00,ADJ5070001,03,01-04-2015,04:24:00,,Y,N,BALTIMORE,UNK,01,02,,,,,,S. HIGHLAND AVENUE,25,F,,,,,BANK STREET,39.28776149,-76.56908512
03,24,,03,88,02,1,01,02,00,ADJ5070002,06.01,01-10-2015,23:24:00,CAD# 385,Y,N,BALTIMORE,UNK,01,00,,,,,,3600 MT PLEASANT AVENUE,6,F,,,,,100 S. CONKLING STREET,39.29089197,-76.56743288
03,24,,03,03,02,1,01,01,00,ADJ5070004,06.01,02-27-2015,23:38:00,CAD#3382,Y,N,BALTIMORE,UNK,01,00,1230,MU,,0.19,E,FLEET ST,50,F,E,1420,MU,,S CENTRAL AVE,39.28424056,-76.59970522
01,24,,02,09,02,2,01,01,00,ADJ5070007,06.01,03-18-2015,09:19:00,CAD664,Y,N,BALTIMORE,UNK,01,01,1230,MU,,0.49,E,FLEET ST,0,F,E,1440,MU,,S BROADWAY,39.28453121,-76.59326792
03,24,,10.04,11,02,,01,01,00,ADJ5080004,00,01-03-2015,03:00:00,345,N,N,BALTIMORE,UNK,01,01,6152,MU,,0,N,GUSRYAN ST,100,F,N,,UU,,GUSRYAN ST (BACK),39.28912331,-76.54049277
03,24,,01,17,02,1,01,01,88,ADJ5080005,99,01-18-2015,03:00:00,CAD#956,N,N,BALTIMORE,UNK,01,09,,,,,,1200 ARGONNE DRIVE,100,F,,,,,1200 ROUNDHILL ROAD,39.33914764,-76.59613788
01,24,,01,17,02,,01,01,11,ADJ5080006,06.01,02-12-2015,16:51:00,CAD 2187,N,N,BALTIMORE,UNK,01,09,,,,,,S PATTERSON PARK AVENUE,50,F,,,,,GOUGH STREET,39.28834691,-76.58447027
03,24,,00,99,06.03,,00,00,00,ADJ5080007,00,02-17-2015,18:00:00,CAD 1806,N,N,BALTIMORE,UNK,02,00,,,,,,N BROADWAY,100,F,,,,,ORLEANS ST,39.29475921,-76.5943113
03,24,,03,03,06.03,2,01,03,00,ADJ5080008,00,02-20-2015,22:00:00,CAD 2875,Y,N,BALTIMORE,UNK,01,00,,,,,,ORLEANS STREET,50,F,,,,,N LAKEWOOD AVE,39.29572028,-76.57945454
01,03,,01,03,02,1,01,01,00,AE2989001T,07.01,01-14-2015,13:58:00,,N,N,BACOPD,UNK,01,01,7,MD,,4.37,E,PHILADELPHIA RD,50,F,E,6370,OP,,LITANY LA,39.35265923,-76.46503687
03,03,,01,17,88,1,01,01,00,AE2989001V,06.01,01-21-2015,07:05:00,,N,N,BACOPD,UNK,03,00,4189,CO,,0.36,N,KING AVE,30,F,N,,UU,,KING ARTHUR CIR,39.35676571,-76.4679122
01,03,,09.04,09,02,1,01,01,00,AE2989001W,06.01,01-23-2015,07:53:00,,N,N,BACOPD,UNK,01,00,5814,CO,,0,E,YELLOW BRICK RD,0,M,E,4458,CO,,ROSSVILLE BLVD,39.34202275,-76.47603393
01,03,,01,17,02,1,01,01,00,AE2989001X,06.01,01-23-2015,09:30:00,,N,N,BACOPD,UNK,03,00,4372,CO,,0.65,N,KENWOOD AVE,100,F,N,4357,CO,,GOLDEN RING RD,39.33748392,-76.50510907
01,03,,02,11,02,2,01,01,00,AE2989001Y,06.01,01-27-2015,15:33:00,,Y,N,BACOPD,UNK,01,00,7,MD,,2.52,E,PHILADELPHIA RD,0,F,E,695,MD,,BALTO BELTWAY,39.33534301,-76.4923954
01,03,,01,07,02,1,01,04,00,AE29890020,07.01,02-09-2015,07:34:00,,N,N,BACOPD,UNK,01,00,40,US,,15.76,E,PULASKI HWY,50,F,E,5047,CO,,TODDS LA,39.32303568,-76.50280237
01,03,,01,07,02,2,01,04,04,AE29890021,07.01,02-09-2015,12:55:00,,N,N,BACOPD,UNK,01,09,43,MD,,3.61,E,WHITE MARSH BLVD,300,F,E,6539,CO,,HONEYGO BLVD,39.37935946,-76.46248341
01,03,,01,03,02,2,01,01,00,AE29890022,06.01,02-11-2015,07:54:00,,N,N,BACOPD,UNK,01,00,4458,CO,,1.75,E,ROSSVILLE BLVD,300,F,E,4455,CO,,GUMSPRING RD,39.35876494,-76.49611831
01,03,,01,07,02,1,01,04,00,AE29890024,06.01,02-13-2015,09:15:00,,Y,N,BACOPD,UNK,01,01,40,US,,15.2,E,PULASKI HWY,100,F,E,5069,CO,,CHESACO AVE,39.31965763,-76.51057005
03,03,,03,03,01,1,01,01,00,AE29890025,08.04,02-16-2015,18:14:00,,N,N,BACOPD,UNK,01,01,7,MD,,4.72,E,PHILADELPHIA RD,150,F,E,6475,OP,,BARON PL,39.35600251,-76.46003723
01,03,,01,88,06.03,1,01,01,00,AE29890026,06.01,02-17-2015,12:59:00,,N,N,BACOPD,UNK,02,00,7084,CO,,0,S,OFFSPRING CT,250,F,S,7083,CO,,KILBRIDE CT,39.4009925,-76.45882487
03,03,,03,17,01,,01,04,04,AE29890027,08.04,02-18-2015,19:46:00,,Y,N,BACOPD,UNK,09,10,4458,CO,,1.4,E,ROSSVILLE BLVD,5,F,E,6198,CO,,PERRY HALL BLVD,39.4072025,-76.470154
01,03,,02,03,02,2,01,01,00,AE29890028,06.01,02-19-2015,17:21:00,,N,N,BACOPD,UNK,01,01,1,US,,16.66,N,BELAIR RD,0,F,N,4217,CO,,CARDWELL AVE,39.36575764,-76.51805878
01,03,,01,03,02,1,01,01,00,AE29890029,06.01,02-23-2015,10:57:00,,N,N,BACOPD,UNK,01,00,4200,CO,,1.27,N,RIDGE RD,250,F,N,4204,CO,,BENNERTON DR,39.37012875,-76.49885416
01,03,,02,11,03,1,01,01,10,AE2989002B,08.04,02-26-2015,07:29:00,,Y,N,BACOPD,UNK,01,09,7,MD,,9.4,E,PHILADELPHIA RD,0,F,E,3945,CO,,CARRINGTON DR,39.41016109,-76.41007304
01,03,,01,06,04,1,01,01,00,AE2989002F,06.01,03-03-2015,07:42:00,,N,N,BACOPD,UNK,01,01,4021,CO,,1.4,S,JOPPA RD,250,F,S,4034,CO,,KAHL AVE,39.40055311,-76.45248413
01,03,,02,17,04,1,01,01,10,AE2989002G,07.01,03-03-2015,10:02:00,,N,N,BACOPD,UNK,09,00,4199,CO,,1.18,S,BUCKS SCHOOLHOUSE RD,0,F,S,8735,CO,,BUCKS SCHOOLHOUSE RD LOOP,39.37208613,-76.48710608
01,03,,03,07,03,2,01,01,00,AE2989002H,06.01,03-06-2015,08:38:00,,Y,N,BACOPD,UNK,01,01,6539,CO,,1.52,E,HONEYGO BLVD,0,F,E,4090,CO,,SILVER SPRING RD,39.3855955,-76.45989776
01,03,,09.04,11,02,1,01,01,00,AE2989002J,06.01,03-09-2015,16:46:00,,N,N,BACOPD,UNK,01,00,1,US,,15.83,N,BELAIR RD,60,F,N,4232,CO,,OVERLEA AVE E,39.35739618,-76.52761817
01,03,,02,11,01,2,01,01,00,AE2989002K,03,03-10-2015,15:25:00,,Y,N,BACOPD,UNK,01,00,7,MD,,2.43,E,PHILADELPHIA RD,0,F,E,695,RP,,RAMP 6 FR MD 7 EB TO MD 695 SB,39.33179129,-76.4883399
99,03,,01,99,03,1,01,01,00,AE2989002L,08.04,03-11-2015,17:15:00,,N,N,BACOPD,UNK,02,00,4310,CO,,0,W,MANNINGTON AVE,500,F,W,4315,CO,,WESTWOOD AVE,39.3468185,-76.52956009
03,03,,02,11,02,1,01,03,00,AE2989002M,06.01,03-11-2015,20:56:00,,Y,N,BACOPD,UNK,01,00,6198,CO,,1.8,N,PERRY HALL BLVD,0,F,N,6539,CO,,HONEYGO BLVD,39.3730648,-76.47322297
01,03,,02,03,02,,01,04,00,AE2989002N,06.01,03-13-2015,17:31:00,,Y,N,BACOPD,UNK,01,00,40,US,,17.29,E,PULASKI HWY,0,F,E,4458,CO,,ROSSVILLE BLVD,39.33776605,-76.48100138
01,03,,02,11,02,1,00,01,00,AE2989002P,06.01,03-18-2015,12:41:00,,Y,N,BACOPD,UNK,01,09,4461,CO,,1.09,E,FRANKLIN SQUARE DR,0,F,E,4189,CO,,KING AVE,39.35737129,-76.46934986
99,03,,01,99,00,,01,00,00,AE29950007,99,01-17-2015,15:00:00,,N,N,BACOPD,UNK,02,00,542,MD,,0.98,N,LOCH RAVEN BLVD,0,U,N,3481,CO,,TAYLOR AVE,39.38498187,-76.57687426
01,03,,02,03,02,1,01,04,00,AE29950009,06.01,02-18-2015,16:32:00,,Y,N,BACOPD,UNK,01,01,8762,CO,,6.56,W,JOPPA RD E,0,F,W,1164,CO,,FAIRMOUNT AVE,39.40178008,-76.5961647
03,03,,01,09,02,2,01,01,00,AE30260004,00,02-20-2015,21:25:00,,Y,N,BACOPD,UNK,01,01,1,US,,19.05,N,BELAIR RD,0,F,N,4090,CO,,SILVER SPRING RD,39.39199682,-76.48836136
01,03,,02,02,02,1,01,01,00,AE3101000D,07.01,03-03-2015,08:25:00,PC09,N,N,BACOPD,UNK,01,09,4357,CO,,0,S,GOLDEN RING RD,0,F,S,4358,CO,,WILLANN RD,39.34063707,-76.51217937
01,03,,02,11,02,1,01,01,00,AE3101000F,06.01,03-16-2015,16:15:00,09/925,Y,N,BACOPD,UNK,01,00,4372,CO,,0.04,N,KENWOOD AVE,0,F,N,4384,CO,,CHAPEL HILL DR,39.33117719,-76.50016308
03,03,,01,17,05,,01,01,10,AE36200007,06.01,02-07-2015,22:00:00,,N,N,BACOPD,UNK,16,11,70,CO,,6.02,W,MIDDLETOWN RD,0,M,W,37,CO,,KEENEY MILL RD,39.68288289,-76.73184156
01,03,,01,88,02,1,01,01,00,AE36200008,06.01,03-12-2015,13:30:00,,N,N,BACOPD,UNK,01,00,137,MD,,6.63,E,MT CARMEL RD,0,M,E,7875,CO,,SUNSWEPT LA,39.5901463,-76.69467688
01,03,,00,88,02,,00,00,00,AE36200009,06.01,03-12-2015,16:30:00,,N,N,BACOPD,UNK,02,00,45,MD,,16.815,N,YORK RD,0,F,N,,UU,,HEREFORD HIGH SCHOOL,39.60046385,-76.6597867
01,03,,00,99,02,,01,00,00,AE36270004,06.01,01-20-2015,13:00:00,,N,N,BACOPD,UNK,02,00,6539,CO,,0,E,HONEYGO BLVD,0,U,E,6198,CO,,PERRY HALL BLVD,39.40648883,-76.44287109
03,03,,01,17,01,1,01,04,04,AE36270005,03,03-16-2015,22:24:00,,N,N,BACOPD,UNK,09,00,40,US,,16.67,E,PULASKI HWY,850,F,E,695,RP,,RAMP 6 FR US 40 EB TO MD 695 SB,39.33215643,-76.48792148
03,03,,03,01,00,1,00,01,00,AE3665000C,06.01,01-02-2015,20:08:00,,N,N,BACOPD,UNK,01,00,129,MD,,0.23,N,PARK HEIGHTS AVE,15,F,N,1587,CO,,OVERBROOK RD,39.37517967,-76.71248674
01,03,,03,07,00,1,00,01,00,AE3665000F,06.01,01-23-2015,13:07:00,,Y,N,BACOPD,UNK,01,00,2000,CO,,6.72,N,ROLLING RD,5,F,N,2072,CO,,CHURCH LA,39.36057332,-76.76251531
01,03,,01,03,02,1,01,01,00,AE3665000G,06.01,01-30-2015,14:39:00,,N,N,BACOPD,UNK,02,00,2022,CO,,0.96,N,WASHINGTON AVE,150,F,N,2035,CO,,KENBRIDGE RD,39.35680719,-76.74896479
05.02,03,,02,11,00,,01,01,10,AE3665000J,06.01,02-03-2015,07:44:00,,Y,N,BACOPD,UNK,01,09,1700,CO,,3.89,E,OLD COURT RD,0,F,E,2163,CO,,SCOTTS LEVEL RD,39.36725065,-76.75310612
01,03,,02,02,00,1,01,01,00,AE3665000K,06.01,02-11-2015,14:37:00,,N,N,BACOPD,UNK,01,00,1800,CO,,2.26,W,MILFORD MILL RD,0,F,W,2044,CO,,OLD MILFORD MILL RD,39.35789391,-76.75332069
01,03,,02,02,00,1,01,01,00,AE3665000N,06.01,03-03-2015,11:43:00,,N,N,BACOPD,UNK,01,00,1883,CO,,0.09,N,ALTER ST,0,F,N,1882,CO,,CHISHOLM DR,39.34969744,-76.71839833
01,03,,01,08,01,2,01,01,00,AE3665000P,03,03-10-2015,16:22:00,,Y,N,BACOPD,UNK,01,01,26,MD,,9.777,E,LIBERTY RD,75,F,E,1861,CO,,PATTERSON AVE,39.34080302,-76.72289371
05.02,03,,01,17,00,1,01,01,00,AE3665000Q,06.01,03-17-2015,06:17:00,,N,N,BACOPD,UNK,08,00,1852,CO,,1.11,S,CAMPFIELD RD,150,F,S,1859,CO,,WILDWOOD AVE,39.34720845,-76.7227006
01,03,,01,03,02,2,01,01,00,AE3665000R,06.01,03-27-2015,16:37:00,,Y,N,BACOPD,UNK,01,00,26,MD,,7.587,E,LIBERTY RD,50,F,E,2064,CO,,MILLVALE RD,39.35416912,-76.75960779
01,03,,01,03,02,1,01,01,00,AE36810003,06.01,03-12-2015,09:26:00,,N,N,BACOPD,UNK,01,01,146,MD,,3.41,N,DULANEY VALLEY RD,250,F,N,847,CO,,SURREY RD,39.02771884,-76.93725586
01,03,,01,09,02,1,01,01,00,AE36810004,06.01,03-18-2015,15:44:00,,N,N,BACOPD,UNK,01,00,1054,CO,,0.15,E,BELLONA AVE,200,F,E,1051,CO,,LINCOLN AVE,39.41917101,-76.62461221
03,03,,00,17,04,1,00,01,08,AE36840004,88,03-06-2015,05:15:00,11 1143,N,N,BACOPD,UNK,09,00,702,MD,,4.174,E,SOUTHEAST BLVD,60,F,E,4967,CO,,BACK RIVER NECK RD,39.33217302,-76.42793655
03,03,,01,17,04,1,01,03,06,AE36870005,06.01,01-08-2015,00:30:00,,N,N,BACOPD,UNK,00,00,535,CO,,0.28,N,HERNWOOD RD,1,M,N,6224,CO,,OFFUTT CT,39.34582702,-76.85566574
04,03,,01,17,04,1,01,03,11,AE36870006,03,01-11-2015,23:51:00,,N,N,BACOPD,UNK,00,00,2356,CO,,0.88,E,DOGWOOD RD,1,M,E,2355,CO,,WRIGHTS MILL RD,39.33124358,-76.81655645
04,03,,01,17,04,1,01,01,06,AE36870007,12.04,01-24-2015,01:47:00,,N,N,BACOPD,UNK,00,00,2300,CO,,1.42,S,OFFUTT RD,50,F,S,7326,CO,,SLALOM RUN DR,39.35536373,-76.81623459
03,03,,03,01,02,1,01,01,00,AE37120003,00,02-23-2015,01:30:00,,N,N,BACOPD,UNK,02,00,5194,CO,,0,S,SNYDER AVE,20,F,S,5195,CO,,RAILWAY AVE,39.27681615,-76.52715683
03,03,,01,03,02,1,01,02,00,AE37120004,06.01,03-22-2015,02:20:00,,N,N,BACOPD,UNK,02,00,5215,CO,,0,W,WILLIAMS AVE,50,F,W,5278,CO,,SOLLERS POINT RD,39.27048734,-76.52664185
07.88,03,,01,00,02,1,01,04,04,AE37140004,06.01,01-11-2015,04:52:00,PC-11,N,N,BACOPD,UNK,09,09,43,MD,,6.91,E,WHITE MARSH BLVD,100,F,E,,UU,,SPUR FR CROSSROADS CIR,39.35920459,-76.40868902
03,03,,02,11,01,1,01,04,00,AE37140005,03,01-24-2015,00:09:00,PC11,Y,N,BACOPD,UNK,01,00,40,US,,21.5,E,PULASKI HWY,0,F,E,4095,CO,,EBENEZER RD,39.38019497,-76.4274779
03,03,,00,01,02,1,01,01,04,AE37140006,06.01,02-16-2015,00:54:00,03,N,N,BACOPD,UNK,01,09,4471,CO,,0.605,E,WAMPLER RD,1,M,E,6947,CO,,PAWNEE RD,39.33832201,-76.43785
03,03,,03,17,02,1,01,01,05,AE37140007,06.01,03-08-2015,01:23:00,03,Y,N,BACOPD,UNK,09,00,4475,CO,,0.16,S,RIVERTON RD,20,M,S,700,MD,,MARTIN BLVD,39.33320204,-76.44109011
01,03,,01,17,04,2,01,01,04,AE37260005,03,01-18-2015,07:24:00,,N,N,BACOPD,UNK,09,16,122,MD,,1.26,E,SECURITY BLVD,0,M,E,86,GV,,ROBERT MYERS BLVD,39.31117444,-76.72570467
01,03,,01,88,02,1,01,01,00,AE37260006,06.01,02-11-2015,12:50:00,,Y,N,BACOPD,UNK,01,00,6382,CO,,1.84,S,LORD BALTIMORE DR,20,F,S,2356,CO,,DOGWOOD RD,39.3224132,-76.7494154
01,03,,88,99,02,,01,88,00,AE37260007,07.01,03-03-2015,10:36:00,,N,N,BACOPD,UNK,02,00,40,US,,2.85,E,BALTO NATIONAL PIKE,0,U,E,2621,CO,,INGLESIDE AVE,39.28820989,-76.73134804
07.88,03,,01,99,02,,01,00,00,AE37260008,00,03-24-2015,15:05:00,,N,N,BACOPD,UNK,02,00,2554,CO,,0.15,W,WHITLOCK RD,200,F,W,2555,CO,,ADDINGTON RD,39.29173062,-76.71815157
03,03,,01,03,03,1,01,01,00,AE37270006,10.04,01-06-2015,06:16:00,,N,N,BACOPD,UNK,01,01,429,CO,,1.16,N,MCCORMICK RD,300,F,N,6611,CO,,INTERNATIONAL CIR,39.49870937,-76.65903568
03,03,,01,00,04,1,01,00,00,AE37270007,12.04,01-12-2015,03:28:00,,N,N,BACOPD,UNK,02,02,6986,CO,,0.05,S,CHERRYWOOD CT,250,F,S,6987,CO,,SILVERSAGE CT,39.49715708,-76.63955212
04,03,,01,17,02,1,01,01,88,AE37270008,00,01-25-2015,05:22:00,,N,N,BACOPD,UNK,09,00,429,CO,,1.8,N,MCCORMICK RD,250,F,N,45,MD,,YORK RD,39.50077904,-76.65171862
04,03,,08.04,17,04,1,01,01,06,AE37270009,12.04,02-09-2015,23:42:00,,N,N,BACOPD,UNK,09,00,241,CO,,0.084,N,PHOENIX RD,600,F,N,8710,CO,,HUNT CREEK LA SPUR,39.51312952,-76.6396594
03,03,,01,03,02,1,01,01,00,AE37390003,06.01,01-30-2015,22:08:00,,N,N,BACOPD,UNK,01,01,45,MD,,1.94,N,YORK RD,150,F,N,1179,CO,,CHESAPEAKE AVE W,39.39912713,-76.60277367
03,03,,02,17,02,,01,88,10,AE37390004,06.01,02-13-2015,02:15:00,,N,N,BACOPD,UNK,09,00,45,MD,,2.13,N,YORK RD,0,F,N,,UU,,TOWSON ROUNDABOUT,39.40199563,-76.60279512
01,24,,01,08,06.03,1,01,01,00,ADJ2560001,06.01,01-07-2015,07:30:00,,Y,N,BALTIMORE,UNK,02,00,4280,MU,,0,N,SCOTT ST,25,F,N,,UU,,ENT TO STADIUM PARKING,39.28363642,-76.62890375
01,24,,03,03,02,1,01,01,00,ADJ2560003,06.01,01-09-2015,09:06:00,639,Y,N,BALTIMORE,UNK,01,00,1395,MU,,0.956,W,W LOMBARD ST,10,F,W,,UU,,S POPPLETON ST,39.28681069,-76.63208485
01,24,,03,11,02,1,01,01,00,ADJ2560004,06.01,01-10-2015,10:33:00,821,N,N,BALTIMORE,UNK,01,00,4280,MU,,0.494,N,SCOTT ST,0,F,N,,UU,,MCHENRY ST,39.28486753,-76.6289413
01,24,,00,02,02,1,01,01,00,ADJ2560005,06.01,01-29-2015,15:30:00,CAD:1757,N,N,BALTIMORE,UNK,02,00,1395,MU,,1.411,W,W LOMBARD ST,150,F,W,,UU,,S STRICKER ST,39.28607163,-76.6407913
01,03,,01,07,02,1,01,01,00,ADJ2560006,07.01,01-29-2015,15:10:00,941,N,N,BALTIMORE,UNK,02,02,,,,,,CARROLL ST,0,U,,,,,BARRE ST,39.28213125,-76.6271925
01,24,,03,05,02,2,01,04,00,ADJ2560007,06.01,02-07-2015,17:00:00,CAD:1961,Y,N,BALTIMORE,UNK,01,00,1281,MU,,0.2,W,WASHINGTON BLVD,0,M,W,6020,MU,,MARTIN LUTHER KING JR BLVD,39.28339352,-76.62609816
01,24,,02,11,02,2,01,02,00,ADJ2560009,06.01,02-25-2015,15:35:00,CAD:1745,Y,N,BALTIMORE,UNK,01,00,1,US,,9.45,S,MONROE ST (SB COUPLET),0,F,S,,UU,,MCHENRY ST,39.28423226,-76.64670825
01,24,,01,07,99,,01,01,00,ADJ256000B,00,03-06-2015,12:00:00,CAD:5127,N,N,BALTIMORE,UNK,02,00,4300,MU,,0.6,N,BAYARD ST,100,F,N,1281,MU,,WASHINGTON BLVD,39.27992428,-76.63711667
01,24,,01,07,02,1,01,02,00,ADJ256000C,06.01,03-06-2015,16:25:00,CAD:5162,N,N,BALTIMORE,UNK,02,00,,,,,,MONROE,200,F,,,,,WILHELM,39.28393746,-76.64672434
01,24,,03,03,02,1,01,02,00,ADJ256000D,06.01,03-23-2015,14:10:00,CAD:1266,Y,N,BALTIMORE,UNK,01,00,1,US,,9.25,S,MONROE ST (SB COUPLET),10,F,S,,UU,,HOLLINS ST,39.28679823,-76.646837
03,24,,02,07,02,1,01,01,00,ADJ256000F,06.01,03-25-2015,21:04:00,CAD:2613,Y,N,BALTIMORE,UNK,01,00,43,MU,,1.33,N,S MONROE ST,0,F,N,1,US,,WILKENS AVE,39.28199007,-76.64654732
06.02,24,,00,08,01,2,01,02,00,ADJ256000G,03,03-31-2015,16:36:00,CAD:2102,N,N,BALTIMORE,UNK,02,00,1391,MU,,0,E,W PRATT ST,10,F,E,,,,PARRISH ST,39.28538031,-76.64157182
01,24,,03,07,01,,01,01,00,ADJ2580001,06.01,03-02-2015,08:25:00,1B12,N,N,BALTIMORE,UNK,02,00,1750,MU,,0,N,N EUTAW ST,40,F,N,1670,MU,,W BALTIMORE ST,39.28952473,-76.62099928
01,24,,02,08,02,2,01,02,00,ADJ2580002,06.01,03-03-2015,10:55:00,1B12,Y,N,BALTIMORE,UNK,01,00,1395,MU,,0.15,W,W LOMBARD ST,0,F,W,1714,MU,,HOPKINS PL,39.2876458,-76.61778733
03,24,,01,03,02,3,01,02,00,ADJ2580003,06.01,03-08-2015,21:15:00,1B12,N,N,BALTIMORE,UNK,01,00,295,MD,,3.13,N,PACA ST (NB COUPLET),10,F,N,1395,MU,,W LOMBARD ST,39.28758415,-76.62217677
01,24,,01,17,02,2,01,04,00,ADJ2600001,06.01,01-13-2015,14:46:00,1582,N,N,BALTIMORE,UNK,04,03,129,MD,,3.593,N,PARK HEIGHTS AVE,30,F,N,,UU,,CLASSEN AVE,39.33801499,-76.66529059
01,24,,02,17,02,3,01,04,00,ADJ2600002,06.01,02-25-2015,17:05:00,CAD 2070,Y,N,BALTIMORE,UNK,03,03,26,MD,,3.19,E,LIBERTY HEIGHTS AVE,0,F,E,3095,MU,,TIOGA PKWY,39.31922603,-76.65579557
01,24,,02,07,02,1,01,04,00,ADJ2600003,06.01,03-09-2015,10:37:00,80810,Y,N,BALTIMORE,UNK,01,00,1023,MU,,1.38,E,GWYNNS FALLS PKWY,0,F,E,3095,MU,,TIOGA PKWY,39.31538297,-76.65913224
06.02,24,,01,07,01,,01,04,00,ADJ2600004,03,03-15-2015,10:10:00,40851,N,N,BALTIMORE,UNK,02,02,129,MD,,3.25,N,PARK HEIGHTS AVE,30,F,N,,UU,,KEYWORTH AVE,39.33393645,-76.66235626
01,24,,01,07,02,,01,01,00,ADJ2600005,06.01,03-23-2015,10:00:00,20711,N,N,BALTIMORE,UNK,02,00,140,MD,,2.132,N,REISTERSTOWN RD,20,F,N,,UU,,QUANTICO AVE,39.33652965,-76.66597724
01,24,,01,03,01,2,01,04,00,ADJ2600006,03,03-27-2015,10:30:00,60907,N,N,BALTIMORE,UNK,01,00,26,MD,,2.997,E,LIBERTY HEIGHTS AVE,20,F,E,,UU,,BURLEITH AVE,39.32048764,-76.65977597
01,24,,01,17,02,1,01,02,00,ADJ2600007,05,03-27-2015,16:00:00,2006,N,N,BALTIMORE,UNK,03,00,,,,,,4900 CORDELIA AVE,20,F,,,,,3700 ARCADIA AVE,39.3429894,-76.67869627
03,24,,01,08,02,1,01,04,00,ADJ2620001,06.01,01-02-2015,20:00:00,CAD:2109,N,N,BALTIMORE,UNK,02,02,1023,MU,,0.62,E,GWYNNS FALLS PKWY,100,F,E,2880,MU,,N HILTON ST,39.31435784,-76.67235285
03,24,,01,17,01,3,01,04,04,ADJ2620002,88,01-05-2015,21:00:00,CAD:2600,N,N,BALTIMORE,UNK,00,00,10,MU,,1.73,W,WABASH AVE,100,F,W,2160,MU,,N ROGERS AVE,39.34300599,-76.69291735
01,24,,01,07,02,2,01,01,00,ADJ2620003,06.01,01-16-2015,15:22:00,CAD:1873,N,N,BALTIMORE,UNK,02,00,129,MD,,4.875,N,PARK HEIGHTS AVE,100,F,N,,UU,,CLOVER RD,39.35034457,-76.68045044
01,24,,02,11,02,1,01,03,00,ADJ2620004,06.01,02-06-2015,10:09:00,CAD:890,Y,N,BALTIMORE,UNK,01,00,2795,MU,,0.62,W,STRATHMORE AVE,0,F,W,,UU,,PEARCE AVE,39.36198349,-76.69162989
03,24,,02,07,02,2,01,03,00,ADJ2620005,06.01,02-12-2015,19:56:00,CAD: 283,N,N,BALTIMORE,UNK,01,00,2125,MU,,0.379,N,GARRISON BLVD,0,F,N,,UU,,PIEDMONT AVE,39.31600551,-76.6769743
03,24,,02,08,04,2,01,03,00,ADJ2620006,06.01,02-24-2015,22:17:00,CAD:2965,Y,N,BALTIMORE,UNK,01,00,2725,MU,,0.81,E,DRUID PARK DR,0,F,E,2130,MU,,GREENSPRING AVE,39.33048839,-76.65417552
01,24,,02,11,02,1,01,03,00,ADJ2620007,06.01,02-24-2015,17:21:00,CAD:2057,Y,N,BALTIMORE,UNK,01,01,2100,MU,,0.56,E,W COLD SPRING LA,0,F,E,10,MU,,WABASH AVE,39.33668731,-76.6735518
99,24,,01,07,01,1,01,01,00,ADJ2620008,03,03-14-2015,12:00:00,CAD#1052,N,N,BALTIMORE,UNK,02,00,129,MD,,4.145,N,PARK HEIGHTS AVE,30,F,N,,UU,,VIRGINIA AVE,39.34435844,-76.67010248