LIGHT_CODE,COUNTY_NO,MUNI_CODE,JUNCTION_CODE,COLLISION_TYPE_CODE,SURF_COND_CODE,LANE_CODE,RD_COND_CODE,RD_DIV_CODE,FIX_OBJ_CODE,REPORT_NO,WEATHER_CODE,ACC_DATE,ACC_TIME,LOC_CODE,SIGNAL_FLAG,C_M_ZONE_FLAG,AGENCY_CODE,AREA_CODE,HARM_EVENT_CODE1,HARM_EVENT_CODE2,RTE_NO,ROUTE_TYPE_CODE,RTE_SUFFIX,LOG_MILE,LOGMILE_DIR_FLAG,MAINROAD_NAME,DISTANCE,FEET_MILES_FLAG,DISTANCE_DIR_FLAG,REFERENCE_NO,REFERENCE_TYPE_CODE,REFERENCE_SUFFIX,REFERENCE_ROAD_NAME,LATITUDE,LONGITUDE
04,24,,01,88,02,,01,88,10,ADJ531000F,06.01,02-03-2015,17:50:00,,N,N,BALTIMORE,UNK,09,09,151,MD,,2.55,N,ERDMAN AVE,100,F,N,1070,MU,,SINCLAIR LA,39.31380999,-76.57006681
07.88,24,,01,88,02,2,01,99,00,ADJ531000G,06.01,02-03-2015,17:00:00,,N,N,BALTIMORE,UNK,01,00,1180,MU,,2.347,E,FEDERAL ST,25,F,E,,UU,,ORVILLE AVE,39.30959307,-76.5587157
01,24,,01,09,02,1,01,03,00,ADJ531000H,06.01,02-04-2015,16:00:00,,N,N,BALTIMORE,UNK,01,00,1,US,,10.973,N,BELAIR RD,50,F,N,,UU,,GRANITE RD,39.34506577,-76.54174268
03,24,,02,11,04,2,01,03,00,ADJ531000J,06.01,02-05-2015,18:57:00,,N,N,BALTIMORE,UNK,01,00,,,,,,LOCH RAVEN ROAD,0,F,,,,,LAKESIDE,39.32930995,-76.59789741
01,24,,01,07,02,1,01,02,00,ADJ531000K,06.01,02-05-2015,17:10:00,,N,N,BALTIMORE,UNK,01,00,,,,,,BRENDAN,100,F,,,,,KAVON,39.32298381,-76.57067567
01,24,,02,14,02,2,01,03,00,ADJ531000M,06.01,02-11-2015,08:00:00,CAD 0567,Y,N,BALTIMORE,UNK,01,01,2430,MU,,0,S,PLAINFIELD AVE,0,F,S,961,MU,,HAMILTON AVE,39.33840499,-76.54105872
01,24,,01,03,02,2,01,03,00,ADJ531000N,06.01,02-12-2015,11:00:00,CAD 975,N,N,BALTIMORE,UNK,01,00,2450,MU,,0,N,FRANKFORD AVE,100,F,N,1020,MU,,MORAVIA PARK DR,39.31874462,-76.54007971
01,24,,02,03,03,2,01,04,00,ADJ531000Q,07.01,02-17-2015,13:00:00,CAD 910,Y,N,BALTIMORE,UNK,01,00,151,MD,,1.9,N,ERDMAN AVE,0,F,N,3000,MU,,N MACON ST,39.30696982,-76.55926287
01,24,,01,03,01,2,01,03,00,ADJ531000R,06.01,02-18-2015,14:30:00,CAD 1474,N,N,BALTIMORE,UNK,01,00,147,MD,,0.39,N,HARFORD RD,50,F,N,4650,MU,,E 25TH ST,39.317082,-76.594993
01,24,,01,03,01,2,01,01,00,ADJ531000S,06.01,02-18-2015,13:30:00,CAD 1274,N,N,BALTIMORE,UNK,01,00,,,,,,SCHAUB,1,M,,,,,FRANKFORD,39.323225,-76.539822
01,24,,02,11,01,2,01,04,00,ADJ531000T,06.01,02-18-2015,14:35:00,CAD 1465,Y,N,BALTIMORE,UNK,01,00,1685,MU,,0,W,PULASKI HWY,0,F,W,40,US,,PULASKI HWY,39.309857,-76.530498
01,24,,01,88,01,1,01,00,00,ADJ531000V,00,02-24-2015,07:50:00,CAD 423,N,N,BALTIMORE,UNK,01,00,,,,,,KAVON,25,F,,,,,SHELDON,39.32752773,-76.56312257
01,24,,02,03,01,1,01,02,00,ADJ531000W,00,02-25-2015,12:00:00,CAD1133,Y,N,BALTIMORE,UNK,01,00,,,,,,ROUNDHILL,0,F,,,,,TIVOLY,39.33791956,-76.59211859
01,24,,02,99,01,3,01,03,00,ADJ531000X,06.01,02-25-2015,13:30:00,CAD1316,N,N,BALTIMORE,UNK,01,01,,,,,,25TH STREET,0,F,,,,,AIKEN,39.31707211,-76.59720004
06.02,24,,02,11,02,1,01,04,00,ADJ6200001,06.01,02-13-2015,18:00:00,CAD2514,Y,N,BALTIMORE,UNK,01,01,100,MU,,1.964,W,W PATAPSCO AVE,0,F,W,,UU,,MALLVIEW RD,39.25070819,-76.6433394
03,24,,02,01,01,1,01,01,00,ADJ6200002,03,03-04-2015,19:20:00,CAD 3225,Y,N,BALTIMORE,UNK,01,01,,,,,,2800BLK WEGWORTH LANE,0,F,,,,,2900 BLK MALLVIEW RD,39.25340001,-76.6410327
01,03,,01,17,01,1,00,01,00,ADJ6200003,08.04,03-20-2015,07:37:00,90531,N,N,BALTIMORE,UNK,03,00,1900,CO,,0,S,WINDSOR MILL RD,0,U,S,2093,CO,,INWOOD RD,39.28563567,-76.64729834
03,24,,01,03,02,1,01,03,00,ADJ6210001,06.01,01-05-2015,20:00:00,,N,N,BALTIMORE,UNK,01,03,,,,3.22,N,BELAIR RD,20,F,N,,,,ERDMAN AVE,39.25777815,-76.56646729
01,24,,01,02,02,2,01,03,00,ADJ6210004,06.01,02-05-2015,16:50:00,,N,N,BALTIMORE,UNK,01,01,1,US,,4.89,N,NORTH AVE,10,F,N,129,MD,,MCCULLOH ST,39.31021151,-76.63757801
03,24,,09.04,88,02,,01,01,00,ADJ6210005,06.01,02-05-2015,19:10:00,,N,N,BALTIMORE,UNK,01,01,4005,MU,,0.325,S,PENNSYLVANIA AVE,5,F,S,1,US,,NORTH AVE,39.31053111,-76.64299607
01,24,,10.04,11,01,2,01,02,00,ADJ6210006,06.01,02-11-2015,12:29:00,,N,N,BALTIMORE,UNK,01,01,129,MD,,1.45,N,MCCULLOH ST,5,F,N,,UU,,CLOVERDALE RD,39.31421257,-76.640625
01,24,,00,09,02,,01,02,00,ADJ6210007,06.01,02-12-2015,14:04:00,,N,N,BALTIMORE,UNK,01,01,4010,MU,,0,E,WHITELOCK ST,5,F,E,,UU,,WOODBROOK AVE,39.31056016,-76.64124727
01,24,,02,11,02,1,01,01,00,ADJ6210008,06.01,02-19-2015,12:55:00,1236,N,N,BALTIMORE,UNK,01,01,,,,,,PRESBURY ST,0,F,,,,,N PAYSON ST,39.30777922,-76.64972305
01,24,,00,17,00,1,01,02,08,ADJ6210009,06.01,02-27-2015,07:45:00,CAD#0507,N,N,BALTIMORE,UNK,10,10,129,MD,,1.45,N,MCCULLOH ST,5,F,N,,UU,,CLOVERDALE RD,39.31462761,-76.64115071
01,24,,02,05,00,1,01,02,00,ADJ621000B,06.01,02-27-2015,10:00:00,CAD#0831,N,N,BALTIMORE,UNK,01,01,129,MD,,1.08,N,MCCULLOH ST,0,F,N,1,US,,NORTH AVE,39.31022396,-76.63697988
01,24,,00,99,02,,01,03,99,ADJ621000C,06.01,03-03-2015,12:13:00,21825,N,N,BALTIMORE,UNK,02,02,,,,,,N MOUNT ST,5,F,,,,,W LEXINGTON ST,39.2912158,-76.64395094
01,24,,00,88,01,,01,01,00,ADJ621000D,03,03-10-2015,18:34:00,92203,N,N,BALTIMORE,UNK,02,02,,,,,,BAKER ST,5,F,,,,,PENNSYLVANIA AVE,39.30859121,-76.63999267
01,24,,00,88,01,1,01,01,19.01,ADJ621000F,03,03-11-2015,13:45:00,22102,N,N,BALTIMORE,UNK,09,09,,,,,,LIBERTY HEIGHTS,5,F,,,,,GWYNNS FALLS,39.31664464,-76.65460467
01,24,,02,11,02,1,01,01,00,ADJ621000G,06.01,03-17-2015,18:50:00,CAD62539,N,N,BALTIMORE,UNK,01,01,,,,,,N. CALHOUN ST,0,F,,,,,CUMBERLAND ST,39.30800959,-76.64349765
03,24,,01,99,02,1,01,01,00,ADJ621000H,06.01,03-25-2015,19:46:00,CAD#2612,N,N,BALTIMORE,UNK,01,01,1870,MU,,1.01,S,N CAREY ST,5,F,S,,UU,,HARLEM AVE,39.29652981,-76.63859725
03,24,,00,88,02,,01,04,00,ADJ621000J,06.01,03-31-2015,23:00:00,CAD#3189,N,N,BALTIMORE,UNK,01,01,1,US,,4.19,N,FULTON AVE (NB COUPLET),5,F,N,2005,MU,,BAKER ST,39.30593212,-76.64628983
07.88,24,,00,01,01,1,01,00,00,ADJ6220001,99,01-10-2015,20:00:00,692,N,N,BALTIMORE,UNK,01,00,2525,MU,,0.701,S,BREHMS LA,500,F,S,,UU,,MAYFIELD AVE,39.31982571,-76.56959474
99,24,,02,17,99,1,99,02,00,ADJ6220002,99,01-09-2015,17:30:00,CAD0937,Y,U,BALTIMORE,UNK,03,03,2570,MU,,0.909,N,HILLEN RD,0,F,N,,UU,,WAVEWORTH RD,39.36374306,-76.58288643
99,24,,01,99,01,,99,01,00,ADJ6220003,12.04,01-24-2015,09:45:00,CAD0830,N,N,BALTIMORE,UNK,02,00,1140,MU,,0.148,W,WOODBOURNE AVE,30,F,W,,UU,,WILLOWTON AVE,39.35451547,-76.57923192
01,24,,02,11,01,1,00,04,00,ADJ6220004,03,01-26-2015,09:55:00,CAD0719,Y,N,BALTIMORE,UNK,01,00,2940,MU,,1.377,N,EDISON HWY,0,F,N,,UU,,LAWNVIEW AVE,39.31906833,-76.57060862
01,24,,00,99,01,,00,01,00,ADJ6220005,07.01,01-26-2015,13:30:00,CAD1257,N,N,BALTIMORE,UNK,02,00,1,US,,8.65,N,BELAIR RD,0,M,N,,UU,,MAYFIELD AVE,39.31959123,-76.56902611
07.88,24,,02,03,99,,99,01,00,ADJ6220006,99,01-30-2015,04:30:00,1087,Y,U,BALTIMORE,UNK,01,00,2455,MU,,1.98,S,FRANKFORD AVE,0,F,S,1070,MU,,SINCLAIR LA,39.32348386,-76.54063225
07.88,24,,00,88,99,1,00,02,00,ADJ6220007,00,01-31-2015,03:30:00,1802,N,N,BALTIMORE,UNK,02,00,2485,MU,,0.22,N,MANNASOTA AVE,0,M,N,,UU,,KENTUCKY AVE,39.3212533,-76.56729341
01,24,,01,03,01,1,01,01,00,ADJ6220008,03,02-02-2015,10:20:00,655,Y,N,BALTIMORE,UNK,01,00,1050,MU,,0.35,S,ERDMAN AVE,0,F,S,2530,MU,,CROSSLAND AVE,39.32506077,-76.5791595
07.88,24,,01,99,99,,99,01,00,ADJ6220009,99,02-01-2015,21:15:00,1042,N,N,BALTIMORE,UNK,02,00,1100,MU,,0.336,N,PARKSIDE DR,0,F,N,,UU,,ROBERTON AVE,39.3226207,-76.55771255
01,24,,01,88,01,1,00,02,00,ADJ622000C,03,03-20-2015,09:50:00,CAD90768,N,N,BALTIMORE,UNK,02,02,1,US,,8.5,N,BELAIR RD,200,F,N,,UU,,MARECO AVE,39.32048349,-76.5744254
06.02,24,,02,03,01,1,01,04,00,ADJ622000D,00,02-19-2015,19:40:00,CAD2686,N,N,BALTIMORE,UNK,01,00,147,MD,,3.05,N,HARFORD RD,0,F,N,,UU,,AILSA AVE,39.34697406,-76.5660435
99,24,,00,99,99,,00,02,00,ADJ622000F,99,03-19-2015,19:00:00,CAD670,N,N,BALTIMORE,UNK,02,00,1,US,,9.46,N,BELAIR RD,25,F,N,,UU,,STANWOOD AVE,39.33036183,-76.56233534
01,24,,99,88,99,,99,99,88,ADJ6230001,06.01,02-27-2015,16:24:00,CAD#2084,N,U,BALTIMORE,UNK,01,03,1370,MU,,1.257,E,E MONUMENT ST,0,F,E,,UU,,N DUNCAN ST,39.2986636,-76.58721685
01,24,,02,88,02,2,01,04,88,ADJ6230002,07.01,03-03-2015,08:21:00,CAD21241,Y,N,BALTIMORE,UNK,01,09,1680,MU,,1.32,W,1700 BLK E FAYETTE ST,0,F,W,1445,MU,,100 BLK N BROADWAY,39.29394343,-76.593858
03,24,,03,03,02,2,01,03,00,ADJ6240001,06.01,01-07-2015,23:15:00,,Y,N,BALTIMORE,UNK,01,00,1,US,,9.53,N,BELAIR RD,0,F,N,55,MU,,MORAVIA RD,39.33110214,-76.56156823
05.02,24,,02,11,02,2,01,04,00,ADJ6240002,00,01-10-2015,06:30:00,,N,N,BALTIMORE,UNK,01,00,,,,,,WALTHER,0,F,,,,,BELLEVALE,39.35597088,-76.54188551
03,24,,01,07,02,1,01,02,00,ADJ6240003,06.01,01-25-2015,06:15:00,CAD0583,N,N,BALTIMORE,UNK,02,02,,,,,,SHELDON AVE,100,F,,,,,FINDLAY,39.32627248,-76.56148911
06.02,24,,02,11,02,2,01,03,00,ADJ6240004,06.01,01-31-2015,16:40:00,,Y,N,BALTIMORE,UNK,01,00,2455,MU,,1.98,S,FRANKFORD AVE,0,F,S,1070,MU,,SINCLAIR LA,39.32361873,-76.54074222
03,24,,01,08,03,1,01,01,00,ADJ6240005,08.04,02-18-2015,18:45:00,CAD3322,N,N,BALTIMORE,UNK,02,00,,,,,,GIBBONS AVE,50,F,,,,,TWIN OAK AVE,39.34867043,-76.55975908
01,24,,01,03,02,1,01,04,00,ADJ6240006,06.01,02-27-2015,16:35:00,CAD2097,N,N,BALTIMORE,UNK,01,01,40,US,,9.88,E,PULASKI HWY,0,F,E,1020,MU,,MORAVIA PARK DR,39.30845994,-76.53256416
01,24,,01,03,02,1,01,03,00,ADJ6240007,06.01,03-09-2015,12:20:00,CAD81050,N,N,BALTIMORE,UNK,01,00,1,US,,8.6,N,BELAIR RD,100,F,N,1050,MU,,ERDMAN AVE,39.32258558,-76.57236546
01,24,,01,05,02,1,01,01,00,ADJ6240008,06.01,03-10-2015,08:30:00,CAD0507,N,N,BALTIMORE,UNK,01,00,1,US,,8.6,N,BELAIR RD,50,F,N,1050,MU,,ERDMAN AVE,39.32191937,-76.57326132
01,24,,01,03,02,1,01,02,00,ADJ6240009,06.01,03-18-2015,13:30:00,CAD1232,N,N,BALTIMORE,UNK,02,00,,,,,,JENNIFER RD,10,F,,,,,E 29TH ST,39.32485329,-76.58760309
99,24,,01,03,99,,01,01,00,ADJ624000B,00,03-23-2015,11:30:00,CAD0922,N,N,BALTIMORE,UNK,02,00,151,MD,,3.22,N,ERDMAN AVE,50,F,N,1050,MU,,ERDMAN AVE (AHEAD),39.30485811,-76.55570626
01,24,,01,07,02,1,01,01,00,ADJ624000C,06.01,03-23-2015,13:15:00,CAD1063,N,N,BALTIMORE,UNK,02,00,2525,MU,,0.459,S,BREHMS LA,10,F,S,,UU,,PELHAM AVE,39.32106701,-76.56517848
99,24,,01,01,02,1,01,01,00,ADJ624000D,99,03-25-2015,12:05:00,CAD1040,N,N,BALTIMORE,UNK,02,00,,,,,,PURDUE,10,F,,,,,HARWOOD ,39.35575692,-76.59350663
01,24,,01,11,02,,01,01,00,ADJ624000F,06.01,03-25-2015,14:30:00,CAD1490,N,N,BALTIMORE,UNK,02,00,,,,,,WILLOWTON,50,F,,,,,WADSWORTH WAY,39.35904328,-76.5767549
05.02,03,,01,01,03,1,01,01,00,AE3788000Q,08.04,01-06-2015,06:32:00,,N,N,BACOPD,UNK,01,01,2366,CO,,0.76,E,JOHNNYCAKE RD,500,F,E,7563,CO,,CROSS TRAILS RD,39.31432878,-76.78700924
01,03,,02,17,03,,01,04,11,AE3788000R,08.04,01-06-2015,09:22:00,,N,N,BACOPD,UNK,09,00,6382,CO,,2.39,S,LORD BALTIMORE DR,0,F,S,,UU,,ROUNDABOUT,39.31750373,-76.75138414
01,03,,01,03,03,1,01,01,00,AE3788000S,06.01,01-07-2015,10:56:00,,N,N,BACOPD,UNK,01,00,2518,CO,,0,N,CENTRAL AVE,200,F,N,2621,CO,,INGLESIDE AVE,39.29694495,-76.72623038
01,03,,03,03,02,1,01,01,00,AE3788000T,06.01,01-13-2015,16:36:00,,N,N,BACOPD,UNK,01,01,1900,CO,,3.53,S,WINDSOR MILL RD,100,F,S,1947,CO,,LUGINE AVE,39.33272073,-76.74360037
01,03,,02,02,02,2,01,01,00,AE3788000V,06.01,01-15-2015,16:12:00,,Y,N,BACOPD,UNK,01,00,26,MD,,3.677,E,LIBERTY RD,0,F,E,533,CO,,MARRIOTTSVILLE RD,39.38125852,-76.82317615
03,03,,01,09,02,1,01,01,00,AE3788000W,06.01,01-15-2015,18:06:00,,N,N,BACOPD,UNK,01,00,8018,CO,,0.38,E,GWYNN OAK AVE,500,F,E,2428,CO,,POPLAR DR,39.32629738,-76.71789408
05.02,03,,01,17,02,1,01,01,00,AE3788000Y,06.01,01-29-2015,07:01:00,,N,N,BACOPD,UNK,03,00,1900,CO,,4.3,S,WINDSOR MILL RD,100,F,S,7933,CO,,SOVEREIGN CT,39.32568323,-76.73306465
03,03,,01,03,02,1,01,01,00,AE3788000Z,06.01,02-02-2015,17:58:00,,N,N,BACOPD,UNK,01,00,1900,CO,,3.01,S,WINDSOR MILL RD,500,F,S,6382,CO,,LORD BALTIMORE DR,39.33335141,-76.75372839
03,03,,02,02,02,1,01,01,00,AE37880010,07.01,02-04-2015,19:30:00,,N,N,BACOPD,UNK,01,00,6389,CO,,0.47,W,TUDSBURY RD,0,F,W,2000,CO,,ROLLING RD,39.32661275,-76.76076651
03,03,,03,03,02,2,01,04,00,AE37880011,07.01,02-04-2015,21:06:00,,Y,N,BACOPD,UNK,01,01,122,MD,,1.09,E,SECURITY BLVD,0,F,E,2501,CO,,WOODLAWN DR,39.31223698,-76.7351836
01,03,,01,07,02,,01,01,00,AE37880012,06.01,02-05-2015,17:21:00,,N,N,BACOPD,UNK,01,00,2570,CO,,0,S,INGLESIDE AVE,100,F,S,2511,CO,,JOHNNYCAKE RD,39.29299895,-76.73101276
03,03,,02,02,02,1,01,01,00,AE37880013,07.01,02-05-2015,19:19:00,,N,N,BACOPD,UNK,01,00,2000,CO,,4.16,N,ROLLING RD,0,F,N,6389,CO,,TUDSBURY RD,39.32859624,-76.75877094
01,03,,03,02,02,1,01,01,00,AE37880014,07.01,02-10-2015,12:35:00,,N,N,BACOPD,UNK,01,00,2621,CO,,2.57,N,INGLESIDE AVE,0,F,N,70,RP,,RAMP 8 FR INGLESIDE AVE TO IS 70 WB,39.30236645,-76.71641886
01,03,,01,11,02,1,01,01,00,AE37880015,06.01,02-11-2015,07:57:00,,N,N,BACOPD,UNK,01,00,2621,CO,,1.51,N,INGLESIDE AVE,150,F,N,2511,CO,,JOHNNYCAKE RD,39.29273117,-76.73140705
01,03,,01,17,06.03,,01,01,06,AE37880016,06.01,02-17-2015,08:04:00,,N,N,BACOPD,UNK,09,00,2356,CO,,4.02,E,DOGWOOD RD,500,F,E,2095,CO,,RIDGE RD,39.32189862,-76.77685976
01,03,,02,11,01,1,01,01,00,AE37880017,06.01,02-18-2015,08:41:00,,N,N,BACOPD,UNK,01,00,2000,CO,,3.98,N,ROLLING RD,0,F,N,,UU,,STONEYBARR RD,39.323643,-76.759141
01,03,,01,06,02,1,01,01,00,AE37880018,06.01,02-18-2015,11:11:00,,N,N,BACOPD,UNK,01,00,2367,CO,,0.42,W,FAIRBROOK RD,100,F,W,,UU,,BLUFFDALE RD,39.308955,-76.760826
05.02,03,,08.04,03,02,1,01,01,00,AE37880019,06.01,02-19-2015,06:15:00,,N,N,BACOPD,UNK,01,01,2000,CO,,2.12,N,ROLLING RD,0,M,N,2500,CO,,CROSBY RD,39.29594861,-76.75329924
01,03,,01,17,03,,01,01,10,AE3788001B,06.01,02-19-2015,12:33:00,,N,N,BACOPD,UNK,09,00,1700,CO,,0.69,E,OLD COURT RD,1,M,E,8175,CO,,POLLY HILL CT,39.34817087,-76.80958271
01,03,,03,03,02,1,01,04,00,AE3788001C,06.01,02-23-2015,14:38:00,,N,N,BACOPD,UNK,01,00,2000,CO,,4.16,N,ROLLING RD,0,M,N,6389,CO,,TUDSBURY RD,39.32835349,-76.75788313
01,03,,01,01,04,1,01,01,00,AE3788001D,06.01,02-23-2015,16:03:00,,N,N,BACOPD,UNK,01,00,2095,CO,,0,S,RIDGE RD,0,M,S,1700,CO,,OLD COURT RD,39.3509585,-76.79464817
01,03,,02,11,01,1,01,01,00,AE3788001F,06.01,02-24-2015,15:47:00,,Y,N,BACOPD,UNK,01,00,6025,CO,,0.42,E,LINCOLN WOODS DR,0,F,E,6028,CO,,HUNTERS WOOD CIR,39.29669587,-76.76593781
03,03,,02,11,04,2,01,01,00,AE3788001G,06.01,02-24-2015,21:08:00,,Y,N,BACOPD,UNK,01,00,2250,CO,,2.56,W,MC DONOGH RD,0,F,W,8230,CO,,FOREST OAKS RD,39.32579942,-76.76147461
03,03,,02,11,02,1,01,01,00,AE3788001H,06.01,02-25-2015,19:58:00,,Y,N,BACOPD,UNK,01,00,2022,CO,,0.18,N,WASHINGTON AVE,0,F,N,2016,CO,,RIPPLE RD,39.34647833,-76.75377131
01,03,,01,01,01,1,01,01,00,AE3788001J,06.01,03-02-2015,06:44:00,,N,N,BACOPD,UNK,01,00,2365,CO,,0,N,HOLLIFIELD RD,0,F,N,,UU,,STRUC #B0054 PATAPSCO RIVER,39.31032773,-76.79237366
01,03,,01,03,02,1,00,01,00,AE3788001K,00,03-03-2015,08:07:00,,N,N,BACOPD,UNK,01,01,1900,CO,,1.55,S,WINDSOR MILL RD,25,F,S,2088,CO,,MAYFIELD AVE,39.34650322,-76.77548647
01,03,,03,17,01,1,01,01,00,AE3788001L,03,03-03-2015,12:40:00,,Y,N,BACOPD,UNK,03,00,7095,CO,,0,E,CLOVER HILL RD,0,F,E,2000,CO,,ROLLING RD,39.32416028,-76.75913036
01,03,,03,03,02,1,01,01,00,AE3788001M,06.01,03-04-2015,08:05:00,,Y,N,BACOPD,UNK,01,00,2206,CO,,0,S,CARTHAGE RD,5,F,S,2200,CO,,WINANDS RD,39.38045412,-76.78123713
04,03,,01,17,04,,01,01,06,AE3788001P,06.01,03-09-2015,06:50:00,,N,N,BACOPD,UNK,09,00,1700,CO,,0.69,E,OLD COURT RD,1,M,E,8175,CO,,POLLY HILL CT,39.34802035,-76.80999532
01,03,,09.04,11,02,1,01,01,00,AE3788001Q,06.01,03-09-2015,08:47:00,,N,N,BACOPD,UNK,01,00,1700,CO,,2.22,E,OLD COURT RD,200,F,E,223,OP,,SPINNERS CT,39.35987012,-76.78131718
01,03,,02,02,02,1,01,01,00,AE3788001R,06.01,03-10-2015,08:08:00,,N,N,BACOPD,UNK,01,01,1902,CO,,0.54,S,ST LUKES LA,0,F,S,193,OP,,TOWNBROOK DR,39.33706902,-76.73450232
01,03,,02,11,01,1,01,01,20.01,AE3788001S,07.01,03-10-2015,12:01:00,,Y,N,BACOPD,UNK,01,09,2000,CO,,2.75,N,ROLLING RD,0,F,N,2626,CO,,JOHNNYCAKE RD,39.30782565,-76.75339328
03,03,,02,02,02,1,01,04,00,AE3788001T,06.01,03-17-2015,20:02:00,,Y,N,BACOPD,UNK,01,00,2000,CO,,3.13,N,ROLLING RD,0,F,N,2367,CO,,FAIRBROOK RD,39.31202888,-76.75483562
01,03,,09.04,11,01,2,01,01,00,AE3788001V,07.01,03-20-2015,16:50:00,,N,N,BACOPD,UNK,01,00,26,MD,,6.657,E,LIBERTY RD,0,F,E,,UU,,ENT TO LIBERTY CROSSROADS,39.3600839,-76.77521825
04,03,,11.04,02,01,1,01,01,00,AE3788001W,07.01,03-20-2015,20:52:00,,N,N,BACOPD,UNK,01,00,533,CO,,4.25,N,MARRIOTTSVILLE RD,0,F,N,,UU,,CERVINE LA,39.38469287,-76.82231088
03,03,,01,99,02,,01,01,00,AE3788001X,06.01,03-23-2015,07:25:00,,N,N,BACOPD,UNK,01,00,,,,,,TREMAINE CT,500,F,,,,, SCARBOROUGH CIR,39.33353398,-76.76541209
01,03,,03,03,02,2,01,01,00,AE3788001Y,06.01,03-23-2015,11:30:00,,Y,N,BACOPD,UNK,01,00,122,MD,,0.55,E,SECURITY BLVD,20,F,E,695,RP,,RAMP 7 FR MD 122 WB TO RAMP 6 (TO IS695),39.31231998,-76.74387932
01,03,,02,02,01,2,01,01,04,AE3788001Z,07.01,03-25-2015,12:30:00,,Y,N,BACOPD,UNK,01,00,6382,CO,,1.2,S,LORD BALTIMORE DR,0,F,S,6129,CO,,WINDSOR BLVD,39.33337385,-76.75262417
01,03,,01,17,01,2,01,04,04,AE37880020,03,03-26-2015,10:20:00,,N,N,BACOPD,UNK,09,09,2000,CO,,2.75,N,ROLLING RD,600,F,N,2626,CO,,JOHNNYCAKE RD,39.3082358,-76.75317049
01,03,,02,11,02,2,01,04,00,AE37880021,06.01,03-30-2015,13:50:00,,Y,N,BACOPD,UNK,01,00,122,MD,,0.41,E,SECURITY BLVD,0,F,E,695,RP,,RAMP 8 FR IS 695 SB TO MD 122 WB,39.3127076,-76.74676958
01,24,,01,17,04,1,04,02,13,ADJ2880003,07.01,02-26-2015,10:27:00,CAD#0786,N,N,BALTIMORE,UNK,09,00,1611,MU,,0.18,E,W 28TH ST,0,F,E,83,IS,,JONES FALLS EXPWY,39.31724435,-76.62927657
01,24,,01,88,01,3,01,04,00,ADJ2880004,06.01,02-26-2015,13:30:00,CAD#1385,N,N,BALTIMORE,UNK,02,00,500,MU,,1.2,W,E 33RD ST,20,F,W,45,MD,,GREENMOUNT AVE,39.32829333,-76.60958111
01,24,,01,03,01,2,01,01,00,ADJ2880005,06.01,02-28-2015,14:00:00,CAD#1672,N,N,BALTIMORE,UNK,02,00,1040,MU,,0.704,E,E BELVEDERE AVE,10,F,E,,UU,,RUSHBROOK RD,39.3620457,-76.6036427
03,24,,02,11,00,1,01,01,00,ADJ2900001,06.01,01-27-2015,22:17:00,2762,N,N,BALTIMORE,UNK,01,00,4085,MU,,0.505,N,N WOODINGTON RD,0,F,N,,UU,,LINDLEY RD,39.30088969,-76.68660477
06.02,24,,01,88,02,,01,01,00,ADJ2900002,06.01,01-28-2015,17:30:00,2222,N,N,BALTIMORE,UNK,02,00,,,,,,TUCKER LANE,100,F,,,,,CHALLEDON RD,39.31056016,-76.70152724
03,24,,01,88,03,1,01,02,00,ADJ2900003,08.04,01-29-2015,20:10:00,2763,N,N,BALTIMORE,UNK,02,02,,,,,,MOUNT HOLLY ST.,50,F,,,,,WINDSOR MILL RD.,39.31297161,-76.68197393
03,24,,01,03,02,1,01,01,00,ADJ2900004,00,01-30-2015,20:00:00,2966,N,N,BALTIMORE,UNK,01,00,,,,,,N FOREST PARK AVE.,50,F,,,,,HILLHOUSE RD.,39.31334099,-76.70623451
03,24,,03,11,02,1,01,03,00,ADJ2900005,06.01,02-05-2015,17:47:00,2388,N,N,BALTIMORE,UNK,01,00,,,,,,N FOREST PARK ,10,F,,,,,E PLEASANT ST,39.3052705,-76.71080232
01,24,,01,03,02,1,01,03,00,ADJ2900006,06.01,02-11-2015,14:10:00,1604,N,N,BALTIMORE,UNK,01,00,,,,,,N FOREST PARK AVE,50,F,,,,,WINDSOR MILL RD. ,39.31062249,-76.7074576
01,24,,01,07,04,1,01,01,00,ADJ2900007,06.01,02-10-2015,09:00:00,504,N,N,BALTIMORE,UNK,02,00,,,,,,COWAN AVE,50,F,,,,,PARKSLEY AVE,39.27280198,-76.66264996
07.88,24,,01,07,02,1,01,02,00,ADJ2900008,06.01,02-12-2015,09:03:00,645,N,N,BALTIMORE,UNK,02,00,,,,,,ARION PARK RD.,100,F,,,,,BENZINGER RD.,39.26723272,-76.6862011
01,24,,01,07,02,1,01,02,00,ADJ2900009,06.01,02-12-2015,13:30:00,1341,N,N,BALTIMORE,UNK,02,00,4095,MU,,0.609,N,ALLENDALE ST,100,F,N,,UU,,COLBORNE RD,39.29783103,-76.67865202
01,24,,01,88,06.03,2,01,04,00,ADJ290000B,08.04,02-17-2015,08:55:00,CAD#399,N,N,BALTIMORE,UNK,01,00,40,US,,1.18,E,EDMONDSON AVE,200,F,E,2290,MU,,N ATHOL AVE,39.29349922,-76.68725252
01,24,,00,08,00,1,01,01,00,ADJ2940001,06.01,03-10-2015,11:44:00,91009,N,N,BALTIMORE,UNK,01,00,40,US,,8.54,E,PULASKI HWY,200,F,E,1370,MU,,E MONUMENT ST,39.30014974,-76.55297577
01,24,,02,11,01,1,01,04,00,ADJ2940002,03,03-10-2015,15:00:00,1556,Y,N,BALTIMORE,UNK,01,00,1445,MU,,1.319,N,N BROADWAY,0,F,N,,UU,,E LAFAYETTE AVE,39.31064317,-76.59492016