LIGHT_CODE,COUNTY_NO,MUNI_CODE,JUNCTION_CODE,COLLISION_TYPE_CODE,SURF_COND_CODE,LANE_CODE,RD_COND_CODE,RD_DIV_CODE,FIX_OBJ_CODE,REPORT_NO,WEATHER_CODE,ACC_DATE,ACC_TIME,LOC_CODE,SIGNAL_FLAG,C_M_ZONE_FLAG,AGENCY_CODE,AREA_CODE,HARM_EVENT_CODE1,HARM_EVENT_CODE2,RTE_NO,ROUTE_TYPE_CODE,RTE_SUFFIX,LOG_MILE,LOGMILE_DIR_FLAG,MAINROAD_NAME,DISTANCE,FEET_MILES_FLAG,DISTANCE_DIR_FLAG,REFERENCE_NO,REFERENCE_TYPE_CODE,REFERENCE_SUFFIX,REFERENCE_ROAD_NAME,LATITUDE,LONGITUDE
03,24,,02,11,02,,01,04,00,ADJ6350008,00,03-31-2015,20:00:00,CAD02664,Y,N,BALTIMORE,UNK,01,01,41,MD,,1.2,N,HILLEN RD,0,F,N,1101,MU,,ARGONNE DR,39.33998882,-76.58779353
07.88,24,,01,88,00,1,01,02,05,ADJ6360005,00,01-30-2015,18:05:00,,N,N,BALTIMORE,UNK,01,09,140,MD,,4.902,S,MONROE ST (SB COUPLET),50,F,S,,UU,,ELGIN AVE,39.31360662,-76.64840341
03,24,,02,02,00,3,01,00,00,ADJ6360006,00,01-31-2015,17:35:00,,N,N,BALTIMORE,UNK,01,00,140,MD,,0.146,N,N FULTON AVE (NB COUPLET),0,F,N,,UU,,CLIFTON AVE,39.3119921,-76.64641321
01,24,,01,08,00,1,01,01,00,ADJ6360007,00,02-01-2015,17:22:00,,N,N,BALTIMORE,UNK,01,01,1,US,,4.746,N,NORTH AVE,0,U,N,,UU,,ETTING ST,39.31017001,-76.64031923
99,24,,01,07,04,,01,01,00,ADJ6360008,12.04,02-10-2015,09:20:00,,N,N,BALTIMORE,UNK,01,00,4005,MU,,0.025,S,PENNSYLVANIA AVE,30,F,S,1045,MU,,N FULTON AVE,39.31297368,-76.64593577
99,24,,01,88,03,,01,01,00,ADJ6360009,08.04,02-18-2015,08:38:00,442,N,N,BALTIMORE,UNK,02,00,4160,MU,,0.746,E,PRESSTMAN ST,30,F,E,,UU,,N WOODYEAR ST,39.305508,-76.639533
01,24,,03,01,00,1,01,01,00,ADJ636000B,00,03-03-2015,09:17:00,,N,N,BALTIMORE,UNK,02,00,2010,MU,,1.02,N,N BENTALOU ST,100,F,N,,UU,,N BENTALOU ST (AHEAD),39.31240299,-76.65426135
99,24,,01,03,99,2,01,01,00,ADJ636000C,00,03-04-2015,12:20:00,31265,N,N,BALTIMORE,UNK,01,02,1681,MU,,0.77,W,W FAYETTE ST,100,F,W,6167,MU,,N FREMONT AVE,39.29006577,-76.63013756
05.02,24,,01,07,04,1,01,01,11,ADJ636000D,08.04,03-06-2015,07:30:00,50390,N,N,BALTIMORE,UNK,09,02,4200,MU,,0.517,S,MOSHER ST,0,F,S,,UU,,CARROLLTON AVE,39.30023277,-76.63669825
00,24,,01,03,00,1,00,01,00,ADJ636000F,00,03-11-2015,20:55:00,02966,N,N,BALTIMORE,UNK,01,00,40,US,,2.399,E,EDMONDSON AVE,50,F,E,,UU,,N LONGWOOD ST,39.2943835,-76.66671216
01,24,,00,01,01,,01,03,88,ADJ6370002,03,01-18-2015,09:15:00,CAD0831,N,N,BALTIMORE,UNK,02,00,467,MU,,2.666,N,THE ALAMEDA,0,F,N,,UU,,GITTINGS AVE,39.37056834,-76.59426033
03,24,,01,17,03,1,88,03,88,ADJ6370003,08.04,02-14-2015,20:20:00,CAD#2506,Y,N,BALTIMORE,UNK,09,00,147,MD,,0.96,N,HARFORD RD,1,F,N,,UU,,HUGO AVE,39.32286969,-76.58857942
03,24,,01,01,02,1,01,01,00,ADJ6370004,06.01,02-15-2015,21:10:00,CAD#2301,Y,N,BALTIMORE,UNK,01,00,41,MD,,0.192,N,HILLEN RD,1,F,N,,UU,,E 30TH ST,39.32533465,-76.58918023
01,24,,03,17,03,1,01,88,88,ADJ6370005,08.04,03-20-2015,14:14:00,CAD90567,N,N,BALTIMORE,UNK,03,00,151,MD,,3.06,N,ERDMAN AVE,1,U,N,2940,MU,,EDISON HWY,39.32022204,-76.57166004
03,24,,02,17,02,5,01,04,08,ADJ6380006,00,01-18-2015,00:15:00,,Y,N,BALTIMORE,UNK,09,00,150,MD,,1.68,E,EASTERN AVE,0,F,E,438,MU,,DUNDALK AVE,39.28742103,-76.5438509
07.88,24,,00,88,01,1,01,01,00,ADJ6380007,03,01-18-2015,18:56:00,2268,N,N,BALTIMORE,UNK,01,00,150,MD,,1.68,E,EASTERN AVE,1,M,E,,UU,,NO NAME,39.2859014,-76.55801296
07.88,24,,02,02,01,,01,04,00,ADJ6380008,00,01-18-2015,21:47:00,2516,Y,N,BALTIMORE,UNK,01,01,1220,MU,,0,W,ODONNELL ST CUTOFF,0,F,W,1221,MU,,BOSTON ST (BACK),39.28116791,-76.54951572
07.88,24,,01,03,01,2,01,04,00,ADJ6380009,03,01-23-2015,20:36:00,2958,N,N,BALTIMORE,UNK,01,00,150,MD,,2.02,E,EASTERN AVE,0,M,E,1200,MU,,KANE ST,39.28940563,-76.52597666
07.88,24,,02,02,02,3,01,01,00,ADJ638000B,00,01-25-2015,17:31:00,2031,Y,N,BALTIMORE,UNK,01,00,1340,MU,,2.585,E,EASTERN AVE,0,F,E,1300,MU,,PONCA ST,39.28708057,-76.55417204
01,24,,01,88,00,2,01,02,00,ADJ638000C,00,02-08-2015,14:00:00,1959,N,N,BALTIMORE,UNK,01,00,1230,MU,,1.259,E,FLEET ST,0,F,E,,UU,,S GLOVER ST,39.28518724,-76.57925606
07.88,24,,01,88,99,1,01,02,00,ADJ638000D,99,02-13-2015,03:30:00,2269,N,N,BALTIMORE,UNK,01,00,40,US,,7.178,E,ORLEANS ST,0,M,E,,UU,,N BELNORD AVE,39.29204614,-76.59792423
99,24,,01,88,99,1,01,01,00,ADJ638000F,99,02-14-2015,01:00:00,CAD1322,N,N,BALTIMORE,UNK,01,00,1220,MU,,0,W,ODONNELL ST CUTOFF,0,M,W,,UU,,ANGLESEA ST,39.27952358,-76.54561043
01,24,,01,02,02,1,01,02,00,ADJ638000G,06.01,02-14-2015,13:55:00,1667,N,N,BALTIMORE,UNK,01,00,1275,MU,,0.552,S,S CONKLING ST,200,F,S,,UU,,FOSTER AVE,39.28457273,-76.56736851
01,24,,02,11,01,2,01,01,00,ADJ638000H,06.01,02-26-2015,13:30:00,CAD#1320,Y,N,BALTIMORE,UNK,01,00,1400,MU,,0.617,E,ODONNELL ST,0,F,E,1275,MU,,S CONKLING ST,39.279573,-76.569664
03,24,,02,11,01,3,01,04,00,ADJ638000J,03,03-10-2015,21:05:00,92680,Y,N,BALTIMORE,UNK,01,00,150,MD,,2.31,E,EASTERN AVE,0,F,E,95,RP,,RAMP 2 FR MD 150 WB TO IS 95 NB,39.28797739,-76.5333581
99,24,,01,88,99,2,01,01,00,ADJ638000K,99,03-17-2015,02:00:00,CAD1893,N,N,BALTIMORE,UNK,01,00,1392,MU,,0,E,E PRATT ST,2,M,E,1391,MU,,W PRATT ST (BACK),39.29055153,-76.54088974
99,24,,01,88,02,1,01,01,00,ADJ638000L,06.01,03-25-2015,20:00:00,CAD42826,N,N,BALTIMORE,UNK,01,01,438,MU,,3.39,N,DUNDALK AVE,25,F,N,,UU,,BESSEMER AVE,39.27694903,-76.53254271
99,24,,01,99,99,1,01,02,00,ADJ638000M,00,03-27-2015,02:00:00,CAD2609,N,N,BALTIMORE,UNK,01,00,150,MD,,1.252,E,EASTERN AVE,500,F,E,,UU,,TOLINA ST,39.2865325,-76.55123234
03,24,,01,17,02,2,01,04,05,ADJ6410001,06.01,01-02-2015,23:30:00,2487,N,N,BALTIMORE,UNK,00,00,41,MD,,3.245,N,PERRING PKWY,300,F,N,,UU,,CROZIER RD,39.36406552,-76.57338738
03,24,,99,99,02,1,01,01,00,ADJ6410003,06.01,01-05-2015,23:15:00,2883,N,N,BALTIMORE,UNK,01,01,960,MU,,0,E,WOODBOURNE AVE,0,U,E,41,MD,,PERRING PKWY,39.35457769,-76.58956379
03,24,,02,11,02,1,01,01,00,ADJ6410004,06.01,01-06-2015,01:17:00,0128,Y,N,BALTIMORE,UNK,01,01,1161,MU,,0,E,E LAKE AVE,0,F,E,1160,MU,,W LAKE AVE (BACK),39.32776219,-76.58101961
03,24,,01,99,06.03,,01,01,99,ADJ6410005,08.04,01-06-2015,05:35:00,0341,N,N,BALTIMORE,UNK,01,01,2415,MU,,0,N,WHITE AVE,0,U,N,1,US,,BELAIR RD,39.34452438,-76.54489696
03,24,,03,17,06.03,,01,03,11,ADJ6410006,08.04,01-06-2015,05:53:00,0344,N,N,BALTIMORE,UNK,09,09,1,US,,8.6,N,BELAIR RD,0,U,N,1050,MU,,ERDMAN AVE,39.34362206,-76.54370338
99,24,,01,88,99,,01,00,00,ADJ6410008,99,01-23-2015,09:23:00,CAD782,N,N,BALTIMORE,UNK,01,01,542,MD,,0.96,N,LOCH RAVEN BLVD,0,U,N,467,MU,,THE ALAMEDA,39.36089061,-76.59184366
06.02,24,,01,17,02,2,03,03,88,ADJ641000F,00,02-10-2015,17:51:00,CAD2179,N,U,BALTIMORE,UNK,88,88,1685,MU,,0,W,PULASKI HWY,0,U,W,40,US,,PULASKI HWY,39.30030749,-76.55240178
03,24,,01,88,02,1,01,04,15.05,ADJ641000G,06.01,02-12-2015,00:50:00,CAD0066,N,N,BALTIMORE,UNK,01,01,1685,MU,,0,W,PULASKI HWY,0,U,W,40,US,,PULASKI HWY,39.30347892,-76.54238105
03,24,,03,88,01,2,00,88,00,ADJ641000J,06.01,02-17-2015,19:35:00,CAD2129,Y,N,BALTIMORE,UNK,01,01,1685,MU,,0,W,PULASKI HWY,0,U,W,40,US,,PULASKI HWY,39.30184756,-76.5478152
01,24,,03,88,02,1,01,03,00,ADJ641000K,06.01,02-19-2015,15:47:00,CAD1932,Y,N,BALTIMORE,UNK,01,01,1050,MU,,0,S,ERDMAN AVE,0,U,S,147,MD,,HARFORD RD,39.32799871,-76.58359855
01,24,,01,17,02,1,01,03,00,ADJ641000L,06.01,02-19-2015,07:59:00,CAD426,N,N,BALTIMORE,UNK,03,03,2580,MU,,0.53,E,E 35TH ST,0,U,E,41,MD,,HILLEN RD,39.33095105,-76.59009486
01,03,,02,02,02,1,01,04,00,AE3804000Z,06.01,01-28-2015,16:05:00,,Y,N,BACOPD,UNK,03,00,3060,CO,,0.05,S,CARVILLE AVE,0,F,S,3071,CO,,SULPHUR SPRING RD,39.24720202,-76.69400096
01,03,,02,07,02,1,01,01,00,AE38040010,06.01,02-11-2015,10:10:00,,N,N,BACOPD,UNK,01,00,144,MD,,1.77,E,FREDERICK RD,0,F,E,2936,CO,,THISTLE RD,39.264972,-76.76501513
01,03,,01,01,02,,01,04,00,AE38040011,07.01,02-12-2015,09:01:00,,N,N,BACOPD,UNK,01,00,372,MD,,1.89,E,WILKENS AVE,200,F,E,6635,CO,,PIGEON CT,39.26508829,-76.69838905
03,03,,02,12,02,2,01,04,00,AE38040012,06.01,03-15-2015,04:20:00,,N,N,BACOPD,UNK,01,00,40,US,,1.79,E,BALTO NATIONAL PIKE,0,F,E,2679,CO,,CUMMINGS AVE,39.28371739,-76.75010204
03,03,,01,07,01,1,01,01,00,AE38040013,07.01,03-20-2015,22:15:00,,N,N,BACOPD,UNK,02,00,3033,CO,,0.66,N,LINDEN AVE,0,M,N,3004,CO,,WESTLAND BLVD,39.25714678,-76.70266449
01,03,,01,03,02,2,01,04,00,AE3806000M,06.01,01-13-2015,14:48:00,,N,N,BACOPD,UNK,01,00,1,US,,16.86,N,BELAIR RD,0,F,N,695,RP,,RAMP 6 FR IS 695 EB TO US 1 SB,39.36834395,-76.51542149
01,03,,01,03,02,1,01,04,00,AE3806000N,06.01,01-15-2015,09:15:00,,N,Y,BACOPD,UNK,01,00,695,IS,,24.55,N,BALTO BELTWAY,85,F,N,695,RP,,RAMP 4 FR MD 41 NB TO IS 695 EB,39.39780476,-76.5503338
01,03,,01,01,00,1,01,01,06,AE3806000P,06.01,01-16-2015,09:35:00,,N,N,BACOPD,UNK,01,09,292,CO,,1.08,N,PLEASANTVILLE RD,57,F,N,,UU,,HARFORD CO/L,39.50705234,-76.45921849
01,03,,01,17,03,,88,03,06,AE3806000Q,08.04,01-21-2015,14:29:00,,N,N,BACOPD,UNK,16,00,292,CO,,1.08,N,PLEASANTVILLE RD,800,F,N,,UU,,HARFORD CO/L,39.50568804,-76.46178067
01,03,,09.04,11,02,3,01,05.01,04,AE3806000R,06.01,01-30-2015,09:25:00,,N,N,BACOPD,UNK,01,09,1,US,,17.51,N,BELAIR RD,58,F,N,4208,CO,,MARTIN AVE,39.37523098,-76.50772892
01,03,,01,06,01,1,01,03,00,AE3806000S,03,03-03-2015,14:24:00,,N,N,BACOPD,UNK,01,00,3600,CO,,0.69,N,OLD HARFORD RD,151,F,N,3675,CO,,GARNET RD,39.38083559,-76.54338956
01,03,,01,13,01,,01,05.01,00,AE3806000T,03,03-10-2015,13:00:00,080590,N,N,BACOPD,UNK,01,01,1400,CO,,1.07,W,JOPPA RD,0,F,W,3771,CO,,SIMMS AVE,39.39564912,-76.50005579
03,03,,03,05,02,,01,04,00,AE38230003,06.01,03-12-2015,01:03:00,,Y,N,BACOPD,UNK,01,00,40,US,,23.23,E,PULASKI HWY,15,F,E,3952,CO,,ALLENDER RD,39.39754775,-76.40476763
03,03,,02,02,02,2,01,03,04,AE38280011,06.01,01-02-2015,00:22:00,1408PC12,Y,N,BACOPD,UNK,01,09,157,MD,,4.26,N,MERRITT BLVD,0,F,N,5185,CO,,GERMAN HILL RD,39.28061981,-76.50544167
03,03,,02,11,02,1,01,01,00,AE38280012,06.01,01-17-2015,01:22:00,1405 PC6,Y,N,BACOPD,UNK,01,11,3334,CO,,2.84,S,PROVIDENCE RD,0,F,S,3349,CO,,BREEZEWICK RD,39.40561011,-76.58148766
03,03,,01,17,04,,00,01,09,AE38280013,12.04,01-24-2015,00:22:00,1405PC03,N,N,BACOPD,UNK,16,09,30,MD,,5.93,N,HANOVER PIKE,0,M,N,172,CO,,FRINGER RD,39.55226903,-76.83951616
03,03,,01,17,02,,01,01,04,AE38280014,06.01,01-31-2015,01:58:00,1405 PC2,N,N,BACOPD,UNK,09,09,2404,CO,,0.24,S,WHITEHEAD RD,138,F,S,2403,CO,,WHITESTONE RD,39.31656994,-76.74149752
03,03,,01,17,02,,01,01,07,AE38280015,06.01,02-14-2015,01:02:00,1406PC11,N,N,BACOPD,UNK,09,09,4600,CO,,0.34,S,BOWLEYS QUARTERS RD,76,F,S,4610,CO,,CARROLL ISLAND RD,39.33809796,-76.39746666
03,03,,01,17,04,,00,01,04,AE38280016,10.04,02-14-2015,23:00:00,1405PC02,N,N,BACOPD,UNK,09,09,26,MD,,4.657,E,LIBERTY RD,10,F,E,2289,CO,,BURMONT AVE,39.37299845,-76.8080163
03,03,,02,11,02,1,01,88,04,AE38280017,06.01,02-27-2015,23:42:00,1405 PC8,Y,N,BACOPD,UNK,01,09,3353,CO,,1.06,E,CROMWELL BRIDGE RD,0,F,E,695,RP,,RAMP 7 FR IS 695 WB TO CROMWELL BRDG RD,39.40259253,-76.56717539
03,03,,03,06,02,,01,01,04,AE38280018,06.01,03-01-2015,01:27:00,1405 PC2,N,N,BACOPD,UNK,01,01,6382,CO,,1.09,S,LORD BALTIMORE DR,128,F,S,1900,CO,,WINDSOR MILL RD,39.33708561,-76.75166845
03,03,,02,17,01,3,00,01,04,AE38290006,03,01-04-2015,19:30:00,PC07,Y,N,BACOPD,UNK,10,00,45,MD,,9.21,N,YORK RD,0,F,N,438,CO,,SHAWAN RD,39.49577034,-76.65042043
01,03,,00,88,04,1,88,00,01,AE38290007,12.04,01-18-2015,07:30:00,PC07,N,N,BACOPD,UNK,01,10,83,IS,,8.74,N,HARRISBURG EXPWY,0,F,N,83,RP,,RAMP 7 FR MD 943 WB TO IS 83 SB,39.46969445,-76.66294098
01,03,,01,17,04,,00,04,11,AE38290008,12.04,01-20-2015,07:30:00,PC07,N,N,BACOPD,UNK,09,00,943,MD,,0,E,WARREN RD,0,F,E,83,RP,,RAMP 4 FR IS 83 NB TO MD 943 EB,39.47312321,-76.65624619
05.02,03,,01,17,04,,01,01,08,AE38290009,12.04,01-20-2015,07:30:00,PC07,N,N,BACOPD,UNK,09,16,7206,CO,,0.46,N,MICHAELSFORD RD,0,M,N,7354,CO,,LAURELFORD CT,39.46694469,-76.67143822
03,24,,01,07,02,1,01,02,00,ADJ3290001,06.01,01-28-2015,17:51:00,7C33,N,N,BALTIMORE,UNK,02,01,2210,MU,,0.347,W,W NORTH AVE,50,F,W,,UU,,RUXTON AVE,39.31188833,-76.6550231
01,24,,02,03,01,1,01,02,00,ADJ3290002,06.01,03-06-2015,13:13:00,51127,Y,N,BALTIMORE,UNK,01,01,129,MD,,1.54,N,MCCULLOH ST,0,F,N,1033,MU,,DRUID PARK LAKE DR,39.31582289,-76.64331794
03,24,,02,11,02,2,01,04,00,ADJ3290003,06.01,03-14-2015,22:25:00,CAD#2825,Y,N,BALTIMORE,UNK,03,01,,,,,,1700 BLK. PRESSTMAN ST.,0,F,,,,,1300 BLK. N. FULTON AVE.,39.30530534,-76.64606452
01,24,,02,11,02,,01,04,00,ADJ3290004,06.01,03-21-2015,17:45:00,CAD#1952,Y,N,BALTIMORE,UNK,01,01,,,,,,2500 BLK. GWYNNS FALLS PKWY.,0,F,,,,,2300 BLK. N. WARWICK AVE.,39.31581459,-76.65639639
01,24,,02,11,00,,01,01,00,ADJ3290005,06.01,03-26-2015,19:07:00,CAD#2540,Y,N,BALTIMORE,UNK,01,01,,,,,,1600 BLK. N. CALHOUN ST.,0,F,,,,,700 BLK.GOLD ST.,39.30614381,-76.64120436
03,24,,02,02,01,2,01,03,08,ADJ3290006,03,03-26-2015,22:55:00,CAD#3279,Y,N,BALTIMORE,UNK,09,01,,,,,,1600 BLK. W. NORTH AVE.,0,F,,,,,2200 BLK. PENNSYLVANIA AVE.,39.30997908,-76.64234161
01,24,,01,07,02,1,00,01,00,ADJ3290007,06.01,03-27-2015,16:20:00,CAD62194,N,N,BALTIMORE,UNK,02,00,,,,,,WESTWOOD,100,F,,,,,PULASKI,39.30865917,-76.65069938
99,24,,01,07,00,1,01,01,00,ADJ3290008,00,03-28-2015,19:15:00,CAD2366,N,N,BALTIMORE,UNK,02,00,,,,,,RIGGS AVE,10,F,,,,,PARISH ST,39.30112112,-76.64221823
01,03,,02,07,02,1,01,02,00,ADJ3330002,06.01,02-14-2015,16:16:00,CAD#1911,Y,N,BALTIMORE,UNK,01,00,,,,,,200 N MONROE ST,0,F,,,,,1900 W LEXINGTON ,39.2906273,-76.64708108
01,03,,01,03,03,2,01,02,00,ADJ3330003,09.04,02-15-2015,15:51:00,CAD#1469,N,N,BALTIMORE,UNK,02,00,,,,,,DRUID HILL AVE,20,F,,,,,COLVERDALE AVE,39.31453215,-76.6423738
01,03,,02,11,01,1,01,01,00,ADJ3330004,08.04,03-01-2015,16:50:00,CAD#1539,Y,N,BALTIMORE,UNK,01,00,,,,,,N WOODYEAR,0,F,,,,, WINCHESTER ST,39.30247852,-76.63961381
01,24,,01,03,01,1,01,04,00,ADJ3330005,08.04,03-05-2015,14:45:00,CAD#1238,Y,N,BALTIMORE,UNK,01,00,,,,,,S MARTIN LUTHER KING BLVD,1,F,,,,,W LOMBARD ST.,39.28709406,-76.62833512
01,24,,01,07,02,1,01,01,00,ADJ3330006,06.01,03-17-2015,17:00:00,61962,N,N,BALTIMORE,UNK,02,00,1920,MU,,0.82,E,EDMONDSON AVE,0,U,E,4500,MU,,N PULASKI ST,39.29502698,-76.65006638
01,24,,02,08,02,1,03,02,10,ADJ3370002,06.01,03-16-2015,11:00:00,CAD50871,Y,N,BALTIMORE,UNK,01,01,,,,,,EDMONDSON AVE,0,F,,,,,500 UPLANDS PARKWAY,39.29287647,-76.69768095
01,24,,02,11,02,1,01,03,00,ADJ3370004,06.01,03-18-2015,11:00:00,CAD 7102,Y,N,BALTIMORE,UNK,01,01,,,,,,WILKENS AVE,0,F,,,,,HURLEY AVE,39.27677878,-76.66245818
01,24,,00,10,00,,00,00,00,ADJ3370005,06.01,03-23-2015,13:46:00,21098,N,N,BALTIMORE,UNK,01,00,,,,,,ASHTON ST,0,F,,,,,CATHERINE,39.28130909,-76.65428281
03,24,,01,03,02,2,01,02,00,ADJ3410001,06.01,01-16-2015,17:00:00,1D37,N,N,BALTIMORE,UNK,01,00,4065,MU,,0.47,S,MT ROYAL TERR,25,F,S,,UU,,MT ROYAL TERR,39.31132801,-76.62528813
03,24,,01,88,02,1,01,04,00,ADJ3420001,06.01,01-03-2015,02:34:00,294,N,N,BALTIMORE,UNK,02,02,140,MD,,0,N,N FULTON AVE (NB COUPLET),0,U,N,1,US,,FULTON AVE (NB COUPLET),39.30322986,-76.64591968
01,24,,02,08,02,2,01,02,02,ADJ3420002,07.01,02-09-2015,13:53:00,1295,N,N,BALTIMORE,UNK,01,09,40,US,,2.99,E,MULBERRY ST,0,F,E,4161,MU,, MOUNT ST,39.2929429,-76.64403677
01,24,,02,11,04,2,01,04,00,ADJ3420003,07.01,02-19-2015,15:29:00,7B23,Y,N,BALTIMORE,UNK,01,00,40,US,,2.96,E,FRANKLIN ST,0,F,E,,UU,,SPUR TO N WARWICK AVE,39.29334145,-76.65633202
01,24,,02,03,04,1,01,01,00,ADJ3420004,07.01,03-03-2015,09:10:00,21376,Y,N,BALTIMORE,UNK,01,00,4225,MU,,0,N,N SCHROEDER ST,0,F,N,1670,MU,,W BALTIMORE ST,39.28881607,-76.63378
01,24,,01,88,01,1,01,02,00,ADJ3420005,03,03-04-2015,09:21:00,923,Y,N,BALTIMORE,UNK,01,00,1,US,,8.69,S,MONROE ST (SB COUPLET),50,F,S,1920,MU,,EDMONDSON AVE,39.29557083,-76.64730102
01,24,,01,88,02,1,01,01,00,ADJ3420006,06.01,03-30-2015,12:00:00,2300,N,N,BALTIMORE,UNK,02,00,1670,MU,,1.525,E,W BALTIMORE ST,50,F,E,,UU,,N BRUCE ST,39.28825972,-76.64414406
03,24,,01,03,03,1,01,01,00,ADJ3460001,08.04,02-17-2015,22:15:00,,N,N,BALTIMORE,UNK,02,00,4210,MU,,0.214,S,MCMECHEN ST,0,U,S,,UU,,BOLTON ST,39.30753018,-76.62677407
01,24,,00,08,02,1,01,01,00,ADJ3460002,06.01,03-12-2015,14:30:00,,Y,N,BALTIMORE,UNK,01,00,139,MD,,0,N,N CHARLES ST,0,U,N,1,US,,NORTH AVE,39.28774488,-76.61498308
01,24,,00,88,02,1,01,02,00,ADJ3460003,07.01,03-25-2015,16:20:00,,Y,N,BALTIMORE,UNK,00,00,2,MD,,3.69,N,LIGHT ST,0,U,N,1135,MU,,LIGHT ST (BACK),39.28776979,-76.61364198
01,24,,01,09,02,2,01,02,00,ADJ3460004,00,03-25-2015,17:50:00,,N,N,BALTIMORE,UNK,01,01,1480,MU,,0.132,E,GAY ST,0,U,E,,UU,,WATER ST,39.28859187,-76.60880327
99,24,,01,99,99,,01,02,00,ADJ3460005,00,03-26-2015,17:10:00,,N,N,BALTIMORE,UNK,02,02,2,MD,,1.52,S,LIGHT ST (SB COUPLET),0,U,S,1665,MU,,E BALTIMORE ST,39.28773657,-76.61359906
00,24,,09.04,88,02,,01,00,00,ADJ3460006,06.01,03-21-2015,05:28:00,,N,N,BALTIMORE,UNK,02,00,144,MD,,3.37,E,PRATT ST,0,U,E,144,MD,,PRATT ST (EB COUPLET),39.28625017,-76.61533713
01,24,,00,99,00,,01,02,00,ADJ3510001,06.01,01-16-2015,16:37:00,1860,N,N,BALTIMORE,UNK,02,00,,,,,,2511 LINDEN AVE,20,F,,,,,CHAUNCEY AVE,39.31545352,-76.63614303
01,24,,02,02,00,1,01,03,00,ADJ3510002,06.01,01-23-2015,10:12:00,582,Y,N,BALTIMORE,UNK,88,00,4005,MU,,1.335,S,PENNSYLVANIA AVE,0,F,S,1770,MU,,DOLPHIN ST,39.29959763,-76.62982643
88,24,,02,88,02,1,01,88,00,ADJ3510003,06.01,02-06-2015,03:15:00,1896,Y,N,BALTIMORE,UNK,88,00,,,,,,500 W NORTH AVE,0,F,,,,,1600 MT ROYAL TERRACE,39.3108092,-76.62482142
03,24,,02,09,02,1,01,02,00,ADJ3510004,06.01,02-07-2015,22:20:00,1214,N,N,BALTIMORE,UNK,01,00,,,,,,1200 N CHARLES ST,0,F,,,,,001 W BIDDLE ST,39.30345402,-76.61605597
01,24,,01,07,02,,01,88,00,ADJ3510008,06.01,02-26-2015,16:00:00,2623,N,N,BALTIMORE,UNK,01,00,,,,,,1101 W NORTH AVE,3,F,,,,,2200 MCCULLOH ST,39.31009426,-76.63666539
01,24,,00,99,00,,00,00,00,ADJ3510009,00,03-19-2015,15:30:00,1923,N,N,BALTIMORE,UNK,01,00,,,,0.1,,124 MARKET PL,3,F,,,,,500 E LOMBARD ST,39.28758295,-76.6071403
07.88,24,,02,17,02,1,01,01,08,ADJ3520003,06.01,01-30-2015,22:03:00,7C12,N,N,BALTIMORE,UNK,01,09,,,,,,300 N. BENTALOU ST,0,F,,,,,2200 W. SARATOGA,39.29163098,-76.6531992
01,03,,02,03,02,1,01,04,00,ADJ3520004,07.01,02-09-2015,10:45:00,7B12,Y,N,BALTIMORE,UNK,01,01,,,,,,2 MARTIN LUTHER KING BLVD,0,F,,,,,762 W BALTIMORE ST,39.28917313,-76.62802935
07.88,03,,01,03,01,1,01,01,00,ADJ3520006,88,03-21-2015,00:35:00,CAD#0063,N,N,BALTIMORE,UNK,01,02,,,,,,40 N GORMAN AVE,50,F,,,,,2300 W FAYETTE ST,39.28903196,-76.65362835
06.02,24,,02,10,02,2,01,04,00,ADJ3530001,06.01,01-05-2015,17:03:00,CAD#2331,Y,N,BALTIMORE,UNK,01,00,1755,MU,,0.31,N,EUTAW PL,0,F,N,4210,MU,,MCMECHEN ST,39.30629324,-76.62918806
99,24,,01,07,02,,01,02,00,ADJ3530002,06.01,01-05-2015,22:00:00,1647,N,N,BALTIMORE,UNK,01,00,129,MD,,5.717,S,DRUID HILL AVE (SB COUPLET),150,F,S,4010,MU,,WHITELOCK ST,39.3117991,-76.63968623
03,24,,03,11,03,1,01,01,00,ADJ3530003,08.04,01-06-2015,18:19:00,1790,Y,N,BALTIMORE,UNK,01,01,1755,MU,,0.522,N,EUTAW PL,10,F,N,,UU,,ROBERT ST,39.30873389,-76.63166106
01,24,,01,09,03,2,01,02,00,ADJ3530004,08.04,01-21-2015,13:27:00,1347,N,N,BALTIMORE,UNK,01,01,2,MD,,0.4,S,ST PAUL ST (SB COUPLET),200,F,S,1780,MU,,MT ROYAL AVE,39.30922366,-76.6147846
01,24,,05.01,07,01,,01,04,00,ADJ3530005,07.01,01-22-2015,08:21:00,523,N,N,BALTIMORE,UNK,01,01,83,RP,,0.14,S,RAMP 8 FR IS 83 SB TO GUILFORD AVE,100,F,S,1450,MU,,GUILFORD AVE,39.30056486,-76.61147475
01,24,,01,03,02,1,01,03,00,ADJ3530006,06.01,01-22-2015,10:52:00,891,N,N,BALTIMORE,UNK,01,01,1703,MU,,1.53,N,N HOWARD ST,150,F,N,1,US,,NORTH AVE,39.30992097,-76.61982179
03,24,,01,03,01,1,01,02,00,ADJ3530008,03,02-09-2015,16:51:00,1877,N,N,BALTIMORE,UNK,02,02,,,,,,N. CHARLES ST ,50,F,,,,,W. PRESTON ST,39.30376949,-76.61605597
03,24,,00,88,01,1,01,02,10,ADJ353000B,03,02-09-2015,19:31:00,,N,N,BALTIMORE,UNK,02,00,,,,,,800 NORTH LOVEGROVE ST,30,F,,,,,10 EAST MADISON ST,39.29912854,-76.61494017