LIGHT_CODE,COUNTY_NO,MUNI_CODE,JUNCTION_CODE,COLLISION_TYPE_CODE,SURF_COND_CODE,LANE_CODE,RD_COND_CODE,RD_DIV_CODE,FIX_OBJ_CODE,REPORT_NO,WEATHER_CODE,ACC_DATE,ACC_TIME,LOC_CODE,SIGNAL_FLAG,C_M_ZONE_FLAG,AGENCY_CODE,AREA_CODE,HARM_EVENT_CODE1,HARM_EVENT_CODE2,RTE_NO,ROUTE_TYPE_CODE,RTE_SUFFIX,LOG_MILE,LOGMILE_DIR_FLAG,MAINROAD_NAME,DISTANCE,FEET_MILES_FLAG,DISTANCE_DIR_FLAG,REFERENCE_NO,REFERENCE_TYPE_CODE,REFERENCE_SUFFIX,REFERENCE_ROAD_NAME,LATITUDE,LONGITUDE
03,24,,03,03,02,1,01,01,00,ADJ566000D,06.01,03-16-2015,19:40:00,CAD#2482,N,N,BALTIMORE,UNK,01,01,129,MD,,5.04,N,PARK HEIGHTS AVE,0,F,N,2165,MU,,W ROGERS AVE,39.35171347,-76.68326944
01,24,,02,17,01,2,01,03,00,ADJ5670001,12.04,01-26-2015,08:12:00,0530,Y,N,BALTIMORE,UNK,10,03,1,US,,2.523,N,FULTON AVE (NB COUPLET),0,F,N,6370,MU,,RAMSAY ST,39.28318799,-76.64496213
01,24,,02,17,02,1,01,01,00,ADJ5670002,06.01,03-02-2015,17:42:00,2005,Y,N,BALTIMORE,UNK,03,00,43,MU,,1.26,N,S MONROE ST,0,F,N,6142,MU,,EAGLE ST,39.28098988,-76.64653659
03,24,,00,09,02,2,01,02,00,ADJ5670003,06.01,03-08-2015,21:10:00,72368,N,N,BALTIMORE,UNK,01,02,1,US,,9.39,S,MONROE ST (SB COUPLET),0,F,S,144,MD,,PRATT ST (EB COUPLET),39.28494123,-76.64670423
01,24,,01,99,02,1,01,88,00,ADJ5670004,06.01,03-12-2015,08:20:00,10550,N,N,BALTIMORE,UNK,02,00,1560,MU,,0.625,N,LIGHT ST,0,F,N,,UU,,WEBER ST,39.27636559,-76.61230892
01,24,,10.04,88,02,2,01,02,00,ADJ5690001,06.01,01-05-2015,15:00:00,1C13,N,N,BALTIMORE,UNK,02,00,1665,MU,,0.29,E,E BALTIMORE ST,0,U,E,,UU,,CUSTOM HOUSE AVE,39.28974608,-76.60982251
01,24,,02,17,02,1,01,01,88,ADJ6550005,06.01,03-09-2015,17:00:00,CAD#8232,Y,N,BALTIMORE,UNK,03,03,4250,MU,,0,N,S CAROLINE ST,0,F,N,4270,MU,,THAMES ST,39.29009483,-76.59709811
01,24,,02,06,03,1,00,01,00,ADJ6560001,06.01,02-26-2015,10:34:00,CAD#1414,N,N,BALTIMORE,UNK,01,00,1235,MU,,0.102,E,FLEET ST,0,F,E,,UU,,NEWKIRK ST,39.28602233,-76.55649953
01,24,,02,07,02,1,00,04,02,ADJ6560002,06.01,02-28-2015,15:35:00,CAD#1733,N,N,BALTIMORE,UNK,09,09,1230,MU,,0.84,E,FLEET ST,0,F,E,,UU,,S CHESTER ST,39.28524849,-76.58692852
01,24,,02,07,02,1,01,02,00,ADJ6560003,06.01,03-11-2015,16:54:00,CAD#2042,Y,N,BALTIMORE,UNK,01,02,1392,MU,,0,E,E PRATT ST,0,F,E,1391,MU,,W PRATT ST (BACK),39.29059097,-76.54126257
99,24,,00,11,99,1,99,99,00,ADJ6560004,03,03-31-2015,10:00:00,CAD#2599,N,N,BALTIMORE,UNK,01,02,1670,MU,,2.648,E,W BALTIMORE ST,0,F,E,295,MD,,GREENE ST (SB COUPLET),39.28821404,-76.62456393
99,24,,00,99,99,,99,99,00,ADJ6560005,99,02-24-2015,14:00:00,CAD#2189,N,N,BALTIMORE,UNK,01,02,3040,MU,,1.27,E,BOSTON ST,0,U,E,1275,MU,,S CONKLING ST,39.27766846,-76.56641498
01,24,,01,88,01,1,01,00,00,ADJ6570002,03,03-14-2015,12:00:00,31169,N,N,BALTIMORE,UNK,01,00,1,US,,7.98,S,MONROE ST (SB COUPLET),10,F,S,,UU,,PRESSTMAN ST,39.30550458,-76.64788842
01,24,,01,88,00,1,01,01,00,ADJ6570003,03,03-14-2015,14:00:00,31385,N,N,BALTIMORE,UNK,01,00,129,MD,,1.08,N,MCCULLOH ST,10,F,N,1,US,,NORTH AVE,39.31024472,-76.63695574
01,24,,02,05,02,,01,03,00,ADJ6580002,06.01,01-25-2015,14:00:00,,Y,N,BALTIMORE,UNK,01,01,151,MD,,2.12,N,ERDMAN AVE,0,F,N,1180,MU,,FEDERAL ST,39.30898604,-76.56217575
01,24,,02,03,02,1,01,03,00,ADJ6580003,06.01,01-30-2015,15:00:00,,Y,N,BALTIMORE,UNK,01,01,1,US,,11.337,N,BELAIR RD,0,F,N,,UU,,SPRINGWOOD AVE,39.34867697,-76.53754234
01,24,,01,03,02,,00,04,00,ADJ6580004,06.01,01-30-2015,14:34:00,,N,N,BALTIMORE,UNK,01,01,697,MU,,0.53,E,WALTHER AVE,0,U,E,55,MU,,MORAVIA RD,39.33942561,-76.56733632
01,24,,00,17,02,3,01,03,05,ADJ6580005,06.01,01-31-2015,15:00:00,,N,N,BALTIMORE,UNK,09,00,41,MD,,3.48,N,PERRING PKWY,0,U,N,1021,MU,,E NORTHERN PKWY,39.36833721,-76.57370925
03,24,,02,88,02,,01,02,11,ADJ6580006,06.01,02-13-2015,19:15:00,CAD 2825,Y,N,BALTIMORE,UNK,01,01,2590,MU,,0.53,E,E 36TH ST,0,F,E,,UU,,REXMERE RD,39.3316917,-76.60114288
03,24,,02,11,02,1,01,01,00,ADJ6580007,00,03-17-2015,23:00:00,CAD3203,Y,N,BALTIMORE,UNK,01,00,147,MD,,0.71,N,HARFORD RD,0,F,N,,UU,,CARSWELL ST,39.32149193,-76.59368634
01,24,,02,88,02,4,00,88,00,ADJ6580008,07.01,03-24-2015,13:00:00,CAD1208,Y,N,BALTIMORE,UNK,01,01,2570,MU,,1.41,N,HILLEN RD,0,F,N,1021,MU,,E NORTHERN PKWY,39.36783126,-76.57814026
01,24,,02,88,02,1,01,01,00,ADJ6580009,07.01,03-26-2015,08:36:00,CAD0615,Y,N,BALTIMORE,UNK,03,03,542,MD,,2.8,N,LOCH RAVEN BLVD,0,F,N,1040,MU,,E BELVEDERE AVE,39.35989311,-76.58889055
01,24,,02,11,03,2,01,01,00,ADJ6600002,08.04,03-20-2015,11:35:00,CAD90984,Y,N,BALTIMORE,UNK,01,00,2,MD,,4.1,S,POTEE ST (SB COUPLET),0,F,S,2,MD,,HANOVER ST (BACK),39.24240776,-76.60761237
99,24,,00,99,06.03,1,00,02,00,ADJ6610001,12.04,02-23-2015,13:00:00,CAD#1587,N,N,BALTIMORE,UNK,02,00,,,,,,S ROBINSON,3,F,,,,,FOSTER AVE,39.2843153,-76.57215893
01,24,,06.01,99,02,1,01,01,00,ADJ6610002,06.01,02-24-2015,08:20:00,CAD#851,N,N,BALTIMORE,UNK,01,00,,,,,,HOLABIRD AVE,10,F,,,,,BROENING HIGHWAY,39.27228139,-76.54371142
01,24,,01,17,01,1,01,04,00,ADJ6620001,06.01,01-11-2015,14:01:00,CAD1277,N,N,BALTIMORE,UNK,03,00,147,MD,,3.05,N,HARFORD RD,0,U,N,,UU,,AILSA AVE,39.34629579,-76.5664418
03,24,,02,11,02,4,00,01,00,ADJ6620002,00,01-28-2015,20:45:00,CAD2772,Y,N,BALTIMORE,UNK,01,00,4021,MU,,0,E,E BIDDLE ST,0,F,E,4020,MU,,W BIDDLE ST (BACK),39.30441704,-76.58989906
00,24,,10.04,17,02,,05,00,00,ADJ6620003,06.01,02-01-2015,08:30:00,,N,N,BALTIMORE,UNK,02,00,1,US,,10.84,N,BELAIR RD,0,U,N,2415,MU,,WHITE AVE,39.34210262,-76.54659748
01,24,,03,07,00,,01,99,00,ADJ6620004,06.01,02-07-2015,10:15:00,,N,N,BALTIMORE,UNK,01,01,41,MD,,2.42,N,PERRING PKWY,0,U,N,1140,MU,,WOODBOURNE AVE,39.35411105,-76.57683134
01,24,,00,03,02,1,01,04,00,ADJ6620005,06.01,02-11-2015,17:00:00,CAD2078,N,N,BALTIMORE,UNK,00,00,1495,MU,,0.722,N,LOCH RAVEN BLVD,0,U,N,542,MD,,LOCH RAVEN BLVD,39.36587376,-76.58589721
00,24,,00,88,02,,01,00,00,ADJ6620006,06.01,02-11-2015,20:10:00,CAD2826,N,N,BALTIMORE,UNK,02,02,2341,MU,,0,E,WALKER AVE,0,U,E,2340,MU,,GITTINGS AVE (BACK),39.37108464,-76.591326
99,24,,00,00,01,1,00,00,00,ADJ6620007,08.04,02-24-2015,23:13:00,CAD1556,N,N,BALTIMORE,UNK,02,00,147,MD,,3.235,N,HARFORD RD,0,U,N,,UU,,BATAVIA AVE,39.34902542,-76.56410694
01,24,,00,17,01,,00,00,00,ADJ6620008,06.01,03-09-2015,13:36:00,CAD 8104,N,N,BALTIMORE,UNK,02,00,1130,MU,,0,N,MCCLEAN BLVD,0,U,N,2405,MU,,LAURELTON AVE,39.36930141,-76.57072395
01,24,,00,03,01,1,01,00,00,ADJ6620009,06.01,03-10-2015,10:30:00,CAD90799,N,N,BALTIMORE,UNK,00,00,1024,MU,,0.435,S,FLEETWOOD AVE,0,U,S,1,US,,BELAIR RD,39.3554301,-76.52981758
07.88,03,,01,06,02,,01,00,00,ADJ6630001,06.01,01-02-2015,00:00:00,CAD2785,N,N,BALTIMORE,UNK,00,19,4345,CO,,0,S,HAMILTON AVE,0,U,S,,UU,,BALTO CITY LINE,39.34239614,-76.5455997
03,24,,02,11,02,2,01,04,00,ADJ6630002,00,02-07-2015,00:15:00,CAD42,Y,N,BALTIMORE,UNK,01,01,1440,MU,,0.59,N,S BROADWAY,0,F,N,1390,MU,,E LOMBARD ST,39.2902609,-76.59384727
01,24,,02,13,02,1,01,88,00,ADJ6630003,06.01,02-19-2015,10:00:00,CAD532,N,N,BALTIMORE,UNK,01,01,1665,MU,,2.817,E,E BALTIMORE ST,0,F,E,150,MD,,N HAVEN ST,39.29530928,-76.56320572
01,24,,01,07,03,1,08,00,00,ADJ6630004,00,02-21-2015,13:00:00,CAD1371,N,N,BALTIMORE,UNK,01,02,2971,MU,,0,N,N HIGHLAND AVE,0,F,N,2965,MU,,S HIGHLAND AVE (BACK),39.2973933,-76.56969666
01,24,,01,03,01,2,01,03,00,ADJ6630005,03,03-01-2015,16:30:00,CAD1543,N,N,BALTIMORE,UNK,01,01,1340,MU,,2.021,E,EASTERN AVE,20,F,E,,UU,,S EATON ST,39.28666537,-76.56552315
01,24,,01,09,01,1,03,01,00,ADJ6630006,08.04,03-06-2015,14:00:00,CAD51171,N,N,BALTIMORE,UNK,01,02,1685,MU,,0.33,W,PULASKI HWY,0,F,W,1680,MU,,E FAYETTE ST,39.29458692,-76.57945991
01,03,,02,11,02,1,01,04,00,AE39050020,06.01,03-11-2015,13:45:00,,Y,N,BACOPD,UNK,01,00,3482,CO,,0.14,S,PUTTY HILL AVE,0,F,S,3333,CO,,GOUCHER BLVD,39.39282596,-76.58380508
01,03,,02,02,02,,01,04,00,AE39050022,06.01,03-13-2015,09:07:00,,Y,N,BACOPD,UNK,01,00,1164,CO,,0.74,E,FAIRMOUNT AVE,0,F,E,146,MD,,DULANEY VALLEY RD,39.4060246,-76.60127163
01,03,,09.04,11,02,2,01,05.01,04,AE39050023,06.01,03-30-2015,16:20:00,,N,N,BACOPD,UNK,01,09,8762,CO,,4.93,W,JOPPA RD E,150,F,W,3372,OP,,GREEN PASTURES DR,39.39680571,-76.56535149
01,03,,01,17,01,1,01,01,04,AE39080004,03,01-18-2015,07:42:00,,N,N,BACOPD,UNK,11,00,131,MD,,2.37,E,SEMINARY AVE,15,F,E,6319,CO,,BARTS CT,39.422163,-76.63041115
01,03,,01,06,01,1,01,01,00,AE39080005,03,01-18-2015,13:40:00,,N,N,BACOPD,UNK,02,02,995,CO,,0.17,E,SEMINARY AVE,15,F,E,1010,CO,,TENBURY RD,39.42066288,-76.615026
03,03,,01,11,01,1,01,01,00,AE39080006,03,01-24-2015,01:00:00,,N,N,BACOPD,UNK,01,00,146,MD,,0.29,N,DULANEY VALLEY RD,100,F,N,1164,CO,,FAIRMOUNT AVE,39.40735925,-76.60094976
04,03,,01,17,03,1,01,01,11,AE39080007,08.04,02-02-2015,00:00:00,,N,N,BACOPD,UNK,09,00,23,CO,,0.76,S,BECKLEYSVILLE RD,100,F,S,28,CO,,SPOOKS HILL RD,39.67119852,-76.73266768
03,03,,01,17,01,1,01,03,07,AE39120004,03,01-04-2015,02:00:00,,N,N,BACOPD,UNK,16,09,41,MD,,0.14,N,PERRING PKWY,0,M,N,3413,CO,,HILLSWAY AVE,39.37386928,-76.56552315
03,03,,01,88,02,1,01,01,00,AE39120005,06.01,01-21-2015,01:30:00,,N,N,BACOPD,UNK,02,00,3626,CO,,0.14,S,FOWLER AVE,300,F,S,3629,CO,,LAMBROS RD,39.3765232,-76.52117014
03,03,,01,88,02,1,01,01,00,AE39120006,06.01,01-21-2015,01:35:00,,N,N,BACOPD,UNK,02,00,3626,CO,,0.47,S,FOWLER AVE,10,F,S,3643,CO,,HISS AVE,39.37372,-76.52084827
01,03,,01,88,02,1,01,01,88,AE39120007,06.01,03-16-2015,18:30:00,,N,N,BACOPD,UNK,09,02,1866,CO,,0.05,S,FAIRMOUNT AVE,10,F,S,1863,CO,,SPRING AVE,39.35180473,-76.71380639
01,03,,01,03,02,2,01,01,00,AE39120008,00,03-29-2015,16:15:00,,N,N,BACOPD,UNK,01,01,2051,CO,,0,S,ABBIE PL,50,F,S,26,MD,,LIBERTY RD,39.35202043,-76.75409317
03,03,,01,03,02,2,01,03,00,AE3912000B,00,03-29-2015,21:30:00,,N,N,BACOPD,UNK,01,00,26,MD,,7.657,E,LIBERTY RD,10,F,E,1800,CO,,MILFORD MILL RD,39.35371284,-76.75834179
01,03,,01,17,02,2,01,01,04,AE3912000C,06.01,03-09-2015,14:04:00,,N,N,BACOPD,UNK,09,00,1931,CO,,0.28,S,CROYDON RD,10,F,S,26,MD,,LIBERTY RD,39.34775603,-76.74128294
03,03,,01,00,04,1,01,01,00,AE39190003,12.04,03-03-2015,20:00:00,7/PATROL,N,N,BACOPD,UNK,02,00,810,CO,,3.02,W,TIMONIUM RD,0,M,W,6499,CO,,VALLEYWOOD CT,39.43789994,-76.64723396
01,03,,03,03,02,,01,01,00,AE3925000C,06.01,02-01-2015,09:25:00,,Y,N,BACOPD,UNK,01,00,3527,CO,,1.47,S,SATYR HILL RD,20,F,S,8762,CO,,JOPPA RD E,39.39840584,-76.54269218
99,03,,02,99,02,1,88,01,00,AE3925000D,00,03-01-2015,00:00:00,,N,N,BACOPD,UNK,02,00,3590,CO,,0.37,S,LAKEWOOD RD,0,F,S,3591,CO,,LAKEWOOD CT,39.39511435,-76.53374434
01,03,,02,03,02,1,01,01,00,AE3925000H,06.01,03-15-2015,15:36:00,,Y,N,BACOPD,UNK,01,00,3527,CO,,1.38,S,SATYR HILL RD,0,F,S,41,MD,,PERRING PKWY,39.40056969,-76.54563189
01,03,,02,11,04,1,01,01,00,AE39390003,08.04,01-06-2015,14:54:00,PC07/727,N,N,BACOPD,UNK,01,00,212,CO,,0.36,S,ENSOR MILL RD,0,F,S,6336,CO,,DELBARTON DR,39.55792712,-76.66200757
01,03,,01,17,03,1,01,01,11,AE39390004,08.04,01-06-2015,15:40:00,PC07/727,N,N,BACOPD,UNK,09,00,197,CO,,3.98,W,BELFAST RD,0,M,W,198,CO,,DUNCAN HILL RD,39.54426088,-76.70889258
06.02,03,,02,11,02,1,01,01,00,AE39390005,07.01,01-09-2015,16:45:00,PC07/727,Y,N,BACOPD,UNK,01,00,45,MD,,12.35,N,YORK RD,0,F,N,239,CO,,SPARKS RD,39.5368641,-76.64737344
01,03,,88,11,02,1,01,01,00,AE39390007,06.01,01-20-2015,08:28:00,PC07/727,N,N,BACOPD,UNK,01,00,45,MD,,9.07,N,YORK RD,50,F,N,,UU,,ENT TO BUSINESS,39.49480167,-76.64999127
99,03,,99,99,99,,99,99,00,AE39390008,99,01-20-2015,00:00:00,PC07/PAT,N,U,BACOPD,UNK,01,00,438,CO,,3.158,E,SHAWAN RD,0,U,E,13,OP,,HYLAND AVE ALLEY,39.49663964,-76.65487289
01,03,,02,02,02,,01,00,00,AE39390009,06.01,02-28-2015,07:45:00,07/727,Y,N,BACOPD,UNK,01,00,146,MD,,9.27,N,JARRETTSVILLE PIKE,0,F,N,,UU,,SPUR TO MD 145,39.51841009,-76.55921459
06.02,03,,01,09,02,1,01,01,00,AE39440006,06.01,01-27-2015,17:24:00,,N,N,BACOPD,UNK,01,00,4095,CO,,0.32,S,EBENEZER RD,125,F,S,3960,CO,,RED LION RD,39.38060339,-76.4280653
03,03,,01,17,02,1,01,04,04,AE39460003,06.01,01-17-2015,01:22:00,PC09,N,N,BACOPD,UNK,09,00,1,US,,16.84,N,BELAIR RD,200,F,N,4215,CO,,OVERTON AVE,39.36789761,-76.51589155
01,03,,09.04,11,02,1,01,01,00,AE39690007,06.01,02-08-2015,16:30:00,,Y,N,BACOPD,UNK,01,00,25,MD,,4.56,N,FALLS RD,75,F,N,115,OP,,WOODWARD LA,39.43281214,-76.67645931
01,24,,01,09,02,1,01,01,00,ADJ386000D,07.01,03-19-2015,17:05:00,2205,N,N,BALTIMORE,UNK,01,01,3040,MU,,1.17,E,BOSTON ST,10,F,E,,UU,,S HIGHLAND AVE,39.27653377,-76.56836629
01,24,,01,17,01,2,01,04,20.01,ADJ386000F,03,03-31-2015,18:18:00,2382,N,N,BALTIMORE,UNK,01,09,1200,MU,,1.13,N,KANE ST,20,F,N,151,MD,,NORTH POINT BLVD,39.29878814,-76.53315425
03,24,,01,03,02,1,01,04,00,ADJ386000G,00,03-31-2015,20:23:00,2724,N,N,BALTIMORE,UNK,01,01,3040,MU,,0.588,E,BOSTON ST,10,F,E,1165,MU,,S LAKEWOOD AVE,39.28001356,-76.57937407
01,24,,01,99,06.03,,01,02,00,ADJ3890001,06.01,02-25-2015,16:05:00,01779,N,N,BALTIMORE,UNK,02,00,,,,,,1900 E. LANVALE ST.,0,F,,,,,1700 N. WOLFE ST.,39.30973419,-76.591326
01,24,,03,11,02,,01,02,00,ADJ3890002,06.01,03-03-2015,11:10:00,21657,Y,N,BALTIMORE,UNK,01,00,1087,MU,,1.427,N,N WASHINGTON ST,0,F,N,1,US,,NORTH AVE,39.3124362,-76.59041405
03,24,,02,11,02,1,01,01,00,ADJ3900001,06.01,01-14-2015,17:30:00,,Y,N,BALTIMORE,UNK,01,00,,MU,,0.54,W,WINDSOR AVE,0,F,W,,MU,,"DENISON ST,",39.31203123,-76.67429209
01,24,,01,03,02,1,01,02,00,ADJ3900002,06.01,01-13-2015,12:00:00,1050,N,N,BALTIMORE,UNK,01,00,1,MU,,0,S,N MORLEY ST,50,F,S,2,MU,,W CATON AVE,39.28674426,-76.67410165
01,24,,01,08,02,2,01,02,04,ADJ3900003,06.01,01-20-2015,17:05:00,2242,N,N,BALTIMORE,UNK,01,09,6366,MU,,0.899,N,HILTON PKWY,500,F,N,1910,MU,,N FRANKLINTOWN RD,39.30505623,-76.67394876
03,24,,01,88,02,1,01,02,04,ADJ3900004,06.01,01-20-2015,18:50:00,2625,Y,N,BALTIMORE,UNK,01,09,6366,MU,,1.361,N,HILTON PKWY,100,F,N,,UU,,W NORTH AVE,39.30863994,-76.67250037
03,24,,01,03,04,1,00,01,00,ADJ3900005,07.01,01-21-2015,21:55:00,2834,Y,N,BALTIMORE,UNK,01,00,2880,MU,,0.076,N,N HILTON ST,50,F,N,,UU,,WALBROOK AVE,39.30997534,-76.67266935
01,24,,01,07,02,1,01,03,00,ADJ3900006,06.01,01-20-2015,14:50:00,1703,N,N,BALTIMORE,UNK,01,00,1281,MU,,1.966,W,WASHINGTON BLVD,100,F,W,,UU,,GRIFFIS AVE,39.26804325,-76.65094882
01,24,,01,02,02,1,01,03,00,ADJ3900007,06.01,01-21-2015,09:00:00,607,N,N,BALTIMORE,UNK,01,00,372,MD,,0,E,WILKENS AVE,100,F,E,,UU,,PINE HEIGHTS,39.2719548,-76.6772747
03,24,,02,11,02,2,01,04,04,ADJ3900008,06.01,01-27-2015,19:35:00,2341,Y,N,BALTIMORE,UNK,01,09,2060,MU,,0.3,S,N LONGWOOD ST,0,F,S,1023,MU,,GWYNNS FALLS PKWY,39.31436438,-76.6678454
01,24,,01,12,02,2,01,03,00,ADJ3900009,06.01,01-27-2015,15:15:00,1500,Y,N,BALTIMORE,UNK,01,00,2290,MU,,0,N,N ATHOL AVE,10,F,N,40,US,,EDMONDSON AVE,39.29332647,-76.68940097
04,24,,01,17,04,1,88,04,04,ADJ390000B,06.01,02-03-2015,19:15:00,2468,N,N,BALTIMORE,UNK,09,09,6366,MU,,1.361,N,HILTON PKWY,1,M,N,,UU,,W NORTH AVE,39.30397023,-76.67349279
01,24,,01,11,02,1,00,03,00,ADJ390000C,00,02-04-2015,08:20:00,537,N,N,BALTIMORE,UNK,01,00,144,MD,,1.689,E,FREDERICK AVE,100,F,E,,M0,,S CHAPLE GATE RD.,39.28125304,-76.69927493
01,24,,01,03,02,1,01,03,00,ADJ390000D,06.01,02-08-2015,10:30:00,911,Y,N,BALTIMORE,UNK,01,00,2210,MU,,1.212,W,W NORTH AVE,200,F,W,,UU,,N ELLAMONT ST,39.30899213,-76.66982621
01,24,,00,17,02,,00,88,00,ADJ390000F,06.01,02-13-2015,15:00:00,7766,N,N,BALTIMORE,UNK,03,03,144,MD,,3.134,E,FREDERICK AVE,500,F,E,,UU,,S CATHERINE ST,39.28312443,-76.65480986
99,24,,01,07,06.03,,01,03,00,ADJ390000G,08.04,02-15-2015,08:00:00,594,N,N,BALTIMORE,UNK,01,00,2080,MU,,0.1,W,CLIFTON AVE,100,F,W,,UU,,EDGEWOOD ST,39.31092331,-76.67683885
01,24,,01,03,04,1,01,02,00,ADJ390000H,06.01,02-15-2015,11:00:00,830,Y,N,BALTIMORE,UNK,01,01,2880,MU,,0,N,N HILTON ST,10,F,N,,MU,,PRESSBURY ST,39.30694643,-76.67218521
01,24,,01,03,02,1,01,03,00,ADJ390000J,06.01,02-12-2015,14:00:00,1447,Y,N,BALTIMORE,UNK,01,01,101,MU,,0,N,S CATON AVE,100,F,N,1,US,,WILKENS AVE,39.27443612,-76.67155087
01,24,,01,03,06.03,2,01,03,00,ADJ390000K,06.01,02-22-2015,10:10:00,519,Y,N,BALTIMORE,UNK,01,00,1281,MU,,1.75,W,WASHINGTON BLVD,100,F,W,1960,MU,,HOLLINS FERRY RD,39.26997116,-76.6486609
01,24,,01,03,02,2,01,04,00,ADJ390000L,06.01,03-21-2015,09:00:00,00677,N,N,BALTIMORE,UNK,01,00,6366,MU,,0.24,N,HILTON PKWY,100,F,N,40,US,,EDMONDSON AVE,39.29455371,-76.67235017
05.02,24,,01,03,02,2,01,03,00,ADJ390000M,06.01,03-02-2015,19:20:00,2302,N,N,BALTIMORE,UNK,01,00,,,,,,NORTH BEND RD,50,F,,,,,JAMESTOWN RD,39.28376742,-76.70737714
03,24,,01,09,02,2,00,02,00,ADJ390000N,06.01,02-16-2015,21:15:00,2280,Y,N,BALTIMORE,UNK,01,00,,,,,,SEMINOLE RD.,15,F,,,,,ROKEBY RD.,39.29911528,-76.68881625
01,24,,01,03,02,1,01,03,00,ADJ390000Q,06.01,03-28-2015,12:00:00,1138,Y,N,BALTIMORE,UNK,01,00,1281,MU,,2.584,W,WASHINGTON BLVD,15,F,W,,UU,,INVERNESS AVE,39.26131793,-76.65844157
01,24,,02,17,02,1,01,01,00,ADJ3920001,00,01-15-2015,07:50:00,448,Y,N,BALTIMORE,UNK,03,00,144,MD,,1.689,E,FREDERICK AVE,0,F,E,4130,MU,,S AUGUSTA AVE,39.28167449,-76.68464541
01,24,,02,17,02,1,01,03,10,ADJ3920002,06.01,01-17-2015,09:03:00,804,Y,N,BALTIMORE,UNK,09,09,699,MU,,0.23,W,COOKS LA,0,F,W,6135,MU,,BRIARCLIFT RD,39.29482148,-76.70502819
06.02,24,,02,03,02,3,01,04,00,ADJ3920003,00,02-11-2015,18:20:00,,Y,N,BALTIMORE,UNK,01,01,4095,MU,,0.31,N,ALLENDALE ST,0,F,N,40,US,,EDMONDSON AVE,39.29405553,-76.67835832
00,24,,01,07,00,1,01,02,00,ADJ3920004,00,02-12-2015,20:10:00,2922,N,N,BALTIMORE,UNK,01,01,40,US,,1.542,E,EDMONDSON AVE,100,F,E,,UU,,N LOUDON AVE,39.29324182,-76.68257475
03,24,,01,03,00,,01,01,11,ADJ3920005,00,02-13-2015,21:46:00,3378,N,N,BALTIMORE,UNK,01,01,40,US,,0.94,E,EDMONDSON AVE,500,F,E,4135,MU,,SWANN AVE,39.29408874,-76.69399023
03,24,,02,02,00,1,01,04,00,ADJ3920007,00,02-25-2015,18:40:00,2165,Y,N,BALTIMORE,UNK,01,01,40,US,,0.57,E,EDMONDSON AVE,0,F,E,,UU,,NOTTINGHAM RD,39.29266059,-76.70060992
01,24,,02,11,01,1,01,01,00,ADJ3920009,03,03-10-2015,12:37:00,91170,Y,N,BALTIMORE,UNK,01,01,2080,MU,,0,W,CLIFTON AVE,0,F,W,,UU,,DENISON AVE,39.31103333,-76.67421699
01,24,,02,05,02,1,01,04,00,ADJ392000B,00,03-17-2015,13:30:00,61356,N,N,BALTIMORE,UNK,01,01,40,US,,2.292,E,EDMONDSON AVE,0,F,E,,UU,,N ROSEDALE ST,39.29429735,-76.6686286
01,24,,00,03,00,,01,02,00,ADJ392000C,00,03-19-2015,08:00:00,80590,N,N,BALTIMORE,UNK,02,02,395,IS,,1.24,N,HOWARD ST,0,U,N,5875,MU,,CONWAY ST,39.29583341,-76.68772191
01,24,,01,01,04,1,01,01,00,ADJ3930001,03,01-18-2015,08:00:00,CAD 1347,N,N,BALTIMORE,UNK,02,00,2005,MU,,0,E,BAKER ST,0,U,E,,UU,,LONGWOOD ST,39.30572042,-76.67142749
01,24,,03,11,02,1,01,04,00,ADJ3930002,06.01,01-22-2015,09:30:00,677,Y,N,BALTIMORE,UNK,01,00,40,US,,2.66,E,FRANKLIN ST,0,F,E,6364,MU,,N FRANKLINTOWN RD,39.29312557,-76.66246891
01,24,,01,03,02,1,01,01,00,ADJ3930003,06.01,02-05-2015,11:50:00,CAD 1184,Y,N,BALTIMORE,UNK,01,00,,,,,,1300 W NORTH AVE,0,F,,,,,2200 DRUID HILL AVE,39.31024472,-76.6382432
03,24,,01,03,02,1,01,01,00,ADJ3930004,06.01,02-27-2015,18:18:00,CAD 2458,N,N,BALTIMORE,UNK,01,00,4161,MU,,0.37,N,N WARWICK AVE,0,U,N,,UU,,SPUR FR W FRANKLIN ST,39.29289308,-76.65625691
03,24,,01,17,02,3,03,04,88,ADJ3930005,06.01,03-10-2015,06:45:00,90479,N,N,BALTIMORE,UNK,09,00,40,US,,1.18,E,EDMONDSON AVE,0,U,E,2290,MU,,N ATHOL AVE,39.2934494,-76.68757439
01,24,,01,03,02,1,01,01,00,ADJ3930006,06.01,03-23-2015,15:50:00,1634,N,N,BALTIMORE,UNK,01,00,4460,MU,,0.467,S,N HILTON ST,0,U,S,4120,MU,,N CULVER ST,39.28947206,-76.67246819
01,24,,01,06,02,1,03,01,00,ADJ3930007,06.01,03-26-2015,14:00:00,CAD 1382,N,N,BALTIMORE,UNK,01,00,1352,MU,,0.825,W,N FOREST PARK AVE,0,U,W,,UU,,MAPLE PARK AVE,39.3065838,-76.70977235
03,24,,01,17,02,1,01,02,11,ADJ3940001,06.01,01-02-2015,02:19:00,0164,N,N,BALTIMORE,UNK,09,09,,,,,,EAST FRANKLIN ST,50,F,,,,,CATHEDRAL AVE,39.29509341,-76.6146934