LIGHT_CODE,COUNTY_NO,MUNI_CODE,JUNCTION_CODE,COLLISION_TYPE_CODE,SURF_COND_CODE,LANE_CODE,RD_COND_CODE,RD_DIV_CODE,FIX_OBJ_CODE,REPORT_NO,WEATHER_CODE,ACC_DATE,ACC_TIME,LOC_CODE,SIGNAL_FLAG,C_M_ZONE_FLAG,AGENCY_CODE,AREA_CODE,HARM_EVENT_CODE1,HARM_EVENT_CODE2,RTE_NO,ROUTE_TYPE_CODE,RTE_SUFFIX,LOG_MILE,LOGMILE_DIR_FLAG,MAINROAD_NAME,DISTANCE,FEET_MILES_FLAG,DISTANCE_DIR_FLAG,REFERENCE_NO,REFERENCE_TYPE_CODE,REFERENCE_SUFFIX,REFERENCE_ROAD_NAME,LATITUDE,LONGITUDE
01,24,,03,11,00,3,01,04,00,ADJ3940002,06.01,01-31-2015,16:36:00,1375,Y,N,BALTIMORE,UNK,01,01,1125,MU,,1.51,N,N CHARLES ST,2,F,N,1,US,,NORTH AVE,39.31106653,-76.61654949
03,24,,00,00,03,,01,01,00,ADJ3940003,08.04,02-26-2015,21:39:00,2810,N,N,BALTIMORE,UNK,01,02,,,,,,1600 ARGYLE AVE,50,F,,,,,PITCHER STREERT,39.30209247,-76.63465977
01,24,,01,17,01,2,01,04,05,ADJ3940004,03,03-26-2015,12:11:00,1172,Y,N,BALTIMORE,UNK,09,09,1035,MU,,0.36,E,DRUID PARK LAKE DR,1,F,E,,UU,,LINDEN AVE,39.31648693,-76.63785696
03,24,,01,07,02,2,01,01,00,ADJ3960001,06.01,01-30-2015,23:54:00,3779,N,N,BALTIMORE,UNK,02,00,140,MD,,1.63,N,REISTERSTOWN RD,0,F,N,,UU,,VIOLET AVE,39.32985664,-76.66099101
03,24,,01,07,02,,01,01,00,ADJ3960002,06.01,01-31-2015,00:45:00,112,N,N,BALTIMORE,UNK,02,00,2840,MU,,0.407,S,HAYWARD AVE,0,F,S,,UU,,CUTBERTH AVE,39.34743557,-76.68266997
06.02,24,,01,01,01,,01,01,00,ADJ3960003,03,03-10-2015,18:30:00,CAD#2206,N,N,BALTIMORE,UNK,01,00,2755,MU,,0,E,WOODLAND AVE,0,F,E,2190,MU,,PIMLICO RD,39.34004483,-76.67440876
03,24,,01,03,02,,01,02,00,ADJ5690003,06.01,01-18-2015,12:38:00,,N,N,BALTIMORE,UNK,01,00,,,,,,55 MARKET PLACE,0,F,,,,,700 E LOMBARD ST.,39.28820159,-76.60676479
01,24,,88,17,01,2,01,01,05,ADJ5690004,03,01-18-2015,11:45:00,1B12,N,N,BALTIMORE,UNK,09,00,1730,MU,,0,N,ST PAUL PL,0,F,N,1690,MU,,E SARATOGA ST,39.29311727,-76.61295533
01,24,,00,17,01,2,01,03,00,ADJ5690005,00,01-18-2015,14:15:00,1B12,Y,N,BALTIMORE,UNK,03,00,1455,MU,,0.2,S,SOUTH ST,0,U,S,1392,MU,,E PRATT ST,39.28669858,-76.61072373
01,24,,01,88,02,,01,02,00,ADJ5690006,06.01,01-19-2015,09:30:00,1B11,N,N,BALTIMORE,UNK,02,00,1392,MU,,0.436,E,E PRATT ST,20,F,E,,UU,,MARKET PL,39.28680238,-76.6064617
03,24,,01,88,02,2,01,03,00,ADJ5690007,06.01,02-14-2015,01:45:00,1C11,Y,N,BALTIMORE,UNK,01,00,1680,MU,,2.23,W,E FAYETTE ST,25,F,W,,UU,,HOLLIDAY ST,39.29051001,-76.61009073
01,24,,01,88,02,3,01,02,00,ADJ5690008,06.01,03-12-2015,13:00:00,1686,N,N,BALTIMORE,UNK,01,00,1391,MU,,1.23,E,W PRATT ST,0,F,E,295,MD,,PACA ST (NB COUPLET),39.28626678,-76.62210703
03,24,,01,01,02,1,01,02,00,ADJ5690009,06.01,03-13-2015,03:00:00,20643,N,N,BALTIMORE,UNK,01,00,1681,MU,,1.71,W,W FAYETTE ST,0,F,W,1,US,,MONROE ST (SB COUPLET),39.28955717,-76.64542615
01,24,,01,88,02,4,01,02,00,ADJ569000B,06.01,03-13-2015,13:30:00,21484,N,N,BALTIMORE,UNK,01,00,1395,MU,,0.74,W,W LOMBARD ST,0,F,W,6020,MU,,MARTIN LUTHER KING JR BLVD,39.28720928,-76.62792206
01,24,,02,07,02,1,01,02,00,ADJ569000C,06.01,03-18-2015,09:30:00,CAD70836,N,N,BALTIMORE,UNK,01,00,40,US,,5.26,E,MULBERRY ST (EB COUPLET),0,F,E,2,MD,,ST PAUL PL (SB COUPLET),39.29425065,-76.61424279
01,24,,01,07,02,5,01,03,04,ADJ569000D,06.01,03-19-2015,15:15:00,CAD81833,N,N,BALTIMORE,UNK,01,09,36,MU,,0.11,S,KEY HWY,0,U,S,,UU,,WILLIAM ST,39.28073192,-76.61130309
01,24,,01,08,02,3,01,02,00,ADJ569000F,06.01,03-25-2015,10:30:00,CAD40889,N,N,BALTIMORE,UNK,01,00,2,MD,,4.41,N,CALVERT ST (NB COUPLET),0,U,N,1690,MU,,E SARATOGA ST,39.29254019,-76.612553
01,24,,02,08,02,4,01,02,00,ADJ569000G,06.01,03-31-2015,11:00:00,CAD948,Y,N,BALTIMORE,UNK,01,00,295,MD,,3.04,N,PACA ST (NB COUPLET),0,F,N,1391,MU,,W PRATT ST,39.28611315,-76.62207484
01,24,,01,88,02,2,01,03,00,ADJ569000H,06.01,03-31-2015,15:30:00,CAD1519,N,N,BALTIMORE,UNK,02,00,40,US,,4.79,W,FRANKLIN ST (WB COUPLET),0,F,W,2,MD,,ST PAUL PL (SB COUPLET),39.29520965,-76.61304653
03,24,,02,11,01,3,01,01,00,ADJ5700001,03,01-04-2015,00:14:00,6A11,Y,N,BALTIMORE,UNK,01,01,129,MD,,4.863,S,AUCHENTOROLY TERR (SB COUPLET),0,F,S,2131,MU,,LIBERTY HEIGHTS AVE,39.32018884,-76.65066719
03,24,,00,07,02,1,99,04,00,ADJ5700002,06.01,01-16-2015,17:26:00,2199,Y,N,BALTIMORE,UNK,01,01,2880,MU,,0.12,N,N HILTON ST,0,F,N,2070,MU,,BLOOMINGDALE RD,39.31042734,-76.67244673
01,24,,02,02,02,2,01,04,00,ADJ5700003,06.01,02-09-2015,13:12:00,1349,Y,N,BALTIMORE,UNK,01,01,26,MD,,0,E,LIBERTY HEIGHTS AVE,0,F,E,,UU,,BALTIMORE CO/L,39.32003944,-76.65073156
01,24,,02,08,01,2,01,01,00,ADJ5700004,03,03-04-2015,14:45:00,1464,N,N,BALTIMORE,UNK,01,01,140,MD,,1.54,N,REISTERSTOWN RD,0,F,N,,UU,,ULMAN AVE,39.3289116,-76.66020513
01,24,,03,08,02,,01,02,00,ADJ5720001,06.01,01-31-2015,08:50:00,CAD#839,Y,N,BALTIMORE,UNK,01,00,295,MD,,3.04,N,PACA ST (NB COUPLET),0,F,N,1391,MU,,W PRATT ST,39.28622526,-76.6220668
01,24,,00,08,02,1,01,02,00,ADJ5720002,06.01,02-06-2015,11:00:00,CAD#1072,N,N,BALTIMORE,UNK,01,00,,,,,,HOLLINS ST,0,U,,,,,ARLINGTON AVE,39.28766599,-76.63524181
01,24,,00,88,00,1,01,02,00,ADJ5720003,06.01,02-19-2015,16:30:00,CAD#2070,N,N,BALTIMORE,UNK,01,00,,,,,,GLYNDON AVE,30,F,,,,,BAYARD ST,39.28075683,-76.63808763
99,24,,00,07,99,1,01,03,00,ADJ5720004,99,02-25-2015,17:20:00,CAD#2424,N,N,BALTIMORE,UNK,01,00,1281,MU,,0.95,W,WASHINGTON BLVD,50,F,W,4305,MU,,BUSH ST,39.27866817,-76.63791597
01,24,,02,09,01,2,01,02,00,ADJ5720005,03,03-03-2015,17:02:00,CAD#2261,Y,N,BALTIMORE,UNK,01,00,1391,MU,,0.703,E,W PRATT ST,0,F,E,,UU,,S POPPLETON ST,39.2858713,-76.63197353
03,24,,00,07,01,1,00,01,00,ADJ5720006,03,03-04-2015,18:48:00,CAD#2209,N,N,BALTIMORE,UNK,01,00,,,,,,MALLVIEW RD,150,F,,,,,WEGWORTH LN,39.252995,-76.64120972
99,24,,00,88,99,2,00,03,00,ADJ5720007,00,03-11-2015,09:30:00,CAD00923,N,N,BALTIMORE,UNK,01,00,1395,MU,,1.411,W,W LOMBARD ST,50,F,W,,UU,,S STRICKER ST,39.2864287,-76.64067328
99,24,,00,07,02,,01,03,00,ADJ5720008,99,03-16-2015,09:00:00,CAD50571,N,N,BALTIMORE,UNK,01,00,1281,MU,,0.454,W,WASHINGTON BLVD,5,F,W,,UU,,CALLENDER ST,39.28291187,-76.63122654
01,24,,03,11,02,1,01,04,00,ADJ5720009,07.01,03-30-2015,12:00:00,CAD91136,Y,N,BALTIMORE,UNK,03,00,6020,MU,,0.88,N,MARTIN LUTHER KING JR BLVD,5,F,N,1281,MU,,WASHINGTON BLVD,39.28341636,-76.62642807
01,24,,02,11,02,1,01,03,00,ADJ572000B,06.01,03-31-2015,12:30:00,CAD1224,Y,N,BALTIMORE,UNK,01,00,1651,MU,,1.123,W,W OSTEND ST,0,F,W,,UU,,CARROLL ST,39.2809167,-76.63288951
01,24,,00,07,02,1,01,02,00,ADJ572000T,06.01,03-30-2015,12:10:00,CAD1101,N,N,BALTIMORE,UNK,01,00,,,,,,WARD ST,50,F,,,,,OSTEND ST,39.28216239,-76.63235575
01,24,,00,07,01,1,01,01,00,ADJ572000V,03,03-25-2015,10:45:00,CAD0890,N,N,BALTIMORE,UNK,02,00,4280,MU,,0.65,N,SCOTT ST,100,F,N,1395,MU,,W LOMBARD ST,39.28670481,-76.62902445
99,24,,01,99,02,,01,01,00,ADJ5730001,00,03-18-2015,17:33:00,CAD#2076,N,N,BALTIMORE,UNK,02,99,2125,MU,,2.002,N,GARRISON BLVD,25,F,N,,UU,,FERNHILL AVE,39.33767062,-76.69369251
01,24,,01,06,02,,01,01,00,ADJ5730002,06.01,03-18-2015,19:10:00,CAD#2210,N,N,BALTIMORE,UNK,01,02,,,,,,MILFORD AVE,0,M,,,,,NORWOOD AVE,39.32859209,-76.70099616
03,24,,02,11,02,1,01,02,00,ADJ5750001,00,01-14-2015,17:24:00,,Y,N,BALTIMORE,UNK,01,01,1445,MU,,1.17,N,N BROADWAY,0,F,N,1180,MU,,FEDERAL ST,39.30855125,-76.59475118
03,24,,02,08,02,,01,02,00,ADJ5760001,06.01,02-12-2015,18:20:00,CAD#2497,Y,N,BALTIMORE,UNK,01,00,295,MD,,3.04,N,PACA ST (NB COUPLET),0,F,N,1391,MU,,W PRATT ST,39.28623356,-76.6220963
99,03,,99,99,03,1,99,02,00,ADJ5760002,99,02-25-2015,21:00:00,2066,N,U,BALTIMORE,UNK,01,00,,,,,,900 BROOKS LANE,10,F,,,,,2400 LINDEN AVE,39.3159059,-76.63624763
01,24,,01,03,02,1,99,02,00,ADJ5760003,06.01,03-12-2015,11:50:00,11147,N,U,BALTIMORE,UNK,01,00,1515,MU,,0,N,N CALVERT ST,10,U,N,1,US,,NORTH AVE,39.30056486,-76.6130197
99,24,,01,88,99,2,99,02,00,ADJ5760004,99,02-27-2015,17:00:00,CAD60708,N,N,BALTIMORE,UNK,01,00,2,MD,,1.46,S,ST PAUL ST (SB COUPLET),10,U,S,1680,MU,,E FAYETTE ST,39.29051831,-76.6139102
01,24,,01,03,99,2,99,02,99,ADJ5760005,99,03-23-2015,16:50:00,CAD41028,N,N,BALTIMORE,UNK,01,00,2,MD,,0.62,S,ST PAUL ST (SB COUPLET),5,F,S,1351,MU,,E CHASE ST,39.30150302,-76.61430717
03,03,,01,03,01,,01,04,04,ADJ6670003,07.01,01-18-2015,22:40:00,CAD2607,N,N,BALTIMORE,UNK,02,02,4415,CO,,0,N,35TH ST,0,U,N,,,,THE ALAMEDA,39.33096972,-76.59505963
03,03,,02,07,02,2,01,03,00,ADJ6670004,07.01,01-16-2015,19:05:00,CAD2575,Y,N,BALTIMORE,UNK,01,00,,,,,,ERDMAN AVE,0,F,,,,,MANNASOTA AVE,39.32003944,-76.57162786
03,03,,01,10,02,,01,03,00,ADJ6670005,00,02-03-2015,18:30:00,2590,N,N,BALTIMORE,UNK,02,00,1180,CO,,0,N,HILLEN RD,10,U,N,,,,E BELVEDERE RD,39.35707265,-76.58227086
03,03,,01,07,02,1,01,01,00,ADJ6670006,06.01,02-04-2015,17:30:00,2039,N,N,BALTIMORE,UNK,02,01,,,,,,LATONA RD,10,U,,,,,ECODALE AVE,39.35300767,-76.56736851
03,03,,00,88,02,,01,02,00,ADJ6670007,00,02-06-2015,21:00:00,3090,N,N,BALTIMORE,UNK,02,02,,,,,,MERIDENE,10,U,,,,,FALKIRK,39.36831233,-76.59774184
01,03,,01,17,02,1,01,03,04,ADJ6670008,06.01,02-09-2015,07:45:00,531,N,N,BALTIMORE,UNK,00,00,,,,,,E NORTHERN PARKWAY,10,F,,,,,CHINQUAPIN PARK,39.36613919,-76.59856796
01,03,,99,07,03,2,01,03,00,ADJ667000C,08.04,02-17-2015,08:15:00,CAD356,N,N,BALTIMORE,UNK,01,00,,,,,,E NORTHERN PARKWAY,10,F,,,,,PERRING PARKWAY,39.36947352,-76.57281876
01,03,,01,03,02,4,01,03,00,ADJ667000D,06.01,02-23-2015,10:35:00,CAD845,N,N,BALTIMORE,UNK,01,01,,,,0,S,HARFORD RD,100,F,S,,,,E NORTHERN PARKWAY,39.36378349,-76.55153275
01,03,,01,03,02,,01,02,00,ADJ667000H,06.01,03-13-2015,15:30:00,CAD2866,N,N,BALTIMORE,UNK,02,01,,,,,,GLENMORE ,20,F,,,,,HARFORD RD,39.35682378,-76.55917168
03,03,,01,03,02,,01,01,00,ADJ667000J,06.01,03-16-2015,02:00:00,CAD52671,N,N,BALTIMORE,UNK,01,02,,,,,,O' DONNELL STREET,10,F,,,,,S. LINWOOD,39.28039558,-76.57521129
01,03,,01,07,02,,01,02,00,ADJ667000L,06.01,03-29-2015,08:00:00,CAD1872,N,N,BALTIMORE,UNK,02,99,,,,,,SOUTHERN AVE.,50,F,,,,,THALTON ,39.33516875,-76.55933261
03,24,,01,03,02,1,01,04,00,ADJ6680001,06.01,01-24-2015,22:20:00,CAD2978,N,N,BALTIMORE,UNK,01,00,55,MU,,1.155,S,MORAVIA RD,100,F,S,2485,MU,,MANNASOTA AVE,39.32848005,-76.55812025
06.02,24,,02,02,01,,01,01,00,ADJ6680002,08.04,01-29-2015,15:30:00,1952,Y,N,BALTIMORE,UNK,01,00,961,MU,,0.92,E,HAMILTON AVE,0,F,E,2455,MU,,FRANKFORD AVE,39.34787219,-76.55756235
01,24,,02,03,02,,01,04,00,ADJ6680004,06.01,02-05-2015,16:45:00,2078,Y,N,BALTIMORE,UNK,01,00,697,MU,,0.53,E,WALTHER AVE,0,F,E,55,MU,,MORAVIA RD,39.33955423,-76.56728268
03,24,,03,03,02,2,01,03,00,ADJ6680005,06.01,02-06-2015,23:04:00,3471,Y,N,BALTIMORE,UNK,01,01,55,MU,,0.94,S,MORAVIA RD,100,F,S,1,US,,BELAIR RD,39.33119793,-76.56147033
03,24,,01,07,02,1,01,02,00,ADJ6680006,06.01,02-07-2015,22:30:00,3032,N,N,BALTIMORE,UNK,02,00,1,US,,8.165,N,BELAIR RD,100,F,N,,UU,,ELMLEY AVE,39.3168895,-76.57718539
01,24,,01,07,01,1,01,04,00,ADJ6680007,06.01,02-18-2015,11:30:00,CAD0868,N,N,BALTIMORE,UNK,01,00,41,MD,,2,N,PERRING PKWY,100,F,N,,UU,,INGRAM AVE,39.350577,-76.582056
99,24,,01,07,04,1,01,02,00,ADJ6680008,06.01,02-24-2015,08:00:00,CAD0527,N,N,BALTIMORE,UNK,01,00,1010,MU,,0.673,E,GLENMORE AVE,100,F,E,2375,MU,,MOYER AVE,39.35374602,-76.545825
01,24,,02,11,02,,01,01,04,ADJ6680009,06.01,02-27-2015,09:20:00,CAD0704,N,N,BALTIMORE,UNK,01,16,1101,MU,,0.978,N,ARGONNE DR,0,F,N,,UU,,TIVOLY AVE,39.34066922,-76.59130588
01,24,,01,00,03,1,01,03,08,ADJ668000B,10.04,03-05-2015,11:00:00,CAD40799,N,N,BALTIMORE,UNK,09,00,1130,MU,,0.647,N,MCCLEAN BLVD,100,F,N,,UU,,PINEWOOD AVE,39.36641291,-76.56695008
01,24,,01,03,03,1,00,02,00,ADJ668000C,08.04,03-05-2015,10:00:00,41034,N,N,BALTIMORE,UNK,01,00,147,MD,,2.697,N,HARFORD RD,100,F,N,,UU,,GRINDON AVE,39.34379008,-76.57340884
01,24,,01,03,03,1,00,01,00,ADJ668000D,08.04,03-05-2015,15:10:00,CAD1292,N,N,BALTIMORE,UNK,01,00,1041,MU,,0.78,E,ECHODALE AVE,100,F,E,147,MD,,HARFORD RD,39.34953151,-76.56270146
01,24,,02,07,02,1,01,01,00,ADJ668000G,06.01,03-11-2015,17:30:00,CAD2402,Y,N,BALTIMORE,UNK,01,00,147,MD,,4.817,N,HARFORD RD,0,F,N,,UU,,ROSALIE AVE,39.36803032,-76.54786348
03,24,,01,07,02,1,01,01,00,ADJ668000H,06.01,03-12-2015,18:00:00,CAD2797,N,N,BALTIMORE,UNK,01,00,1041,MU,,1.131,E,ECHODALE AVE,100,F,E,,UU,,CARTER AVE,39.34686828,-76.55962229
03,24,,00,88,00,1,00,03,00,ADJ6700002,00,01-16-2015,21:40:00,,N,N,BALTIMORE,UNK,01,02,1680,MU,,1.421,W,E FAYETTE ST,200,F,W,,UU,,N BOND ST,39.29509341,-76.56646729
99,24,,01,88,03,1,01,03,00,ADJ6700003,08.04,02-15-2015,12:25:00,CAD 956,N,N,BALTIMORE,UNK,01,02,1680,MU,,0.079,W,E FAYETTE ST,10,F,W,,UU,,N CLINTON ST,39.29483601,-76.57096803
01,24,,01,07,02,1,01,03,00,ADJ6700004,06.01,02-19-2015,15:15:00,CAD 1804,N,N,BALTIMORE,UNK,01,01,1320,MU,,1.356,N,LINWOOD AVE,10,F,N,,UU,,MCELDERRY ST,39.29783334,-76.57657385
03,24,,01,03,02,2,01,03,00,ADJ6700005,06.01,03-12-2015,22:20:00,CAD13225,N,N,BALTIMORE,UNK,01,00,40,US,,7.14,E,ORLEANS ST,20,F,E,6371,MU,,N LAKEWOOD AVE,39.29572858,-76.5793848
03,24,,02,11,02,,01,03,00,ADJ6710001,06.01,01-17-2015,19:18:00,,Y,N,BALTIMORE,UNK,01,01,1101,MU,,0,N,ARGONNE DR,0,F,N,147,MD,,HARFORD RD,39.33707732,-76.57486796
01,24,,02,11,00,,00,04,00,ADJ6710002,07.01,02-07-2015,08:10:00,CAD#706,Y,N,BALTIMORE,UNK,01,00,1770,MU,,0,W,DOLPHIN ST,0,F,W,1703,MU,,N HOWARD ST,39.3042261,-76.6208303
01,24,,01,03,02,,01,88,00,ADJ6710003,00,03-16-2015,13:37:00,51260,N,N,BALTIMORE,UNK,01,01,959,MU,,0.24,W,W PRESTON ST,0,F,W,1770,MU,,DOLPHIN ST (AHEAD),39.30127056,-76.62279367
01,24,,02,13,02,,01,03,00,ADJ6720002,06.01,02-12-2015,14:27:00,CAD 1644,Y,N,BALTIMORE,UNK,01,01,1020,MU,,0.99,S,MORAVIA PARK DR,0,F,S,40,US,,PULASKI HWY,39.30725623,-76.53455973
01,24,,99,99,03,1,99,01,99,ADJ6720003,08.04,02-17-2015,10:13:00,CAD527,N,N,BALTIMORE,UNK,01,02,,,,,,6100 CARTER AVE,5,F,,,,,3400 ROSELAWN AVENUE,39.35476643,-76.54792249
01,24,,00,99,01,2,99,04,00,ADJ6720005,08.04,03-06-2015,08:20:00,CAD484,N,N,BALTIMORE,UNK,02,01,2940,MU,,0,N,EDISON HWY,1,F,N,1370,MU,,E MONUMENT ST,39.31761579,-76.57288313
07.88,24,,01,88,02,1,01,03,00,ADJ6720007,06.01,03-11-2015,20:30:00,CAD3230,N,N,BALTIMORE,UNK,01,99,2510,MU,,0.3,E,CHESTERFIELD AVE,0,F,E,2530,MU,,CROSSLAND AVE,39.32887011,-76.57556534
07.88,24,,99,99,02,,99,99,00,ADJ6720008,06.01,03-18-2015,20:00:00,CAD2652,N,N,BALTIMORE,UNK,00,01,151,MD,,2.12,N,ERDMAN AVE,0,F,N,1180,MU,,FEDERAL ST,39.30865087,-76.56093121
03,24,,01,08,01,,01,02,00,ADJ6730001,08.04,01-26-2015,21:55:00,2869,N,N,BALTIMORE,UNK,02,00,1370,MU,,1.68,E,E MONUMENT ST,5,F,E,2955,MU,,N LAKEWOOD AVE,39.29891683,-76.57964766
03,24,,02,17,02,1,01,01,00,ADJ6730002,00,02-02-2015,22:10:00,,Y,N,BALTIMORE,UNK,03,00,40,US,,6.53,E,ORLEANS ST,0,F,E,1025,MU,,N WOLFE ST,39.29515983,-76.59073591
03,24,,02,11,02,1,01,01,00,ADJ6730003,06.01,02-07-2015,22:10:00,,Y,N,BALTIMORE,UNK,01,02,1320,MU,,1.51,N,LINWOOD AVE,0,F,N,,UU,,LINWOOD AVE (AHEAD),39.30795355,-76.58147693
01,24,,02,03,02,1,01,01,00,ADJ6730004,00,02-13-2015,09:51:00,1746,N,N,BALTIMORE,UNK,01,00,4005,MU,,1.605,S,PENNSYLVANIA AVE,0,F,S,6020,MU,,MARTIN LUTHER KING JR BLVD,39.29682041,-76.62645221
01,24,,02,11,00,1,00,01,00,ADJ6730005,00,02-28-2015,11:20:00,1115,Y,N,BALTIMORE,UNK,01,00,1425,MU,,0.95,N,N CENTRAL AVE,0,F,N,955,MU,,E PRESTON ST,39.3051476,-76.60054207
01,24,,00,17,02,1,01,01,00,ADJ6730007,00,03-26-2015,19:15:00,52594,N,N,BALTIMORE,UNK,15,00,1360,MU,,1.431,W,E MADISON ST,20,F,W,,UU,,N BOND ST,39.29946064,-76.59620762
03,03,,01,17,04,1,01,01,08,AE39690008,08.04,02-14-2015,18:20:00,,N,N,BACOPD,UNK,09,09,140,MD,,5.79,N,REISTERSTOWN RD,20,F,N,584,CO,,STRAW HAT RD,39.42321556,-76.78473473
03,03,,01,08,04,1,01,01,00,AE39690009,08.04,02-14-2015,19:49:00,,N,N,BACOPD,UNK,01,00,140,MD,,5.35,N,REISTERSTOWN RD,50,F,N,7297,CO,,OWINGS MILLS BLVD,39.41900524,-76.77954197
01,03,,01,03,03,1,01,01,11,AE3969000B,10.04,03-05-2015,13:30:00,,N,N,BACOPD,UNK,01,09,722,CO,,3.86,N,GREENSPRING AVE,100,F,N,130,MD,,GREENSPRING VALLEY RD,39.42651401,-76.6916728
04,03,,01,17,04,,04,01,11,AE3978000L,12.04,01-06-2015,19:37:00,,N,N,BACOPD,UNK,16,09,91,MD,,0.95,N,EMORY RD,100,F,N,6617,CO,,PARRISH RD,39.53990896,-76.8436414
03,03,,01,17,03,,04,01,07,AE3978000M,10.04,01-07-2015,21:17:00,,N,N,BACOPD,UNK,16,09,441,CO,,0.75,E,TUFTON AVE,700,F,E,442,CO,,BELMONT RD,39.48582638,-76.76100254
01,03,,02,02,88,2,01,03,04,AE3978000N,06.01,01-09-2015,14:17:00,,N,N,BACOPD,UNK,01,09,140,MD,,5.63,N,REISTERSTOWN RD,0,F,N,7298,CO,,GROFF LA,39.42169059,-76.78286791
01,03,,01,88,99,,01,01,00,AE3978000P,06.01,01-13-2015,08:00:00,,N,N,BACOPD,UNK,02,00,665,CO,,0.63,N,WALGROVE RD,10,F,N,669,CO,,OSAN RD,39.45650787,-76.81629896
01,03,,02,01,02,1,01,01,04,AE3978000Q,07.01,01-16-2015,14:50:00,,Y,N,BACOPD,UNK,01,09,665,CO,,0.78,N,WALGROVE RD,0,F,N,670,CO,,SHIRLEY MANOR RD,39.45609368,-76.81936741
01,03,,01,03,03,1,04,01,10,AE3978000R,08.04,01-21-2015,12:37:00,,N,N,BACOPD,UNK,01,01,30,MD,,3.32,N,HANOVER PIKE,100,F,N,187,CO,,MT GILEAD RD,39.51708585,-76.83552504
01,03,,03,03,02,2,01,01,00,AE3978000T,06.01,01-30-2015,13:17:00,,Y,N,BACOPD,UNK,01,00,140,MD,,4.96,N,REISTERSTOWN RD,10,F,N,2251,CO,,PAINTERS MILL RD,39.41493973,-76.77377522
04,03,,01,17,04,1,04,01,11,AE3978000V,06.01,02-02-2015,19:53:00,,N,N,BACOPD,UNK,16,09,7711,CO,,0.19,E,DOLFIELD RD,10,F,E,,UU,,STRUC #B0249 RED RUN,39.41079937,-76.81250095
01,03,,01,88,02,1,04,03,05,AE3978000W,06.01,02-03-2015,14:36:00,,Y,Y,BACOPD,UNK,01,01,140,MD,,11.866,N,WESTMINSTER PIKE,100,F,N,,UU,,ENT TO REISTERSTOWN AMERICAN LEGION POST,39.48420342,-76.85932159
04,03,,01,88,04,,04,01,00,AE3978000Z,09.04,02-09-2015,21:07:00,,N,N,BACOPD,UNK,02,00,159,CO,,1.17,S,PLEASANT MEADOW RD,0,M,S,88,MD,,BLACKROCK RD,39.5945364,-76.79981947
04,03,,01,06,04,1,04,01,00,AE39780010,09.04,02-09-2015,21:30:00,,N,N,BACOPD,UNK,01,02,159,CO,,1.17,S,PLEASANT MEADOW RD,0,M,S,88,MD,,BLACKROCK RD,39.59449507,-76.7997551
01,03,,01,17,06.03,2,04,04,04,AE39780011,06.01,02-17-2015,08:57:00,,N,N,BACOPD,UNK,09,16,7367,CO,,0.27,S,DOLFIELD BLVD,100,F,S,563,CO,,FEATHERBED LA,39.42971287,-76.80297375
01,03,,01,17,03,1,04,04,04,AE39780012,10.04,02-19-2015,08:02:00,,N,N,BACOPD,UNK,09,09,7710,CO,,0.588,N,DOLFIELD BLVD,200,F,N,,UU,,MILL CENTRE DR,39.4154329,-76.81195378
01,03,,01,01,03,1,04,01,00,AE39780013,10.04,02-19-2015,10:04:00,,N,N,BACOPD,UNK,01,00,128,MD,,2.14,E,BUTLER RD,0,M,E,445,CO,,LONGNECKER RD,39.48754867,-76.78882241
01,03,,01,17,03,,04,01,11,AE39780014,10.04,02-19-2015,11:07:00,,N,N,BACOPD,UNK,16,09,91,MD,,0.95,N,EMORY RD,0,M,N,6617,CO,,PARRISH RD,39.53965247,-76.84584081
03,03,,02,17,04,,04,01,11,AE39780016,03,03-04-2015,20:00:00,,N,N,BACOPD,UNK,09,00,7878,CO,,0.1,W,UPPER MILL DR,0,F,W,8145,CO,,BUXTON CIR,39.40859439,-76.81769371
01,03,,02,11,01,2,01,03,00,AE39780017,03,03-04-2015,16:21:00,,Y,N,BACOPD,UNK,01,00,140,MD,,7.46,N,REISTERSTOWN RD,0,F,N,502,CO,,NICODEMUS RD,39.4406467,-76.8063131
01,03,,02,88,02,1,01,01,00,AE39780018,06.01,03-11-2015,17:00:00,,Y,N,BACOPD,UNK,01,00,2251,CO,,0.33,N,PAINTERS MILL RD,0,F,N,532,CO,,LYONS MILL RD,39.39427487,-76.78862661
01,03,,03,03,02,1,01,03,00,AE39780019,06.01,03-11-2015,18:42:00,,Y,N,BACOPD,UNK,01,00,140,MD,,4.96,N,REISTERSTOWN RD,100,F,N,2251,CO,,PAINTERS MILL RD,39.4151915,-76.77425534
03,03,,02,09,02,1,01,03,00,AE3978001B,07.01,03-13-2015,19:45:00,,Y,N,BACOPD,UNK,03,00,140,MD,,6.87,N,REISTERSTOWN RD,0,F,N,83,OP,,RICH MAR RD,39.4345233,-76.79858029
01,03,,02,02,02,,01,01,00,AE3978001D,07.01,03-24-2015,08:59:00,,Y,N,BACOPD,UNK,01,00,128,MD,,0,E,BUTLER RD,0,F,E,795,MD,,NO NAME (BACK),39.47323191,-76.83639675
01,03,,09.04,12,01,2,01,03,04,AE3978001F,07.01,03-29-2015,12:26:00,,N,N,BACOPD,UNK,01,09,140,MD,,5.93,N,REISTERSTOWN RD,10,F,N,5840,CO,,PLEASANT RIDGE DR,39.42465658,-76.78660423
04,03,,01,17,01,1,01,01,10,AE3978001G,07.01,03-31-2015,20:04:00,,N,N,BACOPD,UNK,16,09,441,CO,,2.04,E,TUFTON AVE,0,M,E,439,CO,,DOVER RD,39.49174035,-76.74184889