LIGHT_CODE,COUNTY_NO,MUNI_CODE,JUNCTION_CODE,COLLISION_TYPE_CODE,SURF_COND_CODE,LANE_CODE,RD_COND_CODE,RD_DIV_CODE,FIX_OBJ_CODE,REPORT_NO,WEATHER_CODE,ACC_DATE,ACC_TIME,LOC_CODE,SIGNAL_FLAG,C_M_ZONE_FLAG,AGENCY_CODE,AREA_CODE,HARM_EVENT_CODE1,HARM_EVENT_CODE2,RTE_NO,ROUTE_TYPE_CODE,RTE_SUFFIX,LOG_MILE,LOGMILE_DIR_FLAG,MAINROAD_NAME,DISTANCE,FEET_MILES_FLAG,DISTANCE_DIR_FLAG,REFERENCE_NO,REFERENCE_TYPE_CODE,REFERENCE_SUFFIX,REFERENCE_ROAD_NAME,LATITUDE,LONGITUDE
01,03,,02,11,02,1,01,03,00,AE53820004,06.01,03-19-2015,16:50:00,,N,N,BACOPD,UNK,01,00,2784,CO,,0.67,S,BLOOMSBURY AVE,0,F,S,2785,CO,,MELLOR AVE,39.26256306,-76.73004985
01,03,,06.01,03,02,1,01,03,00,AE53840004,06.01,01-01-2015,14:24:00,,N,N,BACOPD,UNK,01,01,145,MD,,1.16,E,PAPER MILL RD,100,F,E,,UU,,ENT TO GUNPOWDER FALLS STATE PARK,39.50077904,-76.63448811
01,03,,01,88,02,1,01,01,00,AE53840005,00,01-08-2015,08:30:00,PC07/715,N,N,BACOPD,UNK,02,02,773,CO,,3.78,E,PADONIA RD,500,F,E,418,CO,,GREENSIDE DR,39.45629249,-76.62920952
01,03,,01,09,02,1,01,03,00,AE53840006,06.01,02-10-2015,16:12:00,PC07/715,N,N,BACOPD,UNK,01,01,418,CO,,0,S,GREENSIDE DR,75,F,S,360,CO,,WARREN RD,39.47307352,-76.63092613
03,03,,01,88,03,1,01,88,00,AE53840007,08.04,02-24-2015,00:00:00,PC07/715,N,N,BACOPD,UNK,02,02,415,CO,,0.95,E,CRANBROOK RD,100,F,E,,UU,,GELDING DR,39.47053923,-76.62350178
01,03,,01,08,02,2,01,03,00,AE53840008,00,03-13-2015,14:30:00,PC07/715,N,N,BACOPD,UNK,01,01,45,MD,,9.03,N,YORK RD,50,F,N,428,CO,,SCHILLING RD,39.49301333,-76.64907932
03,03,,02,11,02,1,01,01,08,AE4379001W,06.01,01-05-2015,17:18:00,,Y,N,BACOPD,UNK,09,01,6209,CO,,0.68,N,SEVEN COURTS DR,0,F,N,4017,CO,,PINEDALE DR,39.40748359,-76.48518562
03,03,,03,08,01,1,01,01,00,AE4379001Z,07.01,01-06-2015,17:05:00,,N,N,BACOPD,UNK,01,00,3600,CO,,1.44,N,OLD HARFORD RD,0,U,N,3606,CO,,EDGEWOOD AVE,39.39141641,-76.54340029
03,03,,01,17,02,,01,01,22.03,AE43790020,06.01,01-09-2015,18:00:00,,N,N,BACOPD,UNK,16,09,3887,CO,,1.87,N,GLEN ARM RD,1,M,N,3883,CO,,NOTCH CLIFF RD,39.44882007,-76.50488377
01,03,,02,11,02,1,01,01,00,AE43790021,07.01,01-14-2015,15:06:00,,Y,N,BACOPD,UNK,01,00,315,CO,,1.27,S,DULANEY VALLEY RD,0,F,S,306,CO,,LONG GREEN RD,39.47633649,-76.5368557
03,03,,03,03,02,1,01,01,00,AE43790022,06.01,01-16-2015,18:14:00,,Y,N,BACOPD,UNK,01,00,3600,CO,,0.3,N,OLD HARFORD RD,30,F,N,3481,CO,,TAYLOR AVE,39.3756441,-76.54657602
03,03,,01,88,02,2,03,01,00,AE43790027,06.01,02-05-2015,17:42:00,,N,N,BACOPD,UNK,10,00,8762,CO,,3.3,W,JOPPA RD E,0,U,W,3538,CO,,AUDREY AVE,39.39813225,-76.54054642
06.02,03,,03,03,02,1,01,01,10,AE43790028,06.01,02-06-2015,17:50:00,,Y,N,BACOPD,UNK,01,09,3600,CO,,1.65,N,OLD HARFORD RD,0,U,N,6218,CO,,SATYR HILL RD,39.39416915,-76.54194117
03,03,,03,17,02,2,01,04,04,AE4379002B,06.01,02-10-2015,20:18:00,,Y,N,BACOPD,UNK,09,09,43,MD,,0.64,E,WHITE MARSH BLVD,20,F,E,6158,CO,,WALTHER BLVD,39.42770738,-76.59118652
01,03,,02,11,02,2,01,88,05,AE4379002C,07.01,02-16-2015,11:02:00,,Y,N,BACOPD,UNK,01,09,542,MD,,2.62,N,LOCH RAVEN BLVD,0,F,N,3353,CO,,CROMWELL BRIDGE RD,39.40272517,-76.56723976
01,03,,02,11,02,1,01,04,00,AE4379002D,06.01,02-19-2015,08:06:00,,Y,N,BACOPD,UNK,01,00,43,MD,,0.64,E,WHITE MARSH BLVD,0,F,E,6158,CO,,WALTHER BLVD,39.38095169,-76.51247978
05.02,03,,03,88,04,,02,01,00,AE4379002G,07.01,02-23-2015,08:33:00,,Y,N,BACOPD,UNK,01,00,4465,CO,,0.39,S,MIDDLE RIVER RD,0,F,S,40,US,,PULASKI HWY,39.35293301,-76.45379305
01,03,,01,17,02,,01,01,05,AE4379002H,00,02-23-2015,13:00:00,,N,N,BACOPD,UNK,09,10,3887,CO,,0,N,GLEN ARM RD,300,F,N,3807,CO,,CUB HILL RD,39.42603334,-76.52979612
01,03,,01,17,04,1,01,01,22.03,AE4379002J,08.04,02-26-2015,09:34:00,,N,N,BACOPD,UNK,16,10,3887,CO,,1.87,N,GLEN ARM RD,1,M,N,3883,CO,,NOTCH CLIFF RD,39.44890291,-76.50499105
06.02,03,,02,11,02,1,01,01,00,AE4379002L,07.01,03-02-2015,17:52:00,,Y,N,BACOPD,UNK,01,00,6158,CO,,0.93,N,WALTHER BLVD,0,F,N,6079,CO,,DUNFIELD RD,39.38947616,-76.50745869
03,03,,05.01,03,02,,01,01,00,AE4379002M,06.01,03-02-2015,19:17:00,,Y,N,BACOPD,UNK,01,00,695,RP,,0.17,W,RAMP 2 FR IS 695 WB TO MD 147 NB,0,U,W,147,MD,,HARFORD RD,39.38945958,-76.52928114
01,03,,02,11,02,1,01,01,00,AE4379002P,07.01,03-16-2015,10:26:00,,Y,N,BACOPD,UNK,01,00,3529,CO,,1,E,PROCTOR LA,0,F,E,6067,CO,,PARKLAND RD,39.40254279,-76.5242815
01,03,,02,11,02,1,01,01,00,AE4379002Q,06.01,03-19-2015,14:07:00,,Y,N,BACOPD,UNK,01,00,3534,CO,,0.46,N,WALTHAM WOODS RD,0,F,N,41,MD,,PERRING PKWY,39.40425056,-76.54061079
05.02,03,,03,03,01,1,01,01,00,AE4379002R,03,03-27-2015,06:35:00,,Y,N,BACOPD,UNK,01,01,1,US,,18.24,N,BELAIR RD,40,F,N,6079,CO,,DUNFIELD RD,39.38338144,-76.49910092
01,03,,03,03,01,1,01,04,00,AE4379002S,07.01,03-27-2015,13:11:00,,Y,N,BACOPD,UNK,01,00,8762,CO,,3.53,W,JOPPA RD E,100,F,W,3534,CO,,WALTHAM WOODS RD,39.39857166,-76.54226303
01,03,,03,17,01,,00,04,04,AE4379002T,07.01,03-31-2015,18:25:00,,N,N,BACOPD,UNK,09,00,41,MD,,1.75,N,PERRING PKWY,120,F,N,,UU,,SPUR FR PUTTY HILL AVE,39.38921912,-76.55076027
03,03,,01,07,02,2,00,04,00,AE4379002V,00,03-30-2015,20:00:00,,Y,N,BACOPD,UNK,01,00,41,MD,,1.72,N,PERRING PKWY,200,F,N,3482,CO,,PUTTY HILL AVE,39.38817434,-76.55129671
03,03,,01,17,06.03,1,01,01,04,AE48530007,08.04,02-02-2015,00:34:00,325,N,N,BACOPD,UNK,09,00,7709,CO,,1.15,E,LAKESIDE BLVD,0,M,E,,UU,,OWINGS RUN RD,39.40054482,-76.79969072
03,03,,02,02,02,,01,01,00,AE48550003,06.01,01-23-2015,05:24:00,,Y,N,BACOPD,UNK,01,00,151,MD,,2.94,N,NORTH POINT BLVD,0,F,N,8008,CO,,NORTH POINT RD,39.24282322,-76.45540237
03,03,,01,17,02,,01,00,00,AE48550004,06.01,03-27-2015,23:04:00,,N,N,BACOPD,UNK,03,00,140,MD,,0.03,N,REISTERSTOWN RD,0,F,N,,UU,,ENT TO BUSINESS,39.40601631,-76.76710725
01,03,,01,17,06.03,1,01,01,11,AE4860000D,08.04,01-06-2015,13:06:00,PC-09,N,N,BACOPD,UNK,09,00,3918,CO,,1.07,N,JERUSALEM RD,100,F,N,6543,CO,,BUCK HILL RD,39.45788297,-76.40584588
01,03,,01,03,02,1,01,03,00,AE4860000F,06.01,01-10-2015,14:26:00,PC09,N,N,BACOPD,UNK,01,00,1,US,,19.05,N,BELAIR RD,100,F,N,4090,CO,,SILVER SPRING RD,39.39114279,-76.48939133
01,03,,01,17,04,2,01,01,00,AE4860000G,03,01-18-2015,08:59:00,PC09,N,N,BACOPD,UNK,11,00,4457,CO,,0.64,N,LILLIAN HOLT DR,100,F,N,,UU,,END BRIDGE,39.36096112,-76.50603443
03,03,,03,03,02,3,01,04,00,AE4860000H,06.01,01-31-2015,20:55:00,PC09,N,N,BACOPD,UNK,01,01,4458,CO,,3.925,E,ROSSVILLE BLVD,40,F,E,,UU,,SPUR FR US 40,39.33793616,-76.48150027
99,03,,01,99,99,,01,02,00,AE4860000K,00,03-01-2015,00:00:00,PC09,N,N,BACOPD,UNK,02,00,7859,CO,,0.1,N,CASTLE STONE DR,50,F,N,7857,CO,,HOLLOWSTONE CIR,39.36040741,-76.46787465
01,03,,01,88,02,2,01,04,00,AE4860000L,06.01,03-21-2015,16:01:00,PC09,N,N,BACOPD,UNK,10,00,40,US,,16.67,E,PULASKI HWY,50,F,E,695,RP,,RAMP 6 FR US 40 EB TO MD 695 SB,39.33301118,-76.48719728
01,03,,00,17,02,1,01,01,00,AE48630003,06.01,03-01-2015,08:42:00,11 PAT,N,N,BACOPD,UNK,01,00,4718,CO,,0.03,N,GRAYTHORN RD,250,F,N,4714,CO,,GROVETHORN RD,39.32133423,-76.43460989
03,03,,00,09,00,1,00,01,00,AE48630004,06.01,03-13-2015,19:33:00,,Y,N,BACOPD,UNK,01,00,150,MD,,7.99,E,EASTERN AVE,0,F,E,4610,CO,,CARROLL ISLAND RD,39.33854605,-76.40229464
03,03,,01,99,03,1,01,01,00,AE48640003,00,02-23-2015,23:10:00,PC7 714,N,N,BACOPD,UNK,02,00,961,CO,,0,E,BRAMLEIGH RD,100,F,E,963,CO,,ATHERTON RD,39.42989518,-76.61919415
04,03,,01,07,00,1,01,02,00,AE4866000G,88,01-22-2015,22:00:00,,N,N,BACOPD,UNK,02,00,1315,CO,,1.18,W,MURDOCK RD,20,F,W,1336,CO,,BELLONA AVE,39.37683834,-76.6199398
03,03,,03,07,02,2,01,01,00,AE4866000H,06.01,02-13-2015,18:06:00,,Y,N,BACOPD,UNK,01,01,45,MD,,0.45,N,YORK RD,0,F,N,1300,CO,,REGESTER AVE,39.37848039,-76.60850286
03,03,,03,03,03,1,01,04,00,AE4866000J,10.04,02-14-2015,19:46:00,,Y,N,BACOPD,UNK,01,01,146,MD,,0,N,DULANEY VALLEY RD,30,F,N,,UU,,TOWSON ROUNDABOUT,39.4027,-76.6019
01,03,,03,07,02,2,01,03,00,AE4866000K,06.01,03-16-2015,09:08:00,,Y,N,BACOPD,UNK,01,01,146,MD,,0.69,N,DULANEY VALLEY RD,10,F,N,695,RP,,RAMP 6 FR IS 695 EB TO MD 146 SB,39.41136304,-76.60054207
01,03,,01,03,01,2,00,01,00,AE48670008,12.04,03-20-2015,11:00:00,,Y,N,BACOPD,UNK,01,00,2000,CO,,3.22,N,ROLLING RD,50,F,N,122,MD,,SECURITY BLVD,39.31286784,-76.75503731
99,03,,01,99,99,1,99,02,00,AE48720003,00,03-08-2015,15:00:00,PC12,N,N,BACOPD,UNK,02,00,5299,CO,,0.46,W,MORNINGTON RD,1,F,W,5295,CO,,LIBERTY PKWY,39.25525265,-76.51548386
03,03,,01,17,02,,01,04,88,AE51410006,06.01,01-10-2015,02:18:00,,N,N,BACOPD,UNK,09,00,41,MD,,1.04,N,PERRING PKWY,0,M,N,3481,CO,,TAYLOR AVE,39.3836385,-76.55509472
03,03,,00,17,02,1,01,01,88,AE51410007,06.01,02-14-2015,02:45:00,,N,N,BACOPD,UNK,09,00,3481,CO,,2,W,TAYLOR AVE,500,F,W,3697,CO,,BIRMINGHAM AVE,39.37873909,-76.55265123
04,03,,01,17,03,1,01,01,05,AE51410008,06.01,02-22-2015,01:20:00,,N,Y,BACOPD,UNK,09,00,3600,CO,,1.65,N,OLD HARFORD RD,0,M,N,3583,CO,,ELLIS RD,39.39319907,-76.54266
03,03,,02,02,02,1,01,01,00,AE51410009,06.01,03-06-2015,22:01:00,,N,N,BACOPD,UNK,01,00,147,MD,,0.81,N,HARFORD RD,0,F,N,3646,CO,,WILLOUGHBY RD,39.38156535,-76.53616905
03,03,,02,17,01,1,00,01,08,AE5141000B,06.01,03-20-2015,22:35:00,,N,N,BACOPD,UNK,09,00,3700,CO,,0.21,S,PARK DR,0,F,S,3711,CO,,WENTWORTH RD,39.37447431,-76.55186534
06.02,03,,02,17,02,,01,04,15.05,AE51430002,06.01,03-13-2015,06:18:00,,N,N,BACOPD,UNK,09,09,8762,CO,,5.31,W,JOPPA RD E,0,F,W,6196,CO,,MYLANDER LA,39.39584396,-76.5743959
99,03,,01,00,00,,01,01,00,AE51430005,07.01,03-25-2015,15:00:00,,N,N,BACOPD,UNK,01,00,1162,CO,,0.16,W,DUNVALE RD,10,F,W,45,MD,,YORK RD,39.40645567,-76.60537004
03,03,,01,01,01,,00,01,00,AE51430006,07.01,03-26-2015,21:49:00,,N,N,BACOPD,UNK,01,01,3489,CO,,0.12,N,CHESTNUT OAK RD,5,F,N,3500,CO,,WHITE OAK AVE,39.39481587,-76.56195045
01,03,,00,05,04,2,04,01,00,AE51440009,12.04,01-18-2015,08:28:00,,Y,N,BACOPD,UNK,01,01,140,MD,,3.76,N,REISTERSTOWN RD,30,F,N,130,MD,,GREENSPRING VALLEY RD,39.40315626,-76.75668955
01,03,,00,02,01,1,88,00,00,AE5144000B,06.01,02-22-2015,17:01:00,,Y,N,BACOPD,UNK,01,01,6865,CO,,0.35,W,OLD MILFORD MILL RD,0,F,W,1811,CO,,MILFORD INDUSTRIAL RD,39.36248949,-76.71958923
01,03,,02,11,02,,01,01,00,AE5144000C,06.01,03-07-2015,12:09:00,,N,N,BACOPD,UNK,01,01,1696,CO,,0,S,NAYLORS LA,0,F,S,140,MD,,REISTERSTOWN RD,39.38015558,-76.72877312
99,03,,10.04,17,04,,01,00,07,AE51450004,06.01,01-09-2015,00:00:00,11,N,N,BACOPD,UNK,09,00,4730,CO,,0.1,S,WELDBROOK RD,50,F,S,,UU,,ALLEY,39.3225626,-76.45892143
01,03,,02,03,01,,01,01,00,AE51450005,03,03-04-2015,12:35:00,,Y,N,BACOPD,UNK,01,00,4728,CO,,1.12,S,STEMMERS RUN RD,0,F,S,150,MD,,EASTERN BLVD,39.32022204,-76.45488739
03,03,,01,11,02,1,01,01,00,AE51460007,06.01,01-25-2015,23:33:00,02/241,N,N,BACOPD,UNK,01,00,1900,CO,,2.47,S,WINDSOR MILL RD,50,F,S,2004,CO,,PINE AVE,39.34066196,-76.76083088
03,03,,03,06,02,1,01,01,07,AE51460008,05,01-31-2015,00:45:00,02/243,Y,N,BACOPD,UNK,01,09,1901,CO,,0,N,ESSEX RD,5,F,N,1900,CO,,WINDSOR MILL RD,39.32513547,-76.73208565
01,03,,02,17,02,2,01,03,10,AE51470008,06.01,01-15-2015,13:09:00,,Y,N,BACOPD,UNK,09,00,1,US,,0.64,N,WASHINGTON BLVD,0,F,N,,UU,,ENT TO DIAGEO BOTTLING CO,39.22523878,-76.69713378
03,03,,03,13,02,,01,03,00,AE51470009,06.01,02-03-2015,18:47:00,,N,N,BACOPD,UNK,01,01,40,US,,1.95,E,BALTO NATIONAL PIKE,0,F,E,2680,CO,,RICH AVE,39.28400804,-76.74768806
88,03,,02,11,04,2,01,04,00,AE5147000B,12.04,02-10-2015,07:02:00,,Y,N,BACOPD,UNK,01,01,40,US,,1.6,E,BALTO NATIONAL PIKE,0,F,E,2000,CO,,ROLLING RD,39.28349317,-76.75332069
01,03,,02,11,02,1,01,00,88,AE5147000C,06.01,02-18-2015,14:04:00,,Y,N,BACOPD,UNK,01,02,3248,CO,,0.37,E,FIFTH AVE,0,F,E,3252,CO,,CHARLESTON AVE,39.24184273,-76.65845633
03,03,,02,02,02,1,01,03,04,AE5147000D,06.01,03-06-2015,20:37:00,,N,N,BACOPD,UNK,01,01,372,MD,,2.21,E,WILKENS AVE,0,F,E,2984,CO,,ALAN DR,39.26669143,-76.69292808
01,03,,01,03,02,2,01,00,00,AE53850006,06.01,02-11-2015,07:44:00,,N,N,BACOPD,UNK,01,00,26,MD,,6.747,E,LIBERTY RD,2,F,E,2100,CO,,COURTLEIGH DR,39.3593705,-76.77449942
07.88,03,,01,01,03,1,00,03,00,AE53850007,08.04,02-16-2015,20:48:00,,N,N,BACOPD,UNK,01,00,1694,CO,,0,W,WOODHOLME AVE,0,F,W,140,MD,,REISTERSTOWN RD,39.38733685,-76.73727036
01,03,,01,01,02,1,01,01,00,AE53860004,06.01,01-14-2015,13:22:00,,N,N,BACOPD,UNK,01,00,5500,CO,,0.23,S,TRAPPE RD,200,F,S,5488,CO,,WALLFORD DR,39.27439931,-76.49260998
01,03,,03,03,04,2,01,03,00,AE53860005,12.04,02-10-2015,08:24:00,,Y,N,BACOPD,UNK,02,00,5560,CO,,0.23,E,WISE AVE,20,F,E,5401,CO,,CHURCH RD,39.26854373,-76.49984121
01,03,,01,03,02,2,01,01,00,AE53900004,06.01,01-10-2015,15:50:00,,N,N,BACOPD,UNK,01,00,415,CO,,0.56,E,CRANBROOK RD,120,F,E,5890,CO,,SORLEY RD,39.46798828,-76.62881792
03,03,,02,11,02,1,01,01,00,AE53900006,06.01,01-16-2015,18:07:00,,Y,N,BACOPD,UNK,01,00,810,CO,,1.67,W,TIMONIUM RD,0,F,W,897,CO,,EDGEMOOR RD,39.44326908,-76.6228044
03,03,,01,88,02,1,01,01,00,AE53900008,06.01,02-05-2015,19:13:00,,N,N,BACOPD,UNK,02,00,773,CO,,4.84,E,PADONIA RD,250,F,E,813,CO,,TREHERNE RD,39.45853737,-76.61428571
01,03,,02,08,01,1,01,03,00,AE53900009,00,02-22-2015,10:30:00,PC07/713,Y,N,BACOPD,UNK,01,01,773,CO,,4.24,E,PADONIA RD,0,F,E,872,CO,,EASTRIDGE RD,39.45537298,-76.62178516
01,03,,01,01,02,1,01,01,00,AE5390000B,06.01,02-25-2015,09:21:00,,N,N,BACOPD,UNK,01,00,834,CO,,0,E,CHANTRY RD,30,F,E,872,CO,,EASTRIDGE RD,39.45045214,-76.61486506
01,03,,01,03,02,1,01,01,00,AE5390000C,06.01,02-28-2015,10:15:00,,N,N,BACOPD,UNK,01,00,45,MD,,6.44,N,YORK RD,50,F,N,779,CO,,GIBBONS BLVD,39.45839655,-76.63389802
01,03,,02,11,01,2,01,01,00,AE5390000D,03,03-10-2015,15:53:00,,Y,N,BACOPD,UNK,01,00,812,CO,,0,S,GIRDWOOD RD,0,F,S,773,CO,,PADONIA RD,39.46450957,-76.60938263
03,03,,01,17,01,1,01,01,10,AE53910004,03,01-12-2015,02:00:00,,N,N,BACOPD,UNK,09,00,2356,CO,,5,E,DOGWOOD RD,1,M,E,7418,CO,,ROLLING RUN DR,39.32191522,-76.77106619
04,03,,01,88,02,1,01,01,00,AE53910005,06.01,02-13-2015,02:17:00,,N,N,BACOPD,UNK,02,00,2367,CO,,0.38,W,FAIRBROOK RD,50,F,W,2372,CO,,CHESTERTON RD,39.3088335,-76.75995111
03,03,,01,07,02,,01,01,02,AE53910006,06.01,02-20-2015,22:47:00,,N,N,BACOPD,UNK,02,09,2367,CO,,0.61,W,FAIRBROOK RD,50,F,W,2379,CO,,GREENGAGE RD,39.310859,-76.76379204
01,03,,02,11,06.03,1,01,01,00,AE53920001,03,02-02-2015,09:15:00,,Y,N,BACOPD,UNK,01,00,811,CO,,0.97,N,POT SPRING RD,0,F,N,862,CO,,GATESWOOD RD,39.43677303,-76.60496235
01,03,,03,17,01,,01,01,07,AE53920002,00,02-10-2015,12:15:00,,Y,N,BACOPD,UNK,09,00,146,MD,,0.89,N,DULANEY VALLEY RD,0,F,N,695,RP,,RAMP 8 FR MD 146 SB TO RAMP 1 (TO IS695),39.41413157,-76.6004777
04,03,,02,17,01,,01,01,05,AE5392000L,03,01-03-2015,18:15:00,,Y,N,BACOPD,UNK,09,00,360,CO,,1.93,E,WARREN RD,0,F,E,394,CO,,BOSLEY RD,39.476249,-76.616728
01,03,,02,11,02,1,01,88,00,AE5392000M,06.01,01-08-2015,14:14:00,,Y,N,BACOPD,UNK,01,00,434,CO,,3.95,S,BEAVER DAM RD,0,F,S,8321,CO,,TEXAS STATION CT,39.45785397,-76.64170861
01,03,,01,01,04,1,01,01,00,AE5392000N,06.01,01-15-2015,09:41:00,,N,N,BACOPD,UNK,01,00,12,CO,,0.69,S,FALLS RD,5,F,S,14,CO,,GRAVE RUN RD,39.6543332,-76.80868685
01,03,,01,03,01,1,01,01,88,AE5392000P,06.01,02-17-2015,17:14:00,,N,N,BACOPD,UNK,01,09,3334,CO,,1.93,S,PROVIDENCE RD,10,F,S,3844,CO,,HUNTSMAN RD,39.41628664,-76.57236814
01,03,,01,03,01,1,01,01,00,AE5392000Q,03,03-14-2015,11:26:00,,N,N,BACOPD,UNK,01,00,45,MD,,4.15,N,YORK RD,10,F,N,287,OP,,HOWARD DR,39.42601677,-76.61948919
01,03,,03,03,02,1,01,01,00,AE5392000R,06.01,03-22-2015,18:11:00,,Y,N,BACOPD,UNK,01,00,3481,CO,,3.43,W,TAYLOR AVE,50,F,W,542,MD,,LOCH RAVEN BLVD,39.3852804,-76.57717466
03,03,,01,88,02,1,01,01,00,AE5392000S,06.01,03-24-2015,20:50:00,,N,N,BACOPD,UNK,02,00,126,OP,,0.11,S,SOCIETY PARK DR,0,M,S,129,OP,,SADDLETOP CT,39.46875027,-76.62461758
06.02,03,,00,17,04,1,01,01,10,AE53960005,08.04,02-14-2015,17:21:00,,Y,N,BACOPD,UNK,09,00,125,MD,,2.79,E,OLD COURT RD,0,F,E,2356,CO,,DOGWOOD RD,39.34375689,-76.82574034
01,03,,00,17,04,1,00,01,06,AE53960006,12.04,03-01-2015,13:14:00,,N,N,BACOPD,UNK,09,00,2356,CO,,2.96,E,DOGWOOD RD,25,F,E,105,SR,,ALBERTON RD,39.31565688,-76.79387569
01,03,,01,03,02,1,01,01,00,AE53960007,06.01,03-28-2015,13:32:00,,N,N,BACOPD,UNK,01,00,2331,CO,,0.36,S,KINGS POINT RD,30,F,S,2335,CO,,PLOWLINE RD,39.37149726,-76.82951689
03,03,,02,11,02,2,01,00,00,AE53990003,06.01,01-21-2015,01:54:00,,Y,N,BACOPD,UNK,01,00,157,MD,,3.64,N,MERRITT BLVD,0,F,N,5425,CO,,WESTFIELD RD,39.27176643,-76.50248051
03,03,,02,02,02,,01,01,00,AE53990004,06.01,02-11-2015,00:18:00,,Y,N,BACOPD,UNK,01,00,5500,CO,,0.53,S,TRAPPE RD,0,F,S,5600,CO,,LYNCH RD,39.27299567,-76.49404764
03,03,,02,06,02,,01,01,00,AE53990005,06.01,02-12-2015,23:33:00,,N,N,BACOPD,UNK,02,02,5505,CO,,0.54,S,CHARLESMONT RD,0,F,S,8007,CO,,NORTH POINT RD,39.27701547,-76.4800787
03,03,,08.04,01,02,1,01,01,16.05,AE53990006,06.01,03-08-2015,04:17:00,,N,Y,BACOPD,UNK,10,02,5539,CO,,0.14,W,OAKLEIGH BEACH RD,0,F,W,5541,CO,,WATERVALE AVE,39.26074383,-76.47033691
06.02,03,,01,03,02,3,01,01,00,AE4381000C,06.01,01-31-2015,17:15:00,,N,N,BACOPD,UNK,01,01,1,US,,17.48,N,BELAIR RD,10,F,N,4210,CO,,KLEIN AVE,39.37496404,-76.50788784
01,03,,03,03,02,,01,01,00,AE4381000F,06.01,02-07-2015,12:10:00,,Y,N,BACOPD,UNK,01,01,4458,CO,,0.47,E,ROSSVILLE BLVD,50,F,E,1,US,,BELAIR RD,39.37411809,-76.50842428
01,03,,05.01,03,02,,01,04,00,AE4381000G,06.01,02-08-2015,13:25:00,,Y,N,BACOPD,UNK,01,00,95,RP,,0.215,E,RAMP 1 FR IS 95 NB TO MD 43 WB,10,F,E,43,MD,,WHITE MARSH BLVD,39.37888675,-76.44543529
01,03,,02,03,02,1,01,01,00,AE4381000H,06.01,02-13-2015,12:47:00,,Y,N,BACOPD,UNK,01,00,4458,CO,,0.9,E,ROSSVILLE BLVD,0,F,E,4207,CO,,FITCH AVE,39.36942375,-76.50429368
01,03,,01,17,06.03,1,05,03,22.03,AE4381000K,09.04,03-01-2015,14:28:00,,N,N,BACOPD,UNK,09,09,3927,CO,,2.62,S,BRADSHAW RD,50,F,S,3937,CO,,WOLBERT WAY,39.42543664,-76.38374448
05.02,03,,01,01,01,1,01,01,04,AE4381000L,03,03-14-2015,06:49:00,,N,N,BACOPD,UNK,02,09,4076,CO,,0.6,S,EBENEZER RD,75,F,S,4068,CO,,PARLO RD,39.39596833,-76.47043347
01,03,,02,11,01,1,88,01,00,AE4381000M,03,03-14-2015,10:26:00,,Y,N,BACOPD,UNK,01,00,4076,CO,,0.51,S,EBENEZER RD,0,F,S,4050,CO,,CARLISLE AVE,39.39624193,-76.47146344
01,03,,09.04,11,02,1,01,01,00,AE44010006,07.01,03-24-2015,08:45:00,PD-12,N,N,BACOPD,UNK,01,00,8017,CO,,1,N,SPARROWS POINT RD,100,F,N,5677,CO,,NORTH POINT RD,39.24029718,-76.44583225
01,03,,00,01,03,1,01,03,00,AE44160007,08.04,01-19-2015,07:30:00,,N,N,BACOPD,UNK,01,00,3887,CO,,0.17,N,GLEN ARM RD,3,M,N,3881,CO,,GUNPOWDER RD,39.4272433,-76.5311265
01,03,,02,02,02,1,01,03,00,AE44160008,06.01,01-23-2015,15:06:00,,Y,N,BACOPD,UNK,01,00,6218,CO,,0,N,SATYR HILL RD,0,F,N,8762,CO,,JOPPA RD E,39.39922662,-76.54466629
01,03,,02,02,02,2,01,01,00,AE44240004,06.01,01-19-2015,13:12:00,,Y,N,BACOPD,UNK,01,00,26,MD,,3.677,E,LIBERTY RD,0,F,E,533,CO,,MARRIOTTSVILLE RD,39.38123365,-76.82320833
01,03,,00,11,02,1,00,01,00,AE44240005,06.01,01-28-2015,14:49:00,,Y,N,BACOPD,UNK,01,01,2000,CO,,4.69,N,ROLLING RD,0,F,N,6129,CO,,WINDSOR BLVD,39.33376633,-76.75962925
03,03,,01,08,01,3,01,04,00,AE44240006,12.04,01-29-2015,18:30:00,,N,N,BACOPD,UNK,01,00,695,MD,,4.56,N,BALTO BELTWAY,100,F,N,144,MD,,FREDERICK RD,39.27369334,-76.72426701
01,03,,01,09,02,1,01,01,00,AE44240007,06.01,02-11-2015,07:08:00,,N,N,BACOPD,UNK,01,01,1700,CO,,2.31,E,OLD COURT RD,300,F,E,26,MD,,LIBERTY RD,39.36212451,-76.77788973
01,03,,01,11,02,1,01,01,00,AE44240008,06.01,02-12-2015,07:48:00,,N,N,BACOPD,UNK,01,00,1900,CO,,3.01,S,WINDSOR MILL RD,100,F,S,6382,CO,,LORD BALTIMORE DR,39.33725157,-76.7517972
01,03,,01,03,02,1,01,01,00,AE44240009,06.01,02-13-2015,08:47:00,,N,N,BACOPD,UNK,01,00,2000,CO,,4.16,N,ROLLING RD,100,F,N,6389,CO,,TUDSBURY RD,39.32589071,-76.75915718