LIGHT_CODE,COUNTY_NO,MUNI_CODE,JUNCTION_CODE,COLLISION_TYPE_CODE,SURF_COND_CODE,LANE_CODE,RD_COND_CODE,RD_DIV_CODE,FIX_OBJ_CODE,REPORT_NO,WEATHER_CODE,ACC_DATE,ACC_TIME,LOC_CODE,SIGNAL_FLAG,C_M_ZONE_FLAG,AGENCY_CODE,AREA_CODE,HARM_EVENT_CODE1,HARM_EVENT_CODE2,RTE_NO,ROUTE_TYPE_CODE,RTE_SUFFIX,LOG_MILE,LOGMILE_DIR_FLAG,MAINROAD_NAME,DISTANCE,FEET_MILES_FLAG,DISTANCE_DIR_FLAG,REFERENCE_NO,REFERENCE_TYPE_CODE,REFERENCE_SUFFIX,REFERENCE_ROAD_NAME,LATITUDE,LONGITUDE
01,03,,01,03,02,1,01,01,00,AE4880004C,06.01,01-16-2015,08:08:00,,N,N,BACOPD,UNK,01,00,588,MD,,1.19,N,KENWOOD AVE,120,F,N,95,IS,,J F K MEMORIAL HWY,39.346955,-76.507807
01,03,,03,03,02,,01,04,00,AE4880004D,06.01,01-16-2015,10:42:00,,Y,N,BACOPD,UNK,01,00,4458,CO,,3.9,E,ROSSVILLE BLVD,25,F,E,40,US,,PULASKI HWY,39.337421,-76.480808
06.02,03,,02,02,01,1,01,01,09,AE4880004F,06.01,01-20-2015,16:58:00,,Y,N,BACOPD,UNK,01,09,4076,CO,,1.2,S,EBENEZER RD,0,F,S,4069,CO,,KILBRIDE RD,39.392846,-76.459485
03,03,,02,02,01,1,01,04,00,AE4880004G,06.01,01-20-2015,18:38:00,,Y,N,BACOPD,UNK,01,00,6880,CO,,0.86,S,CAMPBELL BLVD,0,F,S,7,MD,,PHILADELPHIA RD,39.368408,-76.451894
01,03,,02,11,02,1,01,01,00,AE4880004J,06.01,01-22-2015,16:43:00,,Y,N,BACOPD,UNK,01,00,588,MD,,0.23,N,GOLDEN RING RD,0,F,N,4375,OP,,ROSEDALE GARDEN WAY,39.335544,-76.49912
04,03,,01,88,02,1,01,01,10,AE4880004K,06.01,01-22-2015,18:26:00,,N,N,BACOPD,UNK,09,09,7,MD,,5.25,E,PHILADELPHIA RD,0,M,E,4188,CO,,RAVENWOOD RD,39.359872,-76.454689
01,03,,02,14,02,1,01,04,00,AE4880004L,07.01,01-23-2015,13:56:00,,Y,N,BACOPD,UNK,01,00,4458,CO,,3.77,E,ROSSVILLE BLVD,0,F,E,5814,CO,,YELLOW BRICK RD,39.338379,-76.483245
01,03,,02,11,01,1,01,01,00,AE4880004M,08.04,01-26-2015,13:30:00,,Y,N,BACOPD,UNK,01,00,6880,CO,,0.32,S,CAMPBELL BLVD,0,F,S,95,IS,,J F K MEMORIAL HWY,39.372654,-76.457334
01,03,,03,03,02,2,01,04,00,AE4880004N,07.01,01-27-2015,08:36:00,,Y,N,BACOPD,UNK,01,00,40,US,,14.54,E,PULASKI HWY,15,F,E,5128,CO,,68TH ST,39.314365,-76.521795
01,03,,02,02,02,,01,04,00,AE4880004P,07.01,01-27-2015,10:50:00,,Y,N,BACOPD,UNK,01,00,7,MD,,2.63,E,PHILADELPHIA RD,0,F,E,,UU,,ENT TO GOLDEN RING CENTER,39.337091,-76.490255
01,03,,03,08,02,1,01,04,04,AE4880004Q,06.01,01-29-2015,08:08:00,,Y,N,BACOPD,UNK,01,09,6198,CO,,2.42,N,PERRY HALL BLVD,10,F,N,7410,CO,,SOUTHFIELD DR,39.382207,-76.471162
01,03,,01,99,01,2,01,01,00,AE4880004S,03,02-02-2015,09:31:00,,N,N,BACOPD,UNK,01,00,1,US,,20.93,N,BELAIR RD,25,F,N,6619,OP,,JULIET LA,39.411818,-76.464972
99,03,,88,99,99,,01,01,00,AE4880004T,00,02-02-2015,10:15:00,,N,N,BACOPD,UNK,02,00,7055,CO,,0.36,W,ARLEN RD,0,U,W,,UU,,ROAD END,39.390586,-76.475953
01,03,,03,03,02,1,01,01,00,AE4880004V,06.01,02-04-2015,10:23:00,,N,N,BACOPD,UNK,01,01,7,MD,,5.25,E,PHILADELPHIA RD,100,F,E,4188,CO,,RAVENWOOD RD,39.360905,-76.453734
01,03,,02,11,02,2,01,01,02,AE4880004W,07.01,02-05-2015,07:40:00,,Y,N,BACOPD,UNK,01,09,6539,CO,,3.71,E,HONEYGO BLVD,0,F,E,3976,CO,,CROSS RD,39.41169,-76.44783
01,03,,09.04,09,00,,01,01,00,AE4880004X,06.01,02-06-2015,09:11:00,,N,N,BACOPD,UNK,01,00,4465,CO,,0.39,S,MIDDLE RIVER RD,0,F,S,40,US,,PULASKI HWY,39.351985,-76.452677
01,03,,09.04,08,01,2,01,01,00,AE4880004Y,03,02-09-2015,16:54:00,,N,N,BACOPD,UNK,01,00,4465,CO,,0,S,MIDDLE RIVER RD,230,F,S,7,MD,,PHILADELPHIA RD,39.355166,-76.459841
01,03,,02,11,02,1,01,01,00,AE4880004Z,06.01,02-11-2015,15:09:00,,Y,N,BACOPD,UNK,01,00,7,MD,,4.37,E,PHILADELPHIA RD,0,F,E,6370,OP,,LITANY LA,39.352394,-76.465388
01,03,,01,09,02,2,01,01,00,AE48800050,06.01,02-12-2015,17:15:00,,Y,N,BACOPD,UNK,01,00,7,MD,,2.59,E,PHILADELPHIA RD,15,F,E,695,RP,,RAMP 1 FR MD 695 NB TO MD 7 WB,39.336669,-76.491121
01,03,,01,09,02,1,01,01,00,AE48800051,06.01,02-13-2015,14:56:00,,N,N,BACOPD,UNK,01,00,7,MD,,2.93,E,PHILADELPHIA RD,150,F,E,4458,CO,,ROSSVILLE BLVD,39.340193,-76.485422
01,03,,03,03,02,2,01,01,00,AE48800052,06.01,02-13-2015,15:46:00,,Y,N,BACOPD,UNK,01,00,1,US,,16.73,N,BELAIR RD,115,F,N,4216,CO,,FOWLER AVE,39.366454,-76.517459
01,03,,03,03,02,1,01,01,00,AE48800054,06.01,02-18-2015,07:43:00,,N,N,BACOPD,UNK,01,00,4453,CO,,0.38,N,GOLDEN RING RD,0,M,N,7,MD,,PHILADELPHIA RD,39.332725,-76.493287
01,03,,01,09,02,1,01,01,00,AE48800056,07.01,02-20-2015,11:06:00,,N,N,BACOPD,UNK,01,00,4461,CO,,0.6,E,FRANKLIN SQUARE DR,200,F,E,,UU,,ABIGAIL DR,39.351904,-76.476007
01,03,,07.01,88,01,1,03,01,11,AE48800057,07.01,02-23-2015,08:36:00,,Y,N,BACOPD,UNK,07,14,5046,CO,,0.13,S,SCHAFERS LA,0,U,S,,UU,,R/R #CSX 140 829 U,39.323828,-76.497465
01,03,,01,03,02,1,01,01,00,AE48800058,06.01,02-25-2015,08:10:00,,N,N,BACOPD,UNK,01,00,4357,CO,,0.29,S,GOLDEN RING RD,100,F,S,4398,CO,,HANFORD RD,39.338658,-76.508051
01,03,,01,88,03,1,01,01,00,AE48800059,08.04,02-26-2015,07:27:00,,N,N,BACOPD,UNK,02,00,3634,CO,,0.6,S,ACTON RD,150,F,S,3738,CO,,WILSON AVE,39.377265,-76.531502
01,03,,01,07,02,2,01,04,00,AE4880005D,07.01,02-27-2015,08:30:00,,N,N,BACOPD,UNK,01,00,702,MD,,2.324,E,SOUTHEAST BLVD,0,U,E,4831,CO,,E HOMBERG AVE,39.312509,-76.453283
01,03,,03,03,02,1,01,04,00,AE4880005F,06.01,02-27-2015,11:33:00,,Y,N,BACOPD,UNK,01,00,40,US,,17.01,E,PULASKI HWY,400,F,E,,UU,,ENT TO GOLDEN RING CENTER,39.333998,-76.485642
99,03,,01,88,99,1,00,01,00,AE4880005G,99,03-02-2015,14:42:00,,N,N,BACOPD,UNK,02,00,4354,CO,,0,E,BARSTOW RD,315,F,E,4349,CO,,ST REGIS RD,39.330576,-76.527951
07.88,03,,03,03,02,1,01,01,00,AE4880005J,06.01,03-02-2015,20:50:00,,N,N,BACOPD,UNK,01,00,7,MD,,8.74,E,PHILADELPHIA RD,300,F,E,8140,CO,,APPERSON RD,39.40308,-76.416465
01,03,,01,99,01,1,01,01,00,AE4880005K,12.04,03-03-2015,17:44:00,,N,N,BACOPD,UNK,02,00,4234,CO,,0,S,MAPLE AVE,500,F,S,1,US,,BELAIR RD,39.35538,-76.527543
03,03,,03,03,04,1,01,04,00,AE4880005L,12.04,03-03-2015,20:34:00,,Y,N,BACOPD,UNK,01,00,6539,CO,,1.1,E,HONEYGO BLVD,25,F,E,43,MD,,WHITE MARSH BLVD,39.379205,-76.459903
03,03,,01,17,01,2,01,04,00,AE4880005M,12.04,03-03-2015,20:50:00,,Y,N,BACOPD,UNK,03,00,7,MD,,5.71,E,PHILADELPHIA RD,75,F,E,6880,CO,,CAMPBELL BLVD,39.367047,-76.448962
01,03,,03,03,01,2,01,04,00,AE4880005N,03,03-04-2015,15:06:00,,Y,N,BACOPD,UNK,01,01,43,MD,,2.96,E,WHITE MARSH BLVD,50,F,E,6198,CO,,PERRY HALL BLVD,39.379851,-76.471353
03,03,,01,17,01,,01,04,00,AE4880005P,03,03-04-2015,18:14:00,,Y,N,BACOPD,UNK,04,00,40,US,,17.29,E,PULASKI HWY,200,F,E,4458,CO,,ROSSVILLE BLVD,39.336991,-76.481712
01,03,,00,03,00,,01,00,00,AE51670009,06.01,01-05-2015,16:54:00,,N,N,BACOPD,UNK,01,01,1696,CO,,0,S,NAYLORS LA,50,F,S,140,MD,,REISTERSTOWN RD,39.37991508,-76.72871947
01,03,,88,11,02,2,01,88,00,AE5167000C,06.01,01-29-2015,13:00:00,,N,N,BACOPD,UNK,01,00,140,MD,,0.59,N,REISTERSTOWN RD,300,F,N,,UU,,ENT TO BUSINESS,39.36927446,-76.71811938
03,03,,10.04,17,02,,01,00,88,AE5167000D,06.01,02-01-2015,10:21:00,,N,N,BACOPD,UNK,09,09,1818,CO,,0,E,BLANCHE RD,0,U,E,1815,CO,,BROOKMILL RD,39.35893085,-76.71445012
99,03,,00,99,00,,00,00,00,AE5167000F,99,03-18-2015,00:00:00,,N,N,BACOPD,UNK,02,02,2199,CO,,0,N,BALMORAL CIR,0,U,N,2170,CO,,STREAMWOOD DR,39.37575191,-76.75716162
03,03,,01,17,02,1,01,01,05,AE51760005,06.01,01-28-2015,23:15:00,,N,N,BACOPD,UNK,09,00,3764,CO,,0.01,N,SUMMIT AVE,20,F,N,7670,CO,,MAGLEDT RD,39.39561181,-76.51257098
03,03,,01,07,01,1,01,01,04,AE51760006,03,03-14-2015,03:36:00,,N,N,BACOPD,UNK,02,02,3777,CO,,0,S,NAYGALL RD,500,F,S,3776,CO,,GLENMILL RD,39.4024516,-76.4904964
01,03,,02,02,02,1,01,01,00,AE5177000G,06.01,01-13-2015,10:57:00,1409 PC4,N,N,BACOPD,UNK,01,00,7730,CO,,0.38,N,IRON HORSE LA,0,F,N,,UU,,SARACEN DR,39.39575276,-76.75064921
03,03,,02,02,02,2,01,04,00,AE5177000H,06.01,01-16-2015,18:28:00,,Y,N,BACOPD,UNK,01,00,3334,CO,,3.35,S,PROVIDENCE RD,0,F,S,3333,CO,,GOUCHER BLVD,39.40150029,-76.58854991
01,03,,02,11,02,2,01,01,00,AE5177000J,06.01,01-28-2015,14:16:00,PC6 1409,Y,N,BACOPD,UNK,01,00,3334,CO,,3.35,S,PROVIDENCE RD,0,F,S,3333,CO,,GOUCHER BLVD,39.40155624,-76.58837557
01,03,,01,02,01,2,01,04,04,AE5177000K,06.01,02-15-2015,12:10:00,1410 PC9,N,N,BACOPD,UNK,09,01,1,US,,17.03,N,BELAIR RD,72,F,N,,UU,,END BRIDGE,39.36969331,-76.51376188
01,03,,01,01,02,2,00,01,00,AE5177000L,06.01,03-09-2015,14:09:00,1409 PC3,N,N,BACOPD,UNK,01,00,140,MD,,6.45,N,REISTERSTOWN RD,154,F,N,8281,CO,,GWYNNSWOOD RD,39.42977088,-76.79281354
03,03,,01,03,02,1,01,01,00,AE51850006,06.01,01-02-2015,04:20:00,,N,N,BACOPD,UNK,00,00,2022,CO,,1.11,N,WASHINGTON AVE,150,F,N,1800,CO,,MILFORD MILL RD,39.35567067,-76.74881458
00,03,,00,17,04,1,01,01,01,AE51850007,09.04,02-11-2015,00:37:00,,N,N,BACOPD,UNK,09,15,2250,CO,,0.94,W,MC DONOGH RD,200,F,W,,UU,,R/R #CSX 831 655 J,39.39176466,-76.76370621
03,03,,00,06,02,1,01,00,00,AE51850008,06.01,03-16-2015,00:55:00,,N,N,BACOPD,UNK,02,00,1801,CO,,0,W,COLONIAL RD,75,F,W,140,MD,,REISTERSTOWN RD,39.36222405,-76.71596289
03,03,,01,03,02,1,01,00,00,AE51850009,00,03-22-2015,01:02:00,,N,N,BACOPD,UNK,01,00,26,MD,,9.047,E,LIBERTY RD,50,F,E,1901,CO,,ESSEX RD,39.34523378,-76.73480272
03,03,,00,88,02,,01,00,00,AE5185000B,00,03-25-2015,00:00:00,,N,N,BACOPD,UNK,02,02,26,MD,,9.317,E,LIBERTY RD,20,F,E,,UU,,BRUBAR CT,39.34480233,-76.72958851
04,03,,01,88,04,,01,00,00,AE51860004,09.04,03-02-2015,02:00:00,PC11,N,N,BACOPD,UNK,02,00,4720,CO,,0.16,N,REDTHORN RD,500,F,N,4582,CO,,KINGSTON RD,39.32273689,-76.4356184
01,03,,01,17,04,1,01,02,05,AE5188000C,09.04,01-18-2015,07:40:00,,N,N,BACOPD,UNK,09,00,695,MD,,4.16,N,BALTO BELTWAY,0,M,N,150,MD,,EASTERN AVE,39.30348722,-76.5005064
01,03,,01,03,04,2,01,02,05,AE5188000D,09.04,01-18-2015,08:45:00,,N,N,BACOPD,UNK,01,09,695,MD,,4.16,N,BALTO BELTWAY,0,M,N,150,MD,,EASTERN AVE,39.30352043,-76.50089264
01,03,,01,17,04,2,01,02,21.01,AE5188000F,09.04,01-22-2015,08:34:00,,N,N,BACOPD,UNK,09,00,695,MD,,4.16,N,BALTO BELTWAY,0,M,N,150,MD,,EASTERN AVE,39.30348722,-76.50067806
03,03,,01,01,02,1,01,01,00,AE51910006,06.01,03-26-2015,04:47:00,,N,N,BACOPD,UNK,01,00,415,CO,,1.3,E,CRANBROOK RD,30,F,E,,UU,,MALCOLM CIR,39.47060135,-76.61643684
04,03,,01,17,02,1,01,01,09,AE51910007,06.01,03-29-2015,04:11:00,,N,N,BACOPD,UNK,09,09,146,MD,,6.82,N,JARRETTSVILLE PIKE,300,F,N,330,CO,,BLENHEIM RD,39.48725058,-76.56787813
01,03,,01,07,02,1,01,01,00,AE5419001R,06.01,01-05-2015,12:23:00,,N,N,BACOPD,UNK,01,00,3807,CO,,0.87,S,CUB HILL RD,135,F,S,3600,CO,,OLD HARFORD RD,39.41597996,-76.52180314
01,03,,01,17,03,1,01,01,88,AE5419001S,08.04,01-06-2015,07:53:00,,N,N,BACOPD,UNK,09,00,289,CO,,4.4,N,LONG GREEN PIKE,154,F,N,294,CO,,CHURCH LA,39.48906805,-76.47441387
01,03,,01,17,03,1,01,01,88,AE5419001T,08.04,01-06-2015,09:16:00,,N,N,BACOPD,UNK,09,09,289,CO,,4.4,N,LONG GREEN PIKE,0,M,N,294,CO,,CHURCH LA,39.48905563,-76.47445679
01,03,,03,11,01,3,01,01,10,AE5419001V,08.04,01-06-2015,11:20:00,,Y,N,BACOPD,UNK,09,01,6158,CO,,0.26,N,WALTHER BLVD,20,F,N,43,MD,,WHITE MARSH BLVD,39.3809434,-76.51241541
01,03,,02,13,02,1,01,01,00,AE5419001W,06.01,01-08-2015,07:45:00,,N,N,BACOPD,UNK,01,01,147,MD,,0.71,N,HARFORD RD,0,F,N,3662,CO,,TOPAZ RD,39.38037949,-76.53718829
03,03,,01,07,04,1,01,01,08,AE5419001X,03,01-12-2015,07:20:00,,N,N,BACOPD,UNK,01,09,3575,CO,,0.16,E,6TH AVE,0,M,E,3739,CO,,AVONDALE RD,39.39304154,-76.52235031
01,03,,01,17,04,1,01,01,10,AE5419001Y,06.01,01-13-2015,07:26:00,,N,N,BACOPD,UNK,09,00,3807,CO,,1.14,S,CUB HILL RD,57,F,S,3800,CO,,TIPPERARY RD,39.41441339,-76.51714683
01,03,,03,02,02,2,01,01,00,AE5419001Z,06.01,01-13-2015,13:16:00,,N,N,BACOPD,UNK,01,00,1400,CO,,0.23,W,JOPPA RD,0,M,W,6209,CO,,SEVEN COURTS DR,39.39796643,-76.48439169
01,03,,01,05,02,1,01,01,00,AE54190021,06.01,01-15-2015,11:57:00,,N,N,BACOPD,UNK,01,01,147,MD,,1.96,N,HARFORD RD,10,F,N,8762,CO,,JOPPA RD E,39.39474954,-76.52331591
01,03,,02,02,02,1,01,01,00,AE54190022,06.01,01-16-2015,10:59:00,,Y,N,BACOPD,UNK,01,00,3653,CO,,0,S,KINGS RIDGE RD,0,F,S,3482,CO,,NUNLEY DR,39.3856494,-76.54151201
01,03,,03,03,02,2,01,04,00,AE54190023,06.01,01-22-2015,15:16:00,,Y,N,BACOPD,UNK,01,01,43,MD,,0.64,E,WHITE MARSH BLVD,45,F,E,6158,CO,,WALTHER BLVD,39.38097657,-76.51255488
03,03,,01,01,01,1,01,01,00,AE54190024,08.04,01-26-2015,18:50:00,,N,N,BACOPD,UNK,01,00,3481,CO,,1.76,W,TAYLOR AVE,35,F,W,3704,CO,,ARDMORE AVE,39.37654808,-76.54837847
03,03,,02,02,02,3,01,01,00,AE54190025,06.01,01-27-2015,18:12:00,,Y,N,BACOPD,UNK,01,00,3353,CO,,1.06,E,CROMWELL BRIDGE RD,0,F,E,542,MD,,LOCH RAVEN BLVD,39.40264227,-76.56738997
01,03,,03,03,02,2,01,01,00,AE54190026,06.01,01-28-2015,16:44:00,,Y,N,BACOPD,UNK,01,00,1400,CO,,1.87,W,JOPPA RD,109,F,W,3756,CO,,BURTON AVE,39.39493194,-76.51331663
03,03,,02,10,02,1,01,04,00,AE54190027,06.01,01-28-2015,20:25:00,,Y,N,BACOPD,UNK,01,00,1,US,,17.41,N,BELAIR RD,0,F,N,4458,CO,,ROSSVILLE BLVD,39.37427567,-76.50863886
01,03,,03,03,02,2,01,01,00,AE54190028,06.01,02-05-2015,11:44:00,,Y,N,BACOPD,UNK,01,00,147,MD,,1.96,N,HARFORD RD,50,F,N,8762,CO,,JOPPA RD E,39.39479099,-76.52331591
01,03,,03,07,02,1,01,01,00,AE54190029,06.01,02-09-2015,07:44:00,,Y,N,BACOPD,UNK,01,00,3653,CO,,0.83,S,KINGS RIDGE RD,5,F,S,3482,CO,,PUTTY HILL AVE,39.3874944,-76.53954864
03,03,,01,07,02,2,01,01,00,AE5419002B,06.01,02-13-2015,06:33:00,,N,N,BACOPD,UNK,01,00,1,US,,19.83,N,BELAIR RD,150,F,N,4019,CO,,INDIA AVE,39.40032097,-76.47839427
03,03,,03,11,01,1,01,01,00,AE5419002D,06.01,02-18-2015,20:30:00,,Y,N,BACOPD,UNK,01,00,3534,CO,,1.04,N,WALTHAM WOODS RD,0,F,N,6423,CO,,EBONY RD,39.41032688,-76.53486013
03,03,,03,11,02,2,01,01,15.05,AE5419002F,06.01,02-20-2015,19:11:00,,Y,N,BACOPD,UNK,01,09,6123,CO,,0.1,S,MCCLEAN BLVD,213,F,S,,UU,,BALTO CITY LINE,39.37187049,-76.56710029
01,03,,02,11,02,3,01,01,00,AE5419002G,06.01,02-23-2015,14:25:00,,Y,N,BACOPD,UNK,01,00,1,US,,17.65,N,BELAIR RD,0,F,N,4200,CO,,RIDGE RD,39.37691298,-76.50592983
01,03,,03,03,01,1,01,04,00,AE5419002H,06.01,03-02-2015,10:25:00,,N,N,BACOPD,UNK,01,00,43,MD,,0.64,E,WHITE MARSH BLVD,0,M,E,6158,CO,,WALTHER BLVD,39.38112584,-76.51232958
01,03,,01,17,04,1,01,01,06,AE5419002J,06.01,03-03-2015,06:37:00,,N,N,BACOPD,UNK,11,00,165,MD,,0.83,N,BALDWIN MILL RD,0,M,N,145,MD,,SWEET AIR RD,39.50852732,-76.47997141
03,03,,02,11,02,1,01,01,00,AE44480005,06.01,02-27-2015,23:54:00,PC 07,Y,N,BACOPD,UNK,01,00,25,MD,,7.76,N,FALLS RD,0,F,N,433,CO,,IVY HILL RD,39.46883309,-76.70126438
01,03,,01,17,02,1,01,01,00,AE44510003,06.01,03-09-2015,15:03:00,,N,N,BACOPD,UNK,03,00,1902,CO,,0.63,S,ST LUKES LA,200,F,S,1901,CO,,ESSEX RD,39.333699,-76.736817
01,03,,09.04,11,02,2,01,01,00,AE44530003,07.01,02-09-2015,12:09:00,,N,N,BACOPD,UNK,01,00,,,,,,BACK RIVER NECK ROAD,25,F,,,,,E. HOMBERG AVE,39.31280144,-76.44862175
04,03,,01,03,02,1,01,01,00,AE4455000F,06.01,01-16-2015,19:02:00,,N,N,BACOPD,UNK,01,00,235,CO,,0,S,CARROLL RD,1,M,S,229,CO,,MONKTON RD,39.56389906,-76.59423351
04,03,,01,17,02,1,01,01,10,AE4455000G,06.01,01-17-2015,21:15:00,,N,N,BACOPD,UNK,09,00,343,CO,,0.27,W,SUNNYBROOK RD,0,M,W,6428,CO,,TROJAN HORSE DR,39.50639166,-76.57273293
01,03,,01,17,03,1,88,01,07,AE4455000J,06.01,02-15-2015,16:20:00,,N,N,BACOPD,UNK,09,00,146,MD,A,3.582,W,DULANEY VALLEY RD,1,M,W,4540,MU,,DULANEY VALLEY RD (BACK),39.46891591,-76.55226231
03,03,,03,03,02,2,01,05.01,00,AE44720005,06.01,01-24-2015,18:13:00,,Y,N,BACOPD,UNK,01,00,45,MD,,6.28,N,YORK RD,150,F,N,773,CO,,PADONIA RD,39.45521558,-76.632514
01,03,,01,88,03,1,88,01,00,AE44720006,08.04,03-05-2015,13:10:00,,N,N,BACOPD,UNK,02,00,773,CO,,4.24,E,PADONIA RD,0,M,E,872,CO,,EASTRIDGE RD,39.45524043,-76.6192317
06.02,03,,02,17,01,1,00,01,05,AE44800003,07.01,01-04-2015,00:00:00,,Y,N,BACOPD,UNK,09,00,360,CO,,1.93,E,WARREN RD,0,F,E,394,CO,,BOSLEY RD,39.47618742,-76.61666751
01,03,,08.04,88,03,1,01,01,00,AE44800004,08.04,01-06-2015,13:27:00,,N,N,BACOPD,UNK,01,00,68,CO,,0.21,N,RAYVILLE RD,0,M,N,71,CO,,DAIRY RD,39.65500228,-76.68422699
01,03,,01,17,06.03,1,01,01,07,AE44800005,09.04,01-12-2015,12:29:00,,N,N,BACOPD,UNK,09,00,237,CO,,0,W,GLENCOE RD,0,M,W,235,CO,,CARROLL RD,39.54732196,-76.61856651
01,03,,01,17,02,1,01,01,06,AE44800006,06.01,01-16-2015,14:31:00,,N,N,BACOPD,UNK,09,00,70,CO,,1.58,W,MIDDLETOWN RD,0,M,W,6882,CO,,FOX CHASE CT,39.64157825,-76.68915153
01,03,,01,03,04,1,00,01,00,AE44800007,00,01-18-2015,10:06:00,,N,N,BACOPD,UNK,01,00,812,CO,,0.13,S,GIRDWOOD RD,25,F,S,,UU,,MISTY WOOD CIR,39.46283641,-76.60781622
01,03,,01,17,06.03,1,01,01,07,AE44800008,12.04,02-02-2015,08:38:00,,N,N,BACOPD,UNK,09,00,237,CO,,0,W,GLENCOE RD,0,M,W,235,CO,,CARROLL RD,39.54791761,-76.61944628
03,03,,02,08,01,2,01,01,00,AE44920003,07.01,03-11-2015,05:50:00,,Y,N,BACOPD,UNK,01,00,1207,CO,,0.23,E,BURKE AVE,0,F,E,45,MD,,YORK RD,39.39521799,-76.60370171
04,03,,01,17,02,1,01,01,10,AE45020011,06.01,01-16-2015,16:33:00,,N,N,BACOPD,UNK,16,09,25,MD,,15.43,N,FALLS RD,0,F,N,153,CO,,BENSON MILL RD,39.572087,-76.753342
01,03,,03,13,01,2,01,01,00,AE45020012,07.01,01-22-2015,10:08:00,,Y,N,BACOPD,UNK,01,00,810,CO,,2.46,W,TIMONIUM RD,25,F,W,83,RP,,RAMP 8 FR IS 83 SB TO TIMONIUM RD WB,39.43784,-76.634799
01,03,,00,07,99,1,01,01,00,AE45020013,06.01,01-22-2015,11:06:00,,N,N,BACOPD,UNK,01,00,45,MD,,9.21,N,YORK RD,240,F,N,438,CO,,SHAWAN RD,39.495504,-76.650323
01,03,,03,08,02,2,01,01,00,AE45020015,07.01,02-04-2015,12:03:00,,N,N,BACOPD,UNK,01,00,429,CO,,1.03,N,MCCORMICK RD,75,F,N,438,CO,,SHAWAN RD,39.494964,-76.659088
01,03,,02,11,02,2,01,04,00,AE4880005S,06.01,03-06-2015,14:40:00,,Y,N,BACOPD,UNK,01,00,40,US,,16.09,E,PULASKI HWY,0,F,E,4447,CO,,BERK AVE,39.325983,-76.49767
01,03,,01,17,01,1,01,01,00,AE4880005T,06.01,03-06-2015,15:36:00,,N,N,BACOPD,UNK,03,00,4356,CO,,0.3,E,HAZELWOOD AVE,0,U,E,4336,CO,,RADECKE AVE,39.341032,-76.524485
01,03,,02,02,02,1,01,01,00,AE4880005X,06.01,03-09-2015,11:21:00,,Y,N,BACOPD,UNK,01,00,7,MD,,5.71,E,PHILADELPHIA RD,0,F,E,6880,CO,,CAMPBELL BLVD,39.366855,-76.449239
01,03,,02,02,02,1,01,01,00,AE4880005Y,07.01,03-10-2015,07:38:00,,N,N,BACOPD,UNK,01,00,4357,CO,,0,S,GOLDEN RING RD,0,F,S,4356,CO,,HAZELWOOD AVE (BACK),39.340843,-76.512198
01,03,,02,08,02,2,01,04,00,AE4880005Z,06.01,03-11-2015,11:40:00,,Y,N,BACOPD,UNK,01,00,4458,CO,,2.81,E,ROSSVILLE BLVD,0,F,E,4461,CO,,FRANKLIN SQUARE DR,39.350598,-76.485148
01,03,,09.04,03,02,1,01,01,00,AE48800060,06.01,03-12-2015,09:07:00,,N,N,BACOPD,UNK,01,00,7,MD,,3.203,E,PHILADELPHIA RD,0,U,E,,UU,,ENT TO BUSINESS,39.342382,-76.482045
01,03,,05.01,03,02,,01,04,00,AE48800061,06.01,03-12-2015,10:50:00,,N,N,BACOPD,UNK,01,01,695,MD,,27.12,N,BALTO BELTWAY,25,F,N,,UU,,STRUC #3175,39.369772,-76.514178
99,03,,88,99,99,,01,01,00,AE48800063,99,03-17-2015,10:21:00,,N,N,BACOPD,UNK,02,00,388,OP,,0,N,FONTANA LA,270,F,N,7269,CO,,FONTANA LA,39.340706,-76.49
01,03,,01,17,02,2,01,01,00,AE48800066,06.01,03-18-2015,14:14:00,,N,N,BACOPD,UNK,04,00,1,US,,16.66,N,BELAIR RD,0,U,N,,UU,,ENT TO BELTWAY PLAZA,39.365733,-76.518365
01,03,,03,03,02,2,01,04,00,AE48800067,06.01,03-19-2015,08:41:00,,Y,N,BACOPD,UNK,01,00,43,MD,,3.61,E,WHITE MARSH BLVD,0,M,E,6539,CO,,HONEYGO BLVD,39.379333,-76.462907
01,03,,01,17,01,1,01,01,08,AE48800069,08.04,03-20-2015,09:30:00,,N,N,BACOPD,UNK,09,00,4363,CO,,0.476,N,GOLDENWOOD RD,0,M,N,8338,CO,,TARPLEYS CIR,39.342633,-76.501335
01,03,,09.04,02,01,2,01,04,00,AE4880006B,08.04,03-20-2015,12:31:00,,N,N,BACOPD,UNK,01,00,4458,CO,,3.9,E,ROSSVILLE BLVD,0,F,E,40,US,,PULASKI HWY,39.336713,-76.479958
01,03,,01,03,02,3,01,04,00,AE4880006C,06.01,03-23-2015,17:22:00,,N,N,BACOPD,UNK,01,00,40,US,,17.38,E,PULASKI HWY,15,F,E,,UU,,ENT TO BUSINESS,39.338475,-76.479344
01,03,,88,07,02,2,01,04,00,AE4880006F,07.01,03-25-2015,14:59:00,,N,N,BACOPD,UNK,01,00,40,US,,16.87,E,PULASKI HWY,0,U,E,695,RP,,RAMP 4 FR MD 695 NB TO US 40 EB,39.333247,-76.486567
01,03,,03,03,02,3,01,04,00,AE4880006G,06.01,03-26-2015,17:10:00,,Y,N,BACOPD,UNK,01,01,4458,CO,,2.81,E,ROSSVILLE BLVD,200,F,E,4461,CO,,FRANKLIN SQUARE DR,39.34993,-76.48529