LIGHT_CODE,COUNTY_NO,MUNI_CODE,JUNCTION_CODE,COLLISION_TYPE_CODE,SURF_COND_CODE,LANE_CODE,RD_COND_CODE,RD_DIV_CODE,FIX_OBJ_CODE,REPORT_NO,WEATHER_CODE,ACC_DATE,ACC_TIME,LOC_CODE,SIGNAL_FLAG,C_M_ZONE_FLAG,AGENCY_CODE,AREA_CODE,HARM_EVENT_CODE1,HARM_EVENT_CODE2,RTE_NO,ROUTE_TYPE_CODE,RTE_SUFFIX,LOG_MILE,LOGMILE_DIR_FLAG,MAINROAD_NAME,DISTANCE,FEET_MILES_FLAG,DISTANCE_DIR_FLAG,REFERENCE_NO,REFERENCE_TYPE_CODE,REFERENCE_SUFFIX,REFERENCE_ROAD_NAME,LATITUDE,LONGITUDE
01,03,,01,17,01,2,00,03,10,AE5246000H,09.04,03-01-2015,11:45:00,08,N,N,BACOPD,UNK,09,00,1,US,,21.8,N,BELAIR RD,0,M,N,3995,CO,,PERRY HALL RD,39.42043081,-76.45487666
03,03,,02,03,01,1,01,05.01,00,AE5246000J,03,03-13-2015,21:43:00,08,Y,N,BACOPD,UNK,01,01,1400,CO,,0.23,W,JOPPA RD,0,F,W,6209,CO,,SEVEN COURTS DR,39.39794985,-76.48409128
06.02,03,,01,07,02,1,01,01,00,AE52490006,06.01,01-15-2015,16:45:00,,N,N,BACOPD,UNK,02,00,5143,CO,,0.25,N,WYNBROOK RD,100,F,N,5140,CO,,53RD ST,39.29729366,-76.51508689
01,03,,01,03,02,,01,04,00,AE52490008,06.01,03-12-2015,16:26:00,,N,N,BACOPD,UNK,01,00,150,MD,,2.09,E,EASTERN AVE,200,F,E,5135,CO,,DIAMOND POINT RD,39.29871342,-76.49763107
01,03,,01,03,02,1,01,03,00,AE52490009,06.01,03-15-2015,17:27:00,,N,N,BACOPD,UNK,01,01,157,MD,,3.64,N,MERRITT BLVD,0,F,N,5425,CO,,WESTFIELD RD,39.27209036,-76.50241613
01,03,,01,03,02,2,01,01,00,AE5249000B,06.01,03-30-2015,15:19:00,,N,N,BACOPD,UNK,01,01,150,MD,,1.23,E,EASTERN AVE,200,F,E,5132,CO,,ROLLING MILL RD,39.29601503,-76.50771618
03,03,,00,17,01,1,01,04,14.05,AE54250003,03,01-03-2015,16:47:00,,N,N,BACOPD,UNK,09,09,7709,CO,,0.77,E,LAKESIDE BLVD,37,F,E,,UU,,SILVERBROOK LA,39.40231895,-76.80393934
01,03,,00,03,02,2,01,04,00,AE54250005,06.01,01-15-2015,08:55:00,,N,N,BACOPD,UNK,01,00,795,IS,,6.55,N,NORTHWEST EXPRESSWAY,0,M,N,6781,CO,,FRANKLIN BLVD,39.43567096,-76.81747913
01,03,,01,88,01,2,01,01,10,AE54250006,00,01-26-2015,16:16:00,03,N,N,BACOPD,UNK,09,02,140,MD,,3.99,N,REISTERSTOWN RD,25,F,N,1678,CO,,KENMAR AVE,39.40575932,-76.76058412
01,03,,01,03,02,1,01,00,00,AE54250007,06.01,01-28-2015,16:51:00,,N,N,BACOPD,UNK,01,00,25,MD,,5.8,N,FALLS RD,20,F,N,762,CO,,CHESTNUT RIDGE DR,39.44570494,-76.68444157
01,03,,00,17,04,1,00,00,88,AE54250008,00,02-04-2015,07:55:00,,N,N,BACOPD,UNK,10,11,24,CO,,0,S,MT CARMEL RD,200,F,S,3,CO,,GUNPOWDER RD (BACK),39.61240814,-76.80139661
01,03,,00,11,01,1,01,00,00,AE5425000B,07.01,03-14-2015,13:08:00,,N,N,BACOPD,UNK,01,01,30,MD,,5.2,N,HANOVER PIKE,200,F,N,91,MD,,EMORY RD,39.54846362,-76.83859348
01,03,,01,17,04,1,01,00,11,AE5425000C,09.04,03-01-2015,16:10:00,,N,N,BACOPD,UNK,10,01,1468,CO,,0,S,WALNUT AVE,200,F,S,25,MD,,FALLS RD,39.45988758,-76.75254822
01,03,,02,88,02,1,01,01,00,AE5428000D,06.01,01-17-2015,10:36:00,,Y,N,BACOPD,UNK,03,00,144,MD,,4.35,E,FREDERICK RD,0,F,E,2603,CO,,PROSPECT AVE S,39.27488102,-76.71926737
06.02,03,,01,17,02,1,01,01,00,AE5428000F,06.01,01-17-2015,07:10:00,,N,N,BACOPD,UNK,08,00,144,MD,,0.81,E,FREDERICK RD,10,F,E,6774,CO,,OLD FREDERICK RD,39.26365955,-76.77964926
01,03,,01,88,04,1,01,01,00,AE5428000G,88,01-19-2015,09:46:00,,N,N,BACOPD,UNK,02,02,2573,CO,,0.83,E,OLD FREDERICK RD,10,F,E,2574,CO,,CHARING CROSS RD,39.2913279,-76.71281397
01,03,,01,88,04,1,01,01,00,AE5428000H,06.01,02-06-2015,08:18:00,,N,N,BACOPD,UNK,02,00,2961,CO,,0.32,N,STONEWALL RD,5,F,N,2964,CO,,WORTHMONT RD,39.27087771,-76.77153826
03,03,,03,17,02,1,01,01,02,AE54300003,06.01,01-25-2015,01:50:00,227-02,N,N,BACOPD,UNK,09,09,6025,CO,,0.3,E,LINCOLN WOODS DR,50,F,E,6378,CO,,UPPER MILLS CIR,39.29817375,-76.76430702
03,03,,05.01,11,03,1,01,01,00,AE54300004,00,03-06-2015,03:26:00,227-02,N,N,BACOPD,UNK,01,00,2501,CO,,0.18,N,WOODLAWN DR,10,F,N,6544,CO,,LINUS DR,39.30174378,-76.73720598
06.02,03,,01,88,02,,01,00,00,AE54310004,00,01-02-2015,16:25:00,AE,N,N,BACOPD,UNK,02,02,8199,CO,,0,E,WHOLESALE CLUB RD,0,F,E,8199,CO,,4201WHOLESALE CLUB RD ,39.37956678,-76.50052786
01,03,,01,03,01,1,01,01,00,AE54310005,03,01-18-2015,08:54:00,AE,N,N,BACOPD,UNK,01,00,7,MD,,0,E,PHILADELPHIA RD,0,F,E,7,MD,,11818 PHILADELPHIA RD,39.41368397,-76.40744984
01,03,,01,03,02,2,03,04,00,AE54310006,06.01,01-26-2015,15:52:00,,N,N,BACOPD,UNK,01,00,7,MD,,2.8,E,PHILADELPHIA RD,10,F,E,,UU,,ENT TO GOLDEN RING SHOPPING CENTER,39.33891115,-76.48974538
03,03,,02,03,02,2,01,05.01,00,AE54310007,06.01,01-26-2015,20:41:00,,N,N,BACOPD,UNK,01,00,4458,CO,,3.9,E,ROSSVILLE BLVD,0,F,E,40,US,,PULASKI HWY,39.33758349,-76.48062587
01,03,,03,03,02,4,01,04,00,AE54310008,00,02-07-2015,08:21:00,AE,Y,N,BACOPD,UNK,01,01,40,US,,17.01,E,PULASKI HWY,10,F,E,,UU,,ENT TO GOLDEN RING CENTER,39.33487416,-76.4847672
07.88,03,,02,01,04,1,01,01,00,AE54310009,08.04,02-14-2015,00:00:00,,N,N,BACOPD,UNK,01,00,7,MD,,3.74,E,PHILADELPHIA RD,0,F,E,4462,CO,,HOSPITAL DR,39.34616304,-76.47412419
00,03,,01,03,00,1,01,00,00,AE5431000B,06.01,02-20-2015,17:01:00,AE,N,N,BACOPD,UNK,01,00,40,US,,15.76,E,PULASKI HWY,10,F,E,5047,CO,,TODDS LA,39.32314358,-76.50287747
01,03,,01,03,02,1,01,01,00,AE54320008,06.01,01-01-2015,14:13:00,,N,N,BACOPD,UNK,02,02,2915,CO,,0.16,N,WESTSIDE BLVD,200,F,N,2913,CO,,DELTA RD,39.28176585,-76.77294374
01,03,,02,03,02,1,01,04,00,AE54320009,06.01,01-15-2015,13:01:00,,N,N,BACOPD,UNK,01,00,372,MD,,1.24,E,WILKENS AVE,0,F,E,2795,CO,,KENWOOD AVE W,39.26232216,-76.70969725
03,03,,01,06,02,1,01,01,00,AE5432000B,06.01,03-23-2015,00:00:00,,N,N,BACOPD,UNK,02,00,2984,CO,,0.17,E,ALAN DR,400,F,E,3001,CO,,HOOPER AVE,39.2653541,-76.69283152
01,03,,88,99,02,,01,88,00,AE5432000C,06.01,03-23-2015,18:28:00,,N,N,BACOPD,UNK,02,00,2000,CO,,0.93,N,ROLLING RD,100,F,N,2677,CO,,GEIPE RD,39.28049524,-76.75460815
03,03,,01,01,04,1,01,03,00,AE54330005,12.04,02-22-2015,00:16:00,,N,N,BACOPD,UNK,01,00,2367,CO,,0.27,W,FAIRBROOK RD,50,F,W,2370,CO,,ROLLING BEND RD,39.31064317,-76.75310612
01,03,,01,11,01,1,01,00,00,AE54380003,06.01,03-06-2015,15:42:00,,N,N,BACOPD,UNK,01,00,7730,CO,,0.38,N,IRON HORSE LA,100,F,N,,UU,,SARACEN DR,39.39544599,-76.74999475
01,03,,00,03,04,1,01,03,00,AE45390004,12.04,01-18-2015,07:35:00,02,N,N,BACOPD,UNK,01,00,2356,CO,,2.99,E,DOGWOOD RD,20,F,E,2365,CO,,HOLLIFIELD RD,39.36827915,-76.74499512
03,03,,00,17,00,1,01,03,07,AE45390005,00,02-14-2015,19:00:00,02,N,N,BACOPD,UNK,09,00,2356,CO,,5.82,E,DOGWOOD RD,45,F,E,2398,CO,,BELMONT AVE,39.32189862,-76.74520969
01,03,,00,03,02,2,01,03,00,AE45390006,06.01,02-20-2015,17:22:00,02,Y,N,BACOPD,UNK,01,01,2501,CO,,0.56,N,WOODLAWN DR,25,F,N,104,GV,,PARALLEL DR,39.30665851,-76.73411608
01,03,,05.01,08,02,2,01,00,00,AE45390007,06.01,02-27-2015,14:45:00,02,N,N,BACOPD,UNK,01,01,122,MD,,0.43,E,SECURITY BLVD,25,F,E,695,RP,,RAMP 6 FR MD 122 EB TO IS 695 SB,39.31278484,-76.74902916
01,03,,00,03,01,,01,01,00,AE45390008,03,03-14-2015,09:42:00,02,N,N,BACOPD,UNK,02,00,7590,CO,,0.05,S,PARK TRAIL RD,15,F,S,7662,CO,,TRIPLE CROWN CT,39.31381414,-76.77685976
01,03,,01,88,04,1,01,01,00,AE4546000N,09.04,03-03-2015,14:56:00,,N,N,BACOPD,UNK,01,00,446,CO,,4.55,N,GARRISON FOREST RD,60,F,N,6713,CO,,HAWICK CT,39.4631346,-76.76724672
04,03,,00,88,04,1,03,01,00,AE4546000P,09.04,03-03-2015,20:15:00,,N,Y,BACOPD,UNK,02,00,639,CO,,0,N,AUSTIN RD,300,F,N,140,MD,,REISTERSTOWN RD,39.44575465,-76.80996895
01,03,,01,09,01,,01,01,00,AE4546000Q,03,03-04-2015,14:56:00,,N,N,BACOPD,UNK,01,01,140,MD,,7.99,N,REISTERSTOWN RD,30,F,N,642,CO,,CHESTNUT HILL LA W,39.44592864,-76.81291938
06.02,03,,02,02,01,,01,01,04,AE4546000R,03,03-04-2015,17:35:00,,Y,N,BACOPD,UNK,01,09,2251,CO,,1.78,N,PAINTERS MILL RD,0,F,N,2252,CO,,MUSIC FAIR RD,39.41225826,-76.77756786
01,03,,02,11,01,1,01,01,00,AE4546000S,06.01,03-06-2015,13:49:00,,Y,N,BACOPD,UNK,01,00,627,CO,,0.88,N,CHERRY HILL RD E,0,F,N,7308,CO,,TREELINE DR,39.4532274,-76.80052757
01,03,,09.04,11,01,1,01,01,00,AE4546000T,06.01,03-06-2015,16:16:00,,Y,N,BACOPD,UNK,01,00,645,CO,,0.434,N,CHERRY VALLEY RD,92,F,N,140,MD,,REISTERSTOWN RD,39.4420594,-76.80877805
01,03,,02,05,01,1,01,01,00,AE4546000V,03,03-10-2015,15:57:00,,Y,N,BACOPD,UNK,01,01,8099,CO,,0,W,VILLAGE CENTER RD,0,F,W,140,MD,,MAIN ST,39.46820363,-76.82973146
03,03,,02,11,02,1,01,01,06,AE4546000W,06.01,03-12-2015,21:08:00,,Y,N,BACOPD,UNK,01,00,130,MD,,4.41,E,GREENSPRING VALLEY RD,0,F,E,722,CO,,GREENSPRING AVE,39.42530404,-76.69085741
01,03,,01,01,02,1,01,01,00,AE4546000X,06.01,03-16-2015,12:28:00,,N,N,BACOPD,UNK,01,00,722,CO,,5.22,N,GREENSPRING AVE,274,F,N,748,CO,,RIDGEWAY AVE,39.43629243,-76.70961142
01,03,,02,11,02,1,01,01,00,AE4546000Y,06.01,03-19-2015,07:38:00,,Y,N,BACOPD,UNK,01,01,140,MD,,8.83,N,MAIN ST,0,F,N,503,CO,,BERRYMANS LA,39.45476825,-76.82398081
01,03,,03,03,02,2,00,04,00,AE4546000Z,06.01,03-27-2015,13:02:00,,Y,N,BACOPD,UNK,01,00,7708,CO,,0,S,OWINGS MILLS BLVD,0,F,S,6779,CO,,RED RUN BLVD,39.40310652,-76.79572105
06.02,03,,01,17,01,1,01,01,11,AE45460010,03,03-31-2015,18:12:00,,N,N,BACOPD,UNK,09,00,129,MD,,5,N,PARK HEIGHTS AVE,231,F,N,721,CO,,CAVES RD,39.43816509,-76.73368692
03,03,,02,04,01,1,01,01,00,AE45500003,07.01,03-07-2015,22:18:00,,N,N,BACOPD,UNK,01,00,5069,CO,,0.2,S,CHESACO AVE,0,F,S,40,US,,PULASKI HWY,39.31910983,-76.51167512
01,03,,01,88,02,1,01,01,00,AE4552000B,07.01,01-07-2015,13:41:00,,N,N,BACOPD,UNK,01,00,5185,CO,,1.9,W,GERMAN HILL RD,50,F,W,5174,CO,,WILSON AVE,39.28216446,-76.52634144
03,03,,01,07,02,2,01,03,00,AE4552000C,07.01,01-19-2015,19:43:00,,N,N,BACOPD,UNK,01,00,157,MD,,3.64,N,MERRITT BLVD,50,F,N,5425,CO,,WESTFIELD RD,39.27253056,-76.50256634
04,03,,01,07,02,1,01,01,00,AE4552000D,06.01,03-10-2015,00:00:00,,N,N,BACOPD,UNK,02,00,5397,CO,,0.53,N,STANSBURY RD,50,F,N,5388,CO,,HOLBORN RD,39.25895779,-76.50612831
01,03,,01,07,02,1,01,01,00,AE48930001,00,01-03-2015,11:51:00,,N,N,BACOPD,UNK,01,00,144,MD,,2.85,E,FREDERICK RD,150,F,E,166,MD,,ROLLING RD,39.2682364,-76.75667882
03,03,,01,03,02,3,01,04,00,AE48970008,06.01,01-17-2015,18:07:00,PC06 614,N,N,BACOPD,UNK,01,01,146,MD,,0.63,N,DULANEY VALLEY RD,50,F,N,695,RP,,RAMP 4 FR MD 146 NB TO RAMP 5 (TO IS695),39.41096515,-76.60052061
03,03,,03,03,03,1,00,04,00,AE48970009,08.04,02-14-2015,19:14:00,PC06 612,Y,N,BACOPD,UNK,01,01,139,MD,,3.24,N,CHARLES ST,15,F,N,1150,CO,,KENILWORTH DR,39.4132861,-76.63023949
01,03,,02,11,02,1,01,04,00,AE4897000B,06.01,02-28-2015,08:31:00,PC06 613,Y,N,BACOPD,UNK,01,00,1153,CO,,0.55,S,BOSLEY AVE,0,F,S,1364,CO,,ALLEGHENY AVE,39.40212828,-76.60830975
03,03,,01,17,04,1,01,01,02,AE4897000C,03,03-04-2015,19:52:00,PC06 613,N,N,BACOPD,UNK,09,00,1166,CO,,0.53,W,PENNSYLVANIA AVE,20,F,W,,UU,,ALLEY,39.40065259,-76.6030097
01,03,,02,88,01,1,01,00,00,AE49030004,07.01,03-27-2015,12:30:00,,Y,N,BACOPD,UNK,01,00,695,IS,,14.2,N,BALTO BELTWAY,0,F,N,1600,CO,,STEVENSON RD,39.39179782,-76.71259403
04,03,,01,00,03,1,01,01,06,AE49080004,08.04,01-06-2015,06:51:00,,N,N,BACOPD,UNK,10,00,112,CO,,1.11,N,HARRIS MILL RD,0,M,N,118,CO,,STEWARTSTOWN RD,39.71733821,-76.60264492
01,03,,02,05,04,3,01,01,00,AE49080005,03,01-18-2015,09:00:00,,N,N,BACOPD,UNK,01,00,415,CO,,1.13,E,CRANBROOK RD,0,F,E,,UU,,MALCOLM CIR,39.47082911,-76.61817491
01,03,,01,00,04,1,01,01,88,AE49080006,03,01-18-2015,09:30:00,,N,N,BACOPD,UNK,09,00,810,CO,,0.74,W,TIMONIUM RD,400,F,W,811,CO,,POT SPRING RD,39.44584579,-76.60435081
04,03,,03,99,03,1,01,01,00,AE49080007,08.04,02-21-2015,19:30:00,,N,N,BACOPD,UNK,01,00,145,MD,,0.43,E,PAPER MILL RD,50,F,E,361,CO,,ASHLAND RD,39.49529843,-76.64219141
01,03,,01,17,06.03,1,01,01,88,AE49080008,08.04,03-01-2015,15:52:00,,N,N,BACOPD,UNK,09,09,146,MD,,10.63,N,JARRETTSVILLE PIKE,0,M,N,258,CO,,MANOR RD,39.53150219,-76.55166149
99,03,,00,03,02,1,01,01,00,AE49110007,06.01,03-07-2015,08:50:00,,N,N,BACOPD,UNK,02,00,5095,CO,,0.3,S,HAMILTOWNE CIR,50,F,S,5089,CO,,CROSSETT RD,39.32337597,-76.5269208
01,03,,01,17,01,1,01,03,18.88,AE49110009,06.01,03-07-2015,09:50:00,,N,N,BACOPD,UNK,09,00,5082,CO,,0,S,HAMILTON AVE,50,F,S,4415,CO,,35TH ST,39.32789082,-76.52307987
01,03,,03,03,02,1,01,03,00,AE4911000B,06.01,03-21-2015,16:04:00,,Y,N,BACOPD,UNK,01,00,7,MD,,2.48,E,PHILADELPHIA RD,10,F,E,695,RP,,RAMP 5 FR RAMP 8 (FR MD 695) TO MD 7 EB,39.33554217,-76.49248123
01,03,,05.01,03,02,,01,02,00,AE4911000C,06.01,03-21-2015,16:25:00,,Y,N,BACOPD,UNK,01,00,695,RP,,0.06,E,RAMP 6 FR MD 7 EB TO MD 695 SB,10,F,E,695,RP,,RAMP 7 FR MD 7 WB TO RAMP 6 (TO MD 695),39.33531812,-76.49211645
03,03,,00,88,02,1,01,03,00,AE4911000G,06.01,03-27-2015,21:50:00,,N,N,BACOPD,UNK,02,00,4394,CO,,1.01,S,WEYBURN RD,500,F,S,4411,CO,,HORST AVE,39.33062947,-76.51732922
03,03,,01,17,03,3,01,04,15.05,AE49220004,08.04,02-14-2015,20:57:00,,N,N,BACOPD,UNK,16,09,702,MD,,2.324,E,SOUTHEAST BLVD,900,F,E,4831,CO,,E HOMBERG AVE,39.30715661,-76.44937277
03,03,,02,06,02,1,01,01,00,AE49220005,06.01,03-02-2015,21:25:00,,N,N,BACOPD,UNK,01,00,4875,CO,,0.05,N,MIDDLEBOROUGH RD,0,F,N,437,OP,,HOPKINS CREEK RD,39.30584495,-76.44160509
03,03,,01,06,02,1,01,01,00,AE49220007,06.01,03-29-2015,22:36:00,,N,N,BACOPD,UNK,02,02,4835,CO,,0.31,S,SOUTHEASTERN TERR,100,F,S,4840,CO,,WILLIAMS AVE,39.30577023,-76.44728065
04,03,,01,17,01,2,01,03,00,AE5252000F,03,03-14-2015,03:12:00,11,N,N,BACOPD,UNK,16,00,702,MD,,1.7,E,SOUTHEAST BLVD,2,M,E,150,MD,,EASTERN BLVD,39.32223061,-76.46625996
06.02,03,,00,03,02,,00,00,00,AE52530003,06.01,01-01-2015,00:00:00,,N,N,BACOPD,UNK,02,00,,,,,,WAGON SHED CIRCLE ,0,F,,,,,TRIPLETT ROAD,39.40810635,-76.81335524
06.02,03,,00,17,04,3,00,01,04,AE52530004,09.04,01-03-2015,08:19:00,,N,N,BACOPD,UNK,09,00,7708,CO,,0,S,OWINGS MILLS BLVD,1,M,S,6779,CO,,RED RUN BLVD,39.40027123,-76.79532945
01,03,,01,17,04,1,04,01,10,AE52530005,09.04,01-03-2015,09:21:00,,N,N,BACOPD,UNK,09,10,587,CO,,0.443,N,GWYNNBROOK AVE,100,F,N,589,CO,,BYWAY RD,39.43636287,-76.7908287
04,03,,01,17,00,1,01,01,06,AE52530006,06.01,01-10-2015,20:55:00,,N,N,BACOPD,UNK,11,00,515,CO,,3.33,W,DEER PARK RD,1,M,W,503,CO,,BERRYMANS LA,39.42740904,-76.84726238
03,03,,01,17,04,1,01,01,10,AE52530007,06.01,01-19-2015,07:15:00,,N,N,BACOPD,UNK,09,00,499,CO,,0.146,W,COCKEYS MILL RD,0,F,W,,UU,,ENT TO FRANKLIN ELEMENTARY SCHOOL,39.4636233,-76.83327734
01,03,,01,17,01,1,05,02,10,AE52530008,12.04,01-24-2015,11:52:00,,N,N,BACOPD,UNK,09,09,6781,CO,,0.48,E,FRANKLIN BLVD,200,F,E,795,IS,,NORTHWEST EXPRESSWAY,39.44181084,-76.82150245
01,03,,02,11,01,1,01,04,00,AE5253000B,06.01,01-30-2015,08:39:00,,Y,N,BACOPD,UNK,01,00,6781,CO,,0.36,E,FRANKLIN BLVD,0,F,E,6782,CO,,NICODEMUS RD,39.43944113,-76.82422757
01,03,,02,07,02,1,01,01,00,AE5253000D,06.01,02-04-2015,15:47:00,,N,N,BACOPD,UNK,01,00,7297,CO,,1.061,N,OWINGS MILLS BLVD,0,F,N,,UU,,ENT TO BUSINESS,39.43311045,-76.7806524
01,03,,03,03,02,1,01,01,00,AE5253000F,06.01,02-19-2015,07:46:00,,Y,N,BACOPD,UNK,01,00,140,MD,,5.79,N,REISTERSTOWN RD,20,F,N,584,CO,,STRAW HAT RD,39.42321556,-76.784724
05.02,03,,01,04,02,1,01,00,00,AE5253000G,06.01,02-20-2015,00:00:00,,N,N,BACOPD,UNK,01,00,628,CO,,0,N,HILLFIELD RD,50,F,N,627,CO,,CHERRY HILL RD E,39.44820699,-76.8127799
01,03,,02,02,01,1,01,01,00,AE5253000H,03,03-10-2015,18:47:00,,N,N,BACOPD,UNK,01,00,2255,CO,,0,E,DOLFIELD RD,0,F,E,515,CO,,DEER PARK RD,39.39902764,-76.83007479
03,03,,01,03,00,1,01,01,00,AE5254000B,06.01,01-05-2015,17:30:00,,N,N,BACOPD,UNK,01,00,434,CO,,2.35,S,BEAVER DAM RD,5,F,S,422,CO,,COCKEYSVILLE RD,39.47887057,-76.65360689
01,03,,01,03,02,1,01,04,00,AE5254000F,07.01,02-01-2015,12:00:00,,N,N,BACOPD,UNK,01,00,773,CO,,3.49,E,PADONIA RD,50,F,E,777,CO,,BROAD AVE,39.45576232,-76.63717031
01,03,,01,03,02,2,01,01,00,AE5254000G,06.01,02-07-2015,15:04:00,,Y,N,BACOPD,UNK,01,01,45,MD,,7.04,N,YORK RD,0,F,N,797,CO,,INDUSTRY LA,39.46611643,-76.63686991
03,03,,02,02,02,1,01,04,00,AE5254000H,06.01,02-08-2015,18:31:00,,N,N,BACOPD,UNK,01,00,438,CO,,2.58,E,SHAWAN RD,0,F,E,6610,CO,,INTERNATIONAL DR,39.49557992,-76.6614604
01,03,,01,03,03,1,01,01,00,AE5254000J,08.04,02-21-2015,13:00:00,PC07 728,N,N,BACOPD,UNK,01,01,394,CO,,0.15,E,BOSLEY RD,0,F,E,396,CO,,GATERIDGE RD,39.4754483,-76.61450833
01,03,,01,11,00,1,01,04,00,AE5254000L,06.01,03-08-2015,17:45:00,PC07 728,N,N,BACOPD,UNK,01,00,415,CO,,0.26,E,CRANBROOK RD,50,F,E,787,CO,,HALESWORTH RD,39.46522189,-76.6334796
01,03,,01,03,01,1,01,04,00,AE5254000N,08.04,03-20-2015,11:50:00,,N,N,BACOPD,UNK,01,00,773,CO,,3.63,E,PADONIA RD,5,F,E,45,MD,,YORK RD,39.45627592,-76.63420916
01,03,,01,03,02,1,01,01,00,AE5254000P,07.01,03-21-2015,11:28:00,,N,N,BACOPD,UNK,01,00,45,MD,,5.49,N,YORK RD,50,F,N,883,CO,,GREENMEADOW DR,39.44467758,-76.6284585
01,03,,01,17,02,1,01,01,06,AE5254000Q,06.01,03-22-2015,12:43:00,PC07 728,N,N,BACOPD,UNK,09,00,438,CO,,0,E,SHAWAN RD,150,F,E,25,MD,,FALLS RD,39.49620913,-76.70338869
01,03,,01,03,02,1,01,01,00,AE5254000V,06.01,03-15-2015,15:05:00,PC07 728,N,N,BACOPD,UNK,01,00,45,MD,,6.61,N,YORK RD,0,F,N,785,CO,,GALLOWAY AVE,39.46079875,-76.6347456
01,03,,01,07,02,,01,01,00,AE52550007,00,01-02-2015,08:10:00,PC11,N,N,BACOPD,UNK,02,00,6763,CO,,0,N,YEW RD,40,F,N,4563,CO,,FUSELAGE AVE,39.33688646,-76.46366358
01,03,,01,07,02,1,01,02,00,AE52550008,06.01,03-03-2015,15:30:00,,N,N,BACOPD,UNK,02,00,4565,CO,,0.26,N,LONGERON DR,50,F,N,4563,CO,,FUSELAGE AVE,39.33496959,-76.45622849
99,03,,01,99,99,1,01,01,00,AE52550009,00,03-19-2015,00:00:00,,N,N,BACOPD,UNK,02,00,4977,CO,,0.5,S,VIRGINIA AVE,300,F,S,4968,CO,,RIVERSIDE DR,39.3056042,-76.47739649
04,03,,00,17,02,,01,01,10,AE52590004,06.01,01-15-2015,02:30:00,,N,N,BACOPD,UNK,09,09,515,CO,,1.18,W,DEER PARK RD,200,F,W,2258,CO,,BARNES AVE,39.39809908,-76.83091164
03,03,,03,07,04,,01,01,00,AE52590005,07.01,02-10-2015,03:50:00,,N,N,BACOPD,UNK,02,02,619,CO,,0.29,N,LEYTON RD,30,F,N,618,CO,,KINGSBURY RD,39.45155397,-76.80207253
03,03,,03,17,04,,01,01,07,AE52630004,09.04,01-12-2015,00:08:00,,N,N,BACOPD,UNK,09,09,138,MD,,2.35,E,MONKTON RD,15,F,E,8027,CO,,MAGERS LANDING RD,39.5816774,-76.6257602
04,03,,03,17,04,,01,01,11,AE52630005,09.04,01-12-2015,00:08:00,,N,N,BACOPD,UNK,09,00,138,MD,,2.25,E,MONKTON RD,100,F,E,137,CO,,PINEY HILL RD,39.58174923,-76.62784562
03,03,,01,01,06.03,1,01,01,00,AE52630006,03,02-02-2015,05:58:00,,N,N,BACOPD,UNK,01,00,131,MD,,0.32,E,SEMINARY AVE,300,F,E,770,CO,,MAYS CHAPEL RD,39.42659689,-76.66802645
01,03,,00,17,04,,01,01,04,AE52650008,12.04,01-03-2015,08:28:00,,N,N,BACOPD,UNK,09,11,6779,CO,,3.82,S,RED RUN BLVD,25,F,S,5933,CO,,MEADOW RD,39.40302362,-76.78389788
01,03,,01,03,02,2,01,04,00,AE5265000D,06.01,02-04-2015,17:26:00,,Y,N,BACOPD,UNK,01,00,940,MD,,1.22,N,OWINGS MILLS BLVD,75,F,N,6780,CO,,DOLFIELD RD,39.41671764,-76.78267479
07.88,03,,01,07,99,2,01,04,00,AE5439000J,99,02-15-2015,22:00:00,PI1,N,N,BACOPD,UNK,01,00,695,MD,,27.12,N,BALTO BELTWAY,0,M,N,1,US,,BELAIR RD,39.37547823,-76.51878834
01,03,,03,07,02,,01,01,00,AE5439000L,06.01,02-23-2015,16:00:00,415,Y,N,BACOPD,UNK,01,00,45,MD,,3.67,N,YORK RD,25,F,N,131,MD,,SEMINARY AVE,39.42038937,-76.61651731
01,03,,02,06,01,1,01,01,00,AE5439000M,06.01,03-02-2015,10:45:00,727,N,N,BACOPD,UNK,01,00,434,CO,,3.38,S,BEAVER DAM RD,0,F,S,797,CO,,INDUSTRY LA,39.46578512,-76.64439082
01,03,,01,06,01,1,01,01,00,AE5439000N,07.01,03-04-2015,09:45:00,,N,N,BACOPD,UNK,01,00,1054,CO,,0,E,BELLONA AVE,250,F,E,139,MD,A,BELLONA AVE (BACK),39.41812668,-76.63043261
01,03,,01,09,02,1,01,01,00,AE5439000P,06.01,03-23-2015,15:23:00,,N,N,BACOPD,UNK,01,00,773,CO,,2.88,E,PADONIA RD,50,F,E,83,IS,,HARRISBURG EXPWY,39.45456115,-76.64694428
01,03,,03,17,01,2,01,01,88,AE54410006,07.01,01-04-2015,16:14:00,,N,N,BACOPD,UNK,09,00,2000,CO,,4.16,N,ROLLING RD,300,F,N,6389,CO,,TUDSBURY RD,39.32857134,-76.75887823
01,03,,01,03,04,1,01,01,00,AE54410007,03,01-18-2015,09:59:00,,N,N,BACOPD,UNK,02,01,8018,CO,,0.38,E,GWYNN OAK AVE,100,F,E,2428,CO,,POPLAR DR,39.32506907,-76.71986818