LIGHT_CODE,COUNTY_NO,MUNI_CODE,JUNCTION_CODE,COLLISION_TYPE_CODE,SURF_COND_CODE,LANE_CODE,RD_COND_CODE,RD_DIV_CODE,FIX_OBJ_CODE,REPORT_NO,WEATHER_CODE,ACC_DATE,ACC_TIME,LOC_CODE,SIGNAL_FLAG,C_M_ZONE_FLAG,AGENCY_CODE,AREA_CODE,HARM_EVENT_CODE1,HARM_EVENT_CODE2,RTE_NO,ROUTE_TYPE_CODE,RTE_SUFFIX,LOG_MILE,LOGMILE_DIR_FLAG,MAINROAD_NAME,DISTANCE,FEET_MILES_FLAG,DISTANCE_DIR_FLAG,REFERENCE_NO,REFERENCE_TYPE_CODE,REFERENCE_SUFFIX,REFERENCE_ROAD_NAME,LATITUDE,LONGITUDE
04,03,,11.04,11,02,1,01,01,00,AE47420007,06.01,02-07-2015,18:29:00,,N,N,BACOPD,UNK,01,00,4021,CO,,1.845,S,JOPPA RD,0,M,S,6539,CO,,HONEYGO BLVD,39.40243502,-76.44455552
03,03,,01,07,02,1,01,04,00,AE47420008,06.01,02-08-2015,18:43:00,,N,N,BACOPD,UNK,01,00,6539,CO,,4.168,E,HONEYGO BLVD,0,F,E,3975,CO,,FORGE RD,39.41649385,-76.45342827
04,03,,03,03,02,,01,04,00,AE47420009,06.01,02-18-2015,06:56:00,,N,N,BACOPD,UNK,01,00,6539,CO,,1.1,E,HONEYGO BLVD,0,M,E,43,MD,,WHITE MARSH BLVD,39.38012241,-76.4601016
01,03,,02,03,02,2,01,01,00,AE4742000B,06.01,02-28-2015,14:20:00,,Y,N,BACOPD,UNK,01,00,4458,CO,,3.59,E,ROSSVILLE BLVD,0,F,E,7,MD,,PHILADELPHIA RD,39.33997534,-76.48560673
01,03,,00,07,02,,01,00,00,AE4742000C,00,03-28-2015,13:00:00,,N,N,BACOPD,UNK,02,00,6539,CO,,1.1,E,HONEYGO BLVD,1,M,E,43,MD,,WHITE MARSH BLVD,39.37570215,-76.46221519
01,03,,03,17,04,,01,88,04,AE47450009,12.04,01-18-2015,08:00:00,PC06/612,Y,N,BACOPD,UNK,09,00,1354,CO,,1.67,W,TOWSONTOWN BLVD,20,F,W,139,MD,,CHARLES ST,39.39555792,-76.62681699
01,03,,01,17,04,,01,01,11,AE4745000B,12.04,01-18-2015,08:41:00,PC06/612,N,N,BACOPD,UNK,09,09,139,MD,,1.41,N,CHARLES ST,600,F,N,1442,CO,,CHARLESWAY,39.38887086,-76.62629128
01,03,,01,11,04,,01,01,05,AE4745000C,12.04,01-18-2015,09:45:00,PC06/612,N,N,BACOPD,UNK,01,09,139,MD,,1.41,N,CHARLES ST,900,F,N,1442,CO,,CHARLESWAY,39.38881696,-76.62571192
01,03,,01,03,04,,04,04,05,AE4745000D,12.04,01-18-2015,10:24:00,PC06/612,N,N,BACOPD,UNK,01,09,139,MD,,1.41,N,CHARLES ST,800,F,N,1442,CO,,CHARLESWAY,39.38897036,-76.62629128
01,03,,01,03,04,1,01,01,10,AE4745000F,12.04,01-18-2015,11:41:00,PC06/612,N,N,BACOPD,UNK,01,09,1409,CO,,0.64,E,BOYCE AVE,40,F,E,1411,CO,,GREENWOOD RD,39.40297991,-76.63382024
03,03,,01,07,02,,01,04,00,AE4745000G,06.01,01-28-2015,18:50:00,PC06/612,Y,N,BACOPD,UNK,01,00,25,MD,,3.76,N,FALLS RD,500,F,N,130,MD,,GREENSPRING VALLEY RD,39.41951497,-76.66982889
05.02,03,,03,17,04,1,01,01,04,AE4745000H,88,02-10-2015,08:11:00,PC06/612,Y,N,BACOPD,UNK,09,00,1364,CO,,0.76,E,ALLEGHENY AVE,5,F,E,1172,CO,,WASHINGTON AVE,39.40190029,-76.60508037
01,03,,02,11,02,2,01,03,00,AE4745000J,06.01,03-26-2015,16:29:00,PC06/612,Y,N,BACOPD,UNK,01,00,7032,CO,,3.45,W,JOPPA RD W,0,F,W,83,IS,,BALTO BELTWAY,39.41867993,-76.66931659
03,03,,01,17,02,2,01,04,05,AE47470002,06.01,02-04-2015,01:58:00,,N,N,BACOPD,UNK,09,00,43,MD,,4.76,E,WHITE MARSH BLVD,3,F,E,7,MD,,PHILADELPHIA RD,39.37673882,-76.43898726
03,03,,01,88,02,1,01,01,00,AE47470003,06.01,03-19-2015,00:00:00,AE 03,N,N,BACOPD,UNK,02,02,365,OP,,0,S,LIONHEAD CT,500,F,S,4461,CO,,FRANKLIN SQUARE DR,39.349797,-76.48338318
01,03,,03,05,02,1,01,01,00,AE47630008,06.01,01-28-2015,14:17:00,,N,N,BACOPD,UNK,01,00,6209,CO,,0.06,N,SEVEN COURTS DR,0,U,N,,UU,,NEVES CT,39.39887841,-76.48472428
01,03,,09.04,17,02,4,01,01,04,AE47630009,06.01,02-01-2015,11:19:00,,N,N,BACOPD,UNK,09,09,8762,CO,,3.3,W,JOPPA RD E,100,F,W,3538,CO,,AUDREY AVE,39.39815712,-76.53902292
03,03,,02,11,02,4,01,01,00,AE4763000B,06.01,02-04-2015,19:06:00,,Y,N,BACOPD,UNK,01,00,1,US,,19.31,N,BELAIR RD,0,F,N,4080,CO,,BLAKELY AVE,39.39467492,-76.48514271
01,03,,03,03,03,,01,04,00,AE4763000C,08.04,02-21-2015,12:39:00,,Y,N,BACOPD,UNK,01,00,1,US,,17.41,N,BELAIR RD,20,F,N,4458,CO,,ROSSVILLE BLVD,39.37438349,-76.50840282
03,03,,02,00,01,1,00,88,00,AE5064000F,06.01,01-20-2015,18:15:00,AE 08,N,N,BACOPD,UNK,03,00,6079,CO,,0.63,N,DUNFIELD RD,0,F,N,6158,CO,,WALTHER BLVD,39.38955908,-76.50739431
05.02,03,,01,17,01,1,01,04,15.05,AE5064000G,02,03-11-2015,07:09:00,AE-08,N,N,BACOPD,UNK,09,00,1,US,,16.84,N,BELAIR RD,100,M,N,4215,CO,,OVERTON AVE,39.36765707,-76.51605785
01,03,,00,03,02,1,00,01,00,AE5064000H,06.01,03-15-2015,12:02:00,AE 08,N,N,BACOPD,UNK,01,00,1,US,,15.98,N,BELAIR RD,50,F,N,4228,CO,,WALNUT AVE,39.35875664,-76.52608395
05.02,03,,11.04,17,03,,01,01,04,AE50660004,08.04,01-06-2015,05:55:00,"11, 1144",N,N,BACOPD,UNK,00,00,5033,CO,,0,S,MACE AVE,300,F,S,4548,CO,,GOLDEN RING RD,39.32557534,-76.47118449
99,03,,01,07,99,2,01,04,00,AE5067000M,99,03-20-2015,07:00:00,,N,N,BACOPD,UNK,02,00,1164,CO,,1.17,E,FAIRMOUNT AVE,100,F,E,1158,CO,,WINSFORD RD,39.40963886,-76.60556316
01,03,,01,07,02,2,01,04,00,AE50690001,06.01,02-19-2015,15:20:00,,N,N,BACOPD,UNK,01,00,7708,CO,,0.026,S,OWINGS MILLS BLVD,0,M,S,,UU,,SPUR TO RED RUN BLVD,39.40656965,-76.79667056
01,03,,01,17,04,1,01,01,10,AE5069000G,12.04,01-18-2015,10:08:00,,N,N,BACOPD,UNK,09,00,721,CO,,0,E,CAVES RD,0,M,E,722,CO,,GREENSPRING AVE,39.44837114,-76.72301374
03,03,,02,11,03,1,01,01,00,AE5069000H,08.04,02-21-2015,18:30:00,,Y,N,BACOPD,UNK,01,00,26,MD,,3.677,E,LIBERTY RD,0,F,E,533,CO,,MARRIOTTSVILLE RD,39.38123365,-76.8231976
01,03,,01,02,02,1,01,01,00,AE50700009,06.01,01-10-2015,17:00:00,,N,N,BACOPD,UNK,01,00,7,MD,,3.06,E,PHILADELPHIA RD,100,F,E,4459,CO,,RIDGE RD,39.34613815,-76.48625851
03,03,,01,09,02,2,01,01,00,AE5070000B,06.01,01-15-2015,19:54:00,,N,N,BACOPD,UNK,01,00,40,US,,16.87,E,PULASKI HWY,200,F,E,695,RP,,RAMP 4 FR MD 695 NB TO US 40 EB,39.29935271,-76.55544877
01,03,,01,03,02,,01,00,00,AE5070000C,06.01,01-31-2015,09:24:00,,N,N,BACOPD,UNK,01,00,4458,CO,,3.551,E,ROSSVILLE BLVD,100,F,E,,UU,,SPUR TO MD 7,39.33979901,-76.48561478
03,03,,02,02,02,3,01,01,00,AE5070000D,06.01,02-12-2015,20:59:00,,Y,N,BACOPD,UNK,01,00,4458,CO,,2.81,E,ROSSVILLE BLVD,0,F,E,4461,CO,,FRANKLIN SQUARE DR,39.35052709,-76.48513198
03,03,,01,00,03,1,01,00,00,AE5070000F,08.04,02-14-2015,19:44:00,,N,N,BACOPD,UNK,01,00,4461,CO,,0.02,E,FRANKLIN SQUARE DR,100,F,E,4458,CO,,ROSSVILLE BLVD,39.35036116,-76.48471355
03,03,,01,03,02,1,01,01,00,AE50750005,06.01,01-07-2015,20:50:00,,N,N,BACOPD,UNK,01,01,2621,CO,,1.95,N,INGLESIDE AVE,35,F,N,2519,CO,,MONTGOMERY ST,39.29717743,-76.72509313
01,03,,01,07,02,1,01,01,00,AE50750006,06.01,03-28-2015,12:47:00,,N,N,BACOPD,UNK,01,01,2501,CO,,0.25,N,WOODLAWN DR,200,F,N,,UU,,MARIMACK RD,39.30234154,-76.73553228
06.02,03,,01,88,02,1,01,01,00,AE5340000S,06.01,01-05-2015,16:15:00,,N,N,BACOPD,UNK,02,00,4714,CO,,0.1,N,GROVETHORN RD,30,F,N,4716,CO,,SOUTHORN RD,39.32038804,-76.43469572
05.02,03,,02,02,01,2,01,04,00,AE5340000T,03,01-12-2015,07:24:00,,Y,N,BACOPD,UNK,01,01,702,MD,,2.054,E,SOUTHEAST BLVD,0,F,E,4758,CO,,OLD EASTERN AVE,39.31441179,-76.45437241
05.02,03,,01,03,02,2,01,04,23.03,AE5340000V,06.01,01-16-2015,06:29:00,,N,N,BACOPD,UNK,01,09,40,US,,24.64,E,PULASKI HWY,0,M,E,3939,CO,,JONES RD,39.41267271,-76.38504267
03,03,,02,11,02,1,01,01,00,AE5340000X,06.01,01-30-2015,20:05:00,,Y,N,BACOPD,UNK,03,00,150,MD,,3.22,E,EASTERN BLVD,0,F,E,4971,CO,,TAYLOR AVE,39.32155002,-76.50878906
04,03,,01,17,02,2,01,04,00,AE5340000Y,06.01,02-03-2015,21:12:00,,N,N,BACOPD,UNK,16,00,40,US,,18.31,E,PULASKI HWY,0,M,E,4538,CO,,HOLLY DR,39.34562374,-76.46387815
01,03,,02,02,02,1,01,01,00,AE5340000Z,00,02-05-2015,16:37:00,,Y,N,BACOPD,UNK,01,00,4465,CO,,0.8,S,MIDDLE RIVER RD,0,F,S,4182,CO,,BIRD RIVER RD,39.34822065,-76.45040274
01,03,,01,03,02,2,01,04,00,AE53400010,06.01,02-13-2015,07:30:00,,N,N,BACOPD,UNK,01,00,150,MD,,4.763,E,EASTERN BLVD,100,F,E,4742,CO,,ALCOCK RD,39.32090263,-76.45332098
01,03,,02,02,02,2,01,01,00,AE53400011,06.01,02-16-2015,12:01:00,,N,N,BACOPD,UNK,01,00,4458,CO,,4.1,E,ROSSVILLE BLVD,0,F,E,4543,CO,,CITATION RD,39.33545919,-76.47864103
01,03,,00,17,04,2,00,04,04,AE53400012,06.01,02-18-2015,09:07:00,,N,N,BACOPD,UNK,09,09,150,MD,,2.81,E,EASTERN BLVD,10,F,E,4987,CO,,GOELLERS AVE,39.30506458,-76.48271799
01,03,,02,03,02,2,01,04,00,AE53400013,06.01,02-19-2015,12:19:00,,Y,N,BACOPD,UNK,01,01,4465,CO,,1.91,S,MIDDLE RIVER RD,0,F,S,700,MD,,MARTIN BLVD,39.33350079,-76.44424438
04,03,,01,03,01,1,00,00,00,AE53420007,03,01-03-2015,19:55:00,,N,N,BACOPD,UNK,01,00,1,US,,25.483,N,BELAIR RD,20,F,N,8329,CO,,OPEN BIBLE WAY,39.44855496,-76.41834497
03,03,,02,11,02,1,00,01,00,AE53420008,00,01-31-2015,22:21:00,,Y,N,BACOPD,UNK,01,00,7,MD,,11.32,E,PHILADELPHIA RD,0,F,E,3927,CO,,BRADSHAW RD,39.42323213,-76.38090134
99,03,,01,88,02,1,01,01,00,AE53420009,06.01,02-14-2015,00:00:00,,N,N,BACOPD,UNK,02,00,4083,CO,,0.632,W,SLATER AVE,30,F,W,5998,CO,,HEATHROW RD,39.38899524,-76.48921967
06.02,03,,02,01,03,1,05,01,00,AE5342000D,08.04,02-21-2015,19:30:00,,Y,N,BACOPD,UNK,01,00,4458,CO,,0.9,E,ROSSVILLE BLVD,0,F,E,4207,CO,,FITCH AVE,39.36945693,-76.50430441
01,03,,02,03,02,1,01,01,00,AE5342000F,06.01,02-20-2015,16:45:00,,Y,N,BACOPD,UNK,01,00,1,US,,18.44,N,BELAIR RD,0,F,N,,UU,,ST. JOSEPH CATHOLIC CHURCH,39.38552916,-76.49627924
01,03,,02,03,02,2,01,01,00,AE5342000G,06.01,03-12-2015,12:43:00,,Y,N,BACOPD,UNK,01,00,7,MD,,6.43,E,PHILADELPHIA RD,0,F,E,7,MD,J,INDUSTRIAL PARK RD,39.37522943,-76.44098282
99,03,,00,99,00,,00,00,99,AE5347000B,99,01-03-2015,11:30:00,244/02,N,N,BACOPD,UNK,99,99,40,US,,2.85,E,BALTO NATIONAL PIKE,1,M,E,2621,CO,,INGLESIDE AVE,39.28958831,-76.7305541
01,03,,01,02,03,1,00,01,04,AE5347000C,08.04,01-06-2015,08:21:00,244/02,N,N,BACOPD,UNK,01,09,2501,CO,,1.75,N,WOODLAWN DR,1,M,N,2485,CO,,SUMMIT AVE,39.32165792,-76.73385859
01,03,,01,17,03,1,01,01,88,AE5347000D,10.04,01-06-2015,13:42:00,244/02,N,N,BACOPD,UNK,09,09,1900,CO,,5.32,S,WINDSOR MILL RD,1,M,S,2436,CO,,LORRAINE AVE,39.31707626,-76.71566248
01,03,,01,88,02,1,01,01,00,AE5347000F,06.01,03-13-2015,12:04:00,,N,N,BACOPD,UNK,01,00,2475,CO,,0.72,N,GWYNN OAK AVE,50,F,N,1900,CO,,WINDSOR MILL RD,39.32174922,-76.72614455
06.02,03,,01,03,02,1,01,02,00,AE53500003,06.01,01-31-2015,16:37:00,,N,N,BACOPD,UNK,01,00,40,US,,2.85,E,BALTO NATIONAL PIKE,500,F,E,2621,CO,,INGLESIDE AVE,39.28854204,-76.72900915
03,03,,02,88,03,1,01,04,00,AE53500004,08.04,02-16-2015,22:30:00,,Y,N,BACOPD,UNK,01,00,5780,CO,,0,N,NUWOOD DR,0,F,N,40,US,,BALTO NATIONAL PIKE,39.28604257,-76.76399589
03,03,,02,11,03,1,01,01,00,AE5351000B,08.04,01-06-2015,06:50:00,,Y,N,BACOPD,UNK,01,01,6539,CO,,1.52,E,HONEYGO BLVD,0,F,E,4090,CO,,SILVER SPRING RD,39.38545453,-76.45994067
01,03,,01,07,02,1,01,01,00,AE5351000C,00,01-03-2015,14:56:00,,N,N,BACOPD,UNK,01,00,6198,CO,,1.92,N,PERRY HALL BLVD,300,F,N,,UU,,ENT TO WHITE MARSH MALL,39.37719495,-76.47065878
01,03,,01,17,04,1,00,01,10,AE5351000D,03,01-18-2015,08:02:00,,N,N,BACOPD,UNK,09,00,3975,CO,,0.755,E,FORGE RD,200,F,E,3976,CO,,CROSS RD,39.41437194,-76.43613338
01,03,,02,11,02,1,01,01,00,AE5351000F,00,01-24-2015,14:18:00,,Y,N,BACOPD,UNK,01,00,4090,CO,,1.26,S,SILVER SPRING RD,0,F,S,6435,CO,,COTTINGTON RD,39.38809142,-76.47193551
01,03,,01,07,02,,01,00,00,AE5351000G,00,01-31-2015,15:00:00,,N,N,BACOPD,UNK,02,00,7,MD,,7.25,E,PHILADELPHIA RD,100,F,E,,UU,,P/L OF 9544 PHILADELPHIA RD,39.35557942,-76.46171093
04,03,,01,17,04,1,01,01,06,AE4320000Q,12.04,01-12-2015,00:37:00,PC3 1406,N,N,BACOPD,UNK,16,13,446,CO,,4.14,N,GARRISON FOREST RD,0,M,N,7603,CO,,AVERY HILL DR,39.46194184,-76.76820159
04,03,,01,88,02,1,01,01,04,AE4320000R,06.01,01-22-2015,22:58:00,PC7 1406,N,N,BACOPD,UNK,02,11,418,CO,,0.44,S,GREENSIDE DR,294,F,S,791,CO,,WICKERSHAM WAY,39.46843139,-76.63141966
03,03,,01,88,02,2,01,01,00,AE4320000S,06.01,02-17-2015,20:50:00,1406 P11,N,N,BACOPD,UNK,03,00,150,MD,,7.78,E,EASTERN BLVD,146,F,E,4609,CO,,WOODLAND AVE,39.33745073,-76.40510559
03,03,,09.04,88,02,2,01,01,00,AE4320000T,06.01,02-24-2015,23:29:00,PC8 1406,N,N,BACOPD,UNK,02,00,3481,CO,,1.64,W,TAYLOR AVE,72,F,W,3600,CO,,OLD HARFORD RD,39.37584314,-76.54691935
03,03,,00,17,02,,01,01,10,AE4320000V,00,03-03-2015,04:07:00,PC1 1406,N,N,BACOPD,UNK,09,00,1,US,AL,0.84,N,WASHINGTON BLVD,165,F,N,3165,CO,AL,WOODSIDE AVE,39.23698993,-76.68455958
03,03,,01,88,02,1,00,01,00,AE4320000W,00,03-15-2015,21:16:00,PC121406,N,N,BACOPD,UNK,02,02,5185,CO,,0.86,W,GERMAN HILL RD,352,F,W,5440,CO,,LOALAN AVE,39.27990145,-76.50970101
03,03,,02,02,02,2,01,88,00,AE4320000X,06.01,03-24-2015,22:47:00,PC121406,Y,N,BACOPD,UNK,01,00,150,MD,,2.09,E,EASTERN AVE,0,F,E,5135,CO,,DIAMOND POINT RD,39.30053165,-76.49237394
04,03,,01,17,01,1,05,03,10,AE43210008,02,01-04-2015,18:38:00,PC-11,N,N,BACOPD,UNK,09,00,4158,CO,,0.55,N,EARLS RD,200,F,N,4157,CO,,BENGIES RD,39.34959789,-76.3938725
03,03,,01,03,01,1,01,04,00,AE43210009,12.04,01-21-2015,17:32:00,PC11 ,N,N,BACOPD,UNK,01,00,40,US,,19.84,E,PULASKI HWY,200,F,E,8704,CO,,MOHRS LA,39.35960277,-76.44696951
01,03,,03,03,02,1,01,04,00,AE4321000B,07.01,02-12-2015,13:18:00,,Y,Y,BACOPD,UNK,01,00,40,US,,23.23,E,PULASKI HWY,30,F,E,3952,CO,,ALLENDER RD,39.39811567,-76.40467644
01,03,,02,88,02,1,01,03,00,AE4321000C,06.01,02-24-2015,15:38:00,PC11,Y,N,BACOPD,UNK,01,00,150,MD,,7.02,E,EASTERN BLVD,0,F,E,43,MD,,WHITE MARSH BLVD,39.33693625,-76.41862392
03,03,,09.04,11,02,,01,01,00,AE4321000D,06.01,02-27-2015,18:37:00,,Y,N,BACOPD,UNK,01,00,4465,CO,,0.39,S,MIDDLE RIVER RD,90,F,S,40,US,,PULASKI HWY,39.3527339,-76.45338535
01,03,,01,06,02,1,01,01,00,AE4321000G,06.01,03-19-2015,14:59:00,,N,N,BACOPD,UNK,02,99,6947,CO,,0.31,E,PAWNEE RD,45,F,E,7466,CO,,LONDONPERRY CT,39.34113492,-76.44301057
03,03,,03,11,02,1,01,01,00,AE43260004,06.01,01-15-2015,22:41:00,PC-07,Y,N,BACOPD,UNK,01,01,429,CO,,0.46,N,MCCORMICK RD,0,U,N,425,CO,,WIGHT AVE,39.48753211,-76.656847
04,03,,01,17,03,1,88,01,07,AE43260005,08.04,02-14-2015,21:00:00,PC-07,N,N,BACOPD,UNK,09,00,195,CO,,2.26,N,WESTERN RUN RD,1,M,N,7673,CO,,WESTCROFT CT,39.51855079,-76.68622255
03,03,,01,17,03,2,01,01,06,AE43260006,08.04,02-21-2015,23:50:00,PC-07,N,N,BACOPD,UNK,09,09,434,CO,,2.13,S,BEAVER DAM RD,50,F,S,429,CO,,MCCORMICK RD,39.48062615,-76.65676117
04,03,,01,17,04,1,01,01,06,AE43260007,06.01,03-07-2015,23:16:00,PC-07,N,N,BACOPD,UNK,09,11,201,CO,,0.509,N,THORNTON MILL RD,1,M,N,8429,CO,,HUNTS BLUFF RD,39.51262876,-76.65988863
03,03,,01,17,00,1,01,01,04,AE43260008,06.01,03-22-2015,02:21:00,PC-07,N,N,BACOPD,UNK,09,00,315,CO,,2.13,S,DULANEY VALLEY RD,15,F,S,4540,MU,,DULANEY VALLEY RD (AHEAD) (BALTO CITY),39.46707721,-76.54708028
07.88,03,,01,15,02,,01,01,00,AE43280003,06.01,01-14-2015,07:39:00,,N,N,BACOPD,UNK,01,00,4814,CO,,0,E,BARRON AVE,200,F,E,4775,CO,,MARLYN AVE S,39.30624343,-76.46231174
03,03,,02,04,01,,01,02,00,AE43280004,03,03-04-2015,18:43:00,,N,N,BACOPD,UNK,01,00,4758,CO,,0.79,N,OLD EASTERN AVE,0,F,N,,UU,,SPUR TO BACK RIVER NECK RD,39.31490983,-76.45046711
01,03,,00,11,01,2,01,01,00,AE43300007,08.04,01-26-2015,13:56:00,,N,N,BACOPD,UNK,01,00,45,MD,,9.21,N,YORK RD,70,F,N,438,CO,,SHAWAN RD,39.49479339,-76.65003419
01,03,,02,02,02,,01,01,00,AE43300008,06.01,01-28-2015,11:55:00,,Y,N,BACOPD,UNK,01,00,45,MD,,9.21,N,YORK RD,0,F,N,438,CO,,SHAWAN RD,39.49583657,-76.6504097
01,03,,02,17,02,,01,01,00,AE43300009,06.01,01-31-2015,09:00:00,,N,N,BACOPD,UNK,03,00,45,MD,,5.24,N,YORK RD,0,F,N,892,CO,,GERARD AVE,39.44182741,-76.62667751
01,03,,02,11,02,,01,01,06,AE4330000B,00,02-20-2015,09:04:00,,Y,N,BACOPD,UNK,01,09,229,CO,,2.88,E,MONKTON RD,0,F,E,251,CO,,OLD YORK RD,39.55871293,-76.56627953
01,03,,00,03,02,1,01,01,00,AE4330000F,06.01,02-21-2015,08:17:00,,N,N,BACOPD,UNK,01,00,773,CO,,4.18,E,PADONIA RD,100,F,E,5775,CO,,CHETWOOD CIR,39.45529842,-76.62354469
06.02,03,,00,02,03,1,00,01,00,AE4330000H,08.04,02-27-2015,00:00:00,,N,N,BACOPD,UNK,01,00,146,MD,,7.93,N,JARRETTSVILLE PIKE,0,M,N,343,CO,,SUNNYBROOK RD,39.49624225,-76.56934261
03,03,,02,05,04,1,01,01,06,AE4330000J,06.01,03-06-2015,18:22:00,,N,N,BACOPD,UNK,01,09,360,CO,,0.88,E,WARREN RD,0,F,E,421,CO,,SCOTT ADAM RD,39.47447314,-76.63464904
01,03,,00,03,02,1,01,01,00,AE4330000K,07.01,03-26-2015,09:37:00,,N,N,BACOPD,UNK,01,01,811,CO,,1.28,N,POT SPRING RD,40,F,N,917,CO,,CINDER RD,39.44145456,-76.60605669
04,03,,01,03,02,1,01,01,00,AE4336000W,06.01,02-20-2015,19:49:00,,N,N,BACOPD,UNK,02,11,627,CO,,0.39,N,CHERRY HILL RD E,143,F,N,5804,CO,,MARDAN DR,39.4500462,-76.80892825
01,03,,01,08,02,2,01,04,05,AE47700003,06.01,01-06-2015,13:55:00,,N,N,BACOPD,UNK,01,09,40,US,,23.8,E,PULASKI HWY,0,F,E,,UU,,ENT TO BUSINESS,39.40367025,-76.39684439
04,03,,01,17,04,1,01,01,16.05,AE47700005,06.01,03-02-2015,20:06:00,11-1126,N,N,BACOPD,UNK,09,11,4095,CO,,3.46,S,EBENEZER RD,900,F,S,4149,CO,,EARLS BEACH RD,39.36386644,-76.37594461
03,03,,01,17,03,1,05,04,04,AE47740005,10.04,02-15-2015,00:10:00,1131,N,N,BACOPD,UNK,00,00,43,MD,,6.929,E,WHITE MARSH BLVD,300,F,E,8823,CO,,CROSSROADS CIR,39.35369625,-76.40909672
03,03,,05.01,17,00,,01,88,04,AE47740006,06.01,03-01-2015,02:15:00,,N,N,BACOPD,UNK,00,00,40,RP,,0.084,N,RAMP 4 FR RAMP 1 (FR MD 43) TO US 40 EB,0,F,N,40,US,,PULASKI HWY,39.3726584,-76.43091917
01,03,,03,03,02,3,01,04,00,AE47780005,06.01,01-02-2015,13:15:00,,Y,N,BACOPD,UNK,01,00,122,MD,,0.79,E,SECURITY BLVD,50,F,E,2405,CO,,WHITEHEAD CT,39.31195474,-76.74078941
01,03,,01,88,04,1,01,01,00,AE47780006,00,03-09-2015,12:51:00,,N,N,BACOPD,UNK,02,00,2539,CO,,0,E,WEDGEWOOD RD,0,F,E,2540,CO,,MARTIN DR,39.29858888,-76.71190739
03,03,,03,03,02,5,01,04,00,AE47820005,06.01,02-05-2015,22:30:00,AE PC-11,Y,N,BACOPD,UNK,01,00,150,MD,,5.65,E,EASTERN BLVD,15,F,E,4582,CO,,KINGSTON RD,39.3289033,-76.44053221
04,03,,01,17,03,4,01,04,01,AE47820006,08.04,02-14-2015,20:50:00,PC11,N,N,BACOPD,UNK,09,09,40,US,,24.32,E,PULASKI HWY,5,F,E,,UU,,BEGIN BRIDGE,39.40808044,-76.39051437
03,03,,01,17,02,1,01,01,10,AE47850004,06.01,01-16-2015,00:30:00,PC06/628,N,N,BACOPD,UNK,09,00,3481,CO,,2.33,W,TAYLOR AVE,75,F,W,3438,CO,,BEVERLY AVE,39.37588876,-76.54694885
01,03,,01,17,02,3,01,04,09,AE47870003,06.01,03-19-2015,14:23:00,,N,N,BACOPD,UNK,09,00,1153,CO,,0.63,S,BOSLEY AVE,40,F,S,1166,CO,,PENNSYLVANIA AVE,39.40109198,-76.60840631
01,03,,01,03,04,1,01,01,00,AE47920006,09.04,01-18-2015,09:01:00,,N,N,BACOPD,UNK,01,01,147,MD,,3.19,N,HARFORD RD,10,M,N,3807,CO,,CUB HILL RD,39.41305401,-76.51041985
01,03,,01,17,04,1,01,01,08,AE47920007,09.04,01-18-2015,12:00:00,,N,N,BACOPD,UNK,06,00,147,MD,,8.29,N,HARFORD RD,1,M,N,6933,CO,,GLEN ARM RD E,39.46293581,-76.4687705
03,03,,02,03,02,1,01,01,00,AE4792000B,06.01,02-20-2015,19:16:00,,Y,N,BACOPD,UNK,01,00,147,MD,,0.96,N,HARFORD RD,0,F,N,3482,CO,,PUTTY HILL AVE,39.38361363,-76.53431296
99,03,,01,99,02,,01,01,00,AE4805000B,99,01-25-2015,00:00:00,PC04,N,N,BACOPD,UNK,02,00,2152,CO,,0,N,CLIFMAR RD,25,U,N,26,MD,,LIBERTY RD,39.45316113,-76.87683105
01,03,,02,03,03,1,01,01,00,AE4805000C,08.04,02-21-2015,14:12:00,04 PAT,Y,N,BACOPD,UNK,01,00,26,MD,,8.727,E,LIBERTY RD,0,F,E,1848,CO,,BUCKINGHAM RD,39.35023671,-76.74895406
03,03,,02,03,01,1,01,01,00,AE4805000D,06.01,03-07-2015,21:30:00,,Y,N,BACOPD,UNK,01,00,1700,CO,,3.89,E,OLD COURT RD,0,F,E,2163,CO,,SCOTTS LEVEL RD,39.47860557,-76.9317627
01,03,,02,02,01,3,01,04,00,AE48060006,06.01,03-01-2015,07:27:00,PC01,Y,N,BACOPD,UNK,01,00,1,US,AL,1.59,N,WASHINGTON BLVD,0,F,N,695,RP,AL,RAMP 4 FR US 1AL NB TO IS 695 EB,39.48294633,-76.55857019
01,03,,01,05,02,1,01,01,00,AE48060007,00,03-04-2015,16:15:00,PC 01,N,N,BACOPD,UNK,01,00,3033,CO,,0.15,N,LINDEN AVE,300,F,N,3058,CO,,EAST DR,39.25246121,-76.69667244
03,03,,02,03,02,1,01,01,00,AE48060008,06.01,03-04-2015,19:20:00,PC 01,Y,N,BACOPD,UNK,01,00,3151,CO,,0,S,WAELCHLI AVE,0,F,S,3071,CO,,SULPHUR SPRING RD,39.24895513,-76.68920517
01,03,,01,11,02,2,01,01,00,AE48060009,06.01,03-13-2015,15:30:00,PC 01,Y,N,BACOPD,UNK,01,00,1,US,,0.85,N,WASHINGTON BLVD,2,M,N,3119,CO,,CLARK BLVD,39.22701737,-76.69552982
01,03,,02,11,02,1,01,01,00,AE48070005,06.01,01-01-2015,08:53:00,PC09 926,Y,N,BACOPD,UNK,01,00,588,MD,,0.58,N,KENWOOD AVE,0,F,N,4357,CO,,GOLDEN RING RD,39.33769966,-76.50495887