LIGHT_CODE,COUNTY_NO,MUNI_CODE,JUNCTION_CODE,COLLISION_TYPE_CODE,SURF_COND_CODE,LANE_CODE,RD_COND_CODE,RD_DIV_CODE,FIX_OBJ_CODE,REPORT_NO,WEATHER_CODE,ACC_DATE,ACC_TIME,LOC_CODE,SIGNAL_FLAG,C_M_ZONE_FLAG,AGENCY_CODE,AREA_CODE,HARM_EVENT_CODE1,HARM_EVENT_CODE2,RTE_NO,ROUTE_TYPE_CODE,RTE_SUFFIX,LOG_MILE,LOGMILE_DIR_FLAG,MAINROAD_NAME,DISTANCE,FEET_MILES_FLAG,DISTANCE_DIR_FLAG,REFERENCE_NO,REFERENCE_TYPE_CODE,REFERENCE_SUFFIX,REFERENCE_ROAD_NAME,LATITUDE,LONGITUDE
99,03,,01,03,00,1,01,01,00,AE48070006,06.01,01-01-2015,00:00:00,PC09 926,N,N,BACOPD,UNK,01,00,5096,CO,,0.24,S,BLUE GRASS RD,175,F,S,5095,CO,,HAMILTOWNE CIR,39.32205631,-76.52576208
05.02,03,,03,03,04,1,01,01,00,AE48070007,06.01,02-18-2015,07:17:00,,Y,N,BACOPD,UNK,01,00,7,MD,,2.63,E,PHILADELPHIA RD,200,F,E,,UU,,ENT TO GOLDEN RING CENTER,39.33662507,-76.49084508
01,03,,03,03,03,,00,04,00,AE48070008,08.04,03-01-2015,09:55:00,PC09 927,Y,N,BACOPD,UNK,01,00,40,US,,17.29,E,PULASKI HWY,50,F,E,4458,CO,,ROSSVILLE BLVD,39.3379486,-76.4806366
01,03,,02,17,02,1,01,04,14.05,AE48070009,06.01,03-15-2015,17:00:00,927,N,N,BACOPD,UNK,09,00,40,US,,15.42,E,PULASKI HWY,0,F,E,5041,CO,,KRUEGER AVE,39.32079473,-76.50804877
01,03,,03,03,02,2,01,04,00,AE4807000B,06.01,03-23-2015,08:00:00,PC09 927,Y,N,BACOPD,UNK,01,00,40,US,,17.29,E,PULASKI HWY,50,F,E,4458,CO,,ROSSVILLE BLVD,39.33818094,-76.48044348
03,03,,00,17,02,1,01,03,18.88,AE48080003,06.01,01-27-2015,22:22:00,PC08,N,N,BACOPD,UNK,09,00,289,CO,,1.57,N,LONG GREEN PIKE,30,F,N,6933,CO,,GLEN ARM RD E,39.45357534,-76.49430513
01,03,,00,03,04,1,01,04,15.05,AE50790004,03,01-18-2015,08:16:00,,N,N,BACOPD,UNK,01,09,795,IS,,0.68,N,NORTHWEST EXPRESSWAY,0,F,N,,UU,,BEGIN BRIDGE,39.41913785,-76.79908991
01,03,,00,17,04,1,00,00,06,AE50790005,03,01-18-2015,10:17:00,,N,N,BACOPD,UNK,09,00,25,MD,,7.31,N,FALLS RD,1,M,N,6908,CO,,HEATHER HILL LA,39.46366471,-76.69976234
01,03,,00,17,04,1,01,04,05,AE50790006,12.04,01-21-2015,08:00:00,,N,N,BACOPD,UNK,09,00,795,IS,,3.09,N,NORTHWEST EXPRESSWAY,0,F,N,,UU,,BEGIN BRIDGE,39.42119331,-76.80136442
01,03,,00,17,04,1,01,04,05,AE50790007,12.04,01-21-2015,08:00:00,,N,N,BACOPD,UNK,09,00,795,IS,,2.35,N,NORTHWEST EXPRESSWAY,0,F,N,,UU,,BEGIN BRIDGE,39.40078524,-76.7650795
03,03,,03,03,01,2,00,01,00,AE50790008,03,01-25-2015,19:07:00,,Y,N,BACOPD,UNK,01,00,30,MD,,5.2,N,HANOVER PIKE,20,F,N,91,MD,,EMORY RD,39.52099229,-76.76696777
01,03,,00,11,01,2,01,03,00,AE5080000B,03,01-03-2015,13:30:00,,N,N,BACOPD,UNK,01,01,6158,CO,,0.8,N,WALTHER BLVD,0,F,N,,UU,,ENT TO WALTHER SHOPPING CENTER,39.38884599,-76.50795221
01,03,,00,11,00,1,00,00,00,AE5080000C,00,01-23-2015,08:19:00,,N,N,BACOPD,UNK,01,01,3696,CO,,0,N,WENDOVER AVE,250,F,N,3481,CO,,TAYLOR AVE,39.379658,-76.55264854
01,03,,00,17,02,,00,00,10,AE5080000D,07.01,02-12-2015,14:30:00,,N,N,BACOPD,UNK,00,09,3755,CO,,0,S,RIDGELY AVE,200,F,S,1400,CO,,JOPPA RD,39.39399504,-76.51523709
01,03,,02,02,00,2,01,01,00,AE5080000F,00,03-30-2015,16:32:00,,N,N,BACOPD,UNK,01,00,3481,CO,,2.19,W,TAYLOR AVE,0,F,W,3685,CO,,WESTMORELAND AVE,39.37980728,-76.55509472
05.02,03,,01,01,01,,00,00,00,AE50900002,00,01-21-2015,17:15:00,,N,N,BACOPD,UNK,02,00,5278,CO,,1.12,S,SOLLERS POINT RD,0,M,S,5376,CO,,ROBINWOOD RD,39.26394198,-76.51619196
01,03,,11.04,07,02,,01,00,00,AE50900003,07.01,02-16-2015,16:30:00,,N,N,BACOPD,UNK,02,00,5560,CO,,0.48,E,WISE AVE,100,F,E,5600,CO,,LYNCH RD,39.26635087,-76.49512053
03,03,,01,07,02,1,01,02,00,AE50900004,06.01,03-24-2015,21:02:00,,N,N,BACOPD,UNK,02,02,5616,CO,,0.18,S,HASELMERE RD,100,F,S,5600,CO,,LYNCH RD,39.26011249,-76.48999214
03,03,,01,17,04,1,01,00,07,AE50970003,00,01-11-2015,01:34:00,03,N,N,BACOPD,UNK,09,00,,,,,,NORTH POINT RD,0,F,,,,,NORTH POINT BLVD,39.24407789,-76.45333171
03,03,,01,03,02,1,01,03,00,AE50970004,06.01,02-28-2015,20:07:00,03,N,N,BACOPD,UNK,02,00,4336,CO,,0,S,RADECKE AVE,0,M,S,4356,CO,,HAZELWOOD AVE,39.33695285,-76.52376384
01,03,,03,03,02,,01,04,00,AE50970005,06.01,03-17-2015,17:36:00,03,N,N,BACOPD,UNK,01,01,40,US,,17.01,E,PULASKI HWY,0,M,E,,UU,,ENT TO GOLDEN RING CENTER,39.3349281,-76.48489594
03,03,,01,03,02,,01,01,00,AE50970006,06.01,03-17-2015,20:40:00,,N,N,BACOPD,UNK,01,00,7,MD,,2.8,E,PHILADELPHIA RD,0,M,E,,UU,,ENT TO GOLDEN RING SHOPPING CENTER,39.33781169,-76.48954153
01,03,,06.01,01,04,2,01,04,04,AE51010007,03,01-18-2015,07:30:00,,N,N,BACOPD,UNK,09,01,1,US,,22.36,N,BELAIR RD,20,F,N,,UU,,ENT TO PARK & RIDE,39.4263234,-76.44632578
01,03,,01,88,02,,00,01,00,AE51010008,00,02-06-2015,11:30:00,,N,N,BACOPD,UNK,02,00,1211,OP,,0,N,SPINDRIFT CIR,200,F,N,5854,CO,,LOWELL RIDGE RD,39.40310652,-76.54556215
03,03,,03,03,02,1,01,01,00,AE51040006,06.01,02-28-2015,21:18:00,AE / 03,Y,N,BACOPD,UNK,01,00,5033,CO,,1.46,S,MACE AVE,30,F,S,150,MD,,EASTERN BLVD,39.30700718,-76.47937059
01,03,,01,11,03,1,01,01,00,AE51040007,08.04,03-05-2015,12:18:00,AE  03,N,N,BACOPD,UNK,01,01,5009,CO,,0.44,S,RIVERSIDE RD,100,F,S,5010,CO,,POPLAR RD,39.3116393,-76.48537874
03,03,,02,88,02,,01,04,00,AE51040008,06.01,03-21-2015,20:15:00,PC11,Y,N,BACOPD,UNK,03,00,700,MD,,1.62,N,MARTIN BLVD,0,F,N,4537,CO,,TRANSVERSE AVE,39.3398405,-76.46291256
01,03,,02,02,02,2,01,04,00,AE51090003,06.01,03-26-2015,18:19:00,,Y,N,BACOPD,UNK,01,01,150,MD,,0.19,E,EASTERN AVE,0,F,E,5162,CO,,EASTERN AVE SERVICE RD,39.28918143,-76.52638972
01,03,,01,07,04,,01,01,00,AE51140003,12.04,01-19-2015,10:02:00,,N,N,BACOPD,UNK,02,00,1474,CO,,0.78,W,RUXTON RD,200,F,W,173,OP,,JACK FROST LA,39.40130753,-76.65664315
07.88,03,,02,03,02,1,01,01,00,AE51250007,06.01,03-07-2015,10:56:00,,N,N,BACOPD,UNK,02,00,5212,CO,,0.26,W,HOLABIRD AVE,0,F,W,5422,CO,,MANOR RD,39.27118503,-76.50748014
03,03,,01,01,04,1,01,01,00,AE53520004,00,01-18-2015,23:09:00,,N,N,BACOPD,UNK,01,00,2356,CO,,6.63,E,DOGWOOD RD,300,F,E,2477,CO,,ENGLEWOOD AVE,39.31751618,-76.73121929
03,03,,01,01,04,1,01,01,00,AE53520005,06.01,01-18-2015,23:43:00,,N,N,BACOPD,UNK,01,00,2356,CO,,6.63,E,DOGWOOD RD,300,F,E,2477,CO,,ENGLEWOOD AVE,39.31756598,-76.73121929
03,03,,01,03,02,1,01,01,00,AE53520006,06.01,03-10-2015,02:47:00,,N,N,BACOPD,UNK,02,00,2371,CO,,0.17,W,CANTWELL RD,10,F,W,,UU,,ROLLING PARK RD,39.30984626,-76.76825523
03,03,,08.04,88,01,1,01,88,00,AE53520007,00,03-21-2015,02:27:00,,N,N,BACOPD,UNK,02,00,193,OP,,0,S,TOWNBROOK DR,50,F,S,1902,CO,,ST LUKES LA,39.33640103,-76.73229754
03,03,,01,01,02,1,01,01,00,AE53520008,06.01,03-28-2015,01:04:00,,N,N,BACOPD,UNK,02,00,1938,CO,,0.32,E,BROMPTON RD,50,F,E,1954,CO,,RHOM RD,39.3421804,-76.73606873
01,03,,02,11,02,1,01,01,00,AE53530007,07.01,01-09-2015,13:56:00,,Y,N,BACOPD,UNK,01,02,3638,CO,,0,N,MARAVOSS LA,0,F,N,3739,CO,,AVONDALE RD,39.37866284,-76.52754307
01,03,,01,17,04,1,01,02,11,AE53530008,09.04,02-10-2015,09:30:00,,N,N,BACOPD,UNK,09,00,3726,CO,,0.29,S,LINWOOD AVE,60,F,S,147,MD,,HARFORD RD,39.37566069,-76.54204845
06.02,03,,02,02,02,1,01,04,00,AE53530009,07.01,02-16-2015,16:58:00,,N,N,BACOPD,UNK,01,00,1,US,,17.22,N,BELAIR RD,0,F,N,4214,CO,,LINCOLN AVE,39.37209442,-76.51123524
05.02,03,,01,08,02,2,01,04,00,AE5353000B,07.01,03-08-2015,06:55:00,,N,N,BACOPD,UNK,01,00,43,MD,,1.06,E,WHITE MARSH BLVD,2,M,E,43,RP,,RAMP 7 FR MD 43 WB TO RAMP 6 (TO US 1),39.38081901,-76.49417639
01,03,,01,03,02,2,01,04,00,AE5353000C,07.01,03-15-2015,11:26:00,,Y,N,BACOPD,UNK,01,00,1,US,,17.22,N,BELAIR RD,0,M,N,4214,CO,,LINCOLN AVE,39.37209442,-76.51136398
04,03,,01,88,00,1,01,01,00,AE53560003,06.01,01-15-2015,23:09:00,,N,N,BACOPD,UNK,08,00,130,MD,,5.43,E,GREENSPRING VALLEY RD,0,M,E,6790,OP,,TONY DR,39.42260226,-76.68010712
03,03,,01,17,03,1,00,01,04,AE53560004,08.04,01-26-2015,00:00:00,,N,N,BACOPD,UNK,09,00,7633,CO,,0.25,N,ROCKLAND HILLS DR,0,F,N,7835,CO,,IRONWOOD CIR,39.3795419,-76.6654408
03,03,,01,03,01,2,01,04,00,AE53560005,07.01,01-29-2015,04:50:00,AE 426,N,N,BACOPD,UNK,01,00,695,MD,,16.98,N,BALTO BELTWAY,1,M,N,25,MD,,FALLS RD,39.40264227,-76.67667389
01,03,,01,17,01,2,01,01,04,AE5358000C,03,01-18-2015,09:26:00,,N,N,BACOPD,UNK,09,00,41,MD,,0.14,N,PERRING PKWY,100,F,N,6123,CO,,MCCLEAN BLVD,39.37278281,-76.5686667
05.02,03,,01,01,02,1,01,01,00,AE5358000D,99,02-01-2015,07:00:00,,N,N,BACOPD,UNK,02,00,3566,CO,,0.07,N,THORNEWOOD CT,0,M,N,,UU,,CUL DE SAC,39.3903468,-76.51996851
01,03,,01,17,04,1,00,01,22.03,AE5358000F,08.04,02-04-2015,10:22:00,,N,N,BACOPD,UNK,09,00,258,CO,,9.51,S,MANOR RD,250,F,S,3887,CO,,GLEN ARM RD,39.43528565,-76.52821898
01,03,,03,08,02,2,01,01,04,AE5358000J,06.01,02-27-2015,15:13:00,,Y,N,BACOPD,UNK,01,09,1,US,,16.18,N,BELAIR RD,0,F,N,3481,CO,,TAYLOR AVE,39.36074752,-76.52376652
01,03,,02,99,02,1,01,01,00,AE5358000K,06.01,02-28-2015,17:47:00,,N,N,BACOPD,UNK,01,00,3739,CO,,0.09,S,AVONDALE RD,0,F,S,3575,CO,,6TH AVE,39.39300008,-76.52232885
03,03,,01,17,04,1,01,01,08,AE53600007,12.04,01-18-2015,20:41:00,,N,N,BACOPD,UNK,09,00,4095,CO,,2.95,S,EBENEZER RD,100,F,S,4158,CO,,EARLS RD,39.36248949,-76.39010668
99,03,,99,88,99,,99,99,00,AE53600008,06.01,02-04-2015,00:00:00,,N,N,BACOPD,UNK,02,00,8743,CO,,0.174,S,LOWE RD,100,F,S,4502,CO,,COMMUNITY DR,39.34528356,-76.44911528
04,03,,01,08,03,2,01,04,00,AE53600009,08.04,02-14-2015,20:25:00,,N,N,BACOPD,UNK,01,00,40,US,,23.42,E,PULASKI HWY,300,F,E,6577,CO,,DAYS COVE RD,39.40249305,-76.39828205
01,03,,01,88,03,1,00,01,00,AE5360000B,08.04,02-26-2015,08:45:00,,N,N,BACOPD,UNK,02,00,4500,CO,,1.86,N,COMPASS RD,20,F,N,4468,CO,,LANNERTON RD,39.3473412,-76.44276381
03,03,,01,06,03,1,01,01,00,AE5360000C,08.04,03-11-2015,20:41:00,,N,N,BACOPD,UNK,01,00,4095,CO,,0.6,S,EBENEZER RD,30,F,S,4160,CO,,BIRD RIVER GROVE RD,39.37788329,-76.42454624
01,03,,88,01,02,,01,88,00,AE5360000D,00,03-30-2015,17:16:00,,N,N,BACOPD,UNK,01,00,150,MD,,5.65,E,EASTERN BLVD,50,F,E,4582,CO,,KINGSTON RD,39.32888671,-76.44048929
04,03,,01,17,01,1,01,03,05,AE53610005,06.01,01-04-2015,23:14:00,,N,N,BACOPD,UNK,09,00,702,MD,,0.77,E,SOUTHEAST BLVD,150,F,E,,UU,,BEGIN BRIDGE,39.32292779,-76.47634506
03,03,,00,17,02,1,01,04,04,AE53610006,06.01,01-25-2015,21:00:00,,N,N,BACOPD,UNK,09,00,4589,CO,,0.069,S,MARLYN AVE N,15,F,S,4597,CO,,ORVILLE RD,39.3266086,-76.45156682
00,03,,01,17,02,1,01,01,07,AE53610007,06.01,02-25-2015,21:57:00,,N,N,BACOPD,UNK,09,00,4952,CO,,0.89,E,HOLLY NECK RD,150,F,E,4938,CO,,GOLUPSKI RD,39.27724802,-76.41381741
03,03,,02,02,02,,01,04,00,AE53610008,06.01,03-07-2015,20:54:00,15066184,N,N,BACOPD,UNK,01,00,702,MD,,2.054,E,SOUTHEAST BLVD,0,F,E,4758,CO,,OLD EASTERN AVE,39.31436199,-76.45447969
04,03,,05.01,17,01,,01,00,11,AE53610009,03,03-10-2015,22:45:00,,N,N,BACOPD,UNK,09,00,702,MD,,1.401,E,SOUTHEAST BLVD,100,F,E,702,RP,,RAMP 8 FR MD 702 SB TO MD 150 WB,39.31847901,-76.4586854
03,03,,01,88,02,1,01,01,00,AE5361000B,06.01,03-24-2015,22:58:00,,N,N,BACOPD,UNK,02,00,4810,CO,,0.16,W,MARTIN RD,100,F,W,4812,CO,,RENFREW ST,39.30603589,-76.45941496
01,03,,02,02,02,1,01,01,00,AE43370007,06.01,02-15-2015,15:00:00,,Y,N,BACOPD,UNK,01,00,5185,CO,,1.83,W,GERMAN HILL RD,0,F,W,5166,CO,,48TH ST,39.28257554,-76.52486086
03,03,,00,17,02,1,01,00,08,AE43490005,06.01,01-05-2015,01:55:00,12 1226,N,N,BACOPD,UNK,09,09,150,MD,,1.96,E,EASTERN AVE,0,F,E,695,RP,,RAMP 4 FR MD 695 NB TO MD 150 EB,39.29862209,-76.49752378
03,03,,02,11,02,,01,01,00,AE43490006,06.01,02-15-2015,00:44:00,12 1226,Y,N,BACOPD,UNK,01,00,5143,CO,,0.25,N,WYNBROOK RD,0,F,N,5140,CO,,53RD ST,39.29716705,-76.51551336
03,03,,01,17,02,2,01,04,04,AE43490007,06.01,03-01-2015,01:43:00,12 1226,N,N,BACOPD,UNK,09,00,150,MD,,2.09,E,EASTERN AVE,150,F,E,5135,CO,,DIAMOND POINT RD,39.29930289,-76.49565697
01,03,,00,01,01,1,01,04,00,AE43540014,00,01-20-2015,08:40:00,,N,N,BACOPD,UNK,01,00,130,MD,,3.77,E,GREENSPRING VALLEY RD,75,F,E,,UU,,ENT TO STEVENSON UNIVERSITY,39.4229835,-76.69675827
01,03,,02,11,01,2,01,04,00,AE43540015,06.01,01-22-2015,08:52:00,,Y,N,BACOPD,UNK,01,00,26,MD,,7.077,E,LIBERTY RD,0,F,E,2080,CO,,MEADOWDALE DR,39.35719708,-76.7684269
03,03,,01,03,02,1,01,03,00,AE43540016,06.01,01-27-2015,18:20:00,,N,N,BACOPD,UNK,01,00,140,MD,,2.66,N,REISTERSTOWN RD,0,F,N,,UU,,EXIT ONLY FR FUNERAL HOME,39.39156566,-76.74220562
01,03,,02,03,04,1,01,04,00,AE43540017,06.01,02-18-2015,08:04:00,,N,N,BACOPD,UNK,01,01,2250,CO,,0.66,W,MC DONOGH RD,0,F,W,1679,CO,,FIELD RD,39.39319078,-76.75782681
01,03,,02,01,02,1,01,03,00,AE43540019,06.01,03-03-2015,08:49:00,,N,N,BACOPD,UNK,01,00,1500,CO,,1.96,E,SMITH AVE,0,F,E,8763,CO,,PEBBLE BROOKE RD,39.3756441,-76.67049408
01,03,,02,03,01,1,00,03,00,AE4354001B,00,03-09-2015,16:19:00,,N,N,BACOPD,UNK,01,00,1674,CO,,0.15,N,CRADDOCK LA,0,F,N,,UU,,COUNTESS DR,39.39902764,-76.74739838
01,03,,00,07,01,1,01,04,05,AE4354001C,03,03-10-2015,14:33:00,,N,N,BACOPD,UNK,01,09,695,IS,,12,N,BALTO BELTWAY,500,F,N,795,IS,,NORTHWEST EXPRESSWAY,39.37818184,-76.74370766
06.02,03,,00,01,02,1,01,03,00,AE4354001D,06.01,03-25-2015,18:58:00,,N,N,BACOPD,UNK,02,02,1716,CO,,0.15,S,CHURCH LA,100,F,S,1717,CO,,BEDFORD AVE,39.37391905,-76.72722816
01,03,,00,03,01,2,01,03,00,AE4354001F,07.01,03-26-2015,14:07:00,,N,N,BACOPD,UNK,01,00,140,MD,,0.09,N,REISTERSTOWN RD,50,F,N,1576,CO,,SEVEN MILE LA,39.3640987,-76.71298027
01,03,,02,88,02,1,01,04,00,AE4354001G,07.01,03-30-2015,08:23:00,,Y,N,BACOPD,UNK,01,00,1674,CO,,0.54,N,CRADDOCK LA,0,F,N,130,MD,,GREENSPRING VALLEY RD,39.40403501,-76.74894333
01,03,,00,17,02,2,01,03,09,AE4354001H,06.01,03-30-2015,12:38:00,,N,N,BACOPD,UNK,09,00,140,MD,,1.09,N,REISTERSTOWN RD,50,F,N,1716,CO,,CHURCH LA,39.37491427,-76.72332287
01,03,,02,11,02,1,01,01,04,AE43560005,07.01,02-09-2015,12:29:00,,Y,N,BACOPD,UNK,01,09,5303,CO,,0.06,S,BAYBRIAR RD,0,F,S,5301,CO,,MEADOW WAY,39.25611457,-76.51137739
03,03,,02,02,02,1,01,04,00,AE48080005,06.01,02-11-2015,05:59:00,PC08,Y,N,BACOPD,UNK,01,00,8762,CO,,3.74,W,JOPPA RD E,0,F,W,41,MD,,PERRING PKWY,39.39947534,-76.54631853
01,03,,01,00,04,1,01,01,00,AE48160002,03,01-18-2015,09:59:00,,N,N,BACOPD,UNK,01,01,165,MD,,0.83,N,BALDWIN MILL RD,160,F,N,145,MD,,SWEET AIR RD,39.51341094,-76.48046494
04,03,,01,17,01,1,00,03,07,AE48160003,03,01-24-2015,19:12:00,,N,N,BACOPD,UNK,09,00,147,MD,,5.12,N,HARFORD RD,100,F,N,3891,CO,,GLENVIEW RD,39.4263234,-76.49098992
01,03,,01,03,02,1,01,02,00,AE48160004,00,01-25-2015,15:15:00,,N,N,BACOPD,UNK,01,00,695,MD,,27.18,N,BALTO BELTWAY,60,F,N,695,RP,,RAMP 1 FR US 1 NB TO IS 695 WB,39.37041905,-76.51198626
01,03,,01,02,02,1,01,03,10,AE48160005,07.01,02-07-2015,12:49:00,,N,N,BACOPD,UNK,01,09,258,CO,,6.49,S,MANOR RD,250,F,S,306,CO,,LONG GREEN RD,39.47405077,-76.5224576
01,03,,01,03,02,,01,03,00,AE48160007,06.01,02-22-2015,15:27:00,,Y,N,BACOPD,UNK,01,00,6880,CO,,0.32,S,CAMPBELL BLVD,20,F,S,95,IS,,J F K MEMORIAL HWY,39.37181243,-76.45634651
01,03,,01,03,01,1,00,03,00,AE48160008,06.01,03-08-2015,12:52:00,,N,N,BACOPD,UNK,01,00,3887,CO,,0.76,N,GLEN ARM RD,0,M,N,3882,CO,,WAGON WHEEL RD,39.43504949,-76.52546167
01,03,,01,17,02,1,01,03,07,AE48160009,06.01,03-29-2015,16:20:00,,N,N,BACOPD,UNK,09,09,315,CO,,1.27,S,DULANEY VALLEY RD,0,M,S,306,CO,,LONG GREEN RD,39.4739017,-76.53895855
01,03,,02,03,04,1,01,05.01,00,AE48180004,06.01,02-10-2015,08:34:00,,Y,N,BACOPD,UNK,01,00,7297,CO,,0.581,N,OWINGS MILLS BLVD,0,F,N,,UU,,ENT TO SHOPPING CENTER,39.42588417,-76.78009987
03,03,,01,07,02,,01,01,00,AE48180005,06.01,03-29-2015,00:30:00,,N,N,BACOPD,UNK,02,00,5953,CO,,0,S,CEDARMERE CIR,200,F,S,8101,CO,,CHURCH RD,39.43175144,-76.80990458
03,03,,02,01,01,,01,04,00,AE48230005,03,03-04-2015,21:35:00,PC12,Y,N,BACOPD,UNK,01,00,151,MD,,2.71,N,NORTH POINT BLVD,0,F,N,5560,CO,,WISE AVE,39.2564988,-76.46209717
01,03,,01,17,01,,01,00,02,AE48270007,03,01-18-2015,11:22:00,627/06,N,N,BACOPD,UNK,09,00,542,MD,,0.98,N,LOCH RAVEN BLVD,0,F,N,3481,CO,,TAYLOR AVE,39.38524723,-76.5755868
01,03,,02,03,01,1,01,01,00,AE48270008,03,01-18-2015,09:56:00,627/06,Y,N,BACOPD,UNK,01,00,3376,CO,,0,W,COLBURY RD,0,F,W,3333,CO,,GOUCHER BLVD,39.38463359,-76.58004999
01,03,,01,03,01,2,01,04,00,AE48270009,03,01-18-2015,08:14:00,627/06,N,N,BACOPD,UNK,01,03,139,MD,,1.41,N,CHARLES ST,500,F,N,1442,CO,,CHARLESWAY,39.39055409,-76.62822247
01,03,,01,07,04,2,01,04,00,AE4827000B,03,01-18-2015,08:30:00,627/06,N,N,BACOPD,UNK,02,00,139,MD,,1.41,N,CHARLES ST,500,F,N,1442,CO,,CHARLESWAY,39.38887915,-76.62592649
06.02,03,,02,07,02,1,01,04,00,AE4827000C,00,01-31-2015,17:49:00,,N,N,BACOPD,UNK,01,00,542,MD,,0.18,N,LOCH RAVEN BLVD,0,F,N,1300,CO,,REGESTER AVE,39.37456595,-76.58026457
07.88,03,,02,07,02,1,01,01,00,AE4827000F,00,02-06-2015,00:00:00,06/06,Y,N,BACOPD,UNK,01,00,7032,CO,,2.66,W,JOPPA RD W,0,F,W,1117,CO,,THORNTON RD,39.40943992,-76.64822102
01,03,,01,17,04,1,01,01,09,AE48350006,03,01-18-2015,09:50:00,,N,N,BACOPD,UNK,10,09,5704,CO,,0,E,DOGWOOD RD,50,F,E,5699,CO,,MAPLE RD,39.31733357,-76.73117638
06.02,03,,03,11,02,2,01,01,00,AE48350007,06.01,02-06-2015,00:00:00,,Y,N,BACOPD,UNK,01,00,2000,CO,,4.69,N,ROLLING RD,10,F,N,6129,CO,,WINDSOR BLVD,39.33371654,-76.75958633
06.02,03,,01,03,02,3,01,01,00,AE48350008,06.01,02-13-2015,06:41:00,,N,N,BACOPD,UNK,01,01,122,MD,,0.27,E,SECURITY BLVD,25,F,E,2398,CO,,BELMONT AVE,39.31276823,-76.74953341
01,03,,01,03,01,1,01,01,00,AE48350009,06.01,02-18-2015,16:05:00,,N,N,BACOPD,UNK,01,00,1900,CO,,0,S,WINDSOR MILL RD,75,F,S,2093,CO,,INWOOD RD,39.32378265,-76.72995329
05.02,03,,01,11,02,1,01,00,00,AE4835000B,06.01,03-07-2015,08:24:00,,N,N,BACOPD,UNK,01,00,122,MD,,1.09,E,SECURITY BLVD,1,F,E,2501,CO,,WOODLAWN DR,39.31273503,-76.73933029
88,03,,02,11,02,1,01,01,00,AE4835000C,06.01,03-23-2015,00:00:00,,Y,N,BACOPD,UNK,01,09,6129,CO,,0.17,E,WINDSOR BLVD,0,F,E,2000,CO,,ROLLING RD,39.33365016,-76.75962925
03,03,,01,09,01,1,01,04,05,AE48390006,06.01,01-21-2015,22:26:00,,N,N,BACOPD,UNK,01,09,4542,CO,,0,S,KELSO DR,100,F,S,700,MD,,MARTIN BLVD,39.34095238,-76.46501541
04,03,,01,17,02,,01,01,00,AE48390007,06.01,01-22-2015,21:12:00,,N,N,BACOPD,UNK,02,00,5010,CO,,0,N,POPLAR RD,100,F,N,5009,CO,,RIVERSIDE RD,39.31057676,-76.4803791
99,03,,01,17,02,,01,88,00,AE48390008,00,01-26-2015,19:42:00,,N,N,BACOPD,UNK,02,00,150,MD,,0.78,E,EASTERN AVE,1,M,E,151,MD,,NORTH POINT BLVD,39.29309236,-76.51009798
03,03,,03,11,02,1,00,00,00,AE51260008,06.01,03-23-2015,23:20:00,,N,N,BACOPD,UNK,01,01,1955,CO,,0,S,SEDGEMOOR RD,1,F,S,26,MD,,LIBERTY RD,39.3443128,-76.73192739
03,03,,02,17,02,2,01,04,04,AE5129000L,00,01-02-2015,18:20:00,,N,N,BACOPD,UNK,03,09,7709,CO,,1.15,E,LAKESIDE BLVD,0,F,E,,UU,,OWINGS RUN RD,39.39916029,-76.79814577
01,03,,02,02,02,2,01,04,04,AE5129000M,06.01,01-17-2015,11:33:00,,Y,N,BACOPD,UNK,01,09,1,US,,17.9,N,BELAIR RD,0,F,N,8199,CO,,WHOLESALE CLUB RD,39.37975752,-76.50285602
01,03,,01,17,02,1,01,01,04,AE5129000N,00,01-25-2015,12:12:00,,N,N,BACOPD,UNK,09,09,4775,CO,,0.51,S,MARLYN AVE S,100,F,S,4810,CO,,MARTIN RD,39.3051476,-76.46342754
01,03,,02,02,02,2,01,01,88,AE5129000P,06.01,02-06-2015,17:02:00,,Y,N,BACOPD,UNK,01,09,26,MD,,4.527,E,LIBERTY RD,0,F,E,2297,CO,,PIKESWOOD DR,39.37415956,-76.81037664
03,03,,02,17,02,1,01,03,00,AE5129000Q,06.01,02-13-2015,20:24:00,,Y,N,BACOPD,UNK,03,03,122,MD,,1.09,E,SECURITY BLVD,0,F,E,2501,CO,,WOODLAWN DR,39.31241129,-76.73489928
01,03,,01,17,02,1,01,01,00,AE5129000S,06.01,03-28-2015,15:14:00,,N,N,BACOPD,UNK,03,00,4283,CO,,0,N,DALE AVE,100,F,N,4280,CO,,KENWOOD AVE,39.35344736,-76.52241468
01,03,,02,17,02,,01,01,00,AE51320003,06.01,02-11-2015,07:55:00,7362,Y,N,BACOPD,UNK,03,00,2022,CO,,1.07,N,WASHINGTON AVE,0,F,N,2041,CO,,CORONADO RD,39.35725515,-76.74917936
01,03,,01,07,02,1,01,01,10,AE51330005,06.01,01-19-2015,12:40:00,,Y,N,BACOPD,UNK,01,09,1500,CO,,0.33,E,SMITH AVE,200,F,E,1572,CO,,LABYRINTH RD,39.37551555,-76.69898987