LIGHT_CODE,COUNTY_NO,MUNI_CODE,JUNCTION_CODE,COLLISION_TYPE_CODE,SURF_COND_CODE,LANE_CODE,RD_COND_CODE,RD_DIV_CODE,FIX_OBJ_CODE,REPORT_NO,WEATHER_CODE,ACC_DATE,ACC_TIME,LOC_CODE,SIGNAL_FLAG,C_M_ZONE_FLAG,AGENCY_CODE,AREA_CODE,HARM_EVENT_CODE1,HARM_EVENT_CODE2,RTE_NO,ROUTE_TYPE_CODE,RTE_SUFFIX,LOG_MILE,LOGMILE_DIR_FLAG,MAINROAD_NAME,DISTANCE,FEET_MILES_FLAG,DISTANCE_DIR_FLAG,REFERENCE_NO,REFERENCE_TYPE_CODE,REFERENCE_SUFFIX,REFERENCE_ROAD_NAME,LATITUDE,LONGITUDE
01,03,,02,11,02,1,01,01,04,AE51330006,06.01,02-16-2015,08:30:00,,Y,N,BACOPD,UNK,01,09,1501,CO,,0.14,S,BAYTHORNE RD,0,F,S,1498,CO,,FARRINGDON RD,39.37344838,-76.67544007
03,03,,01,99,99,,01,02,00,AE51330007,00,03-14-2015,00:00:00,,N,N,BACOPD,UNK,02,00,1166,CO,,0.5,W,PENNSYLVANIA AVE,50,F,W,45,MD,,YORK RD,39.40046813,-76.60270259
01,03,,02,11,02,1,01,01,00,AE5133000C,06.01,03-26-2015,17:26:00,,Y,N,BACOPD,UNK,01,00,6611,CO,,0.1,W,INTERNATIONAL CIR,0,F,W,6610,CO,,INTERNATIONAL DR,39.49675348,-76.66163206
04,03,,01,00,02,1,01,02,00,AE51370005,06.01,01-01-2015,03:48:00,629,N,N,BACOPD,UNK,02,00,3401,CO,,0.39,S,COLLINSDALE RD,50,F,S,3404,CO,,EPWORTH CT,39.38059717,-76.57671064
03,03,,01,17,02,1,01,01,04,AE5138000L,00,01-08-2015,18:02:00,,N,N,BACOPD,UNK,09,09,372,MD,,2.43,E,WILKENS AVE,90,F,E,3000,CO,,LEEDS AVE,39.26784186,-76.6895324
01,03,,01,07,02,1,01,01,00,AE5138000M,07.01,01-21-2015,09:07:00,,N,N,BACOPD,UNK,01,01,45,MD,,0.91,N,YORK RD,62,F,N,1241,CO,,SUSSEX RD,39.38485749,-76.60671115
01,03,,02,06,01,1,01,01,00,AE5138000N,07.01,01-22-2015,08:11:00,,Y,N,BACOPD,UNK,01,00,1,US,,24.49,N,BELAIR RD,0,F,N,3918,CO,,JERUSALEM RD,39.44815729,-76.41860247
06.02,03,,09.04,09,02,1,01,01,00,AE5138000P,06.01,02-06-2015,17:42:00,,N,N,BACOPD,UNK,01,00,2000,CO,,3.69,N,ROLLING RD,11,F,N,2389,CO,,GAYBROOK RD,39.31959123,-76.75779462
03,03,,01,88,01,2,01,01,00,AE5138000Q,08.04,02-18-2015,20:03:00,,N,Y,BACOPD,UNK,03,03,26,MD,,4.197,E,LIBERTY RD,93,F,E,2330,CO,,LIVE OAK RD,39.37669321,-76.81536019
04,03,,01,17,02,1,01,01,11,AE5138000R,06.01,02-28-2015,17:36:00,,N,N,BACOPD,UNK,16,09,2600,CO,,2.43,E,EDMONDSON AVE,207,F,E,2721,CO,,DELREY AVE,39.27877614,-76.73011422
05.02,03,,02,11,01,2,01,01,00,AE5138000S,06.01,03-07-2015,07:42:00,,Y,N,BACOPD,UNK,01,11,4090,CO,,1.41,S,SILVER SPRING RD,0,F,S,6198,CO,,PERRY HALL BLVD,39.38744465,-76.46924257
01,03,,02,11,02,2,01,04,00,AE5138000T,06.01,03-27-2015,16:15:00,,Y,N,BACOPD,UNK,01,00,150,MD,,3.92,E,EASTERN BLVD,0,F,E,4758,CO,,OLD EASTERN AVE,39.31303801,-76.46413296
01,03,,02,03,02,1,01,01,00,AE53630009,06.01,01-09-2015,16:25:00,,Y,N,BACOPD,UNK,01,00,866,CO,,1.54,W,RIDGELY RD,0,F,W,1057,CO,,KURTZ AVE,39.42924465,-76.62368417
03,03,,00,03,02,1,01,01,00,AE5363000B,06.01,01-09-2015,17:56:00,,N,N,BACOPD,UNK,01,00,45,MD,,4.96,N,YORK RD,1,F,N,922,CO,,NORTHWOOD DR,39.43795794,-76.62505746
03,03,,02,17,03,1,01,01,04,AE5363000F,08.04,02-17-2015,09:41:00,,N,N,BACOPD,UNK,09,09,6246,CO,,0.14,N,GREENPOINT RD,0,F,N,6400,CO,,DIGNEY CT,39.44553095,-76.64370418
01,03,,02,03,02,2,01,01,00,AE5363000H,06.01,02-19-2015,10:51:00,,Y,N,BACOPD,UNK,01,00,429,CO,,0.8,N,MCCORMICK RD,0,F,N,428,CO,,SCHILLING RD,39.49195355,-76.65864944
01,03,,02,11,02,1,01,01,00,AE5363000J,06.01,03-29-2015,10:36:00,,Y,N,BACOPD,UNK,01,00,131,MD,,2.52,E,SEMINARY AVE,0,F,E,1056,CO,,FRANCKE AVE,39.42114358,-76.62631273
05.02,03,,03,13,02,1,01,01,00,AE5364000D,00,01-15-2015,16:19:00,,N,N,BACOPD,UNK,02,00,4593,CO,,0.08,N,CORBY RD,50,F,N,4595,CO,,ARNCLIFFE RD,39.32655465,-76.45626068
05.02,03,,02,11,02,1,01,01,00,AE5364000F,06.01,03-28-2015,11:40:00,,Y,N,BACOPD,UNK,01,00,4572,CO,,0.06,S,CORD ST,0,F,S,4500,CO,,COMPASS RD,39.33218962,-76.45989776
04,03,,01,17,02,1,01,01,11,AE53650005,06.01,01-01-2015,01:30:00,,N,N,BACOPD,UNK,09,00,2356,CO,,4.02,E,DOGWOOD RD,999,F,E,2095,CO,,RIDGE RD,39.32168282,-76.76846981
03,03,,01,88,02,1,01,01,00,AE53650006,06.01,01-09-2015,00:00:00,,N,N,BACOPD,UNK,02,02,1900,CO,,5.5,S,WINDSOR MILL RD,10,F,S,2437,CO,,PARK PL,39.31490983,-76.71519041
03,03,,01,88,04,3,01,04,00,AE53650007,88,01-19-2015,00:47:00,,N,N,BACOPD,UNK,02,02,122,MD,,2.59,E,SECURITY BLVD,100,F,E,2621,CO,,INGLESIDE AVE,39.30310533,-76.71244383
03,03,,03,03,01,2,01,04,00,AE53650008,03,01-26-2015,04:45:00,,Y,N,BACOPD,UNK,01,00,122,MD,,0.79,E,SECURITY BLVD,0,F,E,2404,CO,,WHITEHEAD RD,39.31225358,-76.74027443
04,03,,01,17,02,1,01,01,11,AE53650009,06.01,02-01-2015,03:30:00,,N,N,BACOPD,UNK,09,00,533,CO,,0.53,N,MARRIOTTSVILLE RD,500,F,N,521,CO,,WARDS CHAPEL RD,39.36934081,-76.86867714
04,03,,01,88,02,1,01,01,00,AE5365000B,06.01,02-04-2015,04:26:00,,N,N,BACOPD,UNK,02,00,2663,CO,,0.17,N,BURNT OAK RD,300,F,N,2648,CO,,COLLINSWAY RD,39.29274362,-76.74892187
03,03,,00,03,01,1,01,00,00,AE53660003,03,01-03-2015,23:46:00,,N,N,BACOPD,UNK,01,01,1900,CO,,2.47,S,WINDSOR MILL RD,3,F,S,2004,CO,,PINE AVE,39.34062048,-76.7607826
06.02,03,,01,01,02,1,01,01,00,AE53670006,06.01,01-05-2015,15:36:00,,N,N,BACOPD,UNK,01,00,,,,0,N,COMMON BROOK RD,200,F,N,773,CO,7,COYLE RD,39.3987126,-76.80342436
05.02,03,,01,03,03,2,01,01,06,AE53670008,08.04,01-26-2015,08:29:00,,N,N,BACOPD,UNK,01,09,140,MD,,6.23,N,REISTERSTOWN RD,50,F,N,565,CO,,RITTERS LA,39.42803887,-76.79069996
01,03,,01,02,02,1,01,01,00,AE53670009,06.01,01-27-2015,12:36:00,,N,N,BACOPD,UNK,01,00,140,MD,,5.15,N,REISTERSTOWN RD,200,F,N,712,CO,,ROSEWOOD LA,39.41593851,-76.77529335
01,03,,01,13,02,1,01,04,00,AE5367000C,06.01,03-15-2015,15:12:00,,N,N,BACOPD,UNK,01,00,7709,CO,,1.15,E,LAKESIDE BLVD,10,F,E,,UU,,OWINGS RUN RD,39.39902764,-76.79803848
01,03,,01,17,01,1,01,01,10,AE5367000D,07.01,03-21-2015,10:40:00,,N,N,BACOPD,UNK,09,00,130,MD,,4.41,E,GREENSPRING VALLEY RD,1,M,E,722,CO,,GREENSPRING AVE,39.42419351,-76.70306683
07.88,03,,00,17,04,2,01,04,14.05,AE53680004,00,01-08-2015,23:00:00,,N,N,BACOPD,UNK,09,00,40,US,,0.036,E,BALTO NATIONAL PIKE,50,F,E,,UU,,END BRIDGE,39.2897876,-76.77130222
01,03,,01,07,03,2,01,04,00,AE53690007,08.04,01-21-2015,14:49:00,,N,N,BACOPD,UNK,01,00,40,US,,18.11,E,PULASKI HWY,0,M,E,700,MD,,MARTIN BLVD,39.34063565,-76.47150367
01,03,,09.04,12,02,,01,01,00,AE53690008,06.01,02-03-2015,12:40:00,,N,N,BACOPD,UNK,01,00,150,MD,,7.85,E,EASTERN BLVD,50,F,E,4156,CO,,BENGIES RD,39.33739264,-76.40523434
01,03,,02,11,02,1,01,04,00,AE4356000Y,06.01,01-08-2015,08:28:00,,Y,N,BACOPD,UNK,01,00,5237,CO,,1.52,N,DUNDALK AVE,0,F,N,5284,CO,,BELCLARE RD,39.25145177,-76.52100921
05.02,03,,02,17,02,2,01,01,00,AE4356000Z,07.01,01-14-2015,07:06:00,,Y,N,BACOPD,UNK,03,00,150,MD,,1.23,E,EASTERN AVE,0,F,E,,UU,,ENT TO EASTPOINT MALL,39.29559574,-76.50919676
03,03,,03,11,02,1,01,01,00,AE43560010,07.01,01-20-2015,17:41:00,,N,N,BACOPD,UNK,01,00,5263,CO,,0.33,S,AVONDALE RD,76,F,S,5265,CO,,WILLIAM WADE AVE,39.23970305,-76.50721729
04,03,,01,00,01,1,01,01,00,AE43560011,09.04,01-23-2015,17:55:00,,N,N,BACOPD,UNK,03,00,5560,CO,,0.48,E,WISE AVE,200,F,E,5600,CO,,LYNCH RD,39.26690013,-76.49591312
01,03,,03,03,02,2,01,04,00,AE43560012,06.01,01-30-2015,14:20:00,,Y,N,BACOPD,UNK,01,00,151,MD,,7.57,N,NORTH POINT BLVD,229,F,N,5132,CO,,ROLLING MILL RD,39.2969408,-76.5292865
01,03,,03,01,02,,01,01,00,AE43560013,07.01,02-09-2015,09:00:00,,N,N,BACOPD,UNK,03,00,5141,CO,,0.24,S,54TH ST,0,F,S,,UU,,ALLEY,39.29618939,-76.51216865
01,03,,03,13,01,1,01,04,04,AE43560014,03,02-02-2015,09:25:00,,Y,N,BACOPD,UNK,01,09,157,MD,,3.89,N,MERRITT BLVD,27,F,N,,UU,,ENT TO SHOPPING CENTER,39.27542502,-76.50364995
01,03,,03,88,02,1,01,01,00,AE43560015,06.01,02-13-2015,08:23:00,,Y,N,BACOPD,UNK,02,00,5295,CO,,0.8,S,LIBERTY PKWY,69,F,S,5297,CO,,DUNMANWAY,39.25809383,-76.51686788
01,03,,01,07,02,1,01,01,00,AE43560016,06.01,02-19-2015,16:15:00,,N,N,BACOPD,UNK,01,00,5583,OP,,0,S,MID HAVEN RD,300,F,S,5579,CO,,GRAY PL,39.27052887,-76.4904964
01,03,,01,03,02,1,01,01,00,AE43560017,06.01,02-19-2015,15:52:00,,N,N,BACOPD,UNK,02,00,5212,CO,,1.18,W,HOLABIRD AVE,20,F,W,5202,CO,,CRAFTON AVE,39.27263646,-76.52461141
01,03,,02,11,02,2,01,04,00,AE4356001B,06.01,02-20-2015,16:47:00,,Y,N,BACOPD,UNK,01,00,5820,CO,,0.29,N,COVE RD,0,F,N,695,RP,,RAMP 4 FR MD 695 NB TO COVE RD EB,39.27848546,-76.47207499
01,03,,03,03,02,1,01,01,00,AE4356001C,00,02-24-2015,15:53:00,,N,N,BACOPD,UNK,01,01,5212,CO,,1.18,W,HOLABIRD AVE,0,F,W,5202,CO,,CRAFTON AVE,39.27264061,-76.52456582
01,03,,01,17,03,1,01,01,88,AE4356001F,08.04,03-05-2015,10:00:00,,N,N,BACOPD,UNK,09,10,5378,CO,,0,N,MIDLAND RD,300,F,N,5278,CO,,SOLLERS POINT RD,39.26195665,-76.51122451
01,03,,03,03,03,1,01,01,00,AE4356001G,08.04,03-05-2015,11:02:00,,Y,N,BACOPD,UNK,01,00,5278,CO,,1.83,S,SOLLERS POINT RD,56,F,S,5284,CO,,BELCLARE RD,39.25208734,-76.5097332
01,03,,02,11,00,1,01,01,00,AE43740008,06.01,03-27-2015,18:42:00,,Y,N,BACOPD,UNK,01,00,415,CO,,1.92,E,CRANBROOK RD,0,F,E,773,CO,,PADONIA RD,39.46461725,-76.60942219
03,03,,02,05,02,1,01,01,00,AE43740009,00,03-29-2015,20:25:00,,Y,N,BACOPD,UNK,01,00,415,CO,,1.55,E,CRANBROOK RD,0,F,E,403,CO,,LAKESPRING WAY,39.46883309,-76.61333084
04,03,,02,02,02,1,01,03,00,AE43760008,06.01,01-11-2015,20:24:00,,Y,N,BACOPD,UNK,01,00,129,MD,,0.67,N,PARK HEIGHTS AVE,0,F,N,133,MD,,OLD COURT RD,39.37993167,-76.7168963
03,03,,01,03,02,1,01,01,00,AE43780006,06.01,02-03-2015,01:15:00,,N,N,BACOPD,UNK,02,00,3179,CO,,0,S,GRANT RD,300,F,S,3186,CO,,OLD WASHINGTON BLVD,39.23988171,-76.67918444
04,03,,01,17,03,,01,04,04,AE48390009,08.04,02-02-2015,00:02:00,,N,N,BACOPD,UNK,09,09,4750,CO,,0.11,N,WILBUR RD,10,F,N,150,MD,,EASTERN BLVD,39.32427232,-76.44767761
03,03,,01,17,02,1,01,01,00,AE4839000B,06.01,02-05-2015,21:15:00,,N,N,BACOPD,UNK,01,01,4758,CO,,0.17,N,OLD EASTERN AVE,0,M,N,4765,CO,,GLENWOOD RD,39.3124528,-76.46138906
04,03,,03,17,02,1,01,02,05,AE4839000C,06.01,02-18-2015,01:42:00,,N,N,BACOPD,UNK,09,00,702,MD,,0,E,SOUTHEAST BLVD,100,F,E,695,MD,,BALTO BELTWAY,39.32330957,-76.47724628
03,03,,01,07,02,2,01,04,00,AE4839000D,06.01,03-06-2015,23:15:00,,N,N,BACOPD,UNK,01,00,147,MD,,1.37,N,HARFORD RD,0,M,N,695,IS,,BALTO BELTWAY,39.3868725,-76.52734995
01,03,,03,03,02,1,01,04,00,AE4839000F,06.01,03-09-2015,12:35:00,,N,N,BACOPD,UNK,01,00,700,MD,,0.07,N,MARTIN BLVD,0,F,N,150,MD,,EASTERN BLVD,39.33155893,-76.4372921
01,03,,02,11,01,2,01,03,00,AE4839000G,03,03-14-2015,13:22:00,,N,N,BACOPD,UNK,01,00,40,US,,19.13,E,PULASKI HWY,0,F,E,4465,CO,,MIDDLE RIVER RD,39.35291641,-76.45357847
01,03,,01,17,02,1,01,01,00,AE4839000H,00,03-16-2015,15:40:00,,N,N,BACOPD,UNK,03,00,8751,CO,,0.19,E,HAWTHORNE RD,20,F,E,4581,CO,,RIVERTHORN RD,39.32506907,-76.43827915
01,03,,01,07,02,1,01,01,00,AE48470005,06.01,02-17-2015,14:03:00,,N,N,BACOPD,UNK,02,00,5600,CO,,0.97,S,LYNCH RD,30,F,S,5615,CO,,FRAMES RD,39.26085182,-76.4916873
03,03,,01,88,02,2,01,01,00,AE4850000K,06.01,01-13-2015,19:34:00,,N,N,BACOPD,UNK,03,00,5560,CO,,0.23,E,WISE AVE,600,F,E,5401,CO,,CHURCH RD,39.26760568,-76.49757743
07.88,03,,01,03,04,1,01,01,04,AE4850000L,07.01,01-19-2015,05:34:00,,N,N,BACOPD,UNK,02,02,4371,CO,,0.28,N,DELEGGE RD,250,F,N,4369,CO,,GARVEY RD,39.33905734,-76.49886757
01,03,,00,01,02,1,01,01,02,AE4850000M,06.01,01-29-2015,10:06:00,,N,N,BACOPD,UNK,01,09,30,MD,,5.2,N,HANOVER PIKE,250,F,N,91,MD,,EMORY RD,39.54706963,-76.83778882
03,03,,01,02,06.03,1,01,01,02,AE4850000N,06.01,02-15-2015,18:07:00,,N,N,BACOPD,UNK,01,09,2501,CO,,1.48,N,WOODLAWN DR,50,F,N,2356,CO,,DOGWOOD RD,39.31949163,-76.7366159
05.02,03,,01,17,02,1,01,01,06,AE4850000P,06.01,03-12-2015,06:46:00,,N,N,BACOPD,UNK,09,09,70,CO,,5.41,W,MIDDLETOWN RD,1,M,W,23,CO,,BECKLEYSVILLE RD,39.68165262,-76.73058093
01,03,,88,03,02,1,01,01,04,AE4850000Q,06.01,03-29-2015,14:06:00,,N,N,BACOPD,UNK,01,11,4542,CO,,1.531,S,KELSO DR,0,F,S,8333,CO,,MARSHFIELD CT,39.32486989,-76.48883343
01,03,,01,11,02,,01,01,00,AE48510007,06.01,01-17-2015,16:37:00,,N,N,BACOPD,UNK,01,00,810,CO,,2.133,W,TIMONIUM RD,5,F,W,,UU,,ENT TO TIMONIUM FAIRGROUNDS,39.43973113,-76.62970841
01,03,,01,03,01,1,01,01,00,AE48510009,07.01,03-07-2015,17:18:00,,N,N,BACOPD,UNK,01,00,773,CO,,0.6,E,PADONIA RD,0,M,E,5824,CO,,LABRADOR LA,39.45624279,-76.67637885
05.02,03,,01,01,02,1,01,01,00,AE4852000J,06.01,01-14-2015,08:09:00,PC2/1407,N,N,BACOPD,UNK,01,00,2356,CO,,6.86,E,DOGWOOD RD,232,F,E,2473,CO,,HILLSIDE DR,39.31578969,-76.72652006
03,03,,02,17,01,1,01,01,00,AE4852000K,07.01,01-29-2015,18:01:00,,Y,N,BACOPD,UNK,03,00,1353,CO,,0.73,N,OSLER DR,0,F,N,1354,CO,,EMERSON DRIVE,39.39334832,-76.61481142
07.88,03,,01,17,02,,01,01,10,AE4852000L,00,03-14-2015,19:36:00,1407/PC7,N,N,BACOPD,UNK,16,09,45,MD,,11.18,N,YORK RD,0,M,N,6778,CO,,LOVETON FARMS RD,39.52250681,-76.64365053
01,03,,02,08,02,2,01,01,00,AE4852000M,06.01,03-24-2015,08:48:00,1407 PC4,Y,N,BACOPD,UNK,01,00,26,MD,,8.127,E,LIBERTY RD,0,F,E,2022,CO,,WASHINGTON AVE,39.35042753,-76.74920082
05.02,03,,02,11,02,2,01,03,08,AE4852000N,06.01,03-31-2015,06:41:00,PC9 1407,Y,N,BACOPD,UNK,01,09,7,MD,,2.59,E,PHILADELPHIA RD,0,F,E,695,RP,,RAMP 1 FR MD 695 NB TO MD 7 WB,39.33711051,-76.49034619
03,03,,01,07,02,1,01,01,00,AE57310006,06.01,02-26-2015,19:05:00,,N,N,BACOPD,UNK,01,00,6079,CO,,0,N,DUNFIELD RD,0,F,N,1,US,,BELAIR RD,39.38343948,-76.49897218
03,03,,01,07,02,1,01,04,05,AE57310007,06.01,02-27-2015,19:43:00,,N,N,BACOPD,UNK,01,09,5047,CO,,0,S,TODDS LA,1,M,S,40,US,,PULASKI HWY,39.32289459,-76.50304914
01,03,,03,07,01,1,01,04,04,AE57310008,07.01,03-02-2015,06:56:00,,Y,N,BACOPD,UNK,01,09,4458,CO,,3.9,E,ROSSVILLE BLVD,0,F,E,40,US,,PULASKI HWY,39.3375669,-76.48090482
99,03,,00,99,02,,01,88,00,AE57310009,06.01,03-29-2015,00:00:00,,N,N,BACOPD,UNK,02,00,4370,CO,,0,S,HAVENOAK RD,0,U,S,4371,CO,,DELEGGE RD,39.33699434,-76.4968586
04,03,,02,11,02,,01,01,00,AE57320003,06.01,01-01-2015,03:55:00,,Y,N,BACOPD,UNK,01,00,2244,CO,,1.14,W,ALLENSWOOD RD,0,F,W,2229,CO,,BRENBROOK DR,39.37068445,-76.7866981
03,03,,01,03,02,1,01,01,00,AE57320005,06.01,02-04-2015,17:53:00,,N,N,BACOPD,UNK,01,00,1900,CO,,4.53,S,WINDSOR MILL RD,0,U,S,2420,CO,,SUMMIT AVE,39.32345066,-76.7293632
01,03,,03,09,00,2,01,04,00,AE57320009,06.01,03-15-2015,12:15:00,,N,N,BACOPD,UNK,01,00,40,US,,1.6,E,BALTO NATIONAL PIKE,50,F,E,2000,CO,,ROLLING RD,39.28366757,-76.75443649
99,03,,00,07,00,,01,01,00,AE57330006,00,01-12-2015,06:00:00,01,N,N,BACOPD,UNK,02,02,3033,CO,,0.42,N,LINDEN AVE,2,F,N,3039,CO,,TALBOT PL,39.25351632,-76.69775069
99,03,,01,07,02,1,01,01,18.88,AE57330007,06.01,02-04-2015,08:15:00,112,N,N,BACOPD,UNK,09,02,8252,CO,,0.06,W,CATON GLEN RD,10,F,W,8253,CO,,WINDYS RUN RD,39.28056998,-76.76614165
01,03,,00,07,02,2,01,01,00,AE57350003,06.01,01-02-2015,13:19:00,,N,N,BACOPD,UNK,01,01,140,MD,,1.25,N,REISTERSTOWN RD,25,F,N,8217,CO,,OLD COURT RD,39.37773401,-76.72596216
04,03,,01,07,02,1,01,01,00,AE57350004,06.01,01-17-2015,20:01:00,,N,N,BACOPD,UNK,02,02,1500,CO,,0.25,E,SMITH AVE,25,F,E,1580,CO,,CARLA RD,39.37534554,-76.70173645
01,03,,11.04,11,02,1,01,01,00,AE57350007,06.01,03-23-2015,12:45:00,,N,N,BACOPD,UNK,01,01,1577,CO,,0,E,SLADE AVE,10,F,E,140,MD,,REISTERSTOWN RD,39.37002093,-76.71525478
03,03,,02,17,01,2,01,01,00,AE57360006,03,01-03-2015,17:36:00,,Y,N,BACOPD,UNK,03,00,45,MD,,0.04,N,YORK RD,0,F,N,,UU,,ENT TO ANNESLIE SHOPPING CENTER,39.37263559,-76.60973668
05.02,03,,03,17,03,1,01,01,88,AE57360007,08.04,01-06-2015,07:11:00,,Y,N,BACOPD,UNK,16,10,1353,CO,,0.89,N,OSLER DR,25,F,N,1354,CO,,TOWSONTOWN BLVD,39.39558694,-76.61533713
01,03,,03,17,03,,01,01,04,AE57360008,08.04,01-06-2015,15:56:00,,Y,N,BACOPD,UNK,09,00,1354,CO,,1.67,W,TOWSONTOWN BLVD,25,F,W,139,MD,,CHARLES ST,39.39548175,-76.62650786
01,03,,01,88,01,1,01,01,00,AE57360009,03,01-12-2015,13:44:00,,N,N,BACOPD,UNK,02,00,1207,CO,,0.26,E,BURKE AVE,10,F,E,,UU,,ALLEY,39.39469979,-76.59655094
06.02,03,,01,88,02,1,01,01,00,AE5736000B,00,02-25-2015,20:44:00,,N,N,BACOPD,UNK,02,00,3373,CO,,0.71,N,PLEASANT PLAINS RD,25,F,N,3483,CO,,MYAMBY RD,39.39358877,-76.56940699
01,03,,02,02,02,,01,04,00,AE5736000C,06.01,03-08-2015,07:44:00,,Y,N,BACOPD,UNK,01,00,1354,CO,,0.56,W,TOWSONTOWN BLVD,0,F,W,1153,CO,,BOSLEY AVE,39.39722233,-76.60697132
01,03,,01,99,02,,03,02,00,AE57370006,06.01,01-19-2015,12:45:00,"PC06,611",N,N,BACOPD,UNK,02,00,1316,CO,,0.19,W,HOPKINS RD,50,F,W,1325,CO,,DORKING RD,39.37663101,-76.61233306
01,03,,01,03,02,1,01,01,00,AE57370007,06.01,02-03-2015,15:10:00,"PC06,614",Y,N,BACOPD,UNK,01,00,146,MD,,0.85,N,DULANEY VALLEY RD,5,F,N,999,CO,,HAMPTON LA,39.4141067,-76.60034895
01,03,,01,03,02,,01,01,00,AE57370008,06.01,02-09-2015,17:00:00,"PC06,611",Y,N,BACOPD,UNK,01,00,774,CO,,0,S,DEERECO RD,10,F,S,773,CO,,PADONIA RD,39.45527357,-76.64200902
01,03,,01,03,02,1,01,01,00,AE57370009,06.01,02-10-2015,15:57:00,"PC06,614",Y,N,BACOPD,UNK,01,00,1180,CO,,0.42,E,HILLEN RD,50,F,E,1212,CO,,FAR HILLS DR,39.39447593,-76.59170151
03,03,,01,88,03,1,01,01,00,AE5737000B,08.04,02-14-2015,21:10:00,"PC6,615",N,N,BACOPD,UNK,02,00,1309,CO,,0.06,E,WALKER AVE,25,F,E,1293,CO,,HOLLY LA,39.37210272,-76.60549879
01,03,,03,88,01,,01,01,00,AE5737000C,07.01,02-23-2015,08:25:00,"PC6,611",Y,N,BACOPD,UNK,01,00,1353,CO,,0,N,OSLER DR,5,F,N,1200,CO,,STEVENSON LA,39.38363021,-76.61110997
01,03,,02,11,02,1,01,01,00,AE5737000D,06.01,03-06-2015,16:00:00,"PC6, 614",Y,N,BACOPD,UNK,01,00,1170,CO,,0.13,S,VIRGINIA AVE,0,F,S,1166,CO,,PENNSYLVANIA AVE,39.40023807,-76.59989297
01,03,,01,03,01,2,01,04,00,AE5737000F,06.01,03-09-2015,16:06:00,"PC6,611",Y,N,BACOPD,UNK,01,01,139,MD,,1.81,N,CHARLES ST,30,F,N,1354,CO,,TOWSONTOWN BLVD,39.39606782,-76.62681699
01,03,,01,11,02,1,01,01,00,AE5737000G,07.01,03-13-2015,17:24:00,"PC6, 614",N,N,BACOPD,UNK,01,00,1150,CO,,1.34,E,KENILWORTH DR,500,F,E,1153,CO,,BOSLEY AVE,39.40729293,-76.6103214
03,03,,01,03,02,,01,01,00,AE5737000H,07.01,03-13-2015,19:42:00,"PC6, 614",N,N,BACOPD,UNK,02,00,1150,CO,,1.34,E,KENILWORTH DR,250,F,E,1153,CO,,BOSLEY AVE,39.40759965,-76.61101341
99,03,,01,99,02,,00,01,00,AE5737000J,00,03-28-2015,00:00:00,"PC6,629",N,N,BACOPD,UNK,02,00,3370,CO,,0.27,W,DOXBURY RD,1,F,W,,UU,,ALLEY,39.39509777,-76.57275438
04,03,,02,03,02,1,01,02,00,AE57380005,06.01,02-05-2015,18:17:00,,N,N,BACOPD,UNK,01,00,3413,CO,,0.73,S,HILLSWAY AVE,0,F,S,41,MD,,PERRING PKWY,39.37333849,-76.56809807
06.02,03,,01,03,02,1,01,04,00,AE57380006,00,02-13-2015,17:30:00,,N,N,BACOPD,UNK,01,00,542,MD,,0.56,N,LOCH RAVEN BLVD,1,F,N,3399,CO,,SAYWARD AVE,39.37955849,-76.57959938
01,03,,01,99,00,,01,00,99,AE57380008,00,03-07-2015,12:00:00,,N,N,BACOPD,UNK,02,00,45,MD,,1.86,N,YORK RD,1,F,N,1354,CO,,TOWSONTOWN BLVD,39.39982354,-76.60247326
01,03,,00,07,00,,00,00,00,AE57380009,00,03-11-2015,10:30:00,,N,N,BACOPD,UNK,02,00,45,MD,,4.56,N,YORK RD,1,F,N,932,CO,,NORTHAMPTON RD,39.43241438,-76.62316918
04,03,,01,07,00,,01,00,00,AE5738000B,00,03-12-2015,00:00:00,,N,U,BACOPD,UNK,02,00,1211,CO,,0,S,KNOLLWOOD RD,1,F,S,1207,CO,,BURKE AVE,39.3930747,-76.59448028
01,10,,02,14,02,1,00,01,00,AP01210001,06.01,02-15-2015,11:25:00,,Y,N,BRUNSWICK,UNK,01,00,9020,MU,,0.81,S,SECOND AVE,0,F,S,10,MU,,A ST,39.31291765,-77.62415886
01,10,,02,88,02,1,00,01,00,AP01270005,06.01,03-19-2015,07:34:00,,Y,N,BRUNSWICK,UNK,01,00,79,MD,,0,N,PETERSVILLE RD,0,F,N,464,MD,,SOUDER RD,39.32670404,-77.62497425
04,10,,01,17,02,1,01,01,23.03,AP01270006,06.01,03-31-2015,05:30:00,,N,N,BRUNSWICK,UNK,16,00,464,MD,,0.46,E,SOUDER RD,300,F,E,9020,MU,,SECOND AVE,39.32323487,-77.61657357
01,10,,02,17,03,1,01,01,10,AP01270007,08.04,03-05-2015,11:26:00,,Y,N,BRUNSWICK,UNK,09,00,42,MU,,0,E,EAST B ST #2,0,F,E,310,MU,,MAPLE AVE,39.31407976,-77.62648702
03,10,,01,88,02,,01,01,00,AP01290002,00,03-08-2015,20:00:00,,N,N,BRUNSWICK,UNK,02,00,351,MU,,0.07,E,E POTOMAC ST,80,F,E,9010,MU,,FIRST AVE,39.31260637,-77.62602568
03,10,,01,01,02,1,01,01,00,AP01300006,06.01,01-07-2015,18:12:00,,N,N,BRUNSWICK,UNK,01,00,9020,MU,,0.22,S,SECOND AVE,300,F,S,295,MU,,MANCHESTER CT,39.32157285,-77.61903852