LIGHT_CODE,COUNTY_NO,MUNI_CODE,JUNCTION_CODE,COLLISION_TYPE_CODE,SURF_COND_CODE,LANE_CODE,RD_COND_CODE,RD_DIV_CODE,FIX_OBJ_CODE,REPORT_NO,WEATHER_CODE,ACC_DATE,ACC_TIME,LOC_CODE,SIGNAL_FLAG,C_M_ZONE_FLAG,AGENCY_CODE,AREA_CODE,HARM_EVENT_CODE1,HARM_EVENT_CODE2,RTE_NO,ROUTE_TYPE_CODE,RTE_SUFFIX,LOG_MILE,LOGMILE_DIR_FLAG,MAINROAD_NAME,DISTANCE,FEET_MILES_FLAG,DISTANCE_DIR_FLAG,REFERENCE_NO,REFERENCE_TYPE_CODE,REFERENCE_SUFFIX,REFERENCE_ROAD_NAME,LATITUDE,LONGITUDE
03,21,,03,17,03,,01,01,88,BX30710001,06.01,03-06-2015,19:53:00,,Y,N,HAGERSTOWN,UNK,09,00,2500,MU,,0.51,E,W WASHINGTON ST,0,F,E,720,MU,,ELGIN BLVD,39.64676643,-77.73335695
01,21,,01,17,02,,01,00,02,BX30710002,06.01,03-31-2015,12:46:00,,N,N,HAGERSTOWN,UNK,09,00,40,US,,35.66,E,WASHINGTON ST (EB COUPLET),300,F,E,11,US,,BURHANS BLVD,39.64551611,-77.72624776
01,21,,02,11,03,3,01,02,00,BX34630001,10.04,03-05-2015,07:57:00,,Y,N,HAGERSTOWN,UNK,01,00,40,US,,35.66,E,WASHINGTON ST (EB COUPLET),0,F,E,11,US,,BURHANS BLVD,39.64522158,-77.72696257
01,21,,02,88,03,1,01,01,00,BX34630002,10.04,03-05-2015,13:00:00,,Y,N,HAGERSTOWN,UNK,02,00,2270,MU,,0.08,S,STRATFORD AVE,0,F,S,820,MU,,FLORIDA AVE,39.65607609,-77.72769213
01,21,,01,07,03,1,01,01,00,BX35330001,08.04,03-05-2015,16:20:00,,N,N,HAGERSTOWN,UNK,02,02,2560,MU,,0.47,N,WEST SIDE AVE,50,F,N,2200,MU,,SALEM AVE,39.65211943,-77.72990227
01,21,,01,06,01,1,01,01,00,BX35330002,03,03-10-2015,13:45:00,,N,N,HAGERSTOWN,UNK,02,02,1730,MU,,0.32,S,MONT VALLA AVE,300,F,S,1490,MU,,MAIN AVE,39.64432935,-77.74213314
01,21,,01,05,04,1,00,02,00,BX35690001,06.01,03-12-2015,08:45:00,,N,N,HAGERSTOWN,UNK,01,01,2190,MU,,0.25,N,ST CLAIR ST,150,F,N,1180,MU,,W IRVIN AVE,39.66027205,-77.71619819
03,21,,01,08,02,1,01,04,00,BX35720001,06.01,01-06-2015,00:20:00,,N,N,HAGERSTOWN,UNK,02,02,1620,MU,,0.09,S,MEALEY PKWY,20,F,S,1471,MU,,E MAGNOLIA AVE,39.65742246,-77.70147085
01,21,,01,05,02,,01,00,00,BX35720002,07.01,01-23-2015,16:30:00,,N,N,HAGERSTOWN,UNK,02,00,1265,MU,,0.2,N,KENSINGTON DR,300,F,N,2651,MU,,WOODLANDS RUN,39.667986,-77.73101807
01,21,,02,11,02,1,01,00,00,BX35720003,06.01,02-03-2015,11:55:00,,Y,N,HAGERSTOWN,UNK,01,00,690,MU,,0.25,E,EAST AVE,0,F,E,1760,MU,,MULBERRY AVE,39.642644,-77.71425962
03,21,,02,17,02,1,01,00,88,BX35720004,06.01,02-21-2015,02:20:00,,Y,N,HAGERSTOWN,UNK,09,00,1180,MU,,0,W,W IRVIN AVE,0,F,W,2190,MU,,ST CLAIR ST,39.65982603,-77.71702766
01,21,,02,11,02,1,01,02,00,BX37190002,06.01,01-14-2015,15:15:00,,Y,N,HAGERSTOWN,UNK,01,00,40,US,,35.93,E,WASHINGTON ST (EB COUPLET),0,F,E,2301,MU,,SUMMIT AVE,39.64312317,-77.72267103
01,21,,02,06,03,1,00,01,88,BX37200001,08.04,02-17-2015,07:50:00,8120,N,N,HAGERSTOWN,UNK,09,00,2200,MU,,1.03,E,SALEM AVE,0,F,E,11,US,,BURHANS BLVD,39.64776602,-77.72500992
01,21,,02,17,04,1,01,02,02,BX38410001,10.04,01-07-2015,12:35:00,,N,N,HAGERSTOWN,UNK,09,00,160,MU,,0.17,E,W BETHEL ST,0,F,E,1025,MU,,HENRY AVE,39.64652685,-77.71855116
01,21,,01,07,02,1,01,02,00,BX38410002,06.01,03-09-2015,10:57:00,,N,N,HAGERSTOWN,UNK,02,00,1230,MU,,0.31,N,JONATHAN ST,60,F,N,160,MU,,W BETHEL ST,39.64703595,-77.7196046
03,21,,02,12,02,2,01,01,00,BX38760001,07.01,01-30-2015,20:52:00,BX,Y,N,HAGERSTOWN,UNK,01,00,40,US,,34.91,E,WASHINGTON AVE (EB COUPLET),0,F,E,1830,MU,,NOTTINGHAM RD,39.65128511,-77.73839951
03,03,,01,17,01,1,01,01,04,AE55780008,03,01-03-2015,19:55:00,,N,N,BACOPD,UNK,09,00,4348,CO,,0.18,W,RADECKE AVE,100,F,W,4349,CO,,ST REGIS RD,39.33129337,-76.52842283
01,03,,01,17,03,1,00,01,10,AE55780009,06.01,01-07-2015,12:36:00,,N,N,BACOPD,UNK,09,00,4027,CO,,0.05,N,NEW GERST RD,500,F,N,4026,CO,,CUNNIE AVE,39.40579248,-76.43712044
99,03,,01,99,99,,00,02,00,AE5578000C,99,02-07-2015,03:00:00,,N,N,BACOPD,UNK,02,00,4353,CO,,0.14,W,FRAMINGHAM RD,150,F,W,4349,CO,,ST REGIS RD,39.32958382,-76.52840137
05.02,03,,01,17,04,1,04,01,07,AE5578000D,07.01,03-02-2015,06:40:00,,N,N,BACOPD,UNK,09,00,7410,CO,,0.34,W,SOUTHFIELD DR,200,F,W,7556,CO,,TURNMILL CT,39.38216243,-76.47793293
06.02,03,,02,11,00,1,01,01,00,AE5578000H,00,03-16-2015,20:39:00,,N,N,BACOPD,UNK,01,00,4461,CO,,1.2,E,FRANKLIN SQUARE DR,0,F,E,,UU,,BALISTAN CT,39.35859073,-76.4682126
03,03,,01,17,01,1,01,01,10,AE5580000C,03,01-04-2015,18:56:00,,N,N,BACOPD,UNK,09,00,3481,CO,,2.33,W,TAYLOR AVE,1,M,W,3438,CO,,BEVERLY AVE,39.30454987,-76.640625
01,03,,02,17,04,1,01,04,04,AE5580000F,08.04,02-15-2015,08:43:00,,N,N,BACOPD,UNK,09,00,3481,CO,,2.25,W,TAYLOR AVE,0,F,W,41,MD,,PERRING PKWY,39.38065315,-76.55655384
03,03,,01,00,02,1,00,01,00,AE5580000H,06.01,02-27-2015,21:09:00,,N,N,BACOPD,UNK,02,00,3460,CO,,0,S,EDGEWOOD RD,1,M,S,542,MD,,LOCH RAVEN BLVD,39.38518089,-76.56761527
01,03,,01,88,02,1,01,01,00,AE5580000J,00,03-04-2015,14:30:00,,N,N,BACOPD,UNK,01,00,3484,CO,,0,E,MUSSULA RD,0,M,E,3373,CO,,PLEASANT PLAINS RD,39.39448422,-76.56861305
01,03,,00,03,02,1,01,04,00,AE5583000C,06.01,02-01-2015,11:43:00,,N,N,BACOPD,UNK,01,00,157,MD,,3.49,N,MERRITT BLVD,50,F,N,5212,CO,,HOLABIRD AVE,39.26912931,-76.50360703
01,03,,02,07,02,1,01,04,00,AE5583000D,06.01,02-27-2015,13:52:00,,N,N,BACOPD,UNK,01,00,150,MD,,0.01,E,EASTERN AVE,0,F,E,5163,CO,,45TH ST,39.28816837,-76.52939916
01,03,,01,07,02,,01,01,00,AE5583000G,06.01,03-29-2015,08:08:00,,N,N,BACOPD,UNK,02,00,5500,CO,,0.17,S,TRAPPE RD,50,F,S,5489,CO,,MCCOMAS AVE,39.27699886,-76.48902655
01,03,,02,03,02,3,01,04,00,AE5583000H,06.01,03-29-2015,12:21:00,,Y,N,BACOPD,UNK,01,00,151,MD,,3.89,N,NORTH POINT BLVD,0,F,N,5558,CO,,OLD BATTLE GROVE RD,39.27150065,-76.47117376
01,03,,01,01,02,1,01,01,11,AE5584000B,06.01,01-25-2015,16:55:00,,N,N,BACOPD,UNK,01,10,5632,CO,,0.34,S,DELMAR AVE,0,M,S,151,MD,,NORTH POINT BLVD,39.23976537,-76.45523071
04,03,,02,02,02,1,01,01,00,AE5584000C,06.01,01-31-2015,22:23:00,,N,N,BACOPD,UNK,01,00,5656,CO,,1.4,N,MILLERS ISLAND RD,0,F,N,5669,CO,,10TH ST,39.23062428,-76.40681148
06.02,03,,02,11,02,1,01,04,00,AE5584000D,06.01,02-01-2015,17:32:00,,N,N,BACOPD,UNK,01,00,151,MD,,2.97,N,NORTH POINT BLVD,0,F,N,5534,CO,,KIRKLAND ST,39.25996297,-76.46310568
99,03,,01,99,00,,01,01,00,AE5584000F,99,02-19-2015,15:15:00,,N,N,BACOPD,UNK,02,00,5147,CO,,0.12,S,BANK ST,0,M,S,5141,CO,,54TH ST,39.29526777,-76.51443243
01,03,,02,02,02,2,01,03,00,AE55860007,07.01,03-10-2015,11:05:00,,Y,N,BACOPD,UNK,01,00,26,MD,,6.457,E,LIBERTY RD,0,F,E,1700,CO,,OLD COURT RD,39.36131988,-76.77864075
01,03,,02,11,02,1,01,01,00,AE55860009,06.01,03-24-2015,17:43:00,,N,N,BACOPD,UNK,01,00,1700,CO,,1.707,E,OLD COURT RD,0,F,E,2229,CO,,BRENBROOK DR,39.3590138,-76.78865075
01,03,,01,03,04,1,01,02,05,AE55870007,03,01-18-2015,08:27:00,PC04,N,N,BACOPD,UNK,02,02,795,IS,,1.55,N,NORTHWEST EXPRESSWAY,1,M,N,2250,CO,,MC DONOGH RD,39.38456726,-76.75604582
01,03,,01,17,04,1,01,04,15.05,AE55870008,07.01,01-18-2015,07:41:00,PC04,N,N,BACOPD,UNK,09,00,795,IS,,1.55,N,NORTHWEST EXPRESSWAY,1,M,N,2250,CO,,MC DONOGH RD,39.38703834,-76.75870657
01,03,,01,09,04,1,01,04,00,AE55870009,07.01,01-18-2015,07:47:00,PC04,N,N,BACOPD,UNK,01,00,795,IS,,1.55,N,NORTHWEST EXPRESSWAY,1,M,N,2250,CO,,MC DONOGH RD,39.38657398,-76.7582345
01,03,,01,17,04,1,01,04,05,AE5587000B,07.01,01-18-2015,08:10:00,PC04,N,N,BACOPD,UNK,09,00,795,IS,,0.93,N,NORTHWEST EXPRESSWAY,1,M,N,7113,CO,,MT WILSON LA,39.38912791,-76.76186085
01,03,,01,17,04,1,01,04,05,AE5587000C,07.01,01-18-2015,08:10:00,,N,N,BACOPD,UNK,09,00,795,IS,,0.93,N,NORTHWEST EXPRESSWAY,1,M,N,7113,CO,,MT WILSON LA,39.38798363,-76.76048756
01,03,,01,17,04,1,01,04,05,AE5587000D,07.01,01-18-2015,08:10:00,PC04,N,N,BACOPD,UNK,09,00,795,IS,,0.93,N,NORTHWEST EXPRESSWAY,1,M,N,7113,CO,,MT WILSON LA,39.38703834,-76.75939322
01,03,,01,13,02,1,01,01,00,AE5587000G,07.01,01-22-2015,15:41:00,,N,N,BACOPD,UNK,01,00,140,MD,,3.33,N,REISTERSTOWN RD,0,M,N,6877,CO,,CROSSROADS DR,39.4009925,-76.75361037
03,03,,01,02,03,1,01,03,05,AE5587000H,08.04,01-26-2015,17:00:00,PC04,N,N,BACOPD,UNK,01,09,2250,CO,,0.82,W,MC DONOGH RD,200,F,W,6871,CO,,PURDY LA,39.39080284,-76.7626977
03,03,,01,17,01,1,01,03,08,AE5587000K,08.04,01-26-2015,20:30:00,PC04,N,N,BACOPD,UNK,09,00,7113,CO,,0.37,E,MT WILSON LA,300,F,E,,UU,,YESHIVA LA,39.38576135,-76.75294518
03,03,,01,17,02,1,01,04,05,AE5587000L,06.01,02-20-2015,20:30:00,,N,N,BACOPD,UNK,09,00,795,IS,,3.93,N,NORTHWEST EXPRESSWAY,1,M,N,940,MD,,OWINGS MILLS BLVD,39.40818821,-76.78184867
01,14,,02,14,01,,00,01,00,AX07040003,06.01,03-02-2015,12:19:00,,Y,N,CHESTERTOWN,UNK,01,00,220,MU,,0.2,N,PHILOSOPHERS TERR,0,F,N,166,MU,,KENT ST,39.213359,-76.064485
01,14,,03,17,02,,01,01,00,AX07120001,00,03-25-2015,15:34:00,,N,N,CHESTERTOWN,UNK,03,00,213,MD,,0.74,N,WASHINGTON AVE,0,F,N,40,MU,,CAMPUS AVE,39.219591,-76.06756
01,14,,02,02,02,1,01,01,00,AX08140002,06.01,01-29-2015,12:31:00,,N,N,CHESTERTOWN,UNK,01,00,213,MD,,0.58,N,WASHINGTON AVE,0,F,N,166,MU,,KENT ST,39.21322798,-76.06620848
01,14,,02,02,02,,00,04,00,AX08140003,06.01,02-11-2015,14:14:00,,Y,N,CHESTERTOWN,UNK,01,00,291,MD,,0.6,E,MORGNEC RD,0,F,E,213,MD,,WASHINGTON AVE,39.22323574,-76.06967926
03,14,,01,03,03,1,00,01,99,AX08140004,08.04,03-05-2015,21:41:00,,N,N,CHESTERTOWN,UNK,01,00,213,MD,,0.74,N,WASHINGTON AVE,10,F,N,40,MU,,CAMPUS AVE,39.2157259,-76.06662691
03,14,,01,17,02,1,00,01,04,AX11120002,06.01,03-24-2015,22:18:00,,N,N,CHESTERTOWN,UNK,10,00,514,MD,,0,N,FLATLAND RD,75,F,N,20,MD,,CHESTERTOWN RD,39.2195817,-76.08215153
01,14,,00,11,02,3,01,05.01,00,AX12130001,06.01,03-09-2015,14:28:00,,N,N,CHESTERTOWN,UNK,01,01,213,MD,,0.43,N,WASHINGTON AVE,100,F,N,291,MU,,MORGNEC RD,39.22296146,-76.06944323
01,14,,01,11,02,1,01,03,00,AX12130002,06.01,03-21-2015,12:26:00,,N,N,CHESTERTOWN,UNK,01,01,213,MD,,1.28,N,WASHINGTON AVE,50,F,N,,UU,,ENT TO BUSINESS,39.2229199,-76.0693574
01,16,,01,88,03,1,01,01,00,AZ16730002,08.04,03-05-2015,11:28:00,,N,N,CHEVERLY,UNK,01,00,310,MU,,0.21,N,MONTROSE RD,250,F,N,59,MU,,CHEVERLY AVE,39.14706943,-76.48591518
03,16,,02,02,01,3,01,04,09,AZ1674000F,03,01-03-2015,17:19:00,,Y,N,CHEVERLY,UNK,01,09,202,MD,,13.28,N,LANDOVER RD,0,F,N,59,MU,,CHEVERLY AVE,38.93414274,-76.91466093
03,16,,02,03,02,3,01,04,00,AZ1674000G,06.01,03-15-2015,20:59:00,,Y,N,CHEVERLY,UNK,01,00,202,MD,,13.42,N,LANDOVER RD,0,F,N,295,MD,,BALTIMORE WASHINGTON PKWY,38.93542795,-76.91764355
01,16,,03,03,02,1,01,04,00,AZ16830009,06.01,01-22-2015,08:35:00,NONE,Y,N,CHEVERLY,UNK,01,01,202,MD,,13.28,N,LANDOVER RD,20,F,N,59,MU,,CHEVERLY AVE,38.93429296,-76.91428542
03,16,,88,08,00,3,01,04,00,AZ1683000B,06.01,02-10-2015,20:35:00,,N,N,CHEVERLY,UNK,01,00,202,MD,,13.33,N,LANDOVER RD,20,F,N,,UU,,SPUR TO CHEVERLY AVE,38.93455167,-76.91558897
03,16,,03,03,03,,01,04,00,AZ1683000C,08.04,02-14-2015,00:17:00,,Y,N,CHEVERLY,UNK,01,00,202,MD,,12.59,N,LANDOVER RD,0,F,N,205,MU,,KILMER ST,38.9322107,-76.90216988
04,16,,01,88,02,1,01,01,04,AZ1687000K,06.01,02-04-2015,17:50:00,,N,N,CHEVERLY,UNK,02,09,220,MU,,0.27,S,LAKE AVE,50,F,S,40,MU,,BENTON RD,38.920104,-76.91674232
04,20,,00,03,00,2,01,04,00,BJ01780003,06.01,01-16-2015,18:32:00,20,Y,N,EASTON,UNK,01,00,50,US,,11.15,E,OCEAN GATEWAY,50,F,E,328,MD,,MATTHEWSTOWN RD,38.77628942,-76.06014669
03,20,,02,02,02,1,01,01,00,BJ01780004,06.01,01-30-2015,18:41:00,,Y,N,EASTON,UNK,01,00,650,MU,,0.42,W,MARLBORO RD,0,F,W,322,MD,,EASTON PKWY,38.78142902,-76.08305812
03,20,,01,17,03,,05,04,05,BJ01780005,10.04,02-15-2015,01:41:00,,N,N,EASTON,UNK,09,00,50,US,,8.81,E,OCEAN GATEWAY,25,F,E,332,CO,,CORDOVA RD,38.81176559,-76.05988383
03,20,,02,17,03,1,04,01,04,BJ01780006,08.04,03-05-2015,18:10:00,,N,N,EASTON,UNK,09,00,95,CO,,0.895,W,DUTCHMANS LA,0,F,W,241,OP,,CORBIN PKWY,38.75024282,-76.04906917
01,20,,01,17,03,1,01,01,18.88,BJ01790004,08.04,02-26-2015,12:51:00,15000347,N,N,EASTON,UNK,09,00,80,MU,,1.58,S,AURORA ST,200,F,S,293,MU,,DUTCHMANS LA,38.76051704,-76.07078433
01,20,,00,09,02,,01,01,00,BJ01810003,06.01,01-07-2015,10:40:00,,Y,N,EASTON,UNK,01,00,33,MD,,22.65,E,ST MICHAELS RD,10,F,E,,UU,,SPUR TO MD 322,38.77767368,-76.08577251
01,20,,11.04,17,02,1,01,01,00,BJ01810004,06.01,01-08-2015,11:45:00,,N,N,EASTON,UNK,03,00,280,MU,,0.08,W,DOVER ST,6,F,W,490,MU,,HIGGINS ST,38.77416071,-76.06993675
03,20,,03,03,02,2,01,04,00,BJ01810005,06.01,01-08-2015,18:10:00,,Y,N,EASTON,UNK,01,01,50,US,,10.08,E,OCEAN GATEWAY,0,M,E,14,CO,,CHAPEL RD,38.79287783,-76.0600394
01,20,,09.04,04,02,3,01,04,04,BJ01810006,06.01,02-13-2015,13:50:00,,N,N,EASTON,UNK,01,09,50,US,,10.523,E,OCEAN GATEWAY,999,F,E,1228,MU,,MULBERRY DR,38.78254137,-76.06008768
01,20,,00,03,02,1,00,02,00,BJ01830002,06.01,02-06-2015,11:50:00,,N,N,EASTON,UNK,01,00,322,MD,,2.41,N,EASTON PKWY,15,F,N,334,MD,,PORT ST,38.76945975,-76.08658791
01,20,,01,03,02,2,01,04,05,BJ01830003,07.01,02-07-2015,10:43:00,,Y,N,EASTON,UNK,01,09,50,US,,8.72,E,OCEAN GATEWAY,50,F,E,277,CO,,AIRPORT RD,38.8124929,-76.05991602
06.02,20,,00,04,02,1,01,02,00,BJ01830004,06.01,02-07-2015,17:12:00,,Y,N,EASTON,UNK,01,00,650,MU,,0.42,W,MARLBORO RD,0,U,W,322,MD,,EASTON PKWY,38.78127011,-76.08305812
03,20,,02,14,00,1,01,03,00,BJ01830005,06.01,02-21-2015,00:00:00,,Y,N,EASTON,UNK,01,00,322,MD,,3.26,N,EASTON PKWY,0,F,N,,UU,,MARLBORO AVE,38.78139557,-76.08292937
01,20,,02,05,02,1,00,04,00,BJ01830006,06.01,03-12-2015,08:39:00,,Y,N,EASTON,UNK,01,00,50,US,,11.15,E,OCEAN GATEWAY,0,F,E,328,MD,,MATTHEWSTOWN RD,38.77770923,-76.06010377
01,20,,00,03,00,1,00,02,00,BJ01830007,06.01,03-12-2015,17:32:00,,N,N,EASTON,UNK,01,00,328,MD,,0.7,E,MATTHEWSTOWN RD,100,F,E,228,OP,,FISHER RANGE RD,38.78067264,-76.05410233
03,20,,00,02,02,1,03,00,00,BJ01830008,06.01,03-17-2015,20:06:00,,N,N,EASTON,UNK,01,00,470,MU,,0.88,N,HARRISON ST,25,F,N,9030,MU,,GRAVEL AL,38.7773663,-76.07533872
07.88,07,,01,88,02,1,01,01,00,BK01790004,00,02-06-2015,06:00:00,,N,N,ELKTON,UNK,02,02,20,MU,,0,W,RD B,0,F,W,100,MU,,RD C,39.60321659,-75.84777474
03,07,,11.04,04,01,1,01,01,00,BK0181000L,03,01-23-2015,19:51:00,,N,N,ELKTON,UNK,01,00,213,MD,,19.41,N,N BRIDGE ST,0,F,N,362,MU,,LAUREL DR,39.61365617,-75.8374536
01,21,,01,07,02,1,01,01,00,BX39080002,06.01,02-03-2015,12:19:00,,N,N,HAGERSTOWN,UNK,02,00,331,MU,,0.29,N,N CANNON AVE,30,F,N,1210,MU,,JEFFERSON ST,39.64256139,-77.71260738
03,21,,02,17,02,1,01,01,08,BX39090001,06.01,03-15-2015,21:27:00,073,N,N,HAGERSTOWN,UNK,09,00,9160,MU,,0.2,W,WELLERS ALLEY,0,F,W,2030,MU,,PROSPECT ST,39.64586183,-77.7226764
03,21,,00,17,02,,01,02,09,BX39340001,06.01,01-20-2015,20:04:00,073,N,N,HAGERSTOWN,UNK,09,00,40,US,,9.818,W,FRANKLIN ST (WB COUPLET),75,F,W,2005,MU,,POTOMAC ST,39.64323264,-77.71900445
03,21,,02,09,02,1,01,02,00,BX39340002,07.01,02-08-2015,18:14:00,073,Y,N,HAGERSTOWN,UNK,04,00,1430,MU,,0.4,N,S LOCUST ST,0,F,N,30,MU,,ANTIETAM ST,39.63958094,-77.71897092
01,21,,01,17,01,1,01,02,11,BX39340003,03,03-11-2015,15:40:00,073,N,N,HAGERSTOWN,UNK,09,00,2301,MU,,0.34,N,SUMMIT AVE,50,F,N,30,MU,,ANTIETAM ST,39.64211319,-77.72358835
01,21,,03,02,02,,01,01,04,BX39900001,06.01,01-05-2015,11:38:00,,N,N,HAGERSTOWN,UNK,09,01,2015,MU,,0,E,PROFESSIONAL CT,60,F,E,705,MU,,EASTERN BLVD,39.6374488,-77.69591331
01,21,,03,17,02,2,01,01,00,BX39900002,06.01,01-15-2015,15:38:00,,N,N,HAGERSTOWN,UNK,03,00,1550,MU,,0.78,S,MARYLAND AVE,300,F,S,670,MU,,DOWNSVILLE RD,39.6220034,-77.73406841
01,21,,03,88,02,2,01,01,00,BX39900003,06.01,02-20-2015,10:14:00,,N,N,HAGERSTOWN,UNK,01,00,280,MU,,0.07,N,BRYAN PL,20,F,N,40,US,,FRANKLIN ST (WB COUPLET),39.65029797,-77.73396313
01,21,,00,17,02,2,01,01,00,BX39900004,07.01,02-25-2015,17:33:00,,N,N,HAGERSTOWN,UNK,03,00,2500,MU,,0.51,E,W WASHINGTON ST,150,F,E,720,MU,,ELGIN BLVD,39.6467086,-77.7328071
03,21,,01,03,02,,01,01,00,BX39910001,00,02-10-2015,04:45:00,,N,N,HAGERSTOWN,UNK,03,00,11,US,,5.4,N,VIRGINIA AVE,75,F,N,1780,MU,,NOLAND DR,39.62737485,-77.73805082
01,21,,03,03,03,1,01,01,00,BX39910002,08.04,03-05-2015,09:06:00,,Y,N,HAGERSTOWN,UNK,01,00,30,MU,,0.27,W,ANTIETAM ST,75,F,W,330,MU,,S CANNON AVE,39.63784384,-77.71525741
01,21,,09.04,17,03,2,01,03,04,BX39910003,08.04,03-05-2015,09:35:00,,N,N,HAGERSTOWN,UNK,09,00,40,US,,36.9,E,DUAL HWY,0,F,E,,UU,,ENT TO BUSINESS,39.63700264,-77.70889252
01,21,,03,12,02,1,01,04,00,BX39910004,06.01,03-09-2015,08:40:00,,Y,N,HAGERSTOWN,UNK,01,00,705,MU,,1.46,N,EASTERN BLVD,20,F,N,645,MU,,DIAMOND DR,39.63885182,-77.69528031
01,21,,01,17,02,1,01,01,08,BX39910005,06.01,03-09-2015,12:14:00,,N,N,HAGERSTOWN,UNK,00,00,1760,MU,,1.6,S,MULBERRY AVE,135,F,S,1360,MU,,E LEE ST,39.63544776,-77.71996737
01,21,,03,07,02,3,01,03,00,BX39910006,06.01,03-09-2015,15:05:00,,N,N,HAGERSTOWN,UNK,01,00,40,US,,38.51,E,DUAL HWY,65,F,E,710,MU,,EDGEWOOD DR,39.6166398,-77.69242644
01,21,,03,17,02,1,01,04,00,BX39920001,07.01,02-18-2015,15:36:00,,Y,N,HAGERSTOWN,UNK,03,03,550,MU,,0.22,S,CORBETT ST,10,F,S,2599,MU,,E WILSON BLVD,39.62311078,-77.72505283
03,21,,00,03,03,1,01,03,00,BX39920002,08.04,02-14-2015,00:00:00,,N,N,HAGERSTOWN,UNK,01,00,2547,MU,,1.64,W,WESEL BLVD,200,F,W,1015,MU,,HEISTER ST,39.63646404,-77.74870992
06.02,21,,02,07,02,2,01,01,00,BX39930001,00,02-12-2015,17:55:00,,N,N,HAGERSTOWN,UNK,01,00,705,MU,,0.31,N,EASTERN BLVD,0,F,N,1650,MU,,MEMORIAL BLVD,39.63137424,-77.71084785
01,21,,02,11,01,2,01,02,00,BX41420001,03,01-24-2015,11:31:00,,Y,N,HAGERSTOWN,UNK,01,00,40,US,,10.998,W,NATIONAL PIKE (WB COUPLET),0,F,W,1830,MU,,NOTTINGHAM RD,39.65198726,-77.73806691
03,21,,01,05,03,1,01,00,00,BX41420002,08.04,02-16-2015,22:08:00,,N,N,HAGERSTOWN,UNK,01,00,885,MU,,0.995,S,GARLAND GROH BLVD,50,F,S,,UU,,ENT TO BUSINESS,39.65455623,-77.75114536
03,21,,03,17,02,,01,01,07,BX41420003,06.01,02-17-2015,20:36:00,,N,N,HAGERSTOWN,UNK,09,09,980,MU,,0.08,W,HAMMOND ST,25,F,W,1590,MU,,MCDOWELL AVE,39.65118599,-77.72610426
01,21,,02,11,02,1,01,04,00,BX41420006,06.01,03-17-2015,17:24:00,,Y,N,HAGERSTOWN,UNK,01,00,885,MU,,1.1,S,GARLAND GROH BLVD,0,F,S,,UU,,SPUR FR CENTRE BLVD,39.6551014,-77.75899887
01,21,,01,03,01,1,01,01,00,BX44310001,06.01,02-22-2015,11:54:00,,N,N,HAGERSTOWN,UNK,01,01,2200,MU,,0.79,E,SALEM AVE,25,F,E,1590,MU,,MCDOWELL AVE,39.65069861,-77.72742927
01,21,,02,03,02,1,01,01,00,BX44310002,06.01,03-03-2015,12:53:00,,Y,N,HAGERSTOWN,UNK,01,00,30,MU,,0.27,W,ANTIETAM ST,0,F,W,330,MU,,S CANNON AVE,39.63781905,-77.71517158
01,21,,01,03,01,1,01,02,00,BX44310003,06.01,03-06-2015,14:08:00,,N,N,HAGERSTOWN,UNK,01,01,40,US,,35.76,E,WASHINGTON ST (EB COUPLET),100,F,E,2470,MU,,WALNUT ST,39.64432109,-77.72509575
01,21,,02,03,02,2,01,02,00,BX44310004,06.01,03-12-2015,12:40:00,,Y,N,HAGERSTOWN,UNK,01,00,40,US,,37.33,E,DUAL HWY,0,F,E,705,MU,,EASTERN BLVD,39.63181217,-77.70196438
01,21,,02,11,02,1,01,02,00,BX48660002,00,01-29-2015,12:57:00,,Y,N,HAGERSTOWN,UNK,01,00,2301,MU,,0.45,N,SUMMIT AVE,0,F,N,40,US,,WASHINGTON ST (EB COUPLET),39.64317068,-77.72269785
03,21,,02,11,01,1,01,02,00,BX48660003,06.01,03-27-2015,01:05:00,,Y,N,HAGERSTOWN,UNK,01,00,40,US,,9.818,W,FRANKLIN ST (WB COUPLET),0,F,W,2005,MU,,POTOMAC ST,39.64331112,-77.71926194
01,21,,00,88,02,1,01,88,00,BX48740002,06.01,01-15-2015,09:10:00,,N,N,HAGERSTOWN,UNK,03,00,9070,MU,,0,S,CRAMERS ALLEY,5,F,S,40,US,,FRANKLIN ST (WB COUPLET),39.64286087,-77.71841168
01,21,,01,07,03,,01,01,00,BX49320001,10.04,01-27-2015,10:10:00,,N,N,HAGERSTOWN,UNK,01,02,218,CO,,0,S,OAK HILL AVE,100,F,S,,UU,,CUL DE SAC,39.65359804,-77.71093369
01,21,,01,08,02,1,01,01,00,BX49320002,07.01,02-05-2015,16:30:00,,N,N,HAGERSTOWN,UNK,01,00,2020,MU,,0.46,W,PROSPECT AVE,50,F,W,1960,MU,,PENNSYLVANIA AVE,39.65386237,-77.71719933
03,21,,02,17,02,1,01,04,05,BX49450003,06.01,01-10-2015,04:03:00,,Y,N,HAGERSTOWN,UNK,09,09,2600,MU,,0,E,W WILSON BLVD,0,F,E,2430,MU,,VIRGINIA AVE,39.6286722,-77.73563683
01,21,,02,11,02,1,01,01,00,BX49450004,06.01,01-23-2015,10:48:00,,Y,N,HAGERSTOWN,UNK,01,00,2005,MU,,2.02,S,POTOMAC ST,0,F,S,670,MU,,DOWNSVILLE RD,39.615772,-77.73028851