LIGHT_CODE,COUNTY_NO,MUNI_CODE,JUNCTION_CODE,COLLISION_TYPE_CODE,SURF_COND_CODE,LANE_CODE,RD_COND_CODE,RD_DIV_CODE,FIX_OBJ_CODE,REPORT_NO,WEATHER_CODE,ACC_DATE,ACC_TIME,LOC_CODE,SIGNAL_FLAG,C_M_ZONE_FLAG,AGENCY_CODE,AREA_CODE,HARM_EVENT_CODE1,HARM_EVENT_CODE2,RTE_NO,ROUTE_TYPE_CODE,RTE_SUFFIX,LOG_MILE,LOGMILE_DIR_FLAG,MAINROAD_NAME,DISTANCE,FEET_MILES_FLAG,DISTANCE_DIR_FLAG,REFERENCE_NO,REFERENCE_TYPE_CODE,REFERENCE_SUFFIX,REFERENCE_ROAD_NAME,LATITUDE,LONGITUDE
04,03,,01,17,02,1,01,01,07,AE5608000C,06.01,03-18-2015,03:00:00,,N,N,BACOPD,UNK,09,09,2461,OP,,0,E,EBERHART AVE,2,F,E,2462,CO,,CALVERT RD,39.30413478,-76.71714306
01,03,,01,02,00,,01,00,00,AE5608000F,00,03-31-2015,13:00:00,213,N,N,BACOPD,UNK,01,01,2229,CO,,1.07,S,BRENBROOK DR,1,F,S,26,MD,,LIBERTY RD,39.36544244,-76.78220809
01,01,,02,01,02,,01,01,00,BD02220001,06.01,01-17-2015,14:48:00,,Y,N,CUMBERLAND,UNK,01,00,810,MU,,0.47,E,COLUMBIA AVE,0,F,E,3630,MU,,VALLEY ST,39.65965258,-78.76821756
03,01,,02,11,02,1,01,02,00,BD02220002,07.01,01-28-2015,00:12:00,,Y,N,CUMBERLAND,UNK,01,00,681,MU,,0.53,N,N CENTRE ST,0,F,N,3630,MU,,VALLEY ST,39.65750712,-78.76940981
01,01,,00,03,02,1,01,02,00,BD02220004,06.01,03-09-2015,15:48:00,,N,N,CUMBERLAND,UNK,01,00,61,MD,,1.71,N,CANAL PKWY,0,F,N,51,MD,,INDUSTRIAL BLVD,39.64289185,-78.76365781
03,01,,01,17,02,1,01,04,05,BD02230002,06.01,02-10-2015,19:26:00,,N,N,CUMBERLAND,UNK,09,09,51,MD,,0,E,INDUSTRIAL BLVD,1,M,E,,UU,,CROSSOVER,39.64092556,-78.76412988
06.02,01,,02,17,03,,01,01,88,BD02230004,08.04,02-14-2015,18:00:00,,N,N,CUMBERLAND,UNK,88,88,5024,MU,,0.115,S,ARROWHEAD TRAIL,0,F,S,5023,MU,,MOCCASIN PATH,39.64791471,-78.79527569
03,01,,05.01,17,02,,00,00,05,BD02230006,00,02-10-2015,04:19:00,,N,N,CUMBERLAND,UNK,00,00,1640,MU,,0.06,E,HARRISON ST,1,F,E,68,RP,,RAMP 8 FR HARRISON ST TO IS 68 WB,39.64988906,-78.76101851
03,16,,02,03,01,,01,00,00,BE00440002,03,03-14-2015,01:50:00,,Y,N,DISTHEIGHTS,UNK,02,02,3074,CO,,2.41,S,MARLBORO PIKE,0,F,S,150,MU,,GATEWAY BLVD,38.85454762,-76.89912558
07.88,16,,01,07,03,,01,01,04,BE00660003,08.04,01-26-2015,18:40:00,,N,N,DISTHEIGHTS,UNK,01,09,270,MU,,0.38,S,MARBURY DR,100,F,S,320,MU,,ROSLYN AVE,38.85911347,-76.87915921
03,16,,02,88,01,,01,03,00,BE00660004,07.01,03-14-2015,00:30:00,,Y,N,DISTHEIGHTS,UNK,00,00,3074,CO,,2.41,S,MARLBORO PIKE,0,F,S,150,MU,,GATEWAY BLVD,38.8545142,-76.89923286
01,16,,01,11,00,1,01,03,00,BE00660005,00,03-18-2015,18:22:00,,N,N,DISTHEIGHTS,UNK,01,00,3074,CO,,2.56,S,MARLBORO PIKE,75,F,S,32,MU,,AZTEC DR,38.85389383,-76.89800709
01,16,,09.04,02,02,1,01,01,00,BE00710008,06.01,01-08-2015,10:37:00,,N,N,DISTHEIGHTS,UNK,03,00,3074,CO,,2.56,S,MARLBORO PIKE,100,F,S,240,MU,,KIPLING PKWY,38.8537894,-76.89782739
03,16,,02,02,02,1,01,01,04,BE0071000B,07.01,02-15-2015,18:06:00,,Y,N,DISTHEIGHTS,UNK,01,09,3074,CO,,2.3,S,MARLBORO PIKE,0,F,S,972,MD,A,OLD SILVER HILL RD,38.85524943,-76.90103531
01,16,,02,11,00,,00,01,00,BE00720002,06.01,01-09-2015,11:42:00,,Y,N,DISTHEIGHTS,UNK,01,00,84,CO,,0.4,S,COUNTY RD,0,F,S,90,MU,,DISTRICT HEIGHTS PKWY,38.85785611,-76.89890027
01,16,,03,12,02,2,01,01,00,BE00770001,06.01,02-20-2015,10:15:00,,N,N,DISTHEIGHTS,UNK,01,01,3074,CO,,2.3,S,MARLBORO PIKE,5,F,S,972,MD,,OLD SILVER HILL RD,38.85531627,-76.90093875
01,16,,01,06,03,,01,00,00,BE00770002,06.01,02-22-2015,07:20:00,,N,N,DISTHEIGHTS,UNK,01,01,3074,CO,,2.41,S,MARLBORO PIKE,5,F,S,84,CO,,COUNTY RD,38.85387086,-76.89803123
03,20,,02,17,02,1,01,01,08,BJ00820001,06.01,01-19-2015,20:03:00,,N,N,EASTON,UNK,09,00,430,MU,,0.52,E,GOLDSBOROUGH ST,0,F,E,800,MU,,PARK ST,38.77586703,-76.06687903
06.02,20,,02,11,02,1,01,01,00,BJ00820002,07.01,01-23-2015,17:14:00,BJ 8020,Y,N,EASTON,UNK,01,00,650,MU,,0.105,W,MARLBORO RD,0,F,W,,UU,,ENT TO EASTON PLAZA,38.78056757,-76.07742548
03,20,,01,01,02,1,01,01,00,BJ00860001,06.01,03-31-2015,21:30:00,,Y,N,EASTON,UNK,01,00,770,MU,,0,W,NORTH ST,20,F,W,830,MU,,PENNSYLVANIA AVE,38.77671495,-76.06874317
01,20,,02,11,01,1,00,03,23.03,BJ01100003,03,03-14-2015,10:15:00,,Y,N,EASTON,UNK,01,09,1045,MU,,0,W,TRISTAN DR,0,F,W,322,MD,,EASTON PKWY,38.74686238,-76.07165337
01,20,,03,10,02,2,01,01,00,BJ01210004,07.01,03-26-2015,13:52:00,,Y,N,EASTON,UNK,01,00,322,MD,,3.26,N,EASTON PKWY,20,F,N,650,MU,,MARLBORO RD,38.7813872,-76.08298302
01,20,,03,03,02,,01,01,00,BJ01260004,06.01,03-15-2015,13:44:00,,Y,N,EASTON,UNK,01,00,420,MU,,0.61,W,GLENWOOD AVE,5,F,W,322,MD,,EASTON PKWY,38.77300641,-76.08727455
05.02,20,,03,03,02,1,01,04,04,BJ01260005,06.01,03-24-2015,07:00:00,,Y,N,EASTON,UNK,01,09,50,US,,11.49,E,OCEAN GATEWAY,500,F,E,331,MD,,DOVER RD,38.77250453,-76.06021643
03,07,,03,11,02,1,01,01,00,BK0268000N,06.01,01-16-2015,20:08:00,,N,N,ELKTON,UNK,01,00,279,MD,,1.2,N,NEWARK AVE,10,F,N,,UU,,ENT TO BUSINESS,39.61884645,-75.83808661
04,07,,01,17,02,,01,01,11,BK0268000P,06.01,01-18-2015,01:50:00,,N,N,ELKTON,UNK,09,00,370,MU,,0.39,S,LOCUST LA,5,F,S,60,MU,,BOOTH LA,39.61174278,-75.82457364
03,07,,03,07,02,1,01,01,02,BK0268000Q,06.01,01-27-2015,19:15:00,,N,N,ELKTON,UNK,02,09,550,MU,,0.15,E,STOCKTON ST,10,F,E,82,MU,,BOW ST #2,39.61185436,-75.831424
03,07,,02,03,02,,01,04,00,BK0269000P,06.01,02-15-2015,22:33:00,,Y,N,ELKTON,UNK,01,00,40,US,,15.32,E,PULASKI HWY,0,F,E,211,CO,,WHITE HALL RD,39.59824525,-75.8200568
01,07,,01,17,04,1,01,04,05,BK0271000L,03,01-18-2015,08:19:00,,N,N,ELKTON,UNK,09,09,40,US,,14.58,E,PULASKI HWY,100,F,E,,UU,,END BRIDGE,39.6018857,-75.83312988
03,07,,10.04,06,02,1,01,01,00,BK0271000N,06.01,01-31-2015,23:59:00,,N,N,ELKTON,UNK,02,88,500,MU,,0.13,S,MAPLE AVE,0,F,S,8090,MU,,ALLEY 9,39.61622243,-75.83046377
01,07,,03,07,02,1,01,05.01,00,BK0271000Q,06.01,02-10-2015,16:18:00,,N,N,ELKTON,UNK,01,00,213,MD,,18.4,N,S BRIDGE ST,0,F,N,,UU,,ENT TO BUSINESS,39.60140624,-75.82825899
03,07,,02,03,01,,01,04,00,BK0271000T,03,03-10-2015,19:20:00,,Y,N,ELKTON,UNK,01,00,40,US,,15.32,E,PULASKI HWY,0,F,E,575,MU,,WHITE HALL RD,39.59824835,-75.81967592
03,07,,01,03,02,1,01,04,00,BK0271000V,06.01,03-28-2015,01:33:00,,N,N,ELKTON,UNK,01,00,40,US,,17.17,E,PULASKI HWY,100,F,E,17,MU,,AUTOMOTIVE BLVD,39.60577084,-75.78806877
03,16,,01,03,02,2,01,04,00,BP94020003,06.01,01-24-2015,19:45:00,,Y,N,FORESTHEIGHTS,UNK,01,00,210,MD,,0.32,N,INDIAN HEAD HWY,300,F,N,810,MD,,LIVINGSTON RD,38.81634673,-76.99889302
04,16,,01,08,06.03,2,01,04,11,BP94060003,12.04,02-20-2015,23:55:00,0520,N,N,FORESTHEIGHTS,UNK,01,11,210,MD,,13.97,N,INDIAN HEAD HWY,0,M,N,1203,CO,,LIVINGSTON RD,38.81049486,-76.99842095
04,13,,01,17,01,1,00,01,06,CB4138000B,02,03-11-2015,00:08:00,F3,N,N,HOCPD,UNK,09,16,51,CO,,2.39,W,BRIGHTON DAM RD,150,F,W,921,CO,,FIRETHORN DR,39.19694833,-76.99375
01,13,,01,88,03,,01,01,00,CB41460001,08.04,01-21-2015,14:04:00,,N,N,HOCPD,UNK,02,00,1971,CO,,0.15,S,LORING DR,50,F,S,2136,CO,,POUND APPLE CT,39.19641772,-76.83276504
03,13,,02,13,01,1,01,88,04,CB42610004,03,01-12-2015,20:39:00,D6,Y,N,HOCPD,UNK,01,09,216,MD,,4.455,N,SCAGGSVILLE RD,0,F,N,3525,CO,,MAPLE LAWN BLVD,39.14701118,-76.90741897
03,13,,02,11,01,1,01,01,00,CB44450001,03,01-12-2015,20:12:00,,Y,N,HOCPD,UNK,01,00,2549,CO,,0.08,N,BUSINESS PKWY,0,F,N,496,CO,,ROOSEVELT BLVD,39.18305476,-76.76722527
03,13,,00,07,02,2,01,04,00,CB44450002,07.01,01-12-2015,23:05:00,,N,N,HOCPD,UNK,01,00,175,MD,,1.51,N,WATERLOO RD,80,F,N,,UU,,SPUR TO US 1,39.17255886,-76.78594708
03,13,,05.01,17,02,1,01,04,05,CB44450003,00,01-19-2015,18:45:00,,N,N,HOCPD,UNK,09,00,103,MD,,3.27,N,MEADOWRIDGE RD,0,F,N,,UU,,ROUNDABOUT,39.20834826,-76.78308249
03,13,,09.04,11,02,2,01,03,00,CB44450004,06.01,02-11-2015,18:49:00,,N,N,HOCPD,UNK,01,00,1,US,,9.66,N,WASHINGTON BLVD,0,F,N,,UU,,ENT TO BUSINESS,39.20904657,-76.72465324
03,13,,03,88,03,1,88,01,00,CB44450005,08.04,02-16-2015,20:57:00,,Y,N,HOCPD,UNK,15,01,1,US,,6.1,N,WASHINGTON BLVD,0,F,N,131,CO,,MONTEVIDEO RD,39.17515387,-76.77716017
03,13,,09.04,06,02,1,01,01,04,CB44450006,06.01,02-12-2015,21:26:00,,N,N,HOCPD,UNK,01,09,2885,CO,,0.67,S,DORSEY RUN RD,114,F,S,1178,OP,,DORSEY RUN RD (AHEAD),39.17156075,-76.75896406
01,13,,03,02,02,,01,01,00,CB45010001,06.01,02-04-2015,13:28:00,,N,N,HOCPD,UNK,01,00,1,US,,3.3,N,WASHINGTON BLVD,200,F,N,,UU,,ENT TO BUSINESS,39.14518896,-76.80904627
01,13,,01,03,02,1,01,01,00,CB45010002,07.01,03-09-2015,08:02:00,,N,N,HOCPD,UNK,01,00,1,US,,4.76,N,WASHINGTON BLVD,200,F,N,122,CO,,MISSION RD,39.16415768,-76.7919445
01,13,,01,08,02,1,01,01,00,CB45010003,06.01,03-23-2015,09:20:00,,N,N,HOCPD,UNK,01,00,1910,CO,,2.77,N,GUILFORD RD,800,F,N,122,CO,,MISSION RD,39.15352585,-76.81945324
01,13,,02,11,02,1,01,01,00,CB45010004,06.01,03-23-2015,10:31:00,,Y,N,HOCPD,UNK,01,00,121,CO,,0.703,N,DORSEY RUN RD,0,F,N,3,SR,,ENT TO CLIFTON T PERKINS HOSPITAL,39.14001328,-76.79327488
01,13,,02,02,02,2,01,01,04,CB45010005,06.01,03-23-2015,15:50:00,,Y,N,HOCPD,UNK,01,09,1,US,,3.85,N,WASHINGTON BLVD,0,F,N,1092,CO,,PATUXENT RANGE RD,39.15079692,-76.80295229
04,13,,02,11,02,1,01,01,00,CB45340002,06.01,01-16-2015,18:13:00,F-2,Y,N,HOCPD,UNK,01,00,97,MD,,7.15,N,HOODS MILL RD,0,F,N,698,CO,,MONTICELLO DR,39.33129337,-77.01461077
03,13,,02,11,02,1,01,01,00,CB45340003,06.01,02-15-2015,18:05:00,,Y,N,HOCPD,UNK,01,00,70,CO,,1.97,N,MARRIOTTSVILLE RD,0,F,N,99,MD,,OLD FREDERICK RD,39.31658654,-76.89882517
01,13,,02,11,01,1,01,03,00,CB45810004,12.04,02-02-2015,07:28:00,,Y,N,HOCPD,UNK,01,01,108,MD,,3.78,E,CLARKSVILLE PIKE,0,F,E,32,RP,,RAMP 8 FR MD 108 SB TO MD 32 WB,39.20711789,-76.94171906
01,13,,02,02,00,1,01,03,00,CB45810006,07.01,03-26-2015,08:03:00,,Y,N,HOCPD,UNK,01,00,744,CO,,0.63,W,HARPERS FARM RD,0,F,W,1030,CO,,BEAVERKILL RD,39.22143212,-76.88683033
06.02,13,,02,88,02,2,01,04,00,CB45850002,07.01,02-07-2015,17:35:00,F4,Y,N,HOCPD,UNK,01,00,32,MD,,19.36,N,SYKESVILLE RD,0,F,N,,,,FREDERICK RD ,39.30254909,-76.9528985
01,13,,05.01,17,04,,00,02,05,CB45850003,12.04,01-20-2015,08:28:00,F41,N,N,HOCPD,UNK,09,00,32,RP,,0,N,RAMP 4 FR MD 32 NB TO BURNTWOODS RD,0,F,N,32,MD,,SYKESVILLE RD,39.27483,-76.99585
01,13,,01,17,04,1,01,01,05,CB46000003,12.04,01-03-2015,07:55:00,F3,N,N,HOCPD,UNK,09,00,558,CO,,2.88,N,TEN OAKS RD,200,F,N,81,CO,,W LINDEN CHURCH RD,39.23140547,-76.97630882
01,13,,01,17,04,1,01,01,08,CB46000004,12.04,01-03-2015,09:15:00,F1,N,N,HOCPD,UNK,09,00,6,CO,,0.1,N,TWIN ARCH RD,30,F,N,144,MD,,TWIN ARCH RD,39.3579105,-77.1368444
04,13,,01,17,02,1,01,01,00,CB46000005,06.01,01-07-2015,17:29:00,F3,N,N,HOCPD,UNK,08,00,57,CO,,1.27,S,HIGHLAND RD,0,M,S,54,CO,,NICHOLS DR,39.20701397,-76.98016047
01,13,,02,03,00,1,01,01,00,CB46000007,06.01,02-23-2015,17:10:00,F3,N,N,HOCPD,UNK,01,00,97,MD,,2.3,N,ROXBURY MILLS RD,0,F,N,1062,CO,,ROXBURY RD,39.26645055,-77.04234481
01,13,,01,17,02,1,01,01,18.88,CB46000008,06.01,02-24-2015,08:15:00,,N,N,HOCPD,UNK,09,00,2681,CO,,0,E,WATKINS WAY,0,M,E,5,CO,,LONG CORNER RD,39.31374773,-77.15337753
01,13,,09.04,11,01,2,01,03,00,CB46070008,07.01,01-04-2015,13:52:00,E71,N,N,HOCPD,UNK,01,01,1,US,,3.85,N,WASHINGTON BLVD,100,F,N,1092,CO,,PATUXENT RANGE RD,39.15084684,-76.80290937
01,13,,01,17,04,1,01,01,11,CB46070009,06.01,01-14-2015,08:25:00,C1,N,N,HOCPD,UNK,09,00,128,CO,,0.85,S,OAKLAND MILLS RD,300,F,S,83,CO,,OLD MONTGOMERY RD,39.21533106,-76.83666229
03,13,,02,02,02,,01,01,00,CB4607000B,06.01,01-17-2015,18:31:00,D2,Y,N,HOCPD,UNK,01,00,744,CO,,1.83,W,HARPERS FARM RD,0,F,W,108,MD,,CLARKSVILLE PIKE,39.23338335,-76.89897537
01,13,,05.01,17,02,,01,88,09,CB4607000C,06.01,01-23-2015,08:38:00,C2,N,N,HOCPD,UNK,09,00,32,MD,,5.42,N,PATUXENT PKWY,20,F,N,1470,CO,,SHAKER DR,39.17678402,-76.85919285
01,13,,03,07,02,,01,02,09,CB4607000D,06.01,01-23-2015,10:45:00,C2,N,N,HOCPD,UNK,01,09,32,MD,,4.87,N,PATUXENT PKWY,200,F,N,1161,CO,,BROKEN LAND PKWY,39.1729581,-76.84867859
01,13,,01,17,04,1,01,01,06,CB4607000F,09.04,02-10-2015,08:10:00,D2,N,N,HOCPD,UNK,09,10,108,MD,,5.62,E,CLARKSVILLE PIKE,500,F,E,1945,CO,,BRAGDON WOOD,39.22969348,-76.91674232
01,13,,02,11,00,1,01,00,00,CB4607000G,06.01,02-10-2015,17:20:00,D11,Y,N,HOCPD,UNK,01,00,86,CO,,1.71,S,BROWNS BRIDGE RD,0,F,S,88,CO,,LIME KILN RD,39.15369224,-76.95364952
04,03,,01,17,03,1,05,01,11,AE56090003,08.04,01-26-2015,23:41:00,,N,N,BACOPD,UNK,09,00,533,CO,,2.62,N,MARRIOTTSVILLE RD,500,F,N,535,CO,,HERNWOOD RD,39.37499721,-76.84544921
03,03,,01,06,02,1,01,01,00,AE56090004,06.01,02-08-2015,01:24:00,,N,N,BACOPD,UNK,01,00,2291,CO,,0.22,N,TULSEMERE RD,30,F,N,2294,CO,,JODALE RD,39.38061169,-76.80654109
03,03,,01,88,02,1,01,01,00,AE56090005,06.01,02-08-2015,23:29:00,,N,N,BACOPD,UNK,02,00,1700,CO,,1.707,E,OLD COURT RD,20,F,E,2229,CO,,BRENBROOK DR,39.35891218,-76.7888546
03,03,,03,17,02,1,01,01,11,AE56090006,06.01,02-14-2015,02:27:00,,N,N,BACOPD,UNK,09,00,1900,CO,,1.55,S,WINDSOR MILL RD,50,F,S,2088,CO,,MAYFIELD AVE,39.34695125,-76.77667737
03,03,,03,11,02,,01,01,00,AE56090007,06.01,03-29-2015,02:30:00,,N,N,BACOPD,UNK,01,00,6382,CO,,2.33,S,LORD BALTIMORE DR,0,F,S,,UU,,TALLOW CT,39.31747364,-76.75143778
01,03,,02,02,02,1,01,01,00,AE56120005,06.01,01-01-2015,13:10:00,,Y,N,BACOPD,UNK,01,00,4610,CO,,0.28,S,CARROLL ISLAND RD,0,F,S,4600,CO,,BOWLEYS QUARTERS RD,39.33751711,-76.39758468
07.88,03,,01,88,02,1,01,03,00,AE56120006,06.01,01-08-2015,19:30:00,,N,N,BACOPD,UNK,01,19,4114,CO,,0.84,N,EASTERN AVE,100,F,N,4111,CO,,OLIVER BEACH RD,39.37171083,-76.35885358
01,03,,02,03,02,1,01,04,00,AE56120007,06.01,01-25-2015,11:26:00,,Y,N,BACOPD,UNK,01,01,150,MD,,6.46,E,EASTERN BLVD,0,F,E,587,MD,,WILSON POINT RD,39.3354011,-76.4287962
06.02,03,,01,17,04,1,01,01,18.88,AE56120008,12.04,02-10-2015,02:30:00,,N,N,BACOPD,UNK,01,00,150,MD,,9.87,E,EASTERN AVE,0,F,E,7343,CO,,REED RD,39.35425208,-76.37563348
06.02,03,,02,03,03,1,01,04,00,AE56120009,12.04,02-14-2015,00:00:00,,Y,N,BACOPD,UNK,01,01,4610,CO,,0,S,CARROLL ISLAND RD,0,F,S,150,MD,,EASTERN AVE,39.33772456,-76.39968216
01,03,,01,11,02,1,01,03,00,AE5612000B,06.01,03-06-2015,17:28:00,,N,N,BACOPD,UNK,01,00,150,MD,,7.78,E,EASTERN BLVD,0,F,E,4609,CO,,WOODLAND AVE,39.33727854,-76.40586466
04,03,,01,17,01,1,01,01,05,AE56130002,03,01-17-2015,00:35:00,,N,N,BACOPD,UNK,09,00,542,CO,,0,E,DAVIS AVE,100,F,E,125,MD,,OLD COURT RD,39.33847967,-76.86007261
03,03,,03,17,01,2,01,04,09,AE56130004,12.04,02-14-2015,22:15:00,,Y,N,BACOPD,UNK,09,00,122,MD,,1.09,E,SECURITY BLVD,0,F,E,2501,CO,,WOODLAWN DR,39.31231998,-76.73510313
03,03,,01,17,04,3,01,04,00,AE56130005,00,02-28-2015,02:00:00,,Y,N,BACOPD,UNK,00,00,122,MD,,2.07,E,SECURITY BLVD,0,F,E,2452,CO,,KERNAN DR,39.31197965,-76.71630621
01,03,,00,17,01,1,01,01,11,AE56140008,03,03-14-2015,09:55:00,,N,N,BACOPD,UNK,09,00,147,MD,,3.32,N,HARFORD RD,1,M,N,3797,CO,,KNOLL ACRES DR,39.41830902,-76.50728703
03,03,,03,03,00,3,01,04,00,AE56140009,06.01,01-10-2015,23:04:00,,Y,N,BACOPD,UNK,01,00,43,MD,,0.64,E,WHITE MARSH BLVD,20,F,E,6158,CO,,WALTHER BLVD,39.38098486,-76.51181459
03,03,,00,00,02,1,01,01,00,AE5614000B,00,01-11-2015,00:55:00,,N,N,BACOPD,UNK,02,00,3613,CO,,0,N,ROBERN AVE,100,F,N,3612,CO,,GRENDON LA,39.38889574,-76.53361559
01,03,,00,03,02,2,00,01,00,AE5614000C,06.01,02-24-2015,14:00:00,,N,N,BACOPD,UNK,01,00,147,MD,,1.5,N,HARFORD RD,0,F,N,3582,CO,,RICHMOND AVE,39.38978296,-76.52903438
04,03,,00,00,02,1,01,01,00,AE5614000D,00,03-16-2015,20:43:00,,N,N,BACOPD,UNK,02,00,6096,CO,,0.62,S,KINTORE DR,30,F,S,6158,CO,,WALTHER BLVD,39.38311608,-76.51017308
99,03,,00,99,99,,00,01,07,AE56150004,99,01-29-2015,10:30:00,,N,N,BACOPD,UNK,09,00,4466,CO,,0.03,E,CONMAR RD,100,F,E,4468,CO,,LANNERTON RD,39.34936558,-76.44510269
01,03,,01,10,02,2,00,01,00,AE56160009,06.01,03-13-2015,14:30:00,,N,N,BACOPD,UNK,01,00,45,MD,,7.97,N,YORK RD,500,F,N,372,CO,,HILLSIDE AVE,39.39052092,-76.60515547
07.88,03,,01,03,02,1,01,01,00,AE56180003,00,01-15-2015,06:50:00,,N,N,BACOPD,UNK,02,00,2097,CO,,0.29,S,GREENS LA,40,F,S,2123,CO,,STONEYBROOK RD,39.36320285,-76.79278135
01,03,,01,03,04,1,01,01,00,AE56180004,03,01-18-2015,09:46:00,,N,N,BACOPD,UNK,01,00,2111,CO,,0.56,S,CARLSON LA,75,F,S,,UU,,VILLIAGE OF PINE,39.35143969,-76.77834034
01,03,,02,01,02,,01,01,00,AE56180005,06.01,02-16-2015,14:55:00,214 PC02,Y,N,BACOPD,UNK,01,00,26,MD,,5.457,E,LIBERTY RD,0,F,E,2097,CO,,GREENS LA,39.36733359,-76.79531336
03,03,,02,11,01,1,01,01,00,AE56180006,08.04,02-16-2015,17:51:00,,Y,N,BACOPD,UNK,01,00,2310,CO,,0.3,N,TIVERTON RD,0,F,N,2305,CO,,SOUTHALL RD,39.38282584,-76.81664228
03,03,,01,17,01,1,01,01,05,AE56180007,99,03-09-2015,06:30:00,PC02,N,N,BACOPD,UNK,09,00,125,MD,,1.39,E,OLD COURT RD,150,F,E,537,CO,,ST PAUL AVE,39.34110173,-76.85361385
03,03,,01,06,02,,01,01,00,AE56190004,06.01,01-01-2015,04:53:00,,N,N,BACOPD,UNK,02,02,,,,,,WALDEN MILL WAY,10,F,,,,,MCGRADY SQUARE,39.28884513,-76.74469471
03,03,,00,07,01,1,01,01,00,AE56190005,00,01-04-2015,00:33:00,,N,N,BACOPD,UNK,02,00,2546,CO,,0.11,S,HARWALL RD,15,F,S,2548,CO,,CLAIRIDGE RD,39.29715667,-76.72220707
03,03,,00,88,02,,01,00,00,AE56190006,06.01,01-31-2015,23:06:00,,N,N,BACOPD,UNK,01,00,,,,,,CARRIAGE HILL CIR,0,M,,,,,PIKESWOOD DR,39.36997946,-76.81030154
03,03,,00,03,02,,01,00,00,AE56190007,06.01,02-01-2015,03:23:00,,N,N,BACOPD,UNK,02,00,2332,CO,,0,E,MENDOZA RD,0,M,E,2331,CO,,KINGS POINT RD,39.36817962,-76.82756424
03,03,,00,07,02,,00,00,00,AE56190009,06.01,02-08-2015,03:41:00,,N,N,BACOPD,UNK,02,00,2501,CO,,1.37,N,WOODLAWN DR,300,F,N,2404,CO,,WHITEHEAD RD,39.31623792,-76.7373991
03,03,,01,03,03,1,01,03,00,AE5619000B,06.01,02-18-2015,05:36:00,,N,N,BACOPD,UNK,02,00,2229,CO,,0.26,S,BRENBROOK DR,130,F,S,2226,CO,,MEADOW HEIGHTS RD,39.3726667,-76.7873311
01,03,,00,03,03,2,88,04,00,AE5619000C,08.04,02-21-2015,14:00:00,,N,N,BACOPD,UNK,02,00,1,US,AL,2.68,N,CATON AVE,200,F,N,7065,OP,AL,WASHINGTON BLVD,39.25768469,-76.6643545
03,03,,00,07,01,1,01,03,00,AE5619000D,06.01,03-07-2015,22:40:00,,N,N,BACOPD,UNK,02,00,6382,CO,,2.72,S,LORD BALTIMORE DR,400,F,S,122,MD,,SECURITY BLVD,39.3159059,-76.75203323
03,03,,01,08,02,1,00,01,00,AE56200004,07.01,01-01-2015,01:40:00,,N,N,BACOPD,UNK,01,00,288,OP,,0.08,N,LACHLAN CIR,25,F,N,290,OP,,DONACHIE RD,39.38599353,-76.5832901
03,03,,01,07,04,,01,03,00,AE56200005,00,01-19-2015,01:08:00,,N,N,BACOPD,UNK,02,00,1300,CO,,1.73,E,REGESTER AVE,10,F,E,1302,CO,,OVERBROOK RD,39.37389417,-76.58454001
03,03,,02,17,02,1,01,03,88,AE56200006,07.01,01-28-2015,03:06:00,,Y,N,BACOPD,UNK,09,00,1213,CO,,0,E,AIGBURTH RD,0,F,E,45,MD,,YORK RD,39.39295863,-76.60440445
03,03,,02,17,04,1,01,01,04,AE56200007,00,03-07-2015,03:48:00,,N,N,BACOPD,UNK,09,00,1207,CO,,0.4,E,BURKE AVE,0,F,E,1210,CO,,NORMAL TERR,39.39503558,-76.60088539
01,03,,01,17,04,1,01,01,11,AE56210004,06.01,03-06-2015,14:05:00,,N,N,BACOPD,UNK,09,00,443,CO,,0.47,E,WORTHINGTON AVE,500,F,E,6240,CO,,SAGAMORE FOREST LA,39.48187656,-76.79192305
01,20,,01,17,03,1,01,01,11,BJ01350006,06.01,01-14-2015,09:55:00,,N,N,EASTON,UNK,09,00,90,MU,,0.04,W,BEECH PL,120,F,W,470,MU,,HARRISON ST,38.76904987,-76.07393861
03,20,,02,03,02,1,01,01,00,BJ0146000V,06.01,01-01-2015,18:24:00,,Y,N,EASTON,UNK,01,00,430,MU,,0.89,E,GOLDSBOROUGH ST,0,F,E,50,US,,OCEAN GATEWAY,38.77716347,-76.06087089
01,20,,02,03,03,1,01,01,00,BJ0146000W,08.04,01-06-2015,09:07:00,,Y,N,EASTON,UNK,01,01,328,MD,,0.18,E,MATTHEWSTOWN RD,0,F,E,297,CO,,ELLIOTT RD,38.77866063,-76.05737329
03,20,,03,03,02,,01,04,00,BJ0146000X,06.01,01-09-2015,18:30:00,,Y,N,EASTON,UNK,01,00,50,US,,10.08,E,OCEAN GATEWAY,30,F,E,14,CO,,CHAPEL RD,38.79252661,-76.06006622
01,20,,02,03,02,1,01,03,00,BJ0146000Y,06.01,01-11-2015,15:28:00,,Y,N,EASTON,UNK,01,00,50,US,,11.15,E,OCEAN GATEWAY,0,F,E,430,MU,,GOLDSBOROUGH ST,38.77755658,-76.0602808
01,20,,03,03,02,1,01,01,00,BJ0146000Z,06.01,03-11-2015,16:59:00,,N,N,EASTON,UNK,01,00,328,MD,,0.18,E,MATTHEWSTOWN RD,80,F,E,297,CO,,ELLIOTT RD,38.7782717,-76.05802238