LIGHT_CODE,COUNTY_NO,MUNI_CODE,JUNCTION_CODE,COLLISION_TYPE_CODE,SURF_COND_CODE,LANE_CODE,RD_COND_CODE,RD_DIV_CODE,FIX_OBJ_CODE,REPORT_NO,WEATHER_CODE,ACC_DATE,ACC_TIME,LOC_CODE,SIGNAL_FLAG,C_M_ZONE_FLAG,AGENCY_CODE,AREA_CODE,HARM_EVENT_CODE1,HARM_EVENT_CODE2,RTE_NO,ROUTE_TYPE_CODE,RTE_SUFFIX,LOG_MILE,LOGMILE_DIR_FLAG,MAINROAD_NAME,DISTANCE,FEET_MILES_FLAG,DISTANCE_DIR_FLAG,REFERENCE_NO,REFERENCE_TYPE_CODE,REFERENCE_SUFFIX,REFERENCE_ROAD_NAME,LATITUDE,LONGITUDE
01,20,,02,09,02,1,01,01,00,BJ01460010,00,03-12-2015,12:17:00,,N,N,EASTON,UNK,01,00,277,MU,,0.22,N,DOVER RD,0,F,N,,UU,,DOVERBROOK,38.77309006,-76.06407881
03,20,,02,17,02,,01,01,04,BJ01460011,00,03-26-2015,21:23:00,,Y,N,EASTON,UNK,09,00,280,MU,,0.43,W,DOVER ST,0,F,W,1090,MU,,S WASHINGTON ST,38.77431127,-76.07617021
01,20,,02,02,00,,00,00,00,BJ01540008,06.01,01-28-2015,07:25:00,BJ 8020,Y,N,EASTON,UNK,01,01,50,US,,11.49,E,OCEAN GATEWAY,0,F,E,277,MU,,DOVER RD,38.77242089,-76.06032372
01,20,,01,08,02,1,01,01,00,BJ01540009,06.01,03-25-2015,09:53:00,BJ8020,N,N,EASTON,UNK,10,00,334,MD,,0.69,E,PORT ST,25,F,E,235,MU,,CLAY ST,38.77114945,-76.08206034
03,20,,01,15,01,1,01,01,00,BJ01550004,03,03-31-2015,20:24:00,,N,N,EASTON,UNK,01,00,,,,,,ASHBY LANE,2,F,,,,,LOWES PARKING LOT,38.77081486,-76.0815239
01,20,,02,17,02,1,01,01,04,BJ01590004,06.01,01-20-2015,09:32:00,,N,N,EASTON,UNK,09,09,500,MU,,0,W,HIGH ST,0,F,W,50,US,,OCEAN GATEWAY,38.76936774,-76.06055975
01,20,,03,17,02,1,01,04,04,BJ01590005,06.01,01-20-2015,10:43:00,,Y,N,EASTON,UNK,09,09,328,MD,,0.01,E,MATTHEWSTOWN RD,10,F,E,,UU,,SPUR FR US 50,38.7774719,-76.05981007
03,20,,02,17,02,,01,01,04,BJ01590006,07.01,01-29-2015,17:53:00,,Y,N,EASTON,UNK,09,09,650,MU,,0.42,W,MARLBORO RD,0,F,W,322,MD,,EASTON PKWY,38.78146247,-76.08318686
06.02,20,,01,17,02,1,01,01,04,BJ01590007,06.01,02-05-2015,17:00:00,,N,N,EASTON,UNK,09,00,1110,MU,,0.12,S,WEST ST,200,F,S,360,MU,,FEDERAL ST,38.7762246,-76.07759178
01,20,,03,03,02,1,01,01,00,BJ01590009,06.01,03-17-2015,16:52:00,,N,N,EASTON,UNK,01,00,470,MU,,0.84,N,HARRISON ST,10,F,N,140,MU,,BREWERS LA,38.776854,-76.07518852
01,20,,03,03,02,1,01,01,00,BJ0159000B,06.01,03-21-2015,13:32:00,,N,N,EASTON,UNK,01,00,331,MD,,3.81,N,DOVER RD,20,F,N,297,CO,,ELLIOTT RD,38.77186882,-76.05740547
01,20,,02,02,01,,01,01,00,BJ0159000C,07.01,03-30-2015,09:34:00,,Y,N,EASTON,UNK,01,00,410,MU,,0.12,N,GLEBE RD,0,F,N,650,MU,,MARLBORO RD,38.78086134,-76.07564718
03,16,,02,00,02,1,01,04,00,BP94080002,06.01,01-01-2015,18:43:00,,Y,N,FORESTHEIGHTS,UNK,03,00,210,MD,,13.97,N,INDIAN HEAD HWY,0,F,N,1203,CO,,LIVINGSTON RD,38.8156299,-76.99855506
04,16,,01,03,02,2,01,04,00,BP94080003,06.01,01-28-2015,18:28:00,,N,N,FORESTHEIGHTS,UNK,01,01,210,MD,,13.97,N,INDIAN HEAD HWY,0,F,N,,UU,,SPUR FR SACHEM DR,38.80905689,-76.99867845
03,16,,02,11,02,1,01,04,00,BP94080004,06.01,01-31-2015,23:35:00,,Y,N,FORESTHEIGHTS,UNK,01,00,210,MD,,13.97,N,INDIAN HEAD HWY,0,F,N,1203,CO,,LIVINGSTON RD,38.81541464,-76.99872136
01,10,,03,03,02,2,01,01,00,BS02730004,06.01,01-10-2015,10:40:00,,N,N,FREDERICKPD,UNK,01,00,1310,MU,,0.61,S,ROSEMONT AVE,50,F,S,90,MU,,BAUGHMANS LA,39.427905,-77.43178
01,10,,01,07,02,2,01,01,10,BS02730005,06.01,01-16-2015,12:45:00,,N,N,FREDERICKPD,UNK,01,09,144,MD,FA,3.66,W,E PATRICK ST,500,F,W,996,MU,,MONOCACY BLVD,39.40687015,-77.38703012
01,10,,03,07,02,1,01,04,00,BS02730006,06.01,02-03-2015,13:00:00,,Y,N,FREDERICKPD,UNK,01,00,40,US,,12.56,E,W PATRICK ST,100,F,E,723,MU,,HILLCREST DR,39.41762937,-77.4486351
01,10,,02,17,03,1,05,01,88,BS02730007,06.01,02-28-2015,09:50:00,,Y,N,FREDERICKPD,UNK,10,00,775,MU,,0.73,E,KEY PKWY,0,F,E,884,OP,,MCCAIN DR,39.42235362,-77.45337725
01,10,,03,03,02,2,01,01,00,BS02850003,06.01,02-25-2015,12:58:00,,Y,N,FREDERICKPD,UNK,01,00,144,MD,FA,4.05,W,E PATRICK ST,150,F,W,660,MU,,FRANKLIN ST,39.41038491,-77.39397168
01,10,,02,02,02,3,01,04,00,BS02940003,06.01,02-23-2015,15:47:00,,Y,N,FREDERICKPD,UNK,01,00,40,US,,12.15,E,W PATRICK ST,0,F,E,925,MU,,MCCAIN DR,39.41875659,-77.45345235
01,10,,01,88,02,1,01,01,00,BS03170002,06.01,02-13-2015,11:13:00,,N,N,FREDERICKPD,UNK,02,00,1321,MU,,0.49,N,S MARKET ST,60,F,N,7025,MU,,FOXS ALLEY,39.406764,-77.411945
01,10,,02,11,02,,01,88,00,BS03170003,06.01,02-15-2015,15:11:00,,Y,N,FREDERICKPD,UNK,01,00,261,MU,,0.16,S,S CARROLL ST,0,F,S,881,OP,,ALL SAINTS ST,39.411713,-77.40802
03,10,,01,88,01,1,01,02,00,BS0324000G,03,01-04-2015,09:33:00,,N,N,FREDERICKPD,UNK,01,02,1049,MU,,0,N,N MARKET ST,100,F,N,144,MD,,W PATRICK ST,39.41461232,-77.41106272
01,10,,02,11,02,1,01,01,00,BS0324000J,06.01,02-28-2015,13:56:00,,Y,N,FREDERICKPD,UNK,01,02,9051,MU,,0.1,E,E 5TH ST,0,F,E,920,MU,,N MAXWELL RD,39.42020703,-77.4082303
01,10,,01,09,02,,01,02,00,BS03300003,06.01,02-13-2015,16:56:00,,N,N,FREDERICKPD,UNK,01,00,1049,MU,,0.17,N,N MARKET ST,50,F,N,9020,MU,,E 2ND ST,39.41674251,-77.41068721
03,10,,02,03,02,,01,04,00,BS03400004,06.01,01-02-2015,20:33:00,,Y,N,FREDERICKPD,UNK,01,00,820,MU,,0.4,N,LINDEN AVE,0,F,N,40,US,,W PATRICK ST,39.41622033,-77.43832201
03,10,,03,03,01,3,03,03,00,BS03400007,06.01,01-22-2015,18:55:00,,Y,N,FREDERICKPD,UNK,01,01,40,US,,12.81,E,W PATRICK ST,240,F,E,725,MU,,HOKE PL,39.41670935,-77.44217634
01,10,,02,11,01,2,01,04,00,BS03400008,07.01,02-02-2015,09:32:00,,Y,N,FREDERICKPD,UNK,01,00,1625,MU,,6.23,W,W PATRICK ST,0,F,W,15,RP,,RAMP 2 FR W PATRICK ST WB TO US 15 NB,39.41500811,-77.43338943
03,10,,01,11,02,1,01,03,04,BS03400009,06.01,02-20-2015,23:38:00,,N,N,FREDERICKPD,UNK,01,09,1310,MU,,0.6,S,ROSEMONT AVE,400,F,S,990,MU,,MILITARY RD,39.42998634,-77.43316412
01,10,,02,11,01,1,01,01,00,BS0340000B,03,03-04-2015,13:06:00,,N,N,FREDERICKPD,UNK,01,00,1575,MU,,0,N,WILLOWDALE DR,0,F,N,40,US,,W PATRICK ST,39.41925389,-77.45046973
03,10,,00,88,04,,01,00,04,BS03410001,03,01-11-2015,23:37:00,,N,N,FREDERICKPD,UNK,09,09,346,OP,,1.07,N,TANEY AVE #2,999,F,N,345,OP,,THOMAS JOHNSON DR,39.43875961,-77.41168097
03,10,,00,03,04,,00,00,00,BS03410002,03,01-11-2015,23:51:00,,N,N,FREDERICKPD,UNK,01,01,346,OP,,1.07,N,TANEY AVE #2,999,F,N,345,OP,,THOMAS JOHNSON DR,39.43884247,-77.41170779
01,21,,03,03,02,1,01,04,00,BX50870001,06.01,01-05-2015,16:18:00,,Y,N,HAGERSTOWN,UNK,01,00,2599,MU,,0.72,E,E WILSON BLVD,0,F,E,1250,MU,,KENLY AVE,39.62160879,-77.71503478
01,21,,01,09,02,3,01,04,00,BX50870003,06.01,01-14-2015,14:25:00,,N,N,HAGERSTOWN,UNK,01,00,40,US,,37.33,E,DUAL HWY,140,F,E,705,MU,,EASTERN BLVD,39.63151264,-77.70151913
01,21,,02,17,04,,01,00,02,BX50870004,06.01,03-02-2015,17:05:00,,N,N,HAGERSTOWN,UNK,09,00,1760,MU,,1.19,S,MULBERRY AVE,0,F,S,5230,MU,,ALLEY 23,39.64061988,-77.71583676
01,21,,01,03,01,1,01,02,00,BX50870005,06.01,03-06-2015,12:22:00,,N,N,HAGERSTOWN,UNK,01,00,40,US,,36.23,E,WASHINGTON ST (EB COUPLET),100,F,E,1431,MU,,N LOCUST ST,39.64033278,-77.71681845
03,21,,01,88,02,1,01,03,00,BX50880001,06.01,01-02-2015,21:36:00,,N,N,HAGERSTOWN,UNK,02,02,1550,MU,,0.34,S,MARYLAND AVE,150,F,S,1100,MU,,W HOWARD ST,39.62750706,-77.72912979
03,21,,01,01,02,1,01,03,00,BX50880002,06.01,01-02-2015,22:41:00,,N,N,HAGERSTOWN,UNK,01,00,30,MU,,0.99,W,ANTIETAM ST,50,F,W,2470,MU,,WALNUT ST,39.64351973,-77.72652268
03,21,,02,11,01,,01,03,08,BX50880003,03,01-03-2015,23:01:00,,Y,N,HAGERSTOWN,UNK,01,09,40,US,,35.83,E,WASHINGTON ST (EB COUPLET),0,F,E,2030,MU,,PROSPECT ST,39.64392661,-77.72429913
03,21,,01,17,03,1,01,01,88,BX50880004,07.01,01-21-2015,19:42:00,,N,N,HAGERSTOWN,UNK,09,00,930,MU,,0.2,S,GLENWOOD AVE,50,F,S,120,MU,,BEECHWOOD DR,39.66462467,-77.72363663
01,21,,02,09,02,1,01,01,00,BX50880006,07.01,02-01-2015,15:00:00,,N,N,HAGERSTOWN,UNK,01,00,960,MU,,0.12,N,HAMILTON BLVD,0,F,N,1930,MU,,PARK LA,39.65283809,-77.70975351
01,21,,02,11,00,1,01,01,00,BZ00520002,06.01,02-05-2015,16:10:00,,Y,N,HANCOCK,UNK,01,00,144,MD,WB,4.14,E,MAIN ST,0,F,E,60,MU,WB,CHURCH ST,39.69878367,-78.17777753
03,21,,02,05,02,1,01,01,00,BZ00520003,06.01,02-28-2015,19:09:00,,N,N,HANCOCK,UNK,01,00,144,MD,WB,4.81,E,MAIN ST,0,F,E,38,CO,WB,OLD ROUTE 40,39.6969428,-78.16617966
04,12,,02,11,02,,01,01,00,CA77160002,06.01,02-19-2015,20:33:00,,N,N,HAVREDEGRACE,UNK,01,00,155,MD,,8.32,E,SUPERIOR ST,0,F,E,350,MU,,GRACEVIEW DR,39.56129364,-76.10754132
01,12,,03,07,02,,01,04,09,CA77220003,06.01,02-25-2015,08:44:00,,Y,N,HAVREDEGRACE,UNK,01,09,40,US,,17.65,E,PULASKI HWY,0,F,E,,UU,,ENT TO BUSINESS,39.55225145,-76.10210516
03,12,,03,07,02,1,01,01,00,CA77220004,06.01,03-07-2015,02:44:00,,N,N,HAVREDEGRACE,UNK,02,02,145,MU,,0,N,CANVASBACK DR,150,F,N,155,MU,,CHAPEL RD,39.55367532,-76.11682177
01,12,,00,09,02,1,01,00,00,CA77280003,06.01,03-12-2015,13:05:00,,N,N,HAVREDEGRACE,UNK,01,01,220,MU,,0.34,E,CONGRESS AVE,60,F,E,385,MU,,LODGE LA,39.54773167,-76.09099925
04,12,,01,03,02,1,01,01,00,CA77320004,06.01,01-31-2015,01:26:00,,N,N,HAVREDEGRACE,UNK,02,00,640,MU,,0.2,S,TIDEWATER DR,50,F,S,365,MU,,HEATHER WAY,39.55140869,-76.11453116
03,12,,03,17,03,1,01,01,04,CA77320005,08.04,02-18-2015,21:59:00,,Y,N,HAVREDEGRACE,UNK,09,00,145,MU,,0.79,N,CANVASBACK DR,10,F,N,155,MD,,LEVEL RD,39.56299751,-76.12128764
03,12,,02,11,02,1,01,01,00,CA77320006,06.01,03-13-2015,20:24:00,,Y,N,HAVREDEGRACE,UNK,01,00,155,MD,,8.967,E,OHIO ST,0,F,E,510,MU,,ONTARIO ST,39.55401862,-76.10210717
03,12,,01,17,01,1,01,01,18.88,CA77320007,06.01,03-14-2015,20:20:00,,N,N,HAVREDEGRACE,UNK,09,00,757,MU,,0.16,S,GRACE MANOR DR,200,F,S,758,MU,,JOEHILL DR,39.55199294,-76.11100674
03,12,,09.04,08,02,,01,03,00,CA77390002,06.01,01-16-2015,21:14:00,,N,N,HAVREDEGRACE,UNK,01,01,40,US,,17.485,E,PULASKI HWY,0,F,E,,UU,,ENT TO BUSINESS,39.54942326,-76.10449433
03,12,,02,11,01,1,88,01,00,CA77400002,03,01-04-2015,18:29:00,,Y,N,HAVREDEGRACE,UNK,04,01,420,MU,,0,N,LEWIS LA,0,F,N,7,MD,A,REVOLUTION ST,39.54225042,-76.10141516
01,12,,01,03,04,1,01,01,00,CA77400003,07.01,01-07-2015,16:13:00,,N,N,HAVREDEGRACE,UNK,02,01,320,MU,,0.07,N,GARFIELD RD,200,F,N,325,MU,,GARFIELD CT,39.55612386,-76.10055685
01,12,,01,17,04,1,01,01,23.03,CA77400004,03,01-18-2015,07:50:00,,N,N,HAVREDEGRACE,UNK,16,00,510,MU,,0.44,E,ONTARIO ST,250,F,E,155,MD,,OHIO ST,39.55395244,-76.10331684
01,12,,01,17,04,1,01,01,01,CA77400005,12.04,01-18-2015,08:05:00,,N,N,HAVREDEGRACE,UNK,88,10,7,MD,A,0.22,N,REVOLUTION ST,100,F,N,495,MU,,OLD BAY LA,39.53650003,-76.11330271
03,12,,02,11,01,1,01,03,00,CA77400006,00,01-22-2015,18:36:00,,Y,N,HAVREDEGRACE,UNK,01,00,40,US,,17.68,E,PULASKI HWY,0,F,E,520,MU,,OTSEGO ST,39.55267851,-76.10205352
01,12,,02,03,02,,01,01,00,CA77400008,06.01,02-27-2015,17:38:00,,Y,N,HAVREDEGRACE,UNK,01,00,380,MU,,0.14,N,JUNIATA ST,0,F,N,7,MD,A,REVOLUTION ST,39.54343354,-76.09700561
01,12,,02,11,02,1,01,03,00,CA77400009,06.01,03-23-2015,16:47:00,,Y,N,HAVREDEGRACE,UNK,01,00,7,MD,A,1.26,N,REVOLUTION ST,0,F,N,20,MU,A,ADAMS ST S,39.54344181,-76.09514952
03,12,,01,17,01,1,01,03,09,CA77430001,03,03-26-2015,20:26:00,,N,N,HAVREDEGRACE,UNK,09,00,763,MD,,0,E,SUPERIOR ST,50,F,E,155,MD,,OHIO ST,39.56209595,-76.11351728
03,12,,01,03,02,1,01,01,00,CA77450004,06.01,01-01-2015,23:00:00,,N,N,HAVREDEGRACE,UNK,02,00,400,MU,,0.09,E,LAFAYETTE ST,60,F,E,390,MU,,JUNIATA ST S,39.54046744,-76.09659255
01,12,,01,03,02,2,01,03,00,CA77460003,06.01,01-14-2015,15:18:00,,N,N,HAVREDEGRACE,UNK,01,01,40,US,,17.17,E,PULASKI HWY,25,F,E,420,MU,,LEWIS LA,39.54654429,-76.10668302
01,12,,02,03,01,1,01,03,00,CA77460004,06.01,03-02-2015,12:01:00,,Y,N,HAVREDEGRACE,UNK,01,01,20,MU,,0.08,S,ADAMS ST S,0,F,S,120,MU,,BOURBON ST,39.54646156,-76.09514952
03,12,,02,11,02,1,01,03,00,CA77470001,06.01,03-21-2015,20:39:00,,Y,N,HAVREDEGRACE,UNK,01,01,510,MU,,0.44,E,ONTARIO ST,0,F,E,155,MD,,OHIO ST,39.55402586,-76.10187918
03,12,,01,07,01,1,01,03,00,CA77470002,03,03-26-2015,20:44:00,,N,N,HAVREDEGRACE,UNK,01,02,7,MD,A,2.4,N,OTSEGO ST,150,F,N,380,MU,,JUNIATA ST,39.55267438,-76.09947324
01,12,,02,03,02,1,01,88,00,CA77480001,06.01,03-23-2015,14:10:00,,Y,N,HAVREDEGRACE,UNK,01,01,40,US,,17.68,E,PULASKI HWY,0,F,E,7,MD,,OTSEGO ST,39.55250066,-76.10188723
01,12,,03,07,02,1,01,01,00,CA77480002,07.01,03-27-2015,15:53:00,,Y,N,HAVREDEGRACE,UNK,01,00,380,MU,,0.83,N,JUNIATA ST,0,F,N,440,MU,,LINDEN LA,39.55341061,-76.09723091
01,12,,01,17,02,,01,88,10,CA77480003,06.01,03-29-2015,16:20:00,,N,N,HAVREDEGRACE,UNK,09,00,155,MD,,7.974,E,LEVEL RD,500,F,E,665,MU,,WAKEFIELD DR,39.56184915,-76.11343982
01,12,,01,17,02,1,01,88,16.05,CA77480004,06.01,03-29-2015,18:48:00,,N,N,HAVREDEGRACE,UNK,09,01,155,MD,,8.005,E,LEVEL RD,0,F,E,540,CO,,MARYLAND AVE,39.56193283,-76.11403173
07.88,12,,00,99,02,1,01,01,00,CA77490004,06.01,01-13-2015,07:43:00,,N,N,HAVREDEGRACE,UNK,01,00,170,MU,,0.34,S,CHESAPEAKE DR,100,F,S,620,MU,,SENECA AVE,39.53530853,-76.09849691
04,12,,02,07,02,1,01,01,00,CA77490005,06.01,02-04-2015,17:46:00,,Y,N,HAVREDEGRACE,UNK,01,00,155,MD,,8.967,E,OHIO ST,0,F,E,510,MU,,ONTARIO ST,39.55397312,-76.10212326
04,13,,01,88,01,1,04,01,11,CB41380007,06.01,01-04-2015,22:27:00,F3,N,N,HOCPD,UNK,10,00,24,CO,,4.74,S,DAISY RD,750,F,S,15,CO,,JENNINGS CHAPEL RD,39.27300398,-77.07288444
06.02,13,,01,03,04,1,01,04,00,CB41380008,12.04,02-10-2015,05:55:00,F4,N,N,HOCPD,UNK,01,01,70,IS,,10.65,E,NO NAME,10,F,E,32,MD,,SYKESVILLE RD,39.30868408,-76.95244789
04,13,,01,88,03,1,00,88,00,CB41380009,08.04,02-21-2015,23:02:00,F3,N,N,HOCPD,UNK,02,00,552,CO,,0.22,N,WAYSIDE DR,250,F,N,553,CO,,WAYSIDE CT,39.19361561,-76.99607134
00,03,,01,07,00,1,01,01,00,AE56220006,00,01-25-2015,19:30:00,241,N,N,BACOPD,UNK,02,00,1998,CO,,0,N,BEXHILL RD,20,F,N,6382,CO,,LORD BALTIMORE DR,39.33957497,-76.75098181
03,03,,02,11,01,2,01,03,00,AE56220007,08.04,02-18-2015,19:59:00,,Y,N,BACOPD,UNK,01,00,6389,CO,,0.47,W,TUDSBURY RD,0,F,W,2000,CO,,ROLLING RD,39.32616459,-76.75913572
03,03,,01,17,04,1,88,01,04,AE56230007,09.04,01-19-2015,04:09:00,314,N,N,BACOPD,UNK,09,00,6463,OP,,0.175,N,MILL RUN CIR,0,U,N,6896,CO,,MILL RUN CIR (BACK),39.40821308,-76.7925024
03,03,,00,03,02,1,01,04,00,AE56230008,06.01,01-25-2015,04:50:00,314,N,N,BACOPD,UNK,02,00,7308,CO,,0.19,N,TREELINE DR,20,F,N,7311,CO,,RUDDINGTON CT,39.45447002,-76.80353701
04,03,,00,17,06.03,,05,01,11,AE56230009,12.04,03-05-2015,00:17:00,314,Y,N,BACOPD,UNK,09,09,565,CO,,0.38,W,RITTERS LA,100,F,W,7521,CO,,STATION CIRCLE CT,39.42474049,-76.79760933
01,03,,01,07,02,1,01,01,00,AE5624000B,06.01,02-07-2015,12:30:00,,N,N,BACOPD,UNK,02,00,4589,CO,,1.489,S,MARLYN AVE N,50,F,S,150,MD,,EASTERN BLVD,39.31311687,-76.46554112
06.02,03,,01,88,04,1,00,01,00,AE56260004,88,03-09-2015,06:29:00,,N,N,BACOPD,UNK,02,00,2000,CO,,4.16,N,ROLLING RD,100,F,N,6389,CO,,TUDSBURY RD,39.93080082,-78.09631348
07.88,03,,01,01,00,,00,00,00,AE56260005,06.01,03-29-2015,02:00:00,,N,N,BACOPD,UNK,02,00,2501,CO,,1.37,N,WOODLAWN DR,150,F,N,2404,CO,,WHITEHEAD RD,39.31564858,-76.73867583
01,03,,03,03,02,2,01,04,00,AE56280003,06.01,01-09-2015,13:15:00,1131PC11,Y,N,BACOPD,UNK,01,00,150,MD,,6.46,E,EASTERN BLVD,200,F,E,587,MD,,WILSON POINT RD,39.33509821,-76.42917573
03,03,,02,03,02,1,01,01,00,AE56280004,06.01,01-10-2015,21:45:00,1142PC11,Y,N,BACOPD,UNK,01,00,5159,CO,,0.13,S,ASHBY AVE,0,F,S,150,MD,,EASTERN AVE,39.29169637,-76.5210025
01,03,,01,03,01,1,01,04,00,AE56280005,03,03-10-2015,13:06:00,1143PC11,N,N,BACOPD,UNK,01,00,150,MD,,3.88,E,EASTERN BLVD,1,M,E,4775,CO,,MARLYN AVE S,39.31129481,-76.46847278
06.02,03,,01,88,02,,01,00,00,AE56290003,06.01,01-16-2015,19:45:00,,N,N,BACOPD,UNK,02,00,8762,CO,,4.55,W,JOPPA RD E,1,F,W,3509,CO,,LACKAWANNA AVE,39.39834781,-76.56130135
03,03,,01,03,02,1,01,04,00,AE56290004,06.01,02-13-2015,21:26:00,AE,N,N,BACOPD,UNK,01,01,315,CO,,2.13,S,DULANEY VALLEY RD,1,U,S,4540,MU,,DULANEY VALLEY RD (AHEAD) (BALTO CITY),39.41063358,-76.60045624
03,03,,01,02,03,1,01,01,00,AE56290005,08.04,02-14-2015,19:02:00,AE,N,N,BACOPD,UNK,02,02,3401,CO,,0.68,S,COLLINSDALE RD,1,F,S,291,OP,,WYCOMBE WAY,39.37640709,-76.5765202
06.02,03,,01,17,01,1,01,01,10,AE56290007,06.01,03-02-2015,17:22:00,AE,N,N,BACOPD,UNK,09,09,1142,CO,,0,N,BELLONA AVE,1,F,N,1474,CO,,RUXTON RD,39.3996826,-76.64517403
01,03,,01,07,02,3,01,04,00,AE56300009,06.01,01-02-2015,15:48:00,115,N,N,BACOPD,UNK,01,00,40,US,,2.7,E,BALTO NATIONAL PIKE,50,F,E,2619,CO,,KENT AVE,39.28718021,-76.7334938
06.02,03,,01,09,02,,01,01,00,AE56310005,07.01,01-23-2015,15:04:00,,N,N,BACOPD,UNK,01,01,2621,CO,,2.35,N,INGLESIDE AVE,300,F,N,2532,CO,,FRANKLIN AVE,39.30059807,-76.72029734
03,03,,02,17,02,1,01,88,10,AE56320007,06.01,01-11-2015,00:00:00,,Y,N,BACOPD,UNK,09,00,144,MD,,3.67,E,FREDERICK RD,0,F,E,2621,CO,,INGLESIDE AVE,39.27208309,-76.73141486
01,03,,00,03,02,,01,00,00,AE56320009,06.01,01-20-2015,08:43:00,,N,N,BACOPD,UNK,01,00,40,US,,1.58,E,BALTO NATIONAL PIKE,0,F,E,,UU,,SPUR FR ROLLING RD,39.28334889,-76.75312087
01,03,,00,88,04,,01,00,00,AE5632000C,06.01,02-15-2015,17:30:00,,N,N,BACOPD,UNK,02,00,2750,CO,,0,N,N SYMINGTON AVE,15,F,N,144,MD,,FREDERICK RD,39.27645072,-76.71493292
01,20,,03,07,02,2,01,03,04,BJ0165000H,06.01,01-16-2015,10:29:00,BJ8020,Y,N,EASTON,UNK,01,16,50,US,,11.49,E,OCEAN GATEWAY,150,F,E,331,MD,,DOVER RD,38.77145059,-76.06025934
01,20,,03,03,01,1,01,01,00,BJ0165000J,08.04,01-21-2015,13:51:00,BJ8020,Y,N,EASTON,UNK,01,00,410,MU,,0.04,N,GLEBE RD,20,F,N,,UU,,SPUR FR MD 565 A,38.7797312,-76.07583761
01,20,,01,03,02,1,01,01,00,BJ0165000K,06.01,01-27-2015,13:05:00,BJ8020,N,N,EASTON,UNK,02,00,,,,,,SUNFLOWER DR,20,F,,,,,COMMONS DR,38.79567075,-76.05862856
03,20,,02,11,02,1,01,01,00,BJ0165000P,07.01,02-27-2015,21:26:00,BJ8020,Y,N,EASTON,UNK,01,11,430,MU,,0.26,E,GOLDSBOROUGH ST,0,F,E,80,MU,,AURORA ST,38.77571647,-76.07156754
03,20,,01,07,02,1,01,02,04,BJ0165000Q,06.01,03-01-2015,01:23:00,BJ8020,N,N,EASTON,UNK,09,02,490,MU,,0.3,S,HIGGINS ST,50,F,S,910,MU,,SOUTH LA,38.77354174,-76.06995821
03,20,,02,11,04,1,88,01,00,BJ0165000R,08.04,03-05-2015,21:09:00,BJ8020,N,N,EASTON,UNK,01,00,80,MU,,0.27,S,AURORA ST,0,F,S,240,MU,,CREAMERY LA,38.77954719,-76.07178211
01,20,,02,11,01,1,01,01,00,BJ0165000T,03,03-27-2015,13:16:00,BJ8020,N,N,EASTON,UNK,01,00,650,MU,,0.105,W,MARLBORO RD,0,F,W,,UU,,ENT TO EASTON PLAZA,38.78095229,-76.08186722
01,20,,03,03,02,1,01,01,00,BJ0165000V,07.01,03-28-2015,14:47:00,BJ8020,Y,N,EASTON,UNK,01,01,322,MD,,2.98,N,EASTON PKWY,20,F,N,33,MD,,BAY ST,38.7773893,-76.08570814
01,20,,01,11,02,,01,01,00,BJ0167000J,07.01,01-02-2015,11:19:00,,Y,N,EASTON,UNK,01,00,331,MD,,3.87,N,DOVER RD,10,F,N,,UU,,ENT TO BUSINESS,38.7722536,-76.05948687
06.02,20,,03,03,01,1,01,04,00,BJ0167000K,07.01,01-04-2015,16:24:00,,Y,N,EASTON,UNK,01,00,50,US,,13.82,E,OCEAN GATEWAY,10,F,E,322,MD,,EASTON PKWY,38.74071192,-76.06882095
01,20,,01,07,01,2,01,01,00,BJ0167000L,07.01,01-04-2015,14:20:00,,N,N,EASTON,UNK,01,00,520,MU,,0,N,HOLLYDAY ST,150,F,N,410,MU,,GLEBE RD,38.78632154,-76.07500076
03,20,,03,03,02,3,01,01,00,BJ0167000M,06.01,02-04-2015,19:20:00,,Y,N,EASTON,UNK,01,00,650,MU,,0.42,W,MARLBORO RD,0,F,W,322,MD,,EASTON PKWY,38.78133702,-76.0827899
01,20,,02,11,02,1,01,01,00,BJ01700005,06.01,03-09-2015,12:00:00,,Y,N,EASTON,UNK,01,01,80,MU,,0.54,S,AURORA ST,0,F,S,430,MU,,GOLDSBOROUGH ST,38.77603431,-76.07139587
04,20,,02,17,01,2,01,02,10,BJ01750003,03,02-02-2015,05:31:00,,N,N,EASTON,UNK,09,09,322,MD,,0.53,N,EASTON PKWY,0,F,N,,UU,,CROSSOVER,38.73932485,-76.06928498
04,20,,00,17,01,,01,04,10,BJ01750004,03,03-05-2015,06:03:00,,N,N,EASTON,UNK,09,09,50,US,,9.901,E,OCEAN GATEWAY,0,F,E,,UU,,COMMONS CHAPEL RD,38.79531955,-76.05998039
01,20,,00,17,02,,00,00,88,BJ01750005,06.01,03-23-2015,12:01:00,,N,N,EASTON,UNK,09,00,50,US,,11.106,E,OCEAN GATEWAY,20,F,E,,UU,,ENT TO BUSINESS,38.77845153,-76.05942249