LIGHT_CODE,COUNTY_NO,MUNI_CODE,JUNCTION_CODE,COLLISION_TYPE_CODE,SURF_COND_CODE,LANE_CODE,RD_COND_CODE,RD_DIV_CODE,FIX_OBJ_CODE,REPORT_NO,WEATHER_CODE,ACC_DATE,ACC_TIME,LOC_CODE,SIGNAL_FLAG,C_M_ZONE_FLAG,AGENCY_CODE,AREA_CODE,HARM_EVENT_CODE1,HARM_EVENT_CODE2,RTE_NO,ROUTE_TYPE_CODE,RTE_SUFFIX,LOG_MILE,LOGMILE_DIR_FLAG,MAINROAD_NAME,DISTANCE,FEET_MILES_FLAG,DISTANCE_DIR_FLAG,REFERENCE_NO,REFERENCE_TYPE_CODE,REFERENCE_SUFFIX,REFERENCE_ROAD_NAME,LATITUDE,LONGITUDE
03,10,,03,03,03,1,00,01,00,BS03540003,00,03-08-2015,00:00:00,,N,N,FREDERICKPD,UNK,02,00,9061,MU,,0,W,W 6TH ST,25,F,W,1049,MU,,N MARKET ST,39.42157456,-77.41018295
03,10,,01,07,02,1,01,01,00,BS03540004,00,03-21-2015,07:37:00,,N,N,FREDERICKPD,UNK,02,02,640,MU,,0.33,N,FAIRVIEW AVE,60,F,N,60,MU,,ATLANTIC AVE,39.42617734,-77.41859168
03,10,,03,00,02,1,01,01,09,BS03540005,06.01,03-26-2015,01:29:00,,N,N,FREDERICKPD,UNK,09,00,1310,MU,,1.35,S,ROSEMONT AVE,1,F,S,647,MU,,FERNDALE AVE,39.42108971,-77.42174327
03,10,,11.04,11,02,2,01,01,00,BS03540006,06.01,03-31-2015,21:14:00,,N,N,FREDERICKPD,UNK,01,00,90,MU,,0.091,N,BAUGHMANS LA,0,F,N,,UU,,ENT TO BUSINESS,39.41723982,-77.43801355
01,10,,00,02,01,2,01,01,10,BS03660008,03,01-04-2015,11:02:00,,Y,N,FREDERICKPD,UNK,01,09,1615,MU,,3.14,S,YELLOW SPRINGS RD,0,F,S,1116,MU,,OLD FARM DR,39.44208426,-77.43595898
01,10,,02,11,02,1,01,02,00,BS0367000J,07.01,01-14-2015,13:49:00,,Y,N,FREDERICKPD,UNK,01,00,7020,MU,,0.53,E,CHAPEL ALLEY,0,F,E,9070,MU,,E 7TH ST,39.413345,-77.41275167
01,10,,01,88,02,1,01,01,00,BS0367000K,06.01,01-31-2015,13:04:00,,N,N,FREDERICKPD,UNK,02,02,1401,MU,,0.81,E,E SOUTH ST,30,F,E,1321,MU,,S MARKET ST,39.41055898,-77.4110198
03,10,,01,88,02,1,01,03,00,BS03730001,07.01,03-20-2015,22:34:00,,N,N,FREDERICKPD,UNK,02,00,1049,MU,,1.07,N,N MARKET ST,200,F,N,9120,MU,,W 12TH ST,39.42858583,-77.40670681
05.02,10,,01,07,02,1,01,04,04,BS0378000B,06.01,02-04-2015,05:33:00,,N,N,FREDERICKPD,UNK,09,01,578,MU,,0.566,S,EAST ST,500,F,S,,UU,,BEGIN ROUNDABOUT,39.40784167,-77.40490167
04,10,,05.01,17,02,1,01,04,05,BS03790002,06.01,01-23-2015,01:55:00,,N,N,FREDERICKPD,UNK,09,09,340,US,,10.03,E,JEFFERSON NATIONAL PIKE,0,M,E,15,US,,JEFFERSON NATIONAL PIKE,39.40532825,-77.43417263
03,10,,02,00,02,,01,04,00,BS03790003,00,03-21-2015,01:16:00,,N,N,FREDERICKPD,UNK,03,00,40,US,,12.81,E,W PATRICK ST,0,F,E,,UU,,ENT TO FREDERICK CO SQUARE SHOPPING CTR,39.41683368,-77.44131804
03,10,,00,17,01,2,01,04,00,BS03820009,03,01-03-2015,19:23:00,,N,N,FREDERICKPD,UNK,10,00,15,US,,14.99,N,FREDERICK FREEWAY,100,F,N,,UU,,MD 26 (WB/L),39.44350107,-77.40187883
03,10,,02,11,03,1,01,03,00,BS0382000C,08.04,02-18-2015,20:33:00,,Y,N,FREDERICKPD,UNK,01,00,867,OP,,0.96,N,MONOCACY BLVD,0,F,N,796,MU,,LAUREL WOOD WAY,39.44618547,-77.3835218
01,10,,02,03,02,1,01,03,00,BS0382000D,06.01,03-02-2015,15:56:00,,Y,N,FREDERICKPD,UNK,01,00,1405,MU,,0.28,E,E SOUTH ST,0,F,E,996,MU,,MONOCACY BLVD,39.40452413,-77.39404678
01,10,,02,17,02,1,01,01,00,BS0382000F,00,03-26-2015,15:20:00,,N,N,FREDERICKPD,UNK,03,00,570,MU,,1.35,S,N EAST ST,0,F,S,9020,MU,,E 2ND ST,39.4162597,-77.40503311
03,03,,02,03,02,,01,04,00,AE54570007,06.01,02-07-2015,01:42:00,,Y,N,BACOPD,UNK,01,01,40,US,,2.521,E,BALTO NATIONAL PIKE,0,F,E,695,RP,,RAMP 3 FR US 40 EB TO RAMP 2 (TO IS695),39.28654911,-76.7371738
03,03,,02,03,03,1,00,01,00,AE54570008,08.04,03-06-2015,02:22:00,01,Y,N,BACOPD,UNK,01,00,2976,CO,,0.32,W,MAIDEN CHOICE LA,0,F,W,3004,CO,,WESTLAND BLVD,39.26128379,-76.69512749
03,03,,01,03,02,1,01,01,00,AE54630007,06.01,01-17-2015,23:38:00,,N,N,BACOPD,UNK,02,02,872,CO,,0.77,N,EASTRIDGE RD,50,F,N,904,CO,,LOCKNELL RD,39.44354664,-76.61389545
03,03,,02,11,01,2,01,01,08,AE54630008,03,03-14-2015,03:13:00,,Y,N,BACOPD,UNK,09,01,146,MD,,0.85,N,DULANEY VALLEY RD,0,F,N,999,CO,,HAMPTON LA,39.41402796,-76.6002135
03,03,,01,03,02,1,01,02,00,AE54650004,06.01,01-07-2015,22:13:00,12 1212,N,N,BACOPD,UNK,02,00,5347,CO,,0,N,FAIRWAY,40,F,N,5296,CO,,YORKWAY,39.26578604,-76.5213713
03,03,,01,88,02,1,01,01,00,AE54650005,06.01,02-09-2015,00:10:00,AE PC12,N,N,BACOPD,UNK,01,00,5183,CO,,0.5,S,DELVALE AVE,0,F,S,5209,CO,,BIRCH AVE,39.27865987,-76.52059078
05.02,03,,01,03,02,1,01,01,00,AE54650006,06.01,02-09-2015,04:42:00,12 AE,N,N,BACOPD,UNK,02,00,5212,CO,,0.71,W,HOLABIRD AVE,10,F,W,5412,CO,,VESPER AVE,39.27267175,-76.51677132
03,03,,01,17,06.03,1,88,04,15.05,AE54650007,09.04,02-10-2015,01:21:00,12 AE,N,N,BACOPD,UNK,09,00,150,MD,,0.22,E,EASTERN AVE,20,F,E,5161,CO,,SIMMONS AVE,39.28940563,-76.52585328
03,03,,01,17,03,1,01,01,11,AE54650008,10.04,02-19-2015,22:27:00,12 AE,N,N,BACOPD,UNK,09,00,5677,CO,,3.21,S,NORTH POINT RD,100,F,S,5688,CO,,DENTON AVE,39.21144073,-76.44036055
01,03,,09.04,12,00,1,01,04,00,AE5466000Q,06.01,01-05-2015,07:31:00,,N,N,BACOPD,UNK,01,00,122,MD,,0.79,E,SECURITY BLVD,100,F,E,2404,CO,,WHITEHEAD RD,39.31205435,-76.74036026
05.02,03,,09.04,11,03,1,01,01,00,AE5466000R,08.04,01-06-2015,07:10:00,,N,N,BACOPD,UNK,01,00,2111,CO,,0.17,S,CARLSON LA,100,F,S,2110,CO,,STEVENSWOOD RD,39.35737959,-76.78222418
01,03,,02,01,02,1,01,01,00,AE5466000S,06.01,01-07-2015,10:21:00,,Y,N,BACOPD,UNK,01,00,2328,CO,,0.27,S,TEMPLAR RD,0,F,S,2321,CO,,MARRIOTTSVILLE RD,39.37192855,-76.82104111
01,03,,00,09,02,1,01,01,00,AE5466000T,06.01,01-09-2015,10:05:00,,N,N,BACOPD,UNK,01,00,26,MD,,3.867,E,LIBERTY RD,500,F,E,2310,CO,,TIVERTON RD,39.3787748,-76.81810141
01,03,,01,03,01,1,01,01,00,AE5466000V,03,01-12-2015,09:37:00,,N,N,BACOPD,UNK,01,00,2544,CO,,0.17,N,ST AGNES LA,500,F,N,2537,CO,,FOREST PARK AVE,39.29241149,-76.72019005
01,03,,00,17,04,1,01,04,04,AE5466000W,06.01,01-13-2015,10:06:00,,N,N,BACOPD,UNK,09,00,8018,CO,,0.97,E,GWYNN OAK AVE,25,F,E,1924,CO,,ROYAL OAK AVE,39.32552969,-76.71221316
01,03,,00,03,02,3,01,04,00,AE5466000X,06.01,01-13-2015,11:05:00,,N,N,BACOPD,UNK,01,01,695,IS,,6.6,N,BALTO BELTWAY,500,F,N,2500,CO,,CROSBY RD,39.29447068,-76.74237728
01,03,,02,03,02,1,01,01,00,AE5466000Y,06.01,01-14-2015,10:51:00,,N,N,BACOPD,UNK,01,00,122,MD,,0.02,E,SECURITY BLVD,0,F,E,,UU,,SPUR TO ROLLING RD,39.3133825,-76.75505877
01,03,,01,17,02,1,01,01,23.03,AE5466000Z,06.01,01-20-2015,14:49:00,,N,N,BACOPD,UNK,09,00,2200,CO,,0.21,W,WINANDS RD,50,F,W,2198,CO,,OAKLAND PARK RD,39.36927446,-76.76713943
01,03,,01,88,02,1,01,01,04,AE54660010,06.01,01-30-2015,12:06:00,,N,N,BACOPD,UNK,01,09,2301,CO,,0.48,S,OFFUTT RD,500,F,S,2244,CO,,ALLENSWOOD RD,39.37746863,-76.79782391
01,03,,02,11,02,2,01,01,00,AE54660011,06.01,01-30-2015,08:45:00,,Y,N,BACOPD,UNK,01,00,2000,CO,,4.02,N,ROLLING RD,0,F,N,7095,CO,,CLOVER HILL RD,39.32416443,-76.75913572
01,03,,02,02,02,2,01,04,00,AE54660012,06.01,02-06-2015,08:02:00,,Y,N,BACOPD,UNK,01,00,122,MD,,1.26,E,SECURITY BLVD,0,F,E,86,GV,,ROBERT MYERS BLVD,39.31130726,-76.72569394
01,03,,02,03,02,1,01,01,00,AE54660013,06.01,02-06-2015,15:46:00,,N,N,BACOPD,UNK,01,00,2664,CO,,0.35,S,CHESWORTH RD,0,F,S,2648,CO,,COLLINSWAY RD,39.29259416,-76.74780607
00,03,,02,11,02,1,01,01,00,AE54660014,06.01,02-09-2015,19:55:00,,N,N,BACOPD,UNK,01,01,2511,CO,,0.65,N,JOHNNYCAKE RD,0,F,N,2512,CO,,DORCHESTER AVE,39.29449559,-76.73258722
03,03,,02,11,01,1,01,01,02,AE54660015,03,02-09-2015,21:40:00,,Y,N,BACOPD,UNK,01,09,2486,CO,,0.25,S,CRAIGMONT RD,0,F,S,2506,CO,,SOUTHRIDGE RD,39.29095009,-76.7355752
03,03,,11.04,02,02,,01,01,00,AE54660016,06.01,02-12-2015,14:41:00,,N,N,BACOPD,UNK,01,00,2501,CO,,1.37,N,WOODLAWN DR,200,F,N,2404,CO,,WHITEHEAD RD,39.31682103,-76.73720196
01,03,,02,17,02,1,01,01,10,AE54660017,06.01,02-18-2015,08:24:00,,N,N,BACOPD,UNK,09,00,2097,CO,,0.564,S,GREENS LA,0,F,S,8511,CO,,GREENS LANDING CT,39.35996362,-76.79072142
01,03,,01,17,02,1,01,01,11,AE54660018,06.01,02-19-2015,07:03:00,,N,N,BACOPD,UNK,09,00,532,CO,,1.53,W,LYONS MILL RD,500,F,W,8162,CO,,WHITEHURST DR,39.39036752,-76.81396008
01,03,,02,02,02,,01,01,00,AE54660019,06.01,02-24-2015,08:56:00,,Y,N,BACOPD,UNK,01,00,2500,CO,,0.87,W,CROSBY RD,0,F,W,2000,CO,,ROLLING RD,39.29795788,-76.75353527
01,03,,03,03,02,1,01,01,00,AE5466001B,06.01,02-25-2015,12:51:00,,N,N,BACOPD,UNK,01,00,2297,CO,,0,N,PIKESWOOD DR,300,F,N,26,MD,,LIBERTY RD,39.37438349,-76.81026936
01,03,,00,88,00,1,01,01,00,AE5466001C,00,02-25-2015,07:30:00,,N,N,BACOPD,UNK,03,00,2501,CO,,1.37,N,WOODLAWN DR,500,F,N,2404,CO,,WHITEHEAD RD,39.31630432,-76.73688412
01,03,,01,02,04,1,01,01,09,AE5466001D,06.01,02-27-2015,08:00:00,,N,N,BACOPD,UNK,01,09,2501,CO,,1.53,N,WOODLAWN DR,40,F,N,2410,CO,,RICHARDSON RD,39.31977383,-76.73634768
06.02,03,,00,17,04,,01,01,10,AE5466001F,03,03-03-2015,17:45:00,,Y,N,BACOPD,UNK,09,00,26,MD,,6.308,E,LIBERTY RD,30,F,E,,UU,,ENT TO BUSINESS,39.36262221,-76.78209543
01,03,,03,03,01,1,01,04,00,AE5466001G,03,03-04-2015,15:29:00,,Y,N,BACOPD,UNK,01,00,122,MD,,0.43,E,SECURITY BLVD,10,F,E,695,RP,,RAMP 6 FR MD 122 EB TO IS 695 SB,39.31265202,-76.74684048
01,03,,03,03,01,1,01,04,00,AE5466001H,03,03-04-2015,15:50:00,,Y,N,BACOPD,UNK,01,01,122,MD,,0.43,E,SECURITY BLVD,10,F,E,695,RP,,RAMP 6 FR MD 122 EB TO IS 695 SB,39.31265202,-76.74675465
01,03,,00,09,01,1,01,01,00,AE5466001J,06.01,03-06-2015,16:31:00,,N,N,BACOPD,UNK,01,00,6382,CO,,0.14,S,LORD BALTIMORE DR,500,F,S,8222,CO,,OAKBRIDGE DR,39.34740757,-76.74692631
01,03,,00,17,04,1,01,01,11,AE5466001K,06.01,03-09-2015,08:59:00,,N,N,BACOPD,UNK,09,00,2356,CO,,4.02,E,DOGWOOD RD,500,F,E,2095,CO,,RIDGE RD,39.32161642,-76.77338362
01,03,,00,17,04,1,00,01,10,AE5466001L,06.01,03-09-2015,09:02:00,,N,N,BACOPD,UNK,09,00,2356,CO,,4.02,E,DOGWOOD RD,500,F,E,2095,CO,,RIDGE RD,39.32159982,-76.7738986
01,03,,01,03,04,1,01,01,00,AE5466001M,06.01,03-10-2015,07:56:00,,N,N,BACOPD,UNK,01,00,2300,CO,,0.9,S,OFFUTT RD,300,F,S,2350,CO,,CHAPMAN RD,39.36366737,-76.80943251
01,03,,00,17,04,1,01,01,06,AE5466001N,06.01,03-12-2015,08:00:00,,N,N,BACOPD,UNK,11,11,2356,CO,,4.02,E,DOGWOOD RD,500,F,E,2095,CO,,RIDGE RD,39.32158322,-76.77462816
01,03,,01,17,02,1,01,01,06,AE5466001P,06.01,03-19-2015,11:08:00,,N,N,BACOPD,UNK,09,00,2356,CO,,3.04,E,DOGWOOD RD,900,F,E,,UU,,PVT RD,39.31643713,-76.78992748
01,03,,02,11,01,1,01,01,00,AE56330008,88,01-24-2015,12:36:00,,Y,N,BACOPD,UNK,01,00,4310,CO,,0.32,W,MANNINGTON AVE,0,F,W,4307,CO,,FOREST VIEW AVE,39.34968915,-76.52958155
01,03,,02,11,02,1,01,01,00,AE56330009,06.01,01-31-2015,07:17:00,,Y,N,BACOPD,UNK,01,01,1,US,,15.76,N,BELAIR RD,0,F,N,4234,CO,,MAPLE AVE,39.35625967,-76.5288949
01,03,,01,03,02,2,01,01,00,AE5633000B,06.01,02-10-2015,14:55:00,,Y,N,BACOPD,UNK,01,01,1,US,,16.25,N,BELAIR RD,10,F,N,4248,CO,,FULLERTON AVE,39.36155215,-76.52290821
01,03,,02,12,01,1,01,01,00,AE5633000F,03,03-04-2015,15:38:00,,Y,N,BACOPD,UNK,01,00,5068,CO,,0.05,N,WALNUT AVE,0,F,N,5058,CO,,SEVERN AVE,39.31182193,-76.49905801
01,03,,01,07,02,,01,01,00,AE5633000G,06.01,03-30-2015,15:14:00,,N,N,BACOPD,UNK,02,00,4265,CO,,0.73,N,ELINOR AVE,30,F,N,4280,CO,,KENWOOD AVE,39.35623479,-76.5165782
01,03,,01,03,02,,01,00,00,AE56340007,06.01,01-02-2015,15:10:00,,N,N,BACOPD,UNK,02,00,7065,OP,,2.99,W,WASHINGTON BLVD,5,F,W,1,US,,CATON AVE,39.25718832,-76.66465759
03,03,,02,88,01,1,01,03,00,AE56340008,03,01-26-2015,18:10:00,,N,N,BACOPD,UNK,01,00,3227,CO,,1.02,W,LANSDOWNE RD,0,F,W,3200,CO,,HAMMONDS FERRY RD,39.25252352,-76.6636169
03,03,,01,88,02,1,01,02,00,AE56350005,00,01-14-2015,23:00:00,,N,N,BACOPD,UNK,02,00,3190,CO,,0.01,E,VICTORY DR,50,F,E,3191,CO,,SULPHUR SPRING RD,39.24684059,-76.67126119
05.02,03,,01,88,06.03,2,00,03,18.88,AE56360005,08.04,02-02-2015,06:00:00,,N,N,BACOPD,UNK,02,02,1,US,,25.9,N,BELAIR RD,0,M,N,304,CO,,NEW CUT RD,39.46754103,-76.41044855
03,03,,00,17,02,1,01,03,07,AE56360006,06.01,02-08-2015,22:47:00,,N,N,BACOPD,UNK,09,00,6198,CO,,1.5,N,PERRY HALL BLVD,1,M,N,4199,CO,,BUCKS SCHOOLHOUSE RD,39.37018681,-76.47751451
03,03,,88,11,06.03,4,01,04,05,AE56360007,12.04,02-10-2015,04:55:00,,N,N,BACOPD,UNK,09,01,95,IS,,20.91,N,J F K MEMORIAL HWY,0,U,N,43,MD,,WHITE MARSH BLVD,39.37812379,-76.45063877
03,03,,01,03,02,,00,04,00,AE56360008,06.01,02-28-2015,23:07:00,,Y,N,BACOPD,UNK,01,01,40,US,,14.27,E,PULASKI HWY,0,M,E,5126,CO,,66TH ST,39.31216227,-76.52637362
01,03,,01,03,02,1,01,01,04,AE5637000B,06.01,02-05-2015,14:16:00,,N,N,BACOPD,UNK,01,09,7708,CO,,0.7,S,OWINGS MILLS BLVD,0,M,S,532,CO,,LYONS MILL RD,39.38970833,-76.79966927
05.02,03,,00,17,04,2,01,01,11,AE5637000C,06.01,02-10-2015,08:34:00,,N,N,BACOPD,UNK,09,00,7297,CO,,0.668,N,OWINGS MILLS BLVD,50,F,N,7298,CO,,GROFF LA,39.42677921,-76.78057194
01,03,,03,01,02,,01,01,00,AE5637000F,06.01,02-11-2015,08:13:00,,N,N,BACOPD,UNK,01,02,2251,CO,,1.78,N,PAINTERS MILL RD,0,F,N,2252,CO,,MUSIC FAIR RD,39.41272245,-76.777246
03,03,,01,11,03,1,01,03,00,AE5637000G,08.04,02-16-2015,22:01:00,,N,N,BACOPD,UNK,01,00,140,MD,,4.96,N,REISTERSTOWN RD,50,M,N,2251,CO,,PAINTERS MILL RD,39.4140321,-76.77250385
01,03,,01,01,04,1,01,01,00,AE5637000H,06.01,03-09-2015,08:33:00,,N,N,BACOPD,UNK,01,00,446,CO,,3.28,N,GARRISON FOREST RD,0,M,N,587,CO,,GWYNNBROOK AVE,39.44838926,-76.76696777
01,03,,01,01,04,1,01,01,06,AE5637000J,06.01,03-09-2015,08:38:00,,N,N,BACOPD,UNK,01,09,446,CO,,3.28,N,GARRISON FOREST RD,0,M,N,587,CO,,GWYNNBROOK AVE,39.4494497,-76.76662445
01,03,,01,11,02,,05,01,11,AE5637000K,06.01,03-09-2015,13:28:00,,N,N,BACOPD,UNK,01,09,6779,CO,,1.44,S,RED RUN BLVD,0,M,S,562,CO,,PLEASANT HILL RD,39.41689999,-76.8008709
05.02,03,,01,88,02,,01,01,00,AE56380006,06.01,02-06-2015,06:00:00,,N,N,BACOPD,UNK,01,99,5241,CO,,0,S,CORNWALL RD,150,F,S,5240,CO,,BULLNECK RD,39.24457643,-76.49785638
01,03,,02,88,01,1,01,01,00,AE56380007,06.01,03-07-2015,10:30:00,,Y,N,BACOPD,UNK,03,00,5284,CO,,0,E,BELCLARE RD,0,F,E,5237,CO,,DUNDALK AVE,39.251431,-76.52074099
01,03,,03,03,02,1,01,01,00,AE56380008,06.01,03-21-2015,16:05:00,,Y,N,BACOPD,UNK,01,00,5132,CO,,0,S,ROLLING MILL RD,50,F,S,151,MD,,NORTH POINT BLVD,39.29717743,-76.52908802
01,03,,02,11,02,1,01,03,08,AE56400009,06.01,01-25-2015,16:50:00,,Y,N,BACOPD,UNK,01,09,5185,CO,,1.961,W,GERMAN HILL RD,0,F,W,8384,CO,,VILLAGER CIR,39.28171602,-76.52843356
01,03,,02,11,02,1,01,01,00,AE5640000B,06.01,01-31-2015,14:30:00,,Y,N,BACOPD,UNK,01,00,4980,CO,,0.4,S,N STUART ST,0,F,S,150,MD,,EASTERN BLVD,39.31049375,-76.4710772
01,03,,02,07,01,1,01,01,00,AE5640000C,03,03-04-2015,12:40:00,,N,N,BACOPD,UNK,02,00,5505,CO,,0.18,S,CHARLESMONT RD,0,F,S,5504,CO,,LOCKWOOD RD,39.27696564,-76.48055077
01,03,,02,07,01,1,01,01,00,AE5640000D,03,03-04-2015,12:55:00,,N,N,BACOPD,UNK,02,00,8007,CO,,0.48,N,NORTH POINT RD,0,F,N,5507,CO,,WALLACE RD,39.27745564,-76.48382306
01,03,,02,11,00,,01,01,00,AE5640000F,06.01,01-17-2015,08:10:00,,Y,N,BACOPD,UNK,01,00,5143,CO,,0.25,N,WYNBROOK RD,0,F,N,5140,CO,,53RD ST,39.29711931,-76.51547313
03,03,,03,17,02,1,01,01,11,AE56410006,00,01-01-2015,00:45:00,,N,N,BACOPD,UNK,09,00,3228,CO,,0.07,N,SMITH AVE,25,F,N,3229,CO,,GAYLAWN DR,39.25389848,-76.6604948
03,03,,01,17,00,1,01,88,04,AE56410009,00,03-29-2015,22:57:00,,N,N,BACOPD,UNK,09,00,40,US,,1.92,E,BALTO NATIONAL PIKE,20,F,E,2687,CO,,PINE ST,39.28455612,-76.74620748
03,03,,01,17,01,1,01,03,10,AE5641000B,00,03-30-2015,01:57:00,,N,N,BACOPD,UNK,09,00,2000,CO,,0.76,N,ROLLING RD,20,F,N,2889,CO,,ALTAVUE RD,39.2778792,-76.75469398
04,03,,02,11,02,1,01,01,00,AE57530007,06.01,02-07-2015,19:09:00,PC01 111,Y,N,BACOPD,UNK,01,00,2785,CO,,0,N,MELLOR AVE,0,F,N,2784,CO,,BLOOMSBURY AVE,39.26253813,-76.73003912
03,03,,01,02,03,1,01,01,00,AE57530008,08.04,02-14-2015,21:04:00,,N,N,BACOPD,UNK,01,01,2600,CO,,3.53,E,EDMONDSON AVE,300,F,E,2583,CO,,MALBROOK RD,39.28514572,-76.71323776
99,03,,01,99,99,,01,01,00,AE5753000C,99,02-25-2015,10:39:00,,N,N,BACOPD,UNK,01,00,2577,CO,,0.31,W,BRAESIDE RD,100,F,W,2573,CO,,OLD FREDERICK RD,39.28962153,-76.7145896
01,03,,02,13,02,1,01,01,00,AE5753000F,06.01,02-20-2015,12:46:00,,Y,N,BACOPD,UNK,01,01,40,US,,3.45,E,BALTO NATIONAL PIKE,0,F,E,2544,CO,,ST AGNES LA,39.29126563,-76.71263695
01,03,,02,02,00,2,01,01,00,AE57660006,06.01,01-09-2015,08:51:00,,Y,N,BACOPD,UNK,01,01,26,MD,,7.237,E,LIBERTY RD,0,F,E,2000,CO,,ROLLING RD,39.35631774,-76.76559448
01,03,,01,88,02,2,01,88,00,AE57660007,06.01,03-24-2015,16:01:00,,N,N,BACOPD,UNK,01,00,26,MD,,8.297,E,LIBERTY RD,20,F,E,6382,CO,,LORD BALTIMORE DR,39.34974722,-76.74734473
07.88,03,,01,99,02,1,01,01,99,AE57660008,06.01,03-30-2015,08:11:00,,N,N,BACOPD,UNK,02,00,1755,CO,,0.27,N,GREENWOOD RD,10,F,N,1756,CO,,WESTOVER RD,39.36557515,-76.72557592
03,03,,01,17,03,1,01,04,04,AE57670009,08.04,01-06-2015,07:13:00,,N,N,BACOPD,UNK,09,00,2621,CO,,1.17,N,INGLESIDE AVE,100,F,N,40,US,,BALTO NATIONAL PIKE,39.28732968,-76.73141241
01,03,,02,11,03,1,01,04,00,AE5767000B,08.04,01-06-2015,07:40:00,,Y,N,BACOPD,UNK,01,00,40,US,,2.31,E,BALTO NATIONAL PIKE,0,F,E,695,RP,,RAMP 7 FR US 40 WB TO RAMP 6 (TO IS695),39.28626678,-76.73868656
01,03,,01,17,04,1,01,03,23.03,AE5767000C,09.04,01-18-2015,07:43:00,,N,N,BACOPD,UNK,09,00,2936,CO,,0,N,THISTLE RD,200,F,N,144,MD,,FREDERICK RD,39.25924024,-76.76636696
01,03,,01,88,02,1,01,01,00,AE5767000D,06.01,02-03-2015,07:30:00,,N,N,BACOPD,UNK,01,00,6657,CO,,0.11,S,MYRTLE AVE,10,F,S,3294,CO,,MC DOWELL LA (AHEAD),39.2424493,-76.64701939
05.02,03,,01,06,01,1,01,01,00,AE5767000F,03,03-14-2015,07:15:00,,N,N,BACOPD,UNK,01,00,281,OP,,0,N,SONGBIRD CIR,100,F,N,3294,CO,,MC DOWELL LA,39.23959918,-76.64682627
01,03,,01,03,02,1,01,03,00,AE5767000G,06.01,03-27-2015,17:28:00,,N,N,BACOPD,UNK,01,01,3288,CO,,0,E,ROSE AVE,500,F,E,3281,CO,,DAISY AVE (BACK),39.24450165,-76.6407752
03,03,,00,88,02,1,00,00,00,AE57680006,06.01,01-18-2015,04:18:00,113,N,N,BACOPD,UNK,02,00,3000,CO,,0.65,N,LEEDS AVE,100,F,N,2982,CO,,ELM RIDGE AVE,39.26078537,-76.68967724
03,03,,00,88,00,1,00,00,00,AE57680007,00,01-18-2015,00:00:00,113,N,N,BACOPD,UNK,02,02,3004,CO,,0.39,N,WESTLAND BLVD,30,F,N,2981,CO,,COURTNEY RD,39.25980513,-76.69675827
03,03,,02,17,02,1,01,03,08,AE57680008,06.01,02-19-2015,18:00:00,,Y,N,BACOPD,UNK,09,00,3200,CO,,1.59,N,HAMMONDS FERRY RD,0,F,N,3227,CO,,LANSDOWNE RD,39.25251936,-76.66401386
88,03,,01,17,04,1,01,01,11,AE57680009,09.04,03-01-2015,16:10:00,,N,N,BACOPD,UNK,09,00,2594,CO,,0.5,N,ACADEMY RD,5,F,N,,UU,,RAMBLING OAKS WAY,39.28731308,-76.72185302
01,03,,01,03,02,1,01,01,00,AE5768000B,06.01,03-02-2015,10:10:00,,N,N,BACOPD,UNK,01,00,144,MD,,3.35,E,FREDERICK RD,100,F,E,2812,CO,,MELVIN AVE,39.27097738,-76.73624039
01,03,,01,17,03,2,01,04,08,AE57690006,08.04,01-06-2015,07:28:00,,N,N,BACOPD,UNK,09,00,5237,CO,,2.65,N,DUNDALK AVE,5,F,N,92,GV,,CAMERON DR,39.26670805,-76.52836919
01,03,,01,17,03,1,01,01,07,AE57690007,08.04,01-06-2015,09:36:00,,N,N,BACOPD,UNK,09,00,5278,CO,,0.32,S,SOLLERS POINT RD,10,F,S,5362,CO,,JEFFERSON RD,39.26940756,-76.52321935
01,03,,00,00,01,1,01,04,88,AE57690008,03,01-18-2015,10:03:00,,N,N,BACOPD,UNK,09,00,5237,CO,,2.9,N,DUNDALK AVE,10,F,N,5215,CO,,WILLIAMS AVE,39.26909193,-76.52920604
01,03,,01,88,02,1,01,01,88,AE57690009,06.01,01-20-2015,16:36:00,,N,N,BACOPD,UNK,02,00,5460,CO,,0.05,N,MERRITT BLVD,5,F,N,5300,CO,,MERRITT POINT RD,39.25693079,-76.51181459
03,03,,01,03,02,1,01,01,00,AE5769000B,06.01,01-24-2015,18:00:00,,N,N,BACOPD,UNK,01,00,5560,CO,,0.48,E,WISE AVE,20,F,E,5600,CO,,LYNCH RD,39.26725626,-76.49680495
04,03,,01,88,02,1,00,01,00,AE5769000C,06.01,02-11-2015,20:00:00,,N,N,BACOPD,UNK,02,00,5564,CO,,0,S,WINONA AVE,2,F,S,5560,CO,,WISE AVE,39.26230554,-76.48269653
03,03,,02,11,02,1,01,01,00,AE5769000D,06.01,02-18-2015,22:03:00,,Y,N,BACOPD,UNK,01,00,5560,CO,,0.48,E,WISE AVE,0,F,E,5600,CO,,LYNCH RD,39.26668728,-76.49534047
03,03,,01,88,02,,01,01,00,AE5769000F,06.01,02-20-2015,22:00:00,,N,N,BACOPD,UNK,02,00,5604,CO,,0.2,N,ROCKBOURNE RD,10,F,N,5401,CO,,CHURCH RD,39.26445699,-76.49949789
04,03,,01,88,02,1,01,02,00,AE5769000H,06.01,03-02-2015,23:00:00,,N,N,BACOPD,UNK,02,00,5235,CO,,0,W,WOODLEY RD,3,F,W,5237,CO,,DUNDALK AVE,39.25558496,-76.52376652