LIGHT_CODE,COUNTY_NO,MUNI_CODE,JUNCTION_CODE,COLLISION_TYPE_CODE,SURF_COND_CODE,LANE_CODE,RD_COND_CODE,RD_DIV_CODE,FIX_OBJ_CODE,REPORT_NO,WEATHER_CODE,ACC_DATE,ACC_TIME,LOC_CODE,SIGNAL_FLAG,C_M_ZONE_FLAG,AGENCY_CODE,AREA_CODE,HARM_EVENT_CODE1,HARM_EVENT_CODE2,RTE_NO,ROUTE_TYPE_CODE,RTE_SUFFIX,LOG_MILE,LOGMILE_DIR_FLAG,MAINROAD_NAME,DISTANCE,FEET_MILES_FLAG,DISTANCE_DIR_FLAG,REFERENCE_NO,REFERENCE_TYPE_CODE,REFERENCE_SUFFIX,REFERENCE_ROAD_NAME,LATITUDE,LONGITUDE
00,03,,01,08,00,1,01,01,00,AE5780000J,00,03-28-2015,00:00:00,,N,N,BACOPD,UNK,01,02,1364,CO,,0.76,E,ALLEGHENY AVE,30,F,E,1172,CO,,WASHINGTON AVE,39.40182983,-76.60528421
01,03,,02,07,02,1,01,01,00,AE57810006,00,01-14-2015,08:50:00,,Y,N,BACOPD,UNK,01,00,144,MD,,3.53,E,FREDERICK RD,0,F,E,2802,CO,,EGGES LA,39.27155879,-76.73352599
01,03,,01,00,02,,01,00,00,AE57810007,00,01-15-2015,11:12:00,,N,N,BACOPD,UNK,02,02,3239,CO,,0.65,S,HOLLINS FERRY RD,20,F,S,3248,CO,,FIFTH AVE,39.24166823,-76.65018439
05.02,03,,05.01,17,04,,01,02,05,AE57810008,03,01-18-2015,07:37:00,,N,N,BACOPD,UNK,09,00,95,RP,,0.42,E,RAMP 4 FR IS 95 NB TO IS 695 EB,700,F,E,695,IS,,BALTO BELTWAY,39.24913791,-76.68049335
01,03,,02,11,00,1,01,01,00,AE57810009,06.01,02-11-2015,10:17:00,,Y,N,BACOPD,UNK,01,01,8252,CO,,0.06,W,CATON GLEN RD,0,F,W,8253,CO,,WINDYS RUN RD,39.28062811,-76.76660299
01,03,,02,01,00,1,00,01,00,AE5781000B,06.01,02-13-2015,07:15:00,,Y,N,BACOPD,UNK,01,00,2934,CO,,1.28,E,RIVER RD,0,F,E,2936,CO,,THISTLE RD,39.28754559,-76.73606873
03,03,,03,88,03,1,00,01,00,AE5781000C,08.04,02-21-2015,20:23:00,,N,N,BACOPD,UNK,01,01,648,MD,E,0.48,N,OLD ANNAPOLIS RD,0,F,N,3324,CO,E,DELAWARE AVE,39.23132237,-76.67392731
01,03,,02,12,00,1,00,01,00,AE5781000D,00,03-07-2015,11:00:00,,Y,N,BACOPD,UNK,01,00,2976,CO,,0.65,W,MAIDEN CHOICE LA,0,F,W,372,MD,,WILKENS AVE,39.26441546,-76.69974089
01,03,,01,03,00,1,01,04,00,AE5781000F,06.01,03-07-2015,13:09:00,,N,N,BACOPD,UNK,01,01,40,US,,3.45,E,BALTO NATIONAL PIKE,5,F,E,2544,CO,,ST AGNES LA,39.29056813,-76.72169209
01,03,,01,17,01,1,01,01,11,AE5781000G,08.04,03-20-2015,13:30:00,,N,N,BACOPD,UNK,15,16,372,MD,,0,E,WILKENS AVE,5,F,E,166,MD,,ROLLING RD,39.23905075,-76.71386003
01,03,,02,01,03,1,01,01,00,AE57820005,08.04,01-06-2015,09:20:00,,N,N,BACOPD,UNK,01,00,700,MD,,0.85,N,MARTIN BLVD,0,F,N,4483,CO,,WINDLASS DR,39.33455468,-76.44963026
01,10,,03,11,02,1,01,01,00,BS04500004,06.01,02-13-2015,14:22:00,,Y,N,FREDERICKPD,UNK,01,01,570,MU,,1.26,S,N EAST ST,0,U,S,9031,MU,,E 3RD ST,39.41746361,-77.40483999
03,10,,08.04,88,02,,01,01,00,BS04500005,06.01,03-16-2015,20:26:00,,N,N,FREDERICKPD,UNK,02,00,718,MU,,0.63,N,HEATHER RIDGE DR,600,F,N,345,OP,,THOMAS JOHNSON DR (AHEAD),39.44053899,-77.41424516
03,10,,01,01,02,2,01,04,04,BS04510003,06.01,01-16-2015,01:09:00,,N,N,FREDERICKPD,UNK,09,09,998,MU,,1.93,N,MONOCACY BLVD,900,F,N,806,OP,,WATERSIDE DR,39.45990415,-77.39505529
03,10,,01,11,02,2,01,01,04,BS04510004,06.01,02-28-2015,01:55:00,,N,N,FREDERICKPD,UNK,09,02,9071,MU,,0.31,W,W 7TH ST,100,F,W,1460,MU,,TOLL HOUSE AVE,39.42369625,-77.41456032
03,10,,02,11,01,2,01,04,10,BS04530007,03,01-27-2015,18:00:00,,Y,N,FREDERICKPD,UNK,01,09,1329,MU,,0.5,E,SCHIFFERSTADT BLVD,0,F,E,477,OP,,E 16TH ST,39.4357124,-77.39222288
01,10,,02,17,03,1,01,04,10,BS04530008,12.04,03-01-2015,09:34:00,,Y,N,FREDERICKPD,UNK,09,00,40,US,,12.15,E,W PATRICK ST,0,F,E,925,MU,,MCCAIN DR,39.41852452,-77.45337725
03,10,,00,03,02,1,01,04,00,BS0453000B,06.01,03-21-2015,02:21:00,,N,N,FREDERICKPD,UNK,01,00,310,MU,,0.39,S,CENTER ST,10,F,S,840,MU,,LOGAN ST,39.40587538,-77.41958141
03,10,,00,03,02,1,01,01,04,BS04540003,06.01,01-11-2015,02:15:00,,N,N,FREDERICKPD,UNK,09,09,565,MU,,0.2,E,E GREENLEAF DR,20,F,E,1112,MU,,OLD COACH CT,39.45068,-77.449426
03,10,,01,03,01,1,01,01,00,BS04560004,12.04,01-24-2015,00:40:00,,N,N,FREDERICKPD,UNK,02,00,2,MU,,0,E,CASTLE ROCK RD,100,F,E,1539,MU,,WHEYFIELD DR,39.44872065,-77.37020731
03,10,,03,03,03,1,01,01,00,BS04560006,06.01,03-07-2015,00:23:00,,Y,N,FREDERICKPD,UNK,01,00,9070,MU,,0.3,W,E 7TH ST,30,F,W,1049,MU,,N MARKET ST,39.42275144,-77.40923882
03,10,,02,17,02,,01,01,08,BS04590003,00,01-26-2015,02:03:00,,Y,N,FREDERICKPD,UNK,09,00,370,MU,,0.13,E,W CHURCH ST,0,F,E,471,MU,,N COURT ST,39.41542462,-77.41217852
03,10,,01,03,02,1,01,01,00,BS04590004,06.01,02-14-2015,00:15:00,,N,N,FREDERICKPD,UNK,01,02,144,MD,FA,4.05,W,E PATRICK ST,25,F,W,660,MU,FA,FRANKLIN ST,39.41052582,-77.39428282
01,10,,02,11,02,2,01,04,00,BS04610005,00,01-17-2015,08:02:00,,Y,N,FREDERICKPD,UNK,01,01,40,US,,12.28,E,W PATRICK ST,0,F,E,1575,MU,,WILLOWDALE DR,39.41851623,-77.45083451
01,10,,05.01,05,00,,01,02,00,BS04610006,06.01,03-09-2015,09:34:00,,Y,N,FREDERICKPD,UNK,01,00,15,RP,,0,S,RAMP 8 FR ROSEMONT AVE TO US 15 SB,50,F,S,1310,MU,,ROSEMONT AVE,39.42505542,-77.42881894
01,10,,01,88,04,1,01,01,09,BS04630006,10.04,02-15-2015,08:47:00,,N,N,FREDERICKPD,UNK,09,02,8856,MU,,1.42,N,BUTTERFLY LA,25,F,N,1429,MU,,SWALLOWTAIL DR,39.41154125,-77.46490002
01,10,,03,02,02,1,01,01,00,BS04710006,06.01,01-02-2015,14:18:00,,N,N,FREDERICKPD,UNK,01,00,90,MU,,0.098,N,BAUGHMANS LA,0,M,N,,UU,,ENT TO FREDERICK CO SQUARE S.C.,39.417536,-77.43799
01,10,,03,15,01,1,01,00,00,BS04720005,09.04,01-29-2015,15:26:00,,Y,N,FREDERICKPD,UNK,01,00,729,MU,,0.21,N,HIMES AVE,0,F,N,1362,MU,,SENECA DR,39.408669,-77.4445045
03,10,,00,88,03,1,01,01,00,BS04720006,03,03-01-2015,18:56:00,,N,N,FREDERICKPD,UNK,02,00,723,MU,,0.92,N,HILLCREST DR,100,F,N,,UU,,LANCASTER PL,39.40981294,-77.44874775
01,03,,01,03,02,1,01,04,00,AE54780003,06.01,01-05-2015,08:51:00,,N,N,BACOPD,UNK,01,00,150,MD,,2.09,E,EASTERN AVE,15,F,E,5135,CO,,DIAMOND POINT RD,39.29954367,-76.49480939
99,03,,00,07,00,,01,01,00,AE54780004,06.01,02-14-2015,00:00:00,,N,N,BACOPD,UNK,02,00,5155,CO,,0.31,N,GOUGH ST,10,F,N,5149,CO,,OVERVIEW AVE,39.29285156,-76.52620196
01,03,,01,09,99,,01,00,00,AE54780005,06.01,02-19-2015,11:15:00,,N,N,BACOPD,UNK,02,00,150,MD,,0.78,E,EASTERN AVE,150,F,E,151,MD,,NORTH POINT BLVD,39.29251943,-76.51082754
01,03,,03,11,02,1,01,01,00,AE54780007,06.01,03-08-2015,12:14:00,,Y,N,BACOPD,UNK,01,00,5508,CO,,0,S,KIMBERLY RD,0,F,S,5509,CO,,VULCAN RD,39.27996373,-76.48471355
01,03,,01,03,02,2,01,04,00,AE54780008,07.01,03-30-2015,08:51:00,,N,N,BACOPD,UNK,01,00,150,MD,,0.54,E,EASTERN AVE,20,F,E,5159,CO,,ASHBY AVE,39.29197141,-76.52033329
03,03,,02,08,00,1,01,03,00,AE54790006,00,01-16-2015,18:53:00,,N,N,BACOPD,UNK,01,00,4500,CO,,0.04,N,COMPASS RD,0,F,N,6533,CO,,RAINTREE CT,39.32962531,-76.46481156
05.02,03,,01,11,02,,01,01,00,AE54790007,06.01,02-05-2015,00:00:00,,N,N,BACOPD,UNK,01,00,4765,CO,,0,S,GLENWOOD RD,50,F,S,4758,CO,,OLD EASTERN AVE,39.31273503,-76.46174312
01,03,,02,08,02,1,01,04,00,AE54790008,06.01,02-12-2015,16:15:00,,Y,N,BACOPD,UNK,01,00,150,MD,,3.92,E,EASTERN BLVD,0,F,E,4758,CO,,OLD EASTERN AVE,39.31297576,-76.46418929
03,03,,01,17,02,,01,01,10,AE54810005,00,02-03-2015,23:19:00,AE 03,N,N,BACOPD,UNK,15,00,6137,CO,,0.54,E,WALNUT AVE,50,F,E,6045,CO,,BARNSTABLE CT,39.45901782,-76.75769806
04,03,,01,17,02,1,01,01,06,AE54810006,06.01,02-11-2015,00:02:00,,N,N,BACOPD,UNK,08,09,88,MD,,4.92,E,BLACKROCK RD,100,F,E,153,CO,,BENSON MILL RD,39.55356778,-76.76853418
03,03,,01,01,01,1,01,01,00,AE54810007,03,03-13-2015,23:40:00,,N,N,BACOPD,UNK,02,00,602,CO,,0.75,E,HAMMERSHIRE RD,100,F,E,601,CO,,STANLAKE RD,39.44287966,-76.79498076
01,03,,01,88,02,1,01,01,00,AE54830007,06.01,02-06-2015,12:50:00,,N,N,BACOPD,UNK,02,00,3202,CO,,0,S,FLOWER LA,5,F,S,3203,CO,,GARDEN AVE,39.25406464,-76.66334331
01,03,,02,88,02,,01,04,00,AE54830008,06.01,02-13-2015,07:45:00,,Y,N,BACOPD,UNK,01,01,3239,CO,,1.63,S,HOLLINS FERRY RD,0,F,S,3242,CO,,WALNUT AVE,39.23692345,-76.66603088
01,03,,02,11,01,1,02,01,00,AE54830009,03,03-10-2015,13:48:00,,Y,N,BACOPD,UNK,01,00,3239,CO,,2.87,S,HOLLINS FERRY RD,0,F,S,3140,CO,,HALETHORPE FARMS RD,39.22846348,-76.68583632
03,03,,02,88,01,2,01,01,00,AE5483000B,12.04,03-20-2015,06:30:00,,Y,N,BACOPD,UNK,01,00,1,US,AL,1.96,N,WASHINGTON BLVD,0,F,N,7580,CO,,COMMERCE DR,39.24827383,-76.67100906
01,03,,01,09,02,1,01,01,00,AE5483000C,06.01,03-24-2015,16:47:00,,N,N,BACOPD,UNK,01,00,144,MD,,4.56,E,FREDERICK RD,10,F,E,2762,CO,,CEDARWOOD RD,39.27600224,-76.71589851
03,03,,88,03,02,,00,00,00,AE54840005,00,01-24-2015,23:07:00,,N,N,BACOPD,UNK,01,00,1900,CO,,3.35,S,WINDSOR MILL RD,200,F,S,6129,CO,,WINDSOR BLVD,39.33407337,-76.7482996
03,03,,01,88,03,1,00,00,00,AE54840006,08.04,01-13-2015,23:27:00,,N,N,BACOPD,UNK,02,02,8018,CO,,0.97,E,GWYNN OAK AVE,200,F,E,1924,CO,,ROYAL OAK AVE,39.32531805,-76.7122829
03,03,,00,17,02,1,00,00,00,AE54850003,06.01,01-01-2015,22:00:00,113,N,N,BACOPD,UNK,09,00,2930,CO,,0.26,N,WESTCHESTER AVE,100,F,N,2928,CO,,BRA MARR AVE,39.27813666,-76.77733183
03,03,,00,17,01,1,00,00,10,AE54850004,03,01-03-2015,06:00:00,112,N,N,BACOPD,UNK,09,00,2784,CO,,0.52,S,BLOOMSBURY AVE,100,F,S,8130,CO,,CINNAMON TREE CT,39.26437392,-76.72963142
03,03,,00,03,00,1,00,00,00,AE54850005,00,03-23-2015,04:30:00,113,N,N,BACOPD,UNK,01,00,144,MD,,4.04,E,FREDERICK RD,20,F,E,695,RP,,RAMP 6 FR MD 144 TO IS 695 SB,39.27405878,-76.722368
01,03,,01,17,04,1,01,01,11,AE5486000G,03,01-18-2015,11:25:00,,N,N,BACOPD,UNK,09,00,722,CO,,2.56,N,GREENSPRING AVE,2,M,N,6135,CO,,TIMOTHYS GREEN CT,39.40706911,-76.68532133
03,03,,01,88,01,2,01,01,00,AE5486000H,00,01-23-2015,18:20:00,,N,N,BACOPD,UNK,01,00,140,MD,,1.57,N,REISTERSTOWN RD,100,F,N,,UU,,ENT TO BUSINESS,39.38031314,-76.72897696
01,03,,02,15,04,1,01,01,00,AE5486000K,03,01-24-2015,08:44:00,,Y,N,BACOPD,UNK,01,00,1576,CO,,0,S,SEVEN MILE LA,0,F,S,133,MD,,OLD COURT RD,39.38090193,-76.71115637
03,03,,02,11,02,,01,88,00,AE5486000L,06.01,01-30-2015,21:04:00,,Y,N,BACOPD,UNK,01,00,722,CO,,1.63,N,GREENSPRING AVE,0,F,N,695,RP,,RAMP 4 FR GREENSPRING AVE TO IS 695 EB,39.39492365,-76.68749928
01,03,,01,07,01,1,01,04,05,AE5486000M,00,02-10-2015,09:13:00,,N,N,BACOPD,UNK,01,09,695,MD,,11.89,N,BALTO BELTWAY,0,U,N,695,RP,,RAMP 3 FR IS 795 EB TO IS 695 NB,39.37303992,-76.74638987
01,03,,02,03,02,1,01,01,00,AE5486000P,00,02-26-2015,15:09:00,,N,N,BACOPD,UNK,01,00,26,MD,,9.467,E,LIBERTY RD,0,F,E,1902,CO,,ST LUKES LA,39.34278611,-76.72793627
01,03,,01,17,04,1,01,01,07,AE5486000Q,09.04,02-27-2015,12:00:00,,N,N,BACOPD,UNK,09,09,133,MD,,0.59,E,OLD COURT RD,1,M,E,1524,CO,,LIGHTFOOT DR,39.38180584,-76.7083776
01,03,,02,11,01,,01,01,00,AE5486000R,06.01,03-02-2015,13:05:00,,Y,N,BACOPD,UNK,01,00,133,MD,,1.98,E,OLD COURT RD,0,F,E,722,CO,,GREENSPRING AVE,39.39424378,-76.68711305
01,03,,05.01,05,04,,00,00,00,AE5647000B,03,01-19-2015,09:00:00,,N,N,BACOPD,UNK,01,01,895,RP,,0,E,RAMP 4 FR US 1 NB TO IS 895 EB,25,F,E,895,RP,,RAMP 4 FR US 1 NB TO IS 895 EB (BACK),39.22221342,-76.72038317
01,03,,02,07,02,3,01,03,00,AE5647000C,06.01,02-27-2015,11:15:00,,Y,N,BACOPD,UNK,01,00,702,MD,,2.324,E,SOUTHEAST BLVD,0,F,E,4831,CO,,E HOMBERG AVE,39.31114124,-76.45276308
01,03,,00,17,02,,01,03,11,AE5647000D,06.01,03-31-2015,15:20:00,,N,N,BACOPD,UNK,09,00,4952,CO,,0.89,E,HOLLY NECK RD,25,F,E,4938,CO,,GOLUPSKI RD,39.27975611,-76.40999794
03,03,,01,07,02,1,01,01,00,AE56490003,06.01,02-01-2015,23:00:00,,N,N,BACOPD,UNK,01,02,3248,CO,,0.37,E,FIFTH AVE,2,F,E,3252,CO,,CHARLESTON AVE,39.24192582,-76.65861726
03,03,,02,11,01,1,01,01,00,AE56490004,00,02-27-2015,01:35:00,,N,N,BACOPD,UNK,02,00,3226,CO,,0.6,E,FOURTH AVE,0,F,E,3248,CO,,FIFTH AVE,39.24261549,-76.65510893
03,03,,01,17,02,1,01,01,10,AE56490005,06.01,03-29-2015,23:31:00,,N,N,BACOPD,UNK,09,00,3090,CO,,0.18,S,OAKLAND RD,1,F,S,3078,CO,,JUNE RD,39.24474261,-76.69881821
03,03,,01,05,03,1,88,04,00,AE56500003,12.04,02-15-2015,02:09:00,,N,N,BACOPD,UNK,01,00,157,MD,,3.03,N,MERRITT BLVD,100,F,N,5377,CO,,MEADOW LA,39.26401674,-76.50693297
05.02,03,,00,01,00,1,00,00,00,AE56520008,06.01,01-11-2015,07:00:00,,N,N,BACOPD,UNK,02,00,5150,CO,,0.25,S,PEMBROOKE BLVD,250,F,S,,UU,,ALLEY,39.29045188,-76.527071
01,03,,02,03,02,2,01,01,00,AE56520009,06.01,01-13-2015,11:32:00,,Y,N,BACOPD,UNK,01,00,151,MD,,7.28,N,NORTH POINT BLVD,0,F,N,5148,CO,,BALTIMORE ST,39.29569952,-76.52567625
03,03,,01,08,00,1,01,01,00,AE5652000B,06.01,01-17-2015,05:19:00,,N,N,BACOPD,UNK,02,00,5383,CO,,0.07,S,MOORGATE RD,200,F,S,5385,CO,,STANHOPE RD,39.26287871,-76.50619268
03,03,,03,17,00,,01,04,10,AE5652000C,06.01,01-18-2015,00:38:00,,N,N,BACOPD,UNK,16,09,157,MD,,3.03,N,MERRITT BLVD,10,F,N,5377,CO,,MEADOW LA,39.26414964,-76.50707245
06.02,03,,02,01,00,1,01,01,00,AE5652000G,00,02-01-2015,16:53:00,,N,N,BACOPD,UNK,01,00,5278,CO,,2.2,S,SOLLERS POINT RD,0,F,S,5296,CO,,YORKWAY,39.24705039,-76.50807559
01,03,,02,17,04,1,88,88,04,AE5652000H,06.01,02-10-2015,09:46:00,,Y,N,BACOPD,UNK,16,09,5297,CO,,0.65,S,DUNMANWAY,0,F,S,5460,CO,,MERRITT BLVD,39.25860473,-76.51059151
01,03,,02,03,02,2,01,04,00,AE5652000J,00,02-14-2015,14:01:00,,Y,N,BACOPD,UNK,01,00,150,MD,,0.57,E,EASTERN AVE,0,F,E,5452,CO,,SOUTHERN AVE,39.29131545,-76.5209341
01,03,,02,11,04,2,01,04,00,AE5652000K,08.04,02-15-2015,13:48:00,,Y,N,BACOPD,UNK,01,00,5237,CO,,2.04,N,DUNDALK AVE,0,F,N,5231,CO,,BALTIMORE AVE,39.25854243,-76.52441025
03,03,,01,03,03,1,00,01,00,AE5652000L,08.04,02-16-2015,19:50:00,,N,N,BACOPD,UNK,02,00,5322,CO,,0.17,S,SHIPWAY,0,F,S,5323,CO,,EASTSHIP RD,39.26017064,-76.51887417
01,03,,01,07,03,1,01,04,00,AE5652000M,08.04,03-01-2015,10:44:00,,N,N,BACOPD,UNK,01,01,151,MD,,6.88,N,NORTH POINT BLVD,30,F,N,150,RP,,RAMP 7 FR MD 151 WB TO MD 150 SB,39.29229524,-76.51372433
01,03,,01,03,02,2,01,03,00,AE56530005,00,02-01-2015,13:44:00,,Y,N,BACOPD,UNK,01,00,3481,CO,,2.25,W,TAYLOR AVE,30,F,W,41,MD,,PERRING PKWY,39.38063656,-76.55688643
03,03,,01,07,03,2,00,04,00,AE56530006,08.04,02-21-2015,19:00:00,06,N,N,BACOPD,UNK,01,00,542,MD,,0.02,N,LOCH RAVEN BLVD,50,F,N,3396,CO,,LOCH HILL RD,39.37320579,-76.5816164
03,03,,02,11,04,2,01,04,00,AE56530007,09.04,03-01-2015,18:00:00,,Y,N,BACOPD,UNK,01,00,3481,CO,,3.43,W,TAYLOR AVE,0,F,W,542,MD,,LOCH RAVEN BLVD,39.38512284,-76.57669723
06.02,03,,01,03,01,1,01,04,00,AE56530008,07.01,03-14-2015,16:35:00,,Y,Y,BACOPD,UNK,01,00,1354,CO,,0.33,W,TOWSONTOWN BLVD,80,F,W,45,MD,,YORK RD,39.39785865,-76.60446882
03,03,,08.04,17,04,1,01,01,04,AE56540004,09.04,01-12-2015,02:07:00,,N,N,BACOPD,UNK,15,00,139,MD,,3.24,N,CHARLES ST,50,F,N,1150,CO,,KENILWORTH DR,39.4141813,-76.6277504
03,03,,01,17,04,,01,02,11,AE56540005,06.01,02-20-2015,02:08:00,,N,N,BACOPD,UNK,09,00,8673,CO,,0.07,E,CHESAPEAKE AVE E,5,F,E,1171,CO,,DELAWARE AVE,39.39916858,-76.60120726
03,03,,02,07,02,1,01,02,00,AE56550004,06.01,02-27-2015,05:30:00,,N,N,BACOPD,UNK,01,00,5187,CO,,0.3,N,BOSTON AVE,0,F,N,5186,CO,,DELBERT AVE,39.28143366,-76.52851939
99,03,,01,11,03,1,01,01,00,AE56550005,12.04,03-04-2015,00:00:00,,N,N,BACOPD,UNK,02,00,8457,CO,,0.07,S,HEADLAND BLVD,50,F,S,,UU,,ROAD END,39.22424143,-76.44928694
04,03,,00,17,02,1,01,02,00,AE56550006,06.01,03-25-2015,00:00:00,,N,N,BACOPD,UNK,16,00,151,MD,,5.97,N,NORTH POINT BLVD,100,F,N,5461,CO,,CARROLL AVE,39.28904857,-76.50175095
03,03,,01,88,02,1,01,01,00,AE56560002,06.01,01-11-2015,18:28:00,,N,N,BACOPD,UNK,02,02,5600,CO,,0.71,S,LYNCH RD,20,F,S,5609,CO,,ARMCO WAY,39.2634768,-76.49537802
01,03,,02,17,02,,01,03,00,AE56560003,06.01,01-29-2015,11:55:00,,Y,N,BACOPD,UNK,03,00,5600,CO,,0.45,S,LYNCH RD,0,F,S,5560,CO,,WISE AVE,39.26672466,-76.49537802
03,03,,02,17,01,1,01,01,08,AE57820006,03,01-21-2015,19:44:00,,Y,N,BACOPD,UNK,09,00,4978,CO,,0.53,N,MARYLAND AVE,0,F,N,6658,CO,,S STUART ST,39.30947478,-76.47035569
03,03,,01,06,03,1,01,01,00,AE57820007,08.04,01-26-2015,23:24:00,,N,N,BACOPD,UNK,02,02,4794,CO,,0.33,N,FOXWOOD LA,100,F,N,4790,CO,,FOXCHASE LA,39.29886286,-76.45218909
01,03,,02,11,03,1,01,04,00,AE57820008,05,02-15-2015,10:26:00,,Y,N,BACOPD,UNK,01,00,40,US,,19.84,E,PULASKI HWY,0,F,E,8704,CO,,MOHRS LA,39.36070812,-76.44553185
01,03,,01,17,03,1,01,01,07,AE57820009,05,02-15-2015,11:35:00,,N,N,BACOPD,UNK,09,00,4181,CO,,0.41,E,BENGIES RD,200,F,E,4174,CO,,GLADWAY RD,39.34364073,-76.42935276
06.02,03,,02,11,02,1,01,01,00,AE5782000B,06.01,02-18-2015,00:00:00,,Y,N,BACOPD,UNK,01,00,4096,CO,,0,E,GRACES QUARTERS RD,0,F,E,150,MD,,EASTERN AVE,39.36189017,-76.36688143
01,03,,03,03,01,,01,04,00,AE57830007,88,01-04-2015,14:22:00,,Y,N,BACOPD,UNK,01,00,,,,,,OLD COURT RD,0,F,,,,,SUDBROOK LA,39.37856332,-76.71836615
01,03,,02,11,00,3,01,04,00,AE57830008,06.01,01-14-2015,15:06:00,,Y,N,BACOPD,UNK,01,00,26,MD,,8.127,E,LIBERTY RD,0,F,E,2022,CO,,WASHINGTON AVE,39.3509585,-76.7502737
01,03,,03,13,02,3,01,01,01,AE57830009,06.01,01-28-2015,09:57:00,,Y,Y,BACOPD,UNK,01,09,1800,CO,,1.89,W,MILFORD MILL RD,2,F,W,2163,CO,,SCOTTS LEVEL RD,39.35964425,-76.74681902
03,03,,01,17,03,3,01,04,09,AE5783000B,08.04,02-14-2015,19:50:00,,N,N,BACOPD,UNK,09,00,26,MD,,9.047,E,LIBERTY RD,0,M,E,1901,CO,,ESSEX RD,39.34509273,-76.73406243
01,03,,02,11,00,1,01,01,88,AE5783000D,06.01,03-31-2015,18:33:00,,Y,N,BACOPD,UNK,01,16,1496,CO,,0.98,N,OLD PIMLICO RD,0,F,N,5799,CO,,ROCKLAND HILLS DR,39.38425215,-76.66738272
03,03,,03,03,00,3,00,04,00,AE5783000F,00,03-26-2015,23:40:00,,Y,N,BACOPD,UNK,01,00,26,MD,,8.297,E,LIBERTY RD,50,F,E,6382,CO,,LORD BALTIMORE DR,39.34978041,-76.74704432
01,03,,01,07,02,1,01,04,00,AE57850007,06.01,01-23-2015,07:40:00,,N,N,BACOPD,UNK,01,00,150,MD,,1.46,E,EASTERN AVE,50,F,E,695,RP,,RAMP 8 FR MD 695 SB TO MD 150 WB,39.31663634,-76.4598012
99,03,,01,07,99,,99,01,00,AE57850008,99,01-27-2015,12:26:00,,N,N,BACOPD,UNK,01,00,4814,CO,,0,E,BARRON AVE,300,F,E,4775,CO,,MARLYN AVE S,39.30640946,-76.46188259
01,03,,01,07,02,1,01,01,18.88,AE57850009,06.01,02-10-2015,15:11:00,,N,N,BACOPD,UNK,16,09,4952,CO,,1.21,E,HOLLY NECK RD,200,F,E,4936,CO,,GOFF RD,39.27967306,-76.40967607
99,03,,01,99,01,1,01,01,00,AE5785000C,00,02-26-2015,11:03:00,,N,N,BACOPD,UNK,01,00,8699,CO,,0.3,N,DECATUR RD,50,F,N,8743,CO,,LOWE RD (AHEAD),39.34865622,-76.44806921
07.88,03,,01,99,99,,01,01,00,AE5785000F,99,03-19-2015,00:00:00,,N,N,BACOPD,UNK,02,00,4571,CO,,0.24,S,STABILIZER DR,200,F,S,4573,CO,,YAWMETER AVE,39.33462106,-76.4600265
04,03,,01,88,02,,01,01,00,AE57860006,06.01,01-10-2015,22:30:00,,N,N,BACOPD,UNK,02,00,8007,CO,,0.48,N,NORTH POINT RD,200,F,N,5507,CO,,WALLACE RD,39.27772971,-76.48448825
03,03,,01,07,02,1,01,01,00,AE57860007,06.01,01-25-2015,01:04:00,,N,N,BACOPD,UNK,02,02,5585,CO,,0.069,N,INVERNESS AVE,300,F,N,5560,CO,,WISE AVE,39.26490555,-76.48647308
07.88,03,,01,07,99,,99,01,00,AE57860009,99,03-06-2015,00:00:00,,N,N,BACOPD,UNK,02,00,5142,CO,,0.49,N,EASTDALE RD,4,F,N,5132,CO,,ROLLING MILL RD,39.29912024,-76.51223302
99,03,,01,07,00,,01,01,00,AE5786000B,06.01,03-09-2015,00:00:00,,N,N,BACOPD,UNK,02,00,5375,CO,,0.08,W,MARTELL AVE,0,F,W,5410,CO,,BAYARD AVE,39.27152557,-76.51445389
88,03,,01,07,99,,01,88,00,AE5786000C,06.01,03-09-2015,00:00:00,,N,N,BACOPD,UNK,02,99,6098,CO,,0,W,ALVAH AVE,0,F,W,5420,CO,,HOLAVIEW RD,39.27411692,-76.50781274
99,03,,02,17,99,,01,01,88,AE57870006,06.01,01-02-2015,00:00:00,,N,N,BACOPD,UNK,09,09,2371,CO,,0.22,W,CANTWELL RD,0,F,W,,UU,,TOWNHOUSE CIR,39.30899953,-76.76630259
01,03,,02,11,01,2,01,01,04,AE57870007,03,01-03-2015,08:43:00,,Y,N,BACOPD,UNK,01,09,2398,CO,,0.8,N,BELMONT AVE,0,F,N,2356,CO,,DOGWOOD RD,39.32188202,-76.74512386
99,03,,01,03,99,1,01,01,00,AE57870008,99,01-11-2015,00:00:00,,N,N,BACOPD,UNK,02,00,2387,CO,,0.13,E,MUNFORD RD,100,F,E,2000,CO,,ROLLING RD,39.31783159,-76.75769806
05.02,03,,02,11,02,1,01,01,00,AE57870009,07.01,01-21-2015,07:53:00,,Y,N,BACOPD,UNK,01,00,2500,CO,,0.19,W,CROSBY RD,0,F,W,2486,CO,,CRAIGMONT RD,39.29765068,-76.7413044
01,03,,01,01,02,1,01,01,00,AE5787000B,07.01,02-16-2015,08:57:00,,N,N,BACOPD,UNK,02,00,2404,CO,,0.24,S,WHITEHEAD RD,200,F,S,2403,CO,,WHITESTONE RD,39.31560708,-76.74202859