LIGHT_CODE,COUNTY_NO,MUNI_CODE,JUNCTION_CODE,COLLISION_TYPE_CODE,SURF_COND_CODE,LANE_CODE,RD_COND_CODE,RD_DIV_CODE,FIX_OBJ_CODE,REPORT_NO,WEATHER_CODE,ACC_DATE,ACC_TIME,LOC_CODE,SIGNAL_FLAG,C_M_ZONE_FLAG,AGENCY_CODE,AREA_CODE,HARM_EVENT_CODE1,HARM_EVENT_CODE2,RTE_NO,ROUTE_TYPE_CODE,RTE_SUFFIX,LOG_MILE,LOGMILE_DIR_FLAG,MAINROAD_NAME,DISTANCE,FEET_MILES_FLAG,DISTANCE_DIR_FLAG,REFERENCE_NO,REFERENCE_TYPE_CODE,REFERENCE_SUFFIX,REFERENCE_ROAD_NAME,LATITUDE,LONGITUDE
04,03,,01,15,03,1,01,01,00,AE5787000C,08.04,02-26-2015,06:07:00,,N,N,BACOPD,UNK,01,00,2244,CO,,1.59,W,ALLENSWOOD RD,100,F,W,2263,CO,,ALLENSWOOD CT,39.37221883,-76.79446578
03,03,,01,03,04,1,00,01,18.88,AE5787000D,12.04,03-03-2015,00:00:00,,N,N,BACOPD,UNK,09,02,1902,CO,,0.95,S,ST LUKES LA,35,F,S,1970,CO,,SCHISSLER AVE,39.33497789,-76.74059629
01,03,,01,03,01,1,01,01,00,AE5787000F,03,03-04-2015,16:09:00,,N,N,BACOPD,UNK,01,00,,,,,,WIINDSOR MILL RD.,50,F,,,,,GARTSIDE AVE,39.3394837,-76.75820231
99,03,,01,88,99,1,01,01,00,AE57900008,99,02-24-2015,00:00:00,,N,N,BACOPD,UNK,02,00,4779,CO,,0,S,HYDE PARK RD,0,F,S,4967,CO,,BACK RIVER NECK RD,39.29513492,-76.43172383
01,03,,02,05,02,1,01,03,09,AE57910007,06.01,01-21-2015,13:48:00,,N,N,BACOPD,UNK,01,01,5033,CO,,1.26,S,MACE AVE,0,F,S,4984,CO,,FRANKLIN AVE,39.30954741,-76.478405
01,03,,01,17,02,1,01,03,10,AE57910008,06.01,01-31-2015,10:49:00,,N,N,BACOPD,UNK,08,09,4728,CO,,0.5,S,STEMMERS RUN RD,100,F,S,4594,CO,,MIDDLESEX RD,39.32551724,-76.46063805
03,03,,03,88,02,2,01,03,00,AE57910009,06.01,02-15-2015,18:23:00,,Y,N,BACOPD,UNK,01,00,150,MD,,7.85,E,EASTERN BLVD,0,F,E,4156,CO,,BENGIES RD,39.34996293,-76.38519287
03,03,,01,17,01,,01,04,05,AE5791000B,03,03-04-2015,18:32:00,,N,N,BACOPD,UNK,09,00,40,US,,21.5,E,PULASKI HWY,0,M,E,4095,CO,,EBENEZER RD,39.349,-76.385
01,03,,02,08,02,2,01,01,00,AE57920007,06.01,02-19-2015,07:58:00,,N,N,BACOPD,UNK,01,00,722,CO,,0.53,N,GREENSPRING AVE,0,F,N,1525,CO,,LIGHTFOOT DR,39.37921018,-76.68457031
01,03,,02,88,03,1,01,01,00,AE57920008,08.04,02-24-2015,13:37:00,,Y,N,BACOPD,UNK,01,00,1856,CO,,0.23,S,CEDAR DR,0,F,S,1854,CO,,FOREST GROVE AVE,39.34407219,-76.72414899
07.88,03,,02,03,01,,01,02,00,AE57930006,03,01-24-2015,18:30:00,,N,N,BACOPD,UNK,01,00,122,MD,,2.59,E,SECURITY BLVD,0,F,E,2621,CO,,INGLESIDE AVE,39.30361175,-76.71264768
01,03,,01,03,00,,01,01,00,AE57930007,06.01,02-11-2015,14:08:00,,N,N,BACOPD,UNK,01,00,3022,CO,,0,N,BENSON AVE,0,U,N,3071,CO,,SULPHUR SPRING RD,39.25699725,-76.68522745
03,03,,01,88,03,,01,01,88,AE57930008,08.04,02-21-2015,19:15:00,,N,N,BACOPD,UNK,02,00,2772,CO,,0,N,BLAKENEY RD,0,F,N,2770,CO,,ALTAMONT AVE,39.27199899,-76.72198176
01,03,,02,09,02,1,01,04,00,AE5793000B,06.01,02-26-2015,16:51:00,,N,N,BACOPD,UNK,01,00,3058,CO,,0.04,N,EAST DR,0,F,N,3051,CO,,POPLAR AVE,39.24790825,-76.69384003
01,03,,01,17,01,1,01,03,11,AE57940007,03,01-03-2015,08:57:00,,N,N,BACOPD,UNK,09,09,130,MD,,2.81,E,GREENSPRING VALLEY RD,50,F,E,1667,CO,,CANDLEWICK RD,39.41759622,-76.71162844
04,03,,02,06,04,1,04,01,00,AE57940009,06.01,01-10-2015,23:45:00,,N,N,BACOPD,UNK,01,00,7823,CO,,0.3,E,FOXFIELD RD,0,F,E,8155,CO,,BREEDERS CUP CIR,39.38579037,-76.78242803
01,03,,02,88,02,1,01,01,10,AE5794000C,06.01,01-28-2015,12:01:00,,Y,N,BACOPD,UNK,01,09,1716,CO,,0.15,S,CHURCH LA,0,F,S,1717,CO,,BEDFORD AVE,39.37443325,-76.72618747
01,03,,03,10,02,,01,05.01,00,AE5794000J,06.01,03-07-2015,14:58:00,,Y,N,BACOPD,UNK,01,00,26,MD,,9.777,E,LIBERTY RD,50,F,E,1861,CO,,PATTERSON AVE,39.34075324,-76.72266841
01,03,,02,11,02,1,01,01,00,AE5794000K,06.01,03-25-2015,13:05:00,,Y,N,BACOPD,UNK,01,00,7391,CO,,0.11,E,LISA LA,0,F,E,7390,CO,,WHISPERING MEADOW DR,39.38193023,-76.77937031
03,10,,01,03,02,1,01,03,00,BS04750008,06.01,01-01-2015,23:01:00,,N,N,FREDERICKPD,UNK,02,00,925,MU,,0.37,S,MCCAIN DR,0,M,S,733,MU,,HORIZON DR,39.41737658,-77.45390832
00,10,,05.01,11,02,,01,04,00,BS04750009,06.01,01-14-2015,06:36:00,,Y,N,FREDERICKPD,UNK,03,00,9071,MU,,0.66,W,W 7TH ST,0,F,W,15,RP,,RAMP 6 FR RAMP 3 (FR US15) TO W 7TH ST,39.42934824,-77.42014468
03,10,,02,01,01,1,00,01,00,BS04760006,03,01-04-2015,18:56:00,,N,N,FREDERICKPD,UNK,01,00,723,MU,,0.4,N,HILLCREST DR,0,F,N,330,OP,,ORCHARD WAY,39.41578414,-77.44617149
01,10,,02,17,02,1,01,01,08,BS04760007,06.01,01-11-2015,12:33:00,,N,N,FREDERICKPD,UNK,09,00,514,OP,,0.03,S,MONARCH RIDGE RD,0,F,S,515,OP,,ORANGETIP CT,39.41201684,-77.46933371
01,10,,02,03,02,3,01,04,00,BS04760008,06.01,03-08-2015,08:25:00,,Y,N,FREDERICKPD,UNK,01,00,40,US,,12.97,E,W PATRICK ST,0,F,E,90,MU,,BAUGHMANS LA,39.41614366,-77.43852317
01,10,,02,03,02,1,01,04,00,BS0476000B,06.01,03-26-2015,14:26:00,,Y,N,FREDERICKPD,UNK,01,00,40,US,,11.92,E,W PATRICK ST,0,F,E,848,CO,,GROVE HILL RD,39.418921,-77.457847
01,10,,00,03,03,1,88,02,00,BS04770006,08.04,01-06-2015,09:44:00,,Y,N,FREDERICKPD,UNK,01,00,723,MU,,1.64,N,HILLCREST DR,40,F,N,40,US,,W PATRICK ST,39.41733099,-77.44578123
01,10,,02,11,02,1,01,01,00,BS04770007,06.01,01-09-2015,13:55:00,,Y,N,FREDERICKPD,UNK,01,00,1400,MU,,0.75,E,W SOUTH ST,0,F,E,740,MU,,ICE ST,39.4106999,-77.41252184
01,10,,02,88,02,1,01,00,00,BS04770008,00,02-06-2015,09:00:00,,Y,N,FREDERICKPD,UNK,01,00,925,MU,,0.26,S,MCCAIN DR,0,F,S,40,US,,W PATRICK ST,39.41878975,-77.45335579
01,10,,03,03,03,3,01,01,00,BS04830009,10.04,01-06-2015,09:19:00,,Y,N,FREDERICKPD,UNK,01,00,998,MU,,1.19,N,MONOCACY BLVD,0,F,N,26,MD,,LIBERTY RD,39.44885321,-77.38672972
01,10,,02,11,02,2,01,01,00,BS0483000B,06.01,01-15-2015,08:02:00,,Y,N,FREDERICKPD,UNK,01,00,1118,MU,,5.43,S,OPOSSUMTOWN PIKE,0,F,S,15,RP,,RAMP 7 FR US 15 SB TO OPPOSSUMTOWN PIKE,39.43493348,-77.41108418
01,10,,01,00,02,,01,02,04,BS0483000C,06.01,02-08-2015,15:04:00,,N,N,FREDERICKPD,UNK,02,09,1321,MU,,0.84,N,S MARKET ST,30,F,N,40,MU,,E ALL SAINTS ST,39.41151224,-77.41123438
01,10,,01,11,02,1,01,01,00,BS0483000D,06.01,02-25-2015,07:56:00,,N,N,FREDERICKPD,UNK,01,00,711,MU,,0.03,N,HARPERS CT,30,F,N,846,OP,,HARPERS WAY,39.46229801,-77.41047263
01,10,,02,11,02,2,01,01,00,BS0483000F,06.01,03-27-2015,15:43:00,,Y,N,FREDERICKPD,UNK,01,00,719,CO,,2.83,S,YELLOW SPRINGS RD,0,F,S,549,OP,,OLD FARM DR,39.44394848,-77.43496656
03,10,,00,17,02,,00,00,10,BS04840004,00,02-07-2015,23:35:00,,N,N,FREDERICKPD,UNK,10,00,144,MD,FA,4.91,W,E PATRICK ST,50,F,W,920,MU,FA,N MAXWELL RD,39.413427,-77.409917
01,10,,03,03,02,2,01,04,00,BS04840005,00,03-11-2015,15:32:00,,Y,N,FREDERICKPD,UNK,01,00,26,MD,,0.54,E,LIBERTY RD,50,F,E,1672,MU,,WORMANS MILL RD,39.445483,-77.395085
01,10,,01,07,01,1,01,02,00,BS04850004,07.01,03-14-2015,13:00:00,,N,N,FREDERICKPD,UNK,01,00,1049,MU,,0.26,N,N MARKET ST,500,F,N,9030,MU,,W 3RD ST,39.417066,-77.410376
01,03,,01,14,02,,01,01,04,AE5486000S,06.01,03-03-2015,08:33:00,,N,N,BACOPD,UNK,01,09,129,MD,,0.81,N,PARK HEIGHTS AVE,25,F,N,1610,CO,,LONG MEADOW RD,39.38143267,-76.71735764
04,03,,01,07,04,1,01,01,00,AE54880004,06.01,02-27-2015,22:00:00,,N,N,BACOPD,UNK,02,00,2771,CO,,0.12,W,ALTAMONT AVE,200,F,W,2603,CO,,PROSPECT AVE S,39.27299152,-76.71873629
03,03,,02,03,01,3,01,04,00,AE54880005,03,03-15-2015,00:00:00,AE,Y,N,BACOPD,UNK,01,01,40,US,,3.69,E,BALTO NATIONAL PIKE,0,F,E,2553,CO,,COLERIDGE RD,39.29139433,-76.71624184
03,03,,02,11,02,1,01,00,00,AE54880006,06.01,03-20-2015,23:20:00,AE,N,N,BACOPD,UNK,01,00,2982,CO,,0.51,S,ELM RIDGE AVE,0,F,S,2983,CO,,COLLEGE AVE,39.26442376,-76.69716597
03,03,,02,10,02,,01,01,00,AE54890007,06.01,01-04-2015,11:22:00,,N,N,BACOPD,UNK,01,00,26,MD,,7.657,E,LIBERTY RD,0,F,E,1800,CO,,MILFORD MILL RD,39.35372943,-76.75834179
01,03,,02,02,01,1,01,01,00,AE54890008,06.01,01-07-2015,15:42:00,,N,N,BACOPD,UNK,01,00,6382,CO,,1.09,S,LORD BALTIMORE DR,0,F,S,1900,CO,,WINDSOR MILL RD,39.33665412,-76.75188303
03,03,,01,03,01,1,01,01,00,AE54890009,00,02-10-2015,20:33:00,,N,N,BACOPD,UNK,01,00,1900,CO,,4.38,S,WINDSOR MILL RD,20,F,S,2416,CO,,THAYER TERR,39.32449641,-76.73115492
01,03,,00,99,01,,01,00,00,AE5489000C,03,03-14-2015,15:10:00,,N,N,BACOPD,UNK,02,00,6129,CO,,0.88,E,WINDSOR BLVD,0,U,E,1900,CO,,WINDSOR MILL RD,39.33250497,-76.74741983
01,03,,01,07,02,1,01,01,00,AE5491000D,06.01,01-09-2015,16:27:00,,N,N,BACOPD,UNK,01,01,251,CO,,4.23,S,OLD YORK RD,10,F,S,145,MD,,PAPER MILL RD,39.51881564,-76.57332301
03,03,,01,06,00,1,01,01,00,AE5491000F,06.01,01-16-2015,20:48:00,,Y,N,BACOPD,UNK,01,00,1117,CO,,1.12,N,THORNTON RD,15,F,N,131,MD,,SEMINARY AVE,39.42471563,-76.64859653
01,03,,01,06,03,,88,88,00,AE5491000G,08.04,01-21-2015,13:45:00,,N,N,BACOPD,UNK,01,00,,,,,,PEPPERWOOD DR,5,F,,,,,SUGAR PLUM CT,39.47161797,-76.61136746
01,03,,01,03,02,1,01,03,00,AE5491000H,06.01,01-22-2015,11:41:00,,N,N,BACOPD,UNK,01,00,45,MD,,3.92,N,YORK RD,50,F,N,1054,CO,,BELLONA AVE,39.42425152,-76.61865234
01,03,,02,11,02,,01,04,00,AE5491000K,06.01,03-16-2015,13:02:00,,Y,N,BACOPD,UNK,01,00,810,CO,,2.03,W,TIMONIUM RD,0,F,W,8721,CO,,AYLESBURY RD W,39.44029456,-76.62796497
01,03,,01,03,02,1,01,01,00,AE5491000L,06.01,03-24-2015,08:58:00,,N,N,BACOPD,UNK,01,01,360,CO,,1.01,E,WARREN RD,75,F,E,419,CO,,GREENTOP RD,39.47441516,-76.6335547
01,03,,01,03,02,1,01,01,00,AE5491000N,06.01,03-30-2015,17:16:00,,Y,N,BACOPD,UNK,01,00,429,CO,,0,N,MCCORMICK RD,50,F,N,434,CO,,BEAVER DAM RD,39.48108988,-76.65797353
01,03,,01,05,01,1,01,04,00,AE54920006,06.01,01-04-2015,13:39:00,PC06,N,N,BACOPD,UNK,01,01,542,MD,,0.56,N,LOCH RAVEN BLVD,100,F,N,3399,CO,,SAYWARD AVE,39.37809062,-76.57959938
03,03,,02,03,02,1,01,04,00,AE54920007,06.01,01-09-2015,20:20:00,,Y,N,BACOPD,UNK,01,00,542,MD,,1.75,N,LOCH RAVEN BLVD,0,F,N,3482,CO,,PUTTY HILL AVE,39.3915242,-76.56557679
01,03,,00,17,02,1,01,04,04,AE54920008,06.01,01-17-2015,15:16:00,PC06,N,N,BACOPD,UNK,09,00,542,MD,,1.88,N,LOCH RAVEN BLVD,20,F,N,3485,CO,,JOAN AVE,39.39295033,-76.56404257
99,03,,01,03,03,1,01,01,00,AE54920009,08.04,02-02-2015,11:00:00,PC06,N,N,BACOPD,UNK,02,00,1300,CO,,1.9,E,REGESTER AVE,550,F,E,3396,CO,,LOCH HILL RD,39.38858065,-76.55788422
99,03,,01,88,00,1,01,01,00,AE5492000C,99,02-18-2015,07:05:00,PC06,N,N,BACOPD,UNK,02,00,3441,CO,,0,S,BON AIR RD,20,F,S,3442,CO,,NORTHVIEW RD,39.383039,-76.550065
99,03,,99,88,02,1,01,01,00,AE5492000D,99,02-18-2015,08:57:00,PC06,N,N,BACOPD,UNK,02,00,3400,CO,,0.21,E,DEANWOOD RD,100,F,E,299,OP,,DOWLING CIR,39.383039,-76.550065
99,03,,01,88,03,1,01,02,00,AE5492000F,08.04,02-22-2015,13:03:00,PC06,N,N,BACOPD,UNK,02,99,1333,CO,,0.13,S,BLENHEIM RD,15,F,S,1315,CO,,MURDOCK RD,39.377998,-76.617083
99,03,,02,07,99,,01,01,00,AE5492000H,06.01,03-08-2015,17:40:00,PC06,N,U,BACOPD,UNK,02,00,3491,CO,,0.06,E,REDWOOD AVE,0,F,E,3497,CO,,OAK RD,39.39285913,-76.55915022
01,03,,09.04,02,02,2,01,01,00,AE5492000J,06.01,03-13-2015,15:21:00,PC06,N,N,BACOPD,UNK,01,00,8762,CO,,5.11,W,JOPPA RD E,300,F,W,3369,CO,,DANWAY,39.39622535,-76.57003462
03,03,,02,02,02,1,01,04,04,AE54930008,06.01,01-17-2015,18:14:00,01 130,Y,N,BACOPD,UNK,01,09,1,US,AL,1.72,N,WASHINGTON BLVD,0,F,N,695,RP,AL,RAMP 1 FR US 1AL NB TO IS 695 WB,39.24551534,-76.67325139
01,03,,01,17,01,2,01,01,00,AE5493000B,03,03-04-2015,14:12:00,"01, 127",N,N,BACOPD,UNK,03,00,1,US,AL,1.96,N,WASHINGTON BLVD,10,F,N,7580,CO,AL,COMMERCE DR,39.2485397,-76.67077303
01,03,,02,02,02,3,01,03,00,AE5493000C,06.01,03-22-2015,14:15:00,"01, 126",Y,N,BACOPD,UNK,01,01,1,US,AL,1.63,N,WASHINGTON BLVD,0,F,N,695,RP,AL,RAMP 5 FR US 1AL SB TO RAMP 4 (TO IS695),39.24559843,-76.67294025
03,03,,01,03,02,1,01,01,00,AE54940004,06.01,01-23-2015,05:31:00,246,N,N,BACOPD,UNK,02,00,1901,CO,,0.93,N,ESSEX RD,50,F,N,1902,CO,,ST LUKES LA,39.33633879,-76.73602581
07.88,03,,02,17,04,,01,02,88,AE54940006,06.01,03-07-2015,05:00:00,PC02/246,Y,N,BACOPD,UNK,09,00,2475,CO,,0.55,N,GWYNN OAK AVE,0,F,N,2474,CO,,CARLYNN AVE,39.31909323,-76.72722816
01,03,,01,11,02,,01,00,00,AE56570006,06.01,01-28-2015,15:45:00,,N,N,BACOPD,UNK,01,00,5500,CO,,0.23,S,TRAPPE RD,10,F,S,5487,CO,,PAGE DR,39.27600224,-76.48979902
01,03,,00,03,02,1,01,02,00,AE56570007,06.01,01-30-2015,15:01:00,,N,N,BACOPD,UNK,01,01,157,MD,,4.26,N,MERRITT BLVD,15,F,N,5185,CO,,GERMAN HILL RD,39.27590258,-76.50363922
06.02,03,,03,03,02,1,01,01,00,AE56580004,06.01,01-01-2015,16:58:00,,N,N,BACOPD,UNK,01,00,146,MD,,8.09,N,JARRETTSVILLE PIKE,10,F,N,6615,CO,,MERRYMANS MILL RD,39.50526586,-76.57010436
03,03,,01,02,01,1,01,01,00,AE56580005,08.04,02-21-2015,20:20:00,,N,N,BACOPD,UNK,01,00,45,MD,,11.91,N,YORK RD,25,F,N,208,CO,,QUAKER BOTTOM RD E,39.53074917,-76.64568901
01,03,,00,17,02,1,01,04,05,AE56600008,06.01,02-22-2015,15:14:00,,N,N,BACOPD,UNK,16,09,83,IS,,7.32,N,HARRISBURG EXPWY,1,M,N,773,CO,,PADONIA RD,39.449936,-76.638676
01,03,,00,17,04,1,88,01,11,AE56600009,00,03-10-2015,07:48:00,,N,N,BACOPD,UNK,09,00,12,CO,,0.69,S,FALLS RD,0,M,S,14,CO,,GRAVE RUN RD,39.55647128,-76.58912659
01,03,,03,03,02,3,01,01,00,AE5660000B,06.01,03-11-2015,13:59:00,,Y,N,BACOPD,UNK,01,14,999,CO,,1.58,W,HAMPTON LA,0,F,W,146,MD,,DULANEY VALLEY RD,39.41402796,-76.60013974
03,03,,01,88,02,,01,01,88,AE56610007,06.01,02-20-2015,17:50:00,,N,N,BACOPD,UNK,02,00,469,OP,,0,W,MOLINE CIR,100,F,W,4776,CO,,SANDALWOOD RD,39.29762577,-76.45711899
03,03,,01,07,01,1,01,03,00,AE56620007,00,01-07-2015,15:49:00,1229,N,N,BACOPD,UNK,01,00,5212,CO,,0.41,W,HOLABIRD AVE,10,F,W,5408,CO,,BELLE AVE,39.27179135,-76.51011944
03,03,,03,88,01,1,01,03,00,AE56620008,88,01-18-2015,20:13:00,1213,N,N,BACOPD,UNK,02,00,5322,CO,,0.22,S,SHIPWAY,5,M,S,5328,CO,,FLAGSHIP RD,39.25994635,-76.51971102
01,03,,02,15,00,1,01,03,00,AE5662000B,00,02-08-2015,16:39:00,1213,Y,N,BACOPD,UNK,01,00,5297,CO,,0.31,S,DUNMANWAY,0,F,S,5295,CO,,LIBERTY PKWY,39.2579443,-76.51679277
01,03,,01,99,02,1,01,01,00,AE5662000C,06.01,02-24-2015,11:22:00,1229,N,N,BACOPD,UNK,02,00,5194,CO,,0.08,S,SNYDER AVE,100,F,S,5196,CO,,BRENTWOOD AVE,39.27473983,-76.52485013
06.02,03,,01,88,02,1,01,02,00,AE5662000D,06.01,03-16-2015,00:00:00,1212,N,N,BACOPD,UNK,02,00,5350,CO,,0.17,E,KEYWAY,50,F,E,5348,CO,,FAIRWAY,39.26560329,-76.52203918
03,03,,03,99,02,,01,01,00,AE5662000F,06.01,03-21-2015,00:00:00,1228,N,N,BACOPD,UNK,02,00,5433,CO,,0.1,S,ALDWORTH RD,20,F,S,5432,CO,,EDSWORTH RD,39.28239699,-76.51147127
03,03,,01,02,02,1,01,01,00,AE56640004,00,01-01-2015,16:41:00,,N,N,BACOPD,UNK,01,00,4465,CO,,1.99,S,MIDDLE RIVER RD,500,F,S,4553,CO,,OREMS RD,39.33215643,-76.44396544
03,03,,01,03,02,2,01,04,00,AE56640006,06.01,01-24-2015,17:58:00,,N,N,BACOPD,UNK,02,02,150,MD,,2.76,E,EASTERN BLVD,50,F,E,4988,CO,,EUGENE AVE,39.30472421,-76.48326516
01,03,,02,03,02,2,01,01,00,AE56640007,06.01,02-05-2015,13:19:00,,N,N,BACOPD,UNK,01,00,150,MD,,3.88,E,EASTERN BLVD,0,F,E,4589,CO,,MARLYN AVE N,39.31251091,-76.46533728
00,03,,01,17,02,,01,01,00,AE56650003,00,01-11-2015,00:00:00,,N,N,BACOPD,UNK,02,00,5008,CO,,0.27,N,WILTSHIRE RD,0,M,N,5003,CO,,HAMPSHIRE RD,39.30907424,-76.48431122
01,03,,01,03,01,1,01,88,00,AE56650004,03,03-03-2015,12:56:00,,N,N,BACOPD,UNK,01,00,6389,CO,,0.47,W,TUDSBURY RD,10,F,W,2000,CO,,ROLLING RD,39.326065,-76.75917864
00,03,,00,00,04,,01,01,00,AE56650005,00,03-06-2015,22:01:00,,N,N,BACOPD,UNK,02,00,1901,CO,,0.78,N,ESSEX RD,0,M,N,192,OP,,TOWNBROOK DR,39.33517705,-76.73235655
03,03,,00,88,04,1,00,03,10,AE56650006,88,03-08-2015,06:50:00,,N,N,BACOPD,UNK,09,00,2501,CO,,1.48,N,WOODLAWN DR,100,F,N,2356,CO,,DOGWOOD RD,39.31954143,-76.73647642
03,03,,00,17,02,1,01,04,05,AE56690006,00,01-10-2015,04:37:00,113,N,N,BACOPD,UNK,09,00,95,IS,,17.68,N,J F K MEMORIAL HWY,0,U,N,695,IS,,BALTO BELTWAY,39.25179656,-76.68027878
06.02,03,,02,17,02,1,01,04,04,AE56690007,06.01,01-25-2015,16:30:00,,N,N,BACOPD,UNK,09,09,1,US,,0.16,N,WASHINGTON BLVD,0,F,N,7109,CO,,SOUTH ST,39.21928767,-76.70362473
00,03,,03,03,00,2,01,03,00,AE56690008,00,02-18-2015,14:30:00,,Y,N,BACOPD,UNK,01,00,40,US,,3.25,E,BALTO NATIONAL PIKE,0,M,E,2563,CO,,TALBOTT PL,39.28992046,-76.72455668
03,03,,01,08,01,2,01,04,00,AE56700006,06.01,02-09-2015,19:04:00,,N,N,BACOPD,UNK,01,00,7,MD,,2.8,E,PHILADELPHIA RD,50,F,E,,UU,,ENT TO GOLDEN RING SHOPPING CENTER,39.33750051,-76.48984194
06.02,03,,02,17,02,1,01,01,09,AE56700007,06.01,03-31-2015,18:50:00,,N,N,BACOPD,UNK,09,00,4417,CO,,0.46,S,CHESACO AVE,0,F,S,4394,CO,,WEYBURN RD,39.3289116,-76.51848793
01,03,,02,01,02,1,01,01,00,AE57950008,06.01,01-10-2015,16:01:00,,Y,N,BACOPD,UNK,01,00,4468,CO,,0.07,S,LANNERTON RD,0,F,S,4467,CO,,MATZON RD,39.34919136,-76.44688368
03,03,,01,03,02,1,01,01,88,AE57950009,06.01,02-01-2015,01:11:00,,N,N,BACOPD,UNK,01,02,4109,CO,,0.4,S,CUNNINGHILL COVE RD,130,F,S,7093,CO,,TANYA GARTH,39.3664212,-76.35723352
03,03,,02,13,02,1,01,01,04,AE5795000B,06.01,02-07-2015,18:22:00,,Y,N,BACOPD,UNK,01,01,4776,CO,,0.29,S,SANDALWOOD RD,0,F,S,4795,CO,,BAYNER RD,39.29638036,-76.45711899
03,03,,01,88,02,1,01,03,04,AE5795000C,06.01,02-15-2015,19:46:00,,N,N,BACOPD,UNK,01,01,5033,CO,,0.74,S,MACE AVE,250,F,S,5020,CO,,MYRTH AVE,39.31613831,-76.47559404
01,03,,01,17,03,3,01,04,04,AE5795000D,08.04,03-05-2015,14:36:00,,N,N,BACOPD,UNK,11,16,150,MD,,4.42,E,EASTERN BLVD,150,F,E,702,RP,,RAMP 5 FR MD 702 SB TO MD 150 EB,39.31786479,-76.45791292
01,03,,01,88,02,,00,88,00,AE5795000G,06.01,03-19-2015,12:10:00,,N,N,BACOPD,UNK,02,01,,,,0,S,BRETT CT,0,M,S,4751,c0,,PUNTE LA,39.32315188,-76.4437294
01,03,,11.04,02,01,,00,05.01,00,AE57970008,03,01-18-2015,15:49:00,,N,N,BACOPD,UNK,01,00,2100,CO,,0.62,N,COURTLEIGH DR,500,F,N,26,MD,,LIBERTY RD,39.35984126,-76.77481055
01,03,,01,03,01,1,01,03,00,AE57970009,03,01-21-2015,07:58:00,,N,N,BACOPD,UNK,01,00,26,MD,,8.127,E,LIBERTY RD,50,F,E,2022,CO,,WASHINGTON AVE,39.35110784,-76.75092816
99,03,,01,88,01,,01,01,00,AE5797000B,00,01-22-2015,00:00:00,,N,N,BACOPD,UNK,02,00,1581,CO,,0.18,W,TIMBERFIELD LA,0,M,W,1524,CO,,LIGHTFOOT DR,39.37788329,-76.69050336
07.88,03,,01,01,03,1,00,01,00,AE5797000C,08.04,02-14-2015,19:09:00,,N,N,BACOPD,UNK,01,00,1861,CO,,0.51,E,PATTERSON AVE,100,F,E,1885,CO,,LAUREL DR,39.34596392,-76.71624184
01,03,,01,03,01,1,01,01,00,AE5797000D,06.01,02-17-2015,13:55:00,,N,N,BACOPD,UNK,01,01,140,MD,,0.09,N,REISTERSTOWN RD,50,F,N,1576,CO,,SEVEN MILE LA,39.36403234,-76.71290517
03,03,,01,03,01,2,01,01,00,AE5797000K,06.01,03-06-2015,19:17:00,,N,N,BACOPD,UNK,01,00,140,MD,,2.53,N,REISTERSTOWN RD,300,F,N,7113,CO,,MT WILSON LA,39.39012292,-76.74553156
01,03,,02,03,02,1,01,01,00,AE5797000L,06.01,03-19-2015,08:15:00,,Y,N,BACOPD,UNK,01,00,8762,CO,,4.71,W,JOPPA RD E,0,F,W,542,MD,,LOCH RAVEN BLVD,39.39738608,-76.56299114
01,12,,01,11,04,1,05,01,04,AJ01090002,03,01-18-2015,08:02:00,,N,N,BELAIR,UNK,01,01,241,CO,,0.88,E,E MACPHAIL RD,300,F,E,440,MU,,JACKSON BLVD,39.53221382,-76.325562
04,12,,02,88,02,1,01,88,00,AJ01140009,07.01,01-08-2015,17:46:00,,Y,N,BELAIR,UNK,01,01,24,MD,,8.58,N,VIETNAM VETERANS MEMORIAL HWY,0,F,N,546,MU,,W MACPHAIL RD,39.52167921,-76.34630084
01,12,,00,03,01,3,01,02,00,AJ0114000B,12.04,02-14-2015,13:28:00,,Y,N,BELAIR,UNK,01,00,24,MD,,9.14,N,VIETNAM VETERANS MEMORIAL HWY,100,F,N,1,US,,BELAIR RD,39.52489852,-76.35189056
03,12,,02,02,02,1,00,88,00,AJ0114000C,06.01,02-26-2015,18:16:00,,Y,N,BELAIR,UNK,01,00,1,US,BU,1.75,N,BELAIR RD,0,F,N,1996,CO,BU,N TOLLGATE RD,39.52373164,-76.35698676
01,10,,02,03,02,2,01,04,00,BS0486000B,06.01,02-04-2015,13:27:00,,Y,N,FREDERICKPD,UNK,01,00,40,US,,12.56,E,W PATRICK ST,0,F,E,723,MU,,HILLCREST DR,39.41752163,-77.44599581
01,10,,01,03,02,1,01,01,00,BS0486000C,06.01,02-27-2015,08:23:00,,N,N,FREDERICKPD,UNK,01,01,90,MU,,0,N,BAUGHMANS LA,100,F,N,40,US,,W PATRICK ST,39.41710306,-77.43810609
03,10,,00,01,01,,01,01,00,BS0487000B,03,03-27-2015,02:12:00,,N,N,FREDERICKPD,UNK,01,00,90,MU,,0,N,BAUGHMANS LA,25,F,N,40,US,,W PATRICK ST,39.416419,-77.43836
03,10,,00,03,02,1,01,02,00,BS0487000C,06.01,03-29-2015,02:04:00,,N,N,FREDERICKPD,UNK,02,00,360,MU,,0.18,E,E CHURCH ST,50,F,E,7020,MU,,CHAPEL ALLEY,39.415255,-77.409175