LIGHT_CODE,COUNTY_NO,MUNI_CODE,JUNCTION_CODE,COLLISION_TYPE_CODE,SURF_COND_CODE,LANE_CODE,RD_COND_CODE,RD_DIV_CODE,FIX_OBJ_CODE,REPORT_NO,WEATHER_CODE,ACC_DATE,ACC_TIME,LOC_CODE,SIGNAL_FLAG,C_M_ZONE_FLAG,AGENCY_CODE,AREA_CODE,HARM_EVENT_CODE1,HARM_EVENT_CODE2,RTE_NO,ROUTE_TYPE_CODE,RTE_SUFFIX,LOG_MILE,LOGMILE_DIR_FLAG,MAINROAD_NAME,DISTANCE,FEET_MILES_FLAG,DISTANCE_DIR_FLAG,REFERENCE_NO,REFERENCE_TYPE_CODE,REFERENCE_SUFFIX,REFERENCE_ROAD_NAME,LATITUDE,LONGITUDE
01,03,,01,08,02,2,01,04,04,AE5714000C,06.01,02-11-2015,10:49:00,,N,N,BACOPD,UNK,01,09,1262,CO,,0.3,N,YORK RD (SERVICE RD),0,M,N,1258,CO,,HATHERLEIGH RD,39.38307461,-76.60715103
01,03,,01,03,02,2,01,04,00,AE5714000D,06.01,02-13-2015,12:07:00,,N,N,BACOPD,UNK,01,00,45,MD,,1.59,N,YORK RD,30,F,N,25,SR,,NEWELL AVE,39.39361779,-76.60431862
01,03,,01,11,02,1,01,01,00,AE5714000F,06.01,02-19-2015,16:36:00,,Y,N,BACOPD,UNK,01,01,3400,CO,,0.08,E,DEANWOOD RD,0,F,E,3401,CO,,COLLINSDALE RD,39.37783353,-76.57809734
05.02,03,,02,11,02,1,01,01,00,AE5714000G,00,02-20-2015,18:07:00,,Y,N,BACOPD,UNK,01,00,3429,CO,,0.36,N,OAKLEIGH RD,0,F,N,3425,CO,,FORREST RD,39.37718666,-76.55970812
01,03,,88,01,02,1,01,88,00,AE5714000H,06.01,03-26-2015,18:46:00,,N,N,BACOPD,UNK,01,00,40,US,,0,E,BALTO NATIONAL PIKE,0,M,E,,,,ROLLING RD N,39.28432361,-76.75229073
01,03,,00,88,04,1,01,01,00,AE57230005,06.01,01-07-2015,12:45:00,,N,N,BACOPD,UNK,02,00,6898,CO,,0,E,MICHELLE WAY,150,F,E,129,MD,,PARK HEIGHTS AVE,39.39309958,-76.72274351
07.88,03,,00,03,02,1,01,01,00,AE57230006,00,01-16-2015,21:00:00,,N,N,BACOPD,UNK,02,00,2226,CO,,0.87,W,MEADOW HEIGHTS RD,10,F,W,2234,CO,,BRUNO RD,39.37604218,-76.79271698
06.02,03,,00,02,02,1,01,01,00,AE57230007,06.01,01-22-2015,17:30:00,,N,N,BACOPD,UNK,01,00,2163,CO,,1.53,N,SCOTTS LEVEL RD,0,F,N,2192,CO,,SETONHURST RD,39.37357901,-76.7651546
05.02,03,,02,02,02,1,01,04,00,AE57230008,00,02-05-2015,07:35:00,,Y,Y,BACOPD,UNK,01,00,129,MD,,1.41,N,PARK HEIGHTS AVE,0,F,N,695,IS,,BALTO BELTWAY,39.3905375,-76.72291517
01,03,,02,02,02,2,01,01,00,AE5723000B,00,02-16-2015,14:33:00,,N,N,BACOPD,UNK,01,00,140,MD,,0.93,N,REISTERSTOWN RD,0,F,N,1737,CO,,WALDRON AVE,39.37338825,-76.72194958
06.02,03,,00,17,01,1,01,01,88,AE5723000C,06.01,02-22-2015,17:54:00,,N,N,BACOPD,UNK,09,00,1800,CO,,2.05,W,MILFORD MILL RD,50,F,W,2022,CO,,WASHINGTON AVE,39.35830869,-76.75058484
07.88,03,,00,01,02,1,01,01,00,AE5723000D,00,02-27-2015,18:30:00,,N,N,BACOPD,UNK,01,00,1901,CO,,1.67,N,ESSEX RD,50,F,N,26,MD,,LIBERTY RD,39.34496827,-76.73498511
01,03,,03,03,02,1,01,01,00,AE5723000F,00,03-07-2015,07:35:00,,Y,N,BACOPD,UNK,01,00,26,MD,,9.467,E,LIBERTY RD,20,F,E,1902,CO,,ST LUKES LA,39.34279441,-76.72787189
01,03,,02,88,02,1,01,04,00,AE5723000G,00,03-23-2015,15:05:00,,Y,N,BACOPD,UNK,01,00,26,MD,,8.127,E,LIBERTY RD,0,F,E,2022,CO,,WASHINGTON AVE,39.35064324,-76.74945831
01,03,,03,03,02,1,01,01,00,AE5723000H,06.01,03-30-2015,12:50:00,,N,N,BACOPD,UNK,01,00,140,MD,,1.52,N,REISTERSTOWN RD,50,F,N,1696,CO,,NAYLORS LA,39.38025509,-76.72888041
03,03,,02,02,00,1,01,01,00,AE5724000G,00,01-08-2015,22:27:00,,Y,N,BACOPD,UNK,01,00,7,MD,,4.58,E,PHILADELPHIA RD,0,F,E,4189,CO,,KING AVE,39.35431015,-76.46253705
03,03,,03,03,00,2,01,04,00,AE5724000H,00,02-07-2015,19:32:00,,N,N,BACOPD,UNK,01,00,43,MD,,4.1,E,WHITE MARSH BLVD,50,F,E,95,RP,,RAMP 5 FR IS 95 SB TO MD 43 EB,39.37885358,-76.44766688
01,03,,02,02,00,4,01,04,00,AE5724000J,06.01,02-13-2015,17:05:00,,Y,N,BACOPD,UNK,01,00,6539,CO,,1.07,E,HONEYGO BLVD,0,F,E,,UU,,SPUR FR MD 43,39.37955019,-76.45990849
03,03,,02,02,03,1,00,01,00,AE5724000K,09.04,02-14-2015,19:48:00,,Y,N,BACOPD,UNK,01,00,6199,CO,,0.28,W,BEACONSFIELD DR,0,F,W,6539,CO,,HONEYGO BLVD,39.38372143,-76.46020889
03,03,,01,88,03,1,00,01,00,AE5724000L,08.04,02-14-2015,21:01:00,,N,N,BACOPD,UNK,01,00,4090,CO,,0.33,S,SILVER SPRING RD,0,M,S,1,US,,BELAIR RD,39.39176466,-76.48810387
01,03,,01,17,04,2,88,01,11,AE5724000M,07.01,02-23-2015,09:31:00,,N,N,BACOPD,UNK,16,09,4458,CO,,1.75,E,ROSSVILLE BLVD,50,F,E,4455,CO,,GUMSPRING RD,39.35965254,-76.49775982
03,03,,01,17,04,1,00,01,05,AE5724000N,06.01,03-07-2015,01:00:00,,N,N,BACOPD,UNK,09,00,4021,CO,,1.7,S,JOPPA RD,1,F,S,4036,CO,,CHAPEL RD,39.40240186,-76.4493835
01,03,,02,09,02,1,01,01,00,AE5724000Q,06.01,03-12-2015,18:05:00,,Y,N,BACOPD,UNK,01,00,7,MD,,2.8,E,PHILADELPHIA RD,0,F,E,,UU,,ENT TO GOLDEN RING SHOPPING CENTER,39.33703583,-76.49028182
01,03,,00,99,00,,01,00,00,AE57250007,00,01-08-2015,15:00:00,,N,N,BACOPD,UNK,02,02,122,MD,,0.08,E,SECURITY BLVD,0,F,E,,UU,,ENT TO BUSINESS,39.30996248,-76.75111055
07.88,03,,01,07,00,2,01,01,00,AE57250008,00,02-03-2015,20:45:00,,N,N,BACOPD,UNK,01,01,26,MD,,3.867,E,LIBERTY RD,45,F,E,2310,CO,,TIVERTON RD,39.3797741,-76.82019353
01,03,,01,03,00,,01,00,00,AE5725000C,06.01,03-18-2015,07:20:00,,N,N,BACOPD,UNK,03,03,122,MD,,1.09,E,SECURITY BLVD,10,F,E,2501,CO,,WOODLAWN DR,39.31223179,-76.73492342
05.02,03,,01,99,00,2,01,01,00,AE5725000D,00,03-21-2015,07:30:00,,N,N,BACOPD,UNK,02,02,2511,CO,,0.1,N,JOHNNYCAKE RD,350,F,N,40,US,,BALTO NATIONAL PIKE,39.29033563,-76.72605872
03,16,,03,08,06.03,1,01,03,00,AM03210003,12.04,01-06-2015,18:44:00,,Y,N,BLADENSBURG,UNK,01,01,450,MD,,0.33,E,ANNAPOLIS RD,0,F,E,769,MD,,48TH ST,38.9393231,-76.93613201
01,16,,03,03,04,3,05,04,00,AM03210005,12.04,02-24-2015,07:38:00,,N,N,BLADENSBURG,UNK,01,01,450,MD,,1.31,E,ANNAPOLIS RD,20,F,E,258,CO,,57TH AVE,38.93949625,-76.91794932
01,16,,03,03,01,1,01,88,00,AM03210006,03,03-04-2015,11:37:00,,N,N,BLADENSBURG,UNK,01,01,450,MD,,0.55,E,ANNAPOLIS RD,0,F,E,512,MU,,51ST ST #2,38.93945036,-76.93199873
03,16,,10.04,11,04,1,01,01,00,AM03230006,08.04,01-07-2015,18:36:00,,Y,N,BLADENSBURG,UNK,01,01,481,MU,,0,N,48TH ST #1,0,F,N,70,MU,,QUINCY PL,38.93865966,-76.93608373
01,16,,06.01,11,02,1,01,01,00,AM03230007,06.01,01-22-2015,13:50:00,,N,N,BLADENSBURG,UNK,01,00,769,MD,C,0.95,N,48TH ST,50,F,N,450,MD,,ANNAPOLIS RD,38.93900807,-76.93612933
01,16,,02,11,02,1,01,02,00,AM03230008,07.01,01-30-2015,11:29:00,,Y,N,BLADENSBURG,UNK,01,00,150,MU,,0.43,W,UPSHUR ST,0,F,W,1,US,AL,BALTIMORE AVE,38.94104423,-76.94083393
05.02,16,,02,03,02,1,01,02,00,AM03230009,06.01,01-31-2015,07:00:00,,Y,N,BLADENSBURG,UNK,01,00,1,US,AL,1.2,N,BALTIMORE AVE,0,F,N,150,MU,AL,UPSHUR ST,38.93962977,-76.94126308
03,16,,02,03,04,3,01,04,00,AM0323000B,06.01,02-23-2015,19:04:00,,Y,N,BLADENSBURG,UNK,01,01,450,MD,,1.31,E,ANNAPOLIS RD,0,F,E,570,MU,,57TH AVE,38.9395046,-76.91799223
01,16,,09.04,02,02,3,01,04,10,AM0323000C,06.01,03-09-2015,07:38:00,,N,N,BLADENSBURG,UNK,01,09,450,MD,,0.93,E,ANNAPOLIS RD,100,F,E,202,MD,,LANDOVER RD,38.93887246,-76.92394674
01,16,,01,03,02,1,01,01,00,AM0323000F,06.01,03-13-2015,17:37:00,,N,N,BLADENSBURG,UNK,01,01,450,MD,,0.55,E,ANNAPOLIS RD,50,F,E,512,MU,,51ST ST #2,38.93945036,-76.93299651
01,16,,01,11,02,,01,03,00,AM03260002,06.01,03-13-2015,13:45:00,,N,N,BLADENSBURG,UNK,01,01,450,MD,,0.37,E,ANNAPOLIS RD,50,F,E,,UU,,ENT TO BUSINESS,38.93949208,-76.93270683
03,16,,01,03,02,2,01,03,00,AM03270002,00,02-12-2015,18:07:00,,N,N,BLADENSBURG,UNK,01,01,450,MD,,0.14,E,ANNAPOLIS RD,300,F,E,5417,OP,,46TH ST,38.93910821,-76.93923533
03,16,,02,11,06.03,2,01,02,00,AM03270003,08.04,02-21-2015,20:45:00,,N,N,BLADENSBURG,UNK,01,00,1,US,AL,1.2,N,BALTIMORE AVE,0,F,N,150,MU,,UPSHUR ST,38.94102754,-76.94085002
01,16,,01,04,01,1,01,01,00,AM03270004,06.01,03-06-2015,11:42:00,,N,N,BLADENSBURG,UNK,01,00,150,MU,,0.07,W,UPSHUR ST,10,F,W,490,MU,,49TH ST,38.94250873,-76.93542123
01,16,,02,03,01,1,00,01,00,AM03280005,03,01-24-2015,11:00:00,,N,N,BLADENSBURG,UNK,01,00,472,MU,,0,N,47TH ST #2,0,F,N,450,MD,,ANNAPOLIS RD,38.93927511,-76.93799615
01,16,,02,13,02,1,00,05.01,00,AM03280006,06.01,01-25-2015,14:44:00,,N,N,BLADENSBURG,UNK,01,00,258,CO,,0.37,N,57TH AVE,0,F,N,450,MD,,ANNAPOLIS RD,38.93953381,-76.91802979
01,16,,02,11,02,2,01,04,00,AM03280007,06.01,02-12-2015,15:05:00,,Y,N,BLADENSBURG,UNK,01,00,1,US,AL,1.39,N,BALTIMORE AVE,0,F,N,100,MU,AL,TANGLEWOOD DR,38.94383135,-76.94101095
01,16,,02,08,01,3,00,04,00,AM03280009,09.04,03-03-2015,12:26:00,,N,Y,BLADENSBURG,UNK,01,00,201,MD,,2.4,N,KENILWORTH AVE,0,F,N,130,MU,,TILDEN RD,38.94193712,-76.93534613
01,16,,02,03,02,1,00,04,00,AM0328000D,06.01,03-07-2015,12:37:00,,Y,N,BLADENSBURG,UNK,01,00,769,MD,C,1.01,N,48TH ST,0,F,N,,UU,C,SPUR FR MD 201,38.93735573,-76.93597913
99,16,,01,88,99,,99,02,00,AM03290006,00,02-19-2015,09:35:00,,N,N,BLADENSBURG,UNK,02,00,122,MU,,0,W,TAYLOR ST #2,70,F,W,769,MD,,EDMONSTON RD,38.94082727,-76.93296432
01,16,,02,05,00,1,01,02,00,AM03290008,06.01,03-15-2015,12:55:00,,N,N,BLADENSBURG,UNK,01,00,1,US,AL,1.39,N,BALTIMORE AVE,0,F,N,100,MU,AL,TANGLEWOOD DR,38.9438689,-76.9410485
01,16,,01,17,02,,01,03,00,AM03290009,06.01,03-23-2015,07:47:00,,N,N,BLADENSBURG,UNK,03,00,450,MD,,0.7,E,ANNAPOLIS RD,10,F,E,533,MU,,53RD ST #1,38.93953381,-76.92925215
01,16,,02,02,02,,01,03,00,AM03300005,06.01,01-01-2015,12:01:00,,Y,N,BLADENSBURG,UNK,01,00,484,CO,,0.57,S,EMERSON ST,0,F,S,635,CO,,56TH PL,38.94677272,-76.91840529
03,16,,01,17,02,1,01,01,05,AM03300006,06.01,01-16-2015,04:55:00,,N,N,BLADENSBURG,UNK,09,09,769,MD,C,0.9,N,48TH ST,100,F,N,70,MU,C,QUINCY PL,38.9374517,-76.9360891
99,16,,01,07,03,,01,01,00,AM03300008,08.04,02-21-2015,00:00:00,,N,N,BLADENSBURG,UNK,02,00,540,MU,,0.19,N,54TH PL,20,F,N,130,MU,,TILDEN RD,38.94208316,-76.9248265
01,16,,01,03,02,,01,03,00,AM03300009,06.01,02-22-2015,16:57:00,,N,N,BLADENSBURG,UNK,02,02,635,CO,,0,S,56TH PL,100,F,S,482,CO,,56TH AVE,38.94576724,-76.91868424
03,16,,01,09,02,2,01,03,00,AM0330000B,06.01,03-13-2015,02:27:00,,N,N,BLADENSBURG,UNK,01,00,450,MD,,0.33,E,ANNAPOLIS RD,10,F,E,769,MD,,48TH ST,38.93932101,-76.93634391
01,16,,01,03,01,1,01,01,00,AM03310003,03,01-12-2015,16:38:00,,N,N,BLADENSBURG,UNK,01,01,258,CO,,0.3,N,57TH AVE,10,F,N,257,CO,,58TH AVE,38.94305531,-76.91715002
00,16,,00,03,00,1,01,00,00,AM03310004,99,01-16-2015,12:52:00,,N,N,BLADENSBURG,UNK,02,02,1390,CO,,0,W,VOLTA ST,10,F,W,1389,CO,,VARNUM ST,38.94303862,-76.92264318
01,16,,00,03,00,1,01,05.01,00,AM03310005,99,01-22-2015,17:05:00,,N,N,BLADENSBURG,UNK,01,01,769,MD,C,0.55,N,QUINCY ST,10,F,N,330,CO,,QUINCY ST,38.93693847,-76.9312799
03,16,,00,08,06.03,2,00,05.01,00,AM03310006,12.04,01-26-2015,06:07:00,,N,N,BLADENSBURG,UNK,01,01,472,MU,,0,N,47TH ST #2,10,F,N,450,MD,,ANNAPOLIS RD,38.93927511,-76.93763673
07.88,16,,00,08,03,1,01,00,00,AM03310008,08.04,02-21-2015,11:00:00,,N,N,BLADENSBURG,UNK,02,02,560,MU,,0.12,S,56TH AVE,10,F,S,130,MU,,TILDEN RD,38.94308868,-76.92096949
01,16,,03,02,01,1,01,03,00,AM03320002,12.04,01-06-2015,16:51:00,,N,N,BLADENSBURG,UNK,01,01,201,MD,,2.23,N,KENILWORTH AVE,200,F,N,769,MD,,48TH ST,38.935592,-76.935864
01,16,,01,03,02,,01,01,00,AM03320003,06.01,01-15-2015,11:22:00,,N,N,BLADENSBURG,UNK,02,01,345,CO,,0,W,NEWTON ST,100,F,W,769,MD,C,52ND AVE,38.9361,-76.929798
01,16,,01,02,02,1,01,01,00,AM03320004,06.01,01-20-2015,07:36:00,,N,N,BLADENSBURG,UNK,01,01,570,MU,,0.46,N,57TH AVE,800,F,N,5260,OP,,DORIS CT,38.944926,-76.916986
01,16,,00,09,02,2,01,01,00,AM03320005,00,01-20-2015,17:04:00,,N,N,BLADENSBURG,UNK,01,01,450,MD,,0.42,E,ANNAPOLIS RD,200,F,E,769,MD,,EDMONSTON RD,38.939393,-76.934987
03,16,,01,17,02,1,01,88,04,AM03320009,00,03-18-2015,20:03:00,,N,N,BLADENSBURG,UNK,16,10,201,MD,,1.969,N,KENILWORTH AVE,25,F,N,,UU,,SPUR FR MD 201A,38.93632091,-76.93655849
03,16,,02,88,02,,00,01,00,AM03330002,00,01-23-2015,06:13:00,,N,N,BLADENSBURG,UNK,02,00,,,,0.18,S,QUINCY ST,0,F,S,,,,53RD ST,38.93735782,-76.92905098
01,16,,02,03,01,1,01,01,00,AM03330003,03,01-24-2015,09:48:00,,Y,N,BLADENSBURG,UNK,01,00,450,MD,,0.42,E,ANNAPOLIS RD,0,F,E,769,MD,,EDMONSTON RD,38.93935856,-76.93434834
01,16,,02,11,02,1,01,04,00,AM03330004,06.01,02-16-2015,16:21:00,,Y,N,BLADENSBURG,UNK,01,00,506,CO,,0.12,N,56TH AVE,0,F,N,450,MD,,ANNAPOLIS RD,38.93911656,-76.92196727
05.02,16,,02,02,01,1,01,04,00,AM03330005,09.04,03-20-2015,06:44:00,,Y,N,BLADENSBURG,UNK,01,01,258,CO,,0.37,N,57TH AVE,0,F,N,450,MD,,ANNAPOLIS RD,38.9395119,-76.91809282
04,16,,00,17,03,3,01,00,88,AM03340003,08.04,01-06-2015,05:27:00,,N,N,BLADENSBURG,UNK,09,00,450,MD,,1.31,E,ANNAPOLIS RD,0,F,E,570,MU,,57TH AVE,38.93957345,-76.91791445
04,16,,00,88,03,,01,01,00,AM03340004,88,01-07-2015,00:44:00,,N,N,BLADENSBURG,UNK,02,00,560,MU,,0.12,S,56TH AVE,30,F,S,130,MU,,TILDEN RD,38.94106927,-76.92127526
03,16,,00,10,02,1,01,01,00,AM03340005,06.01,01-10-2015,18:43:00,,N,N,BLADENSBURG,UNK,01,00,450,MD,,1.71,E,ANNAPOLIS RD,30,F,E,,UU,,ENT TO SHOPPING CENTER,38.93889958,-76.92347467
03,16,,01,17,02,,01,04,11,BW01300006,06.01,02-07-2015,01:15:00,,N,N,GREENBELT,UNK,09,11,201,MD,,6.42,N,KENILWORTH AVE,300,F,N,201,RP,,RAMP 1 FR MD 201 NB TO MD 193 WB,38.99367212,-76.90187216
01,16,,01,11,03,1,01,01,00,BW01300007,08.04,02-21-2015,14:01:00,,N,N,GREENBELT,UNK,01,00,440,MU,,1.06,N,RIDGE RD,500,F,N,310,MU,,LAUREL HILL RD,39.01069753,-76.87503934
01,16,,03,03,02,3,01,04,04,BW01300008,06.01,02-23-2015,08:25:00,,Y,N,GREENBELT,UNK,01,09,193,MD,,6.56,E,GREENBELT RD,50,F,E,270,MU,,LAKECREST DR,38.99558998,-76.88773155
99,16,,01,88,02,,01,01,00,BW01300009,06.01,03-17-2015,08:38:00,,N,N,GREENBELT,UNK,02,00,,,,,,BREEZEWOOD TERR,300,F,,20,MU,,BREEZEWOOD DR,39.00016656,-76.90035939
03,16,,02,11,02,5,01,04,00,BW01360005,06.01,02-26-2015,00:48:00,,Y,N,GREENBELT,UNK,01,01,193,MD,,5.79,E,GREENBELT RD,0,F,E,201,RP,,RAMP 8 FR RAMP 5 (FR MD 201) TO MD 193,38.99644049,-76.90054178
01,16,,01,03,02,1,01,03,00,BW01360006,06.01,03-31-2015,07:24:00,,N,N,GREENBELT,UNK,01,01,201,MD,,6.43,N,KENILWORTH AVE,10,F,N,201,RP,,RAMP 7 FR MD 193 WB TO MD 201 SB,38.99589016,-76.90096021
01,16,,01,17,03,1,01,01,18.88,BW01370009,08.04,03-05-2015,15:17:00,,N,N,GREENBELT,UNK,09,00,477,MU,,0.05,N,SPRINGSHIRE WAY,30,F,N,149,MU,,GREEN WALK CT,38.98100463,-76.86929941
05.02,16,,01,03,01,1,01,04,05,BW0141000M,03,01-30-2015,05:20:00,,N,N,GREENBELT,UNK,01,09,201,MD,,7.14,N,KENILWORTH AVE,500,F,N,,UU,,BEGIN BRIDGE,39.002023,-76.895657
03,16,,02,17,03,,01,04,08,BW0141000N,08.04,02-17-2015,01:39:00,,Y,N,GREENBELT,UNK,09,00,201,MD,,7.31,N,KENILWORTH AVE,0,F,N,,UU,,DIRECTIONAL CROSSOVER,39.00446167,-76.89390667
01,16,,01,03,02,4,01,04,00,BW0141000P,07.01,03-26-2015,07:11:00,,N,N,GREENBELT,UNK,01,00,193,MD,,6.82,E,GREENBELT RD,0,F,E,,UU,,CROSSOVER,38.994845,-76.88054167
01,16,,03,07,01,1,01,01,00,BW01480007,12.04,01-26-2015,08:52:00,,Y,N,GREENBELT,UNK,01,00,90,MU,,0.41,N,EDMONSTON RD,20,F,N,766,OP,,SPRINGHILL CT,39.00120566,-76.89791858
05.02,03,,02,02,02,1,01,01,00,AE55490008,06.01,01-02-2015,17:14:00,,Y,N,BACOPD,UNK,01,00,2229,CO,,1.07,S,BRENBROOK DR,0,F,S,26,MD,,LIBERTY RD,39.36355124,-76.78456306
05.02,03,,01,07,02,1,01,01,00,AE55490009,00,01-09-2015,09:05:00,,N,N,BACOPD,UNK,02,00,2139,CO,,0.19,N,FERNSIDE RD,20,F,N,2140,CO,,DOVEDALE RD,39.36944034,-76.77874804
03,03,,01,03,02,1,01,01,00,AE5549000D,06.01,02-01-2015,19:09:00,,N,N,BACOPD,UNK,01,00,26,MD,,4.837,E,LIBERTY RD,100,F,E,2349,CO,,CHAPMAN RD,39.372393,-76.80649281
01,03,,01,11,01,2,01,01,00,AE5549000F,08.04,03-20-2015,15:31:00,,N,N,BACOPD,UNK,01,00,26,MD,,6.747,E,LIBERTY RD,100,F,E,2100,CO,,COURTLEIGH DR,39.3597355,-76.77441359
01,03,,09.04,02,02,1,01,01,00,AE5549000G,00,03-22-2015,16:55:00,,N,N,BACOPD,UNK,01,01,26,MD,,6.717,E,LIBERTY RD,10,F,E,,UU,,ENT TO BUSINESS,39.3597272,-76.77419901
99,03,,01,99,00,,01,01,00,AE55510004,00,01-10-2015,00:00:00,BCOPD,N,N,BACOPD,UNK,02,02,467,OP,,0,N,PUNJAB DR,400,F,N,4776,CO,,SANDALWOOD RD,39.29637206,-76.4546299
04,03,,01,06,03,,01,00,00,AE55510005,08.04,03-05-2015,21:20:00,,N,N,BACOPD,UNK,02,00,1213,OP,,0,E,QUEENS PURCHASE RD,200,F,E,4789,CO,,MIDDLEBOROUGH RD,39.29782504,-76.447227
03,03,,01,09,01,,01,01,00,AE55510006,03,03-10-2015,22:12:00,,N,N,BACOPD,UNK,01,00,4789,CO,,0.58,N,MIDDLEBOROUGH RD,10,F,N,5868,CO,,HARTLAND RD,39.30074751,-76.44602537
03,03,,03,03,02,1,01,04,00,AE55510007,06.01,03-12-2015,21:35:00,,Y,N,BACOPD,UNK,01,01,702,MD,,3.104,E,SOUTHEAST BLVD,5,F,E,4789,CO,,MIDDLEBOROUGH RD,39.30224191,-76.44312859
01,03,,02,14,00,1,00,01,00,AE55520004,06.01,01-19-2015,12:48:00,,Y,N,BACOPD,UNK,01,00,5446,CO,,0.24,S,DALTON AVE,0,F,S,5445,CO,,LANGE ST,39.28663838,-76.50830358
07.88,03,,02,88,00,1,00,01,00,AE55520006,06.01,02-08-2015,19:20:00,,Y,N,BACOPD,UNK,02,02,5546,CO,,0.15,N,ST AUGUSTINE LA,0,F,N,5550,CO,,ST BRIDGET LA,39.26589402,-76.47076607
01,03,,03,02,02,1,01,04,00,AE5552000B,00,03-22-2015,13:59:00,,Y,N,BACOPD,UNK,01,01,151,MD,,1.16,N,NORTH POINT BLVD,0,F,N,5751,CO,,SNYDER AVE,39.23536118,-76.456604
01,03,,02,03,02,1,01,01,00,AE5552000C,00,03-28-2015,14:16:00,,Y,N,BACOPD,UNK,01,00,5560,CO,,0.23,E,WISE AVE,0,F,E,5401,CO,,CHURCH RD,39.26846067,-76.49956226
01,03,,02,03,02,1,01,01,00,AE55560007,06.01,02-08-2015,11:11:00,,N,N,BACOPD,UNK,01,00,2200,CO,,1.52,W,WINANDS RD,0,F,W,2218,CO,,NEMO RD,39.38078583,-76.78240657
01,03,,02,11,03,1,01,01,00,AE55560008,08.04,03-05-2015,11:49:00,,Y,N,BACOPD,UNK,01,00,1501,CO,,0,S,BAYTHORNE RD,0,F,S,1500,CO,,SMITH AVE,39.3755114,-76.6753006
01,03,,00,13,02,,01,00,00,AE55560009,06.01,03-10-2015,17:10:00,,N,N,BACOPD,UNK,02,00,133,MD,,0.81,E,OLD COURT RD,0,F,E,,UU,,TORAH DR,39.38758561,-76.70740128
06.02,03,,02,17,02,1,01,01,04,AE5556000B,00,03-23-2015,18:57:00,,N,N,BACOPD,UNK,09,00,133,MD,,0.81,E,OLD COURT RD,0,F,E,,UU,,TORAH DR,39.38521406,-76.70596361
01,03,,02,03,02,2,01,01,00,AE5556000C,06.01,03-24-2015,18:35:00,,Y,N,BACOPD,UNK,01,00,140,MD,,2.53,N,REISTERSTOWN RD,0,F,N,7113,CO,,MT WILSON LA,39.39057067,-76.74121857
05.02,03,,03,07,01,1,01,01,00,AE55570008,02,01-24-2015,06:51:00,,Y,N,BACOPD,UNK,01,00,3327,CO,,0,E,INGLESIDE AVE,50,F,E,122,MD,,SECURITY BLVD,39.30376949,-76.71348453
01,03,,01,09,02,2,01,01,00,AE5557000B,06.01,02-20-2015,10:27:00,,N,N,BACOPD,UNK,01,00,2511,CO,,0.42,N,JOHNNYCAKE RD,50,F,N,2568,CO,,DANIELS AVE,39.29178044,-76.73009276
99,03,,00,99,00,,00,00,00,AE5557000C,00,02-19-2015,13:00:00,,N,N,BACOPD,UNK,99,99,2511,CO,,0.46,N,JOHNNYCAKE RD,80,F,N,2570,CO,,INGLESIDE AVE,39.29300933,-76.73117638
99,03,,00,99,00,,00,00,00,AE5557000D,00,02-21-2015,11:46:00,,N,N,BACOPD,UNK,99,99,2553,CO,,0.12,N,COLERIDGE RD,300,F,N,2552,CO,,CHANNING RD,39.29309236,-76.715523
01,03,,01,08,02,1,01,01,00,AE55580006,06.01,03-11-2015,15:30:00,,N,N,BACOPD,UNK,01,00,4776,CO,,0.37,S,SANDALWOOD RD,100,F,S,4775,CO,,MARLYN AVE S,39.29485262,-76.45679712
03,03,,01,02,02,1,01,01,00,AE55590003,06.01,03-23-2015,00:42:00,,N,N,BACOPD,UNK,02,19,3006,CO,,0,N,GATEWAY TERR,300,F,N,2976,CO,,MAIDEN CHOICE LA,39.26229724,-76.69804573
03,03,,01,01,00,,01,01,00,AE55600005,06.01,03-07-2015,22:12:00,,N,N,BACOPD,UNK,02,00,1778,CO,,0.12,W,STURGIS PL,200,F,W,1706,CO,,SUDBROOK RD,39.36046755,-76.73281252
03,03,,02,11,02,1,01,01,00,AE55600006,06.01,03-10-2015,00:49:00,,Y,N,BACOPD,UNK,01,11,1901,CO,,1.8,N,ESSEX RD,0,F,N,1850,CO,,QUEEN ANNE RD,39.34700932,-76.73377275
03,03,,01,03,01,1,01,01,04,AE55600007,03,03-14-2015,01:03:00,,N,N,BACOPD,UNK,02,09,1706,CO,,0.32,N,SUDBROOK RD,20,F,N,1800,CO,,MILFORD MILL RD,39.36187566,-76.73364401
01,03,,01,03,02,1,01,04,00,AE57260005,06.01,01-02-2015,15:02:00,,N,N,BACOPD,UNK,01,00,40,US,,0.62,E,BALTO NATIONAL PIKE,0,M,E,,UU,,ENT TO BUSINESS,39.28337691,-76.75145388
01,03,,02,88,00,,01,04,00,AE57260009,06.01,03-08-2015,13:55:00,,Y,N,BACOPD,UNK,01,01,40,US,,2.298,E,BALTO NATIONAL PIKE,0,F,E,695,RP,,RAMP 9 FR RAMP 8 TO US 40 WB,39.28678162,-76.73699141
06.02,03,,01,88,02,1,01,03,88,AE5726000B,06.01,03-31-2015,08:15:00,,N,N,BACOPD,UNK,02,00,3004,CO,,0.14,N,WESTLAND BLVD,0,F,N,3034,CO,,GLORIA AVE,39.25641572,-76.69986963