LIGHT_CODE,COUNTY_NO,MUNI_CODE,JUNCTION_CODE,COLLISION_TYPE_CODE,SURF_COND_CODE,LANE_CODE,RD_COND_CODE,RD_DIV_CODE,FIX_OBJ_CODE,REPORT_NO,WEATHER_CODE,ACC_DATE,ACC_TIME,LOC_CODE,SIGNAL_FLAG,C_M_ZONE_FLAG,AGENCY_CODE,AREA_CODE,HARM_EVENT_CODE1,HARM_EVENT_CODE2,RTE_NO,ROUTE_TYPE_CODE,RTE_SUFFIX,LOG_MILE,LOGMILE_DIR_FLAG,MAINROAD_NAME,DISTANCE,FEET_MILES_FLAG,DISTANCE_DIR_FLAG,REFERENCE_NO,REFERENCE_TYPE_CODE,REFERENCE_SUFFIX,REFERENCE_ROAD_NAME,LATITUDE,LONGITUDE
04,16,,01,99,00,1,01,01,00,CO00830001,00,01-03-2015,21:00:00,,N,N,COTTAGECITY,UNK,01,00,40,MU,,0.26,S,PARKWOOD ST,120,F,S,208,MD,,38TH AVE,38.93683,-76.951933
03,16,,01,88,03,1,01,01,00,CP00720002,06.01,01-06-2015,19:30:00,,N,N,MTRAINIER,UNK,02,00,9281,MU,,0.27,S,28TH ST,15,F,S,200,MU,,SHEPHERD ST,38.93943367,-76.96832657
03,16,,01,88,04,1,01,02,00,CP00720003,06.01,01-11-2015,18:50:00,,N,N,MTRAINIER,UNK,02,00,155,MU,,0.13,E,PERRY ST,15,F,E,9330,MU,,33RD ST,38.93653372,-76.96178734
03,16,,02,11,02,2,01,04,00,CP00720004,06.01,02-02-2015,19:57:00,,Y,N,MTRAINIER,UNK,01,00,500,MD,,0.74,E,QUEENS CHAPEL RD,0,F,E,501,MD,,CHILLUM RD,38.95118246,-76.96695328
03,16,,01,88,02,2,01,04,00,CP00720005,06.01,02-07-2015,04:20:00,,N,N,MTRAINIER,UNK,01,00,500,MD,,0.63,E,QUEENS CHAPEL RD,25,F,E,,UU,,ENT TO SHOPPING CENTER,38.94928009,-76.9677043
03,16,,01,07,02,1,01,01,00,CP00720006,06.01,03-08-2015,01:48:00,,N,N,MTRAINIER,UNK,02,00,9340,MU,,0.33,N,34TH ST,30,F,N,40,MU,,BUNKER HILL RD,38.93734739,-76.96088076
03,16,,01,00,02,2,01,04,00,CP01040008,06.01,01-17-2015,17:38:00,,N,N,MTRAINIER,UNK,03,00,500,MD,,0.74,E,QUEENS CHAPEL RD,200,F,E,501,MD,,CHILLUM RD,38.95120749,-76.96683526
01,16,,01,07,02,1,01,00,00,CP01040009,06.01,02-28-2015,16:38:00,,N,N,MTRAINIER,UNK,02,01,90,MU,,0.23,S,KAYWOOD DR,100,F,S,190,MU,,RUSSELL AVE,38.94327226,-76.97123408
01,16,,00,03,00,,01,01,00,CP0104000B,03,03-10-2015,12:38:00,,N,N,MTRAINIER,UNK,00,01,140,MU,,0,E,OTIS ST,100,F,E,1,US,,RHODE ISLAND AVE,38.93485211,-76.96453929
01,16,,01,07,00,2,01,02,00,CP0104000C,06.01,03-22-2015,18:09:00,,N,N,MTRAINIER,UNK,00,02,500,MD,,0.46,E,QUEENS CHAPEL RD,300,F,E,9302,MU,,30TH ST #2,38.94824544,-76.96950674
01,16,,01,08,02,2,01,04,00,CP01090003,06.01,01-02-2015,14:00:00,,N,N,MTRAINIER,UNK,01,00,1,US,,0.16,N,RHODE ISLAND AVE,200,F,N,9340,MU,,34TH ST,38.9358953,-76.96169615
99,16,,01,88,01,1,01,01,00,CP01090004,03,01-03-2015,11:36:00,,N,N,MTRAINIER,UNK,02,00,9281,MU,,0.15,S,28TH ST,50,F,S,211,MU,,TAYLOR ST #1,38.94111934,-76.96855187
01,16,,01,08,02,1,01,01,88,CP01100001,07.01,02-12-2015,10:25:00,UNK,N,N,MTRAINIER,UNK,02,02,9300,MU,,0.6,N,30TH ST,200,F,N,20,MU,,ARUNDEL RD,38.94762799,-76.96715713
03,16,,01,17,02,1,01,01,02,CP01230001,06.01,01-14-2015,23:07:00,1A,N,N,MTRAINIER,UNK,10,09,500,MD,,0.63,E,QUEENS CHAPEL RD,100,F,E,30,MU,,BUCHANAN ST,38.94948868,-76.96650267
03,16,,02,11,02,1,01,04,00,CP01230002,00,03-12-2015,21:20:00,,Y,N,MTRAINIER,UNK,01,01,9340,MU,,0.21,N,34TH ST,0,F,N,1,US,,RHODE ISLAND AVE,38.93659214,-76.9607091
01,16,,03,03,01,,99,01,00,DA30340002,07.01,01-04-2015,13:27:00,,N,N,PGCOPD,UNK,01,00,4,MD,,9.79,N,PENNSYLVANIA AVE,60,F,N,483,CO,,FORESTVILLE RD,38.8417132,-76.87412739
03,16,,88,03,04,2,01,01,00,DA30340003,06.01,03-06-2015,19:21:00,,Y,N,PGCOPD,UNK,01,00,202,MD,D,0,W,SHERIFF RD,25,F,W,202,MD,D,BRIGHTSEAT RD,38.91446937,-76.86186433
01,16,,03,01,02,1,01,03,00,DA30350002,06.01,01-02-2015,11:00:00,,Y,N,PGCOPD,UNK,01,00,445,MU,,0.35,N,EDMONSTON RD,5,F,N,671,MU,,KNOXVILLE DR,38.98015393,-76.91285849
01,16,,02,11,03,2,01,01,00,DA30350004,10.04,01-27-2015,12:00:00,,Y,N,PGCOPD,UNK,01,00,3642,CO,,0.94,S,PAINT BRANCH PKWY,0,F,S,5000,OP,,RIVER RD,38.97853591,-76.92658067
04,16,,01,17,01,,01,04,88,DA30350007,03,03-26-2015,21:30:00,,N,N,PGCOPD,UNK,09,00,193,MD,,4,E,UNIVERSITY BLVD,5,F,E,1,RP,,RAMP 8 FR US 1 SB TO MD 193 WB,39.00130988,-76.93219185
01,16,,01,03,02,,01,04,00,DA30350008,00,03-29-2015,11:18:00,,Y,N,PGCOPD,UNK,01,00,1,US,,6.27,N,BALTIMORE AVE,10,F,N,440,MU,,EDGEWOOD RD,39.0159494,-76.9272995
01,16,,01,03,02,2,01,04,00,DA30470002,06.01,03-16-2015,16:40:00,,N,N,PGCOPD,UNK,01,00,202,MD,,10.32,N,LANDOVER RD,150,F,N,1483,CO,,BARLOWE RD,38.9176916,-76.85923576
01,16,,00,88,03,,01,01,00,DA30490002,88,02-26-2015,17:30:00,,N,N,PGCOPD,UNK,03,00,377,CO,,0.12,N,BENNING RD,0,F,N,1627,CO,,CLOVIS AVE,38.87447982,-76.92974567
03,16,,02,11,02,1,01,03,00,DA30490003,06.01,03-29-2015,21:44:00,,N,N,PGCOPD,UNK,01,00,458,MD,,0.94,N,SILVER HILL RD,0,F,N,667,CO,,PARKWAY TERRACE DR,38.84356832,-76.92993879
06.02,16,,01,01,02,1,01,01,00,DA30510004,06.01,01-15-2015,17:14:00,,N,N,PGCOPD,UNK,02,09,1948,CO,,0,N,BELTZ DR,50,F,N,,UU,,ROAD END,38.83740948,-76.88199162
03,16,,02,11,00,1,00,04,00,DA30510005,00,01-30-2015,21:24:00,,Y,N,PGCOPD,UNK,01,00,458,MD,,2.28,N,SILVER HILL RD,0,F,N,4,MD,,PENNSYLVANIA AVE,38.85322752,-76.90989733
03,16,,01,07,01,1,01,88,10,DA3057000K,09.04,01-21-2015,22:33:00,,N,N,PGCOPD,UNK,01,09,360,CO,,1.198,S,HILL RD,100,F,S,6557,CO,,PEMBERTON LA,38.89686137,-76.88114405
01,16,,01,01,01,1,00,01,00,DA30590002,03,01-04-2015,10:58:00,,N,N,PGCOPD,UNK,01,00,1202,CO,,2.887,N,LIVINGSTON RD,500,F,N,1790,CO,,TAYLOR AVE,38.70724745,-76.97351933
01,16,,01,17,01,2,01,04,05,DA30590003,03,02-02-2015,14:06:00,,N,N,PGCOPD,UNK,09,00,210,MD,,6.81,N,INDIAN HEAD HWY,900,F,N,118,CO,,OLD FORT RD,38.70625115,-76.98949993
01,16,,02,02,02,1,01,01,00,DA30590004,06.01,02-19-2015,10:51:00,,N,N,PGCOPD,UNK,01,00,2698,CO,,0.7,N,AUTUMNWOOD LA,0,F,N,4823,CO,,ISHTAR ST,38.72998499,-77.00851545
01,16,,01,17,03,1,01,01,88,DA30590005,08.04,02-21-2015,12:56:00,,N,N,PGCOPD,UNK,09,09,1202,CO,,4.47,N,LIVINGSTON RD,75,F,N,1351,CO,,RICH HILL DR,38.72552176,-76.98954016
03,16,,11.04,11,01,1,01,05.01,00,DA3062000Q,03,01-23-2015,22:53:00,RA 0656,N,N,PGCOPD,UNK,01,00,414,MD,,1.039,E,OXON HILL RD,150,F,E,1203,CO,,LIVINGSTON RD,38.80360575,-76.9870913
03,13,,01,88,88,,01,01,00,CB54440005,06.01,02-10-2015,22:33:00,A2,N,N,HOCPD,UNK,02,02,688,CO,,0.35,W,TOWN & COUNTRY BLVD,1,M,W,695,CO,,WEST SPRINGS DR,39.29031072,-76.81477547
03,13,,00,17,01,3,01,04,09,CB54440006,00,02-19-2015,01:35:00,,Y,N,HOCPD,UNK,16,09,40,US,,18.26,E,BALTO NATIONAL PIKE,15,F,E,29,RP,,RAMP 5 FR US 29 SB TO US 40 EB,39.27703208,-76.82148099
04,13,,01,03,02,1,01,01,00,CB54470001,06.01,02-12-2015,21:10:00,D3,N,N,HOCPD,UNK,08,02,1064,CO,,0.46,S,BEAVERBROOK RD,20,F,S,2104,CO,,DAWN MARIE CT,39.22868788,-76.86898828
01,13,,03,03,02,2,01,04,00,CB54560003,02,02-01-2015,11:14:00,E4,Y,N,HOCPD,UNK,01,00,216,MD,,2.68,N,SCAGGSVILLE RD,100,F,N,91,CO,,LEISHEAR RD,39.14055832,-76.87631607
01,13,,00,03,02,2,01,04,06,CB54560004,06.01,03-19-2015,18:40:00,D1,N,N,HOCPD,UNK,01,06,32,MD,,10.45,N,SYKESVILLE RD,300,F,N,108,MD,,CLARKSVILLE PIKE,39.20958693,-76.94539905
01,13,,01,17,01,1,01,01,11,CB54570009,09.04,01-12-2015,08:53:00,,N,N,HOCPD,UNK,09,09,767,CO,,0.96,N,GREEN MT CIR,40,F,N,782,CO,,WINDSTREAM DR,39.2202851,-76.86500788
01,13,,03,12,02,1,01,03,00,CB5457000B,06.01,01-16-2015,16:20:00,,N,N,HOCPD,UNK,01,01,744,CO,,0.08,W,HARPERS FARM RD,0,F,W,796,CO,,TURNABOUT LA,39.21825698,-76.87992096
01,13,,02,03,03,1,01,03,00,CB5457000C,08.04,01-21-2015,13:10:00,,Y,N,HOCPD,UNK,01,01,2790,CO,,0,E,SUMMER SUNRISE DR,0,F,E,2892,CO,,GREAT STAR DR,39.19762333,-76.92348003
01,13,,01,03,01,1,01,04,00,CB5457000D,10.04,01-27-2015,11:12:00,,N,N,HOCPD,UNK,01,01,1161,CO,,0.76,S,BROKEN LAND PKWY,0,M,S,1457,CO,,HICKORY RIDGE RD,39.20710126,-76.86657429
05.02,13,,01,17,04,4,01,04,11,CB5457000F,07.01,02-10-2015,07:50:00,,Y,N,HOCPD,UNK,09,09,108,MD,,9.8,E,CLARKSVILLE PIKE,40,F,E,1575,CO,,COLUMBIA RD,39.23964904,-76.84477329
01,13,,01,03,02,1,01,01,00,CB5457000G,06.01,02-24-2015,07:31:00,,N,N,HOCPD,UNK,01,01,754,CO,,0.14,S,CROSS FOX LA,1,F,S,758,CO,,LYNX LA,39.21925442,-76.87603712
01,13,,03,11,01,,01,04,00,CB54580002,06.01,01-22-2015,08:55:00,D4,Y,N,HOCPD,UNK,01,00,1161,CO,,0.41,S,BROKEN LAND PKWY,10,F,S,794,CO,,LITTLE PATUXENT PKWY,39.21119134,-76.86696053
03,13,,01,01,02,2,01,04,05,CB54580003,06.01,02-01-2015,00:57:00,,N,N,HOCPD,UNK,01,01,100,MD,V,0.04,W,EXECUTIVE PARK DR,0,M,W,2194,CO,V,EXECUTIVE PARK DR (AHEAD),39.22906186,-76.81138515
04,13,,03,03,02,2,01,04,00,CB54580004,06.01,02-06-2015,21:49:00,D5,Y,N,HOCPD,UNK,01,00,1161,CO,,1.25,S,BROKEN LAND PKWY,30,F,S,,UU,,BEGIN BRIDGE,39.20217124,-76.85964346
03,13,,03,17,01,1,00,04,04,CB54590007,03,01-04-2015,02:27:00,C2,N,N,HOCPD,UNK,09,09,115,CO,,0.11,S,MURRAY HILL RD,20,F,S,1875,CO,,RAIN FLOWER WAY,39.16610419,-76.85051322
03,13,,01,88,04,1,00,01,00,CB54590008,06.01,01-09-2015,20:38:00,C2,N,N,HOCPD,UNK,02,00,1612,CO,,0.21,E,CLOCKTOWER LA,0,M,E,1612,CO,,CLOCKTOWER LA,39.16356707,-76.8439579
01,13,,02,03,01,2,01,01,00,CB54610007,07.01,01-24-2015,15:21:00,D2,Y,N,HOCPD,UNK,01,00,744,CO,,0.63,W,HARPERS FARM RD,0,F,W,1030,CO,,BEAVERKILL RD,39.22158173,-76.88678741
01,13,,03,17,02,1,00,01,11,CB54610008,00,02-02-2015,16:48:00,D2,N,N,HOCPD,UNK,23.15,00,82,CO,,2.86,N,CEDAR LA,100,F,N,744,CO,,HARPERS FARM RD,39.22103316,-76.88837528
01,13,,02,11,00,,01,04,00,CB54610009,00,02-11-2015,11:52:00,D3,N,N,HOCPD,UNK,01,00,108,MD,,9.8,E,CLARKSVILLE PIKE,0,F,E,1575,CO,,COLUMBIA RD,39.23973213,-76.8444407
01,13,,02,02,03,1,01,01,00,CB5461000B,10.04,02-21-2015,11:34:00,D5,Y,N,HOCPD,UNK,01,00,82,CO,,2.12,N,CEDAR LA,0,F,N,1457,CO,,HICKORY RIDGE RD,39.21091702,-76.88651919
06.02,13,,02,03,02,1,01,01,00,CB5461000C,06.01,02-25-2015,18:22:00,D2,N,N,HOCPD,UNK,01,00,744,CO,,1.66,W,HARPERS FARM RD,0,F,W,2568,CO,,STRAIGHT STAR PL,39.2314304,-76.89733386
03,13,,02,11,02,1,00,04,00,CB54870005,06.01,01-31-2015,20:49:00,E2,Y,N,HOCPD,UNK,01,00,1,us,,2.6,N,WASHINGTON BLVD,0,F,N,1066,co,,CORRIDOR RD,39.13582335,-76.81441605
05.02,13,,99,03,04,1,01,04,00,CB54870006,06.01,03-03-2015,06:10:00,C2,N,N,HOCPD,UNK,01,00,32,MD,,4.87,N,PATUXENT PKWY,4,M,N,1161,CO,,BROKEN LAND PKWY,39.17285829,-76.85114622
03,13,,01,17,04,1,01,04,04,CB54890005,08.04,02-17-2015,22:05:00,D6,N,N,HOCPD,UNK,09,00,216,MD,,3.925,N,SCAGGSVILLE RD,20,F,N,,UU,,END ROUNDABOUT,39.14601,-76.90903
04,16,,01,03,02,1,01,00,00,CBPD00450003,06.01,01-01-2015,00:25:00,509,N,N,BOWIE,UNK,02,02,2142,MU,,0.27,S,PERKINS LA,100,F,S,2081,MU,,PALAI TURN,38.91201503,-76.73223853
03,16,,02,88,02,3,01,05.01,00,CBPD00450004,06.01,01-25-2015,21:51:00,,Y,N,BOWIE,UNK,01,00,197,MD,,1.15,N,COLLINGTON RD,0,F,N,1959,MU,,NORTHVIEW DR,38.94757792,-76.73729181
03,16,,00,05,02,1,01,00,00,CBPD00480006,06.01,01-24-2015,18:15:00,810,N,N,BOWIE,UNK,01,00,49,CO,,2.85,E,RACE TRACK RD,20,F,E,460,MU,,CHESWOOD LA,38.99068683,-76.73497438
01,16,,02,03,02,2,00,04,00,CBPD00480007,06.01,01-27-2015,12:54:00,821,Y,N,BOWIE,UNK,01,01,197,MD,,3.28,N,LAUREL BOWIE RD,0,F,N,450,MD,,ANNAPOLIS RD,38.97441564,-76.75611019
03,16,,02,11,01,,00,01,00,CBPD00480008,06.01,03-14-2015,20:45:00,849,Y,N,BOWIE,UNK,01,01,73,CO,,2.48,E,MITCHELLVILLE RD,0,F,E,611,MU,,EXCALIBUR RD,38.94071879,-76.72743201
01,16,,00,02,02,2,01,04,88,CBPD00480009,06.01,03-15-2015,14:47:00,894,Y,N,BOWIE,UNK,09,01,450,MD,,10.417,E,ANNAPOLIS RD,0,F,E,5068,CO,,HIGH BRIDGE RD,38.97222195,-76.7731905
01,16,,02,03,01,1,01,04,00,CBPD0050000B,10.04,01-07-2015,13:30:00,,Y,N,BOWIE,UNK,01,01,197,MD,,0,N,COLLINGTON RD,0,F,N,301,US,,CRAIN HWY,38.94256297,-76.71852171
01,16,,02,09,02,1,01,01,00,CBPD0050000C,00,01-13-2015,11:30:00,,N,N,BOWIE,UNK,01,01,120,MU,,1.862,S,BELAIR DR,0,F,S,1090,MU,,KEMBRIDGE DR,38.96145063,-76.72717988
01,16,,02,03,02,1,01,00,00,CBPD0050000D,07.01,01-20-2015,12:30:00,,N,N,BOWIE,UNK,01,01,450,MD,B,0.916,S,OLD ANNAPOLIS RD,0,F,S,,UU,B,SPUR TO MD 197,38.97058915,-76.75553754
01,16,,02,11,02,1,00,03,00,CBPD0050000F,00,03-03-2015,12:14:00,,N,N,BOWIE,UNK,01,01,197,MD,,4.03,N,LAUREL BOWIE RD,0,F,N,415,CO,,OLD CHAPEL RD,38.98384021,-76.75714016
01,16,,02,11,02,1,01,04,00,CBPD0050000G,07.01,03-10-2015,09:38:00,,Y,N,BOWIE,UNK,01,01,450,MD,,10.73,E,ANNAPOLIS RD,0,F,E,450,MD,,GRENVILLE LA,38.97224697,-76.76784217
01,16,,02,11,02,,01,04,00,CBPD0050000H,06.01,03-18-2015,12:05:00,,Y,N,BOWIE,UNK,01,00,450,MD,,10.73,E,ANNAPOLIS RD,0,F,E,450,MD,E,GRENVILLE LA,38.97223655,-76.7678529
05.02,16,,00,17,03,1,01,02,04,CBPD0053000H,08.04,01-06-2015,07:17:00,0821,N,N,BOWIE,UNK,09,00,450,MD,,11.382,E,ANNAPOLIS RD,20,F,E,197,MD,,LAUREL BOWIE RD,38.97370249,-76.75614238
01,16,,02,11,02,4,01,04,04,CBPD0053000J,06.01,02-18-2015,08:50:00,0850,Y,N,BOWIE,UNK,01,01,197,MD,,0.94,N,COLLINGTON RD,0,F,N,,UU,,TOWN CENTER BLVD,38.94630753,-76.73375666
01,16,,00,15,02,1,01,01,00,CBPD00540001,06.01,02-27-2015,12:50:00,509,N,N,BOWIE,UNK,01,00,609,MU,,0,S,EXCALIBUR RD,0,M,S,606,MU,,EVERGREEN PKWY (BACK),38.94602591,-76.73465252
01,16,,01,01,02,2,01,04,07,CBPD00540002,00,03-25-2015,17:10:00,0818,N,N,BOWIE,UNK,01,09,785,MU,,0,W,GLOBAL ST,30,F,W,5068,CO,,HIGH BRIDGE RD,38.97562505,-76.7726326
03,16,,01,03,02,3,01,04,00,CBPD00540003,06.01,02-15-2015,19:55:00,D41,Y,N,BOWIE,UNK,01,00,59,CO,,0,S,CHURCH RD,80,F,S,450,MD,,OLD ANNAPOLIS RD,38.97222195,-76.77301884
01,16,,02,11,02,1,01,02,00,CBPD00540004,00,01-24-2015,09:10:00,D41,Y,N,BOWIE,UNK,01,00,2660,MU,,0,N,SPANGLER LA,0,F,N,120,MU,,BELAIR DR,38.9639971,-76.73971653
03,16,,02,11,01,1,01,01,00,CBPD00540007,06.01,02-09-2015,21:45:00,D31,Y,N,BOWIE,UNK,01,00,197,MD,,3.08,N,LAUREL BOWIE RD,0,F,N,450,MD,,OLD ANNAPOLIS RD,38.97395689,-76.75595999
03,16,,00,88,02,1,01,01,00,CBPD0059000F,06.01,01-28-2015,19:15:00,,N,N,BOWIE,UNK,02,00,2112,MU,,0.14,S,PEACHWALKER DR,50,F,S,2193,MU,,PRICE LA,38.9145278,-76.7291379
01,16,,00,08,02,2,01,04,23.03,CBPD0059000G,06.01,03-08-2015,10:55:00,,N,N,BOWIE,UNK,01,11,197,MD,,1.635,N,COLLINGTON RD,100,F,N,595,IS,,JOHN HANSON HWY,38.94907984,-76.73993111
01,16,,03,88,02,1,01,03,00,CBPD0059000H,06.01,03-24-2015,17:15:00,,N,N,BOWIE,UNK,01,00,,,,,,15402 EMERALD WAY,20,F,,,,,TOWN CENTER BLVD,38.94360605,-76.73819304
03,16,,02,02,01,,01,03,00,CBPD0059000J,03,01-26-2015,18:00:00,,Y,N,BOWIE,UNK,01,00,450,MD,,10.417,E,ANNAPOLIS RD,0,F,E,5068,CO,,HIGH BRIDGE RD,38.97218858,-76.77355528
03,16,,11.04,11,02,1,01,01,00,CBPD0059000K,06.01,02-10-2015,19:00:00,,N,N,BOWIE,UNK,01,00,197,MD,,4.03,N,LAUREL BOWIE RD,50,F,N,415,CO,,OLD CHAPEL RD,38.98494939,-76.75731182
03,16,,01,17,03,2,01,03,02,CBPD0059000L,08.04,02-14-2015,20:00:00,,N,N,BOWIE,UNK,09,00,1959,MU,,1.18,S,NORTHVIEW DR,50,F,S,1947,MU,,NOTTINGHILL DR,38.93596206,-76.73859
01,16,,00,88,03,1,01,01,00,CP01350007,08.04,01-06-2015,08:15:00,,N,N,MTRAINIER,UNK,02,01,190,MU,,0.06,N,RUSSELL AVE,150,F,N,211,MU,,TAYLOR ST #1,38.94038499,-76.96938872
01,16,,01,88,03,1,01,01,00,CP01350008,08.04,01-06-2015,09:30:00,,N,N,MTRAINIER,UNK,02,00,9281,MU,,0.15,S,28TH ST,200,F,S,211,MU,,TAYLOR ST #1,38.94050182,-76.9684124
01,16,,01,17,01,1,01,04,05,CP01350009,07.01,01-06-2015,13:14:00,,N,N,MTRAINIER,UNK,09,03,500,MD,,0.46,E,QUEENS CHAPEL RD,50,F,E,9302,MU,,30TH ST #2,38.94906315,-76.96764529
01,16,,01,07,03,1,01,01,00,CP0135000B,06.01,01-11-2015,13:43:00,,Y,N,MTRAINIER,UNK,02,00,40,MU,,0.33,E,BUNKER HILL RD,30,F,E,9340,MU,,34TH ST,38.93823406,-76.96061522
01,16,,00,88,02,,01,01,00,CP0135000C,06.01,01-24-2015,16:15:00,,N,N,MTRAINIER,UNK,02,02,30,MU,,0,E,BUCHANAN ST,200,F,E,500,MD,,QUEENS CHAPEL RD,38.9496639,-76.96699619
01,16,,00,03,02,2,01,02,00,CP0135000F,06.01,03-28-2015,17:44:00,,N,N,MTRAINIER,UNK,01,00,500,MD,,0.63,E,QUEENS CHAPEL RD,100,F,E,30,MU,,BUCHANAN ST,38.94943028,-76.9674468
03,16,,01,02,02,,01,01,00,CP01360004,06.01,03-17-2015,20:29:00,,N,N,MTRAINIER,UNK,01,00,20,MU,,0.45,N,ARUNDEL RD,20,F,N,9320,MU,,32ND ST,38.947701,-76.9642657
03,16,,01,17,02,1,01,04,09,CP0138000C,06.01,02-24-2015,23:50:00,,N,N,MTRAINIER,UNK,09,09,1,US,,0.34,N,RHODE ISLAND AVE,40,F,N,9370,MU,,37TH ST,38.93829039,-76.95693254
01,16,,02,11,02,1,01,01,09,CP0139000K,06.01,01-01-2015,15:06:00,,Y,N,MTRAINIER,UNK,01,01,340,MU,,0.16,N,34TH ST,0,F,N,10,MU,,ALLISON ST,38.94796175,-76.96227551
99,16,,01,99,00,,01,01,00,CP0139000L,00,01-25-2015,13:37:00,,N,N,MTRAINIER,UNK,02,00,9280,MU,,0,S,28TH PL,100,F,S,190,MU,,RUSSELL AVE,38.944574,-76.97109461
01,16,,03,08,02,,01,01,00,CP0139000M,07.01,02-08-2015,17:03:00,,Y,N,MTRAINIER,UNK,02,00,230,MU,,0.39,E,UPSHUR ST,20,F,E,9280,MU,,28TH PL,38.94312206,-76.9691205
99,16,,01,99,99,,01,01,00,CP0139000P,00,03-30-2015,08:29:00,,N,N,MTRAINIER,UNK,02,00,90,MU,,0,S,KAYWOOD DR,200,F,S,190,MU,,RUSSELL AVE,38.94162002,-76.970011
01,02,,01,03,02,1,01,01,00,CR79520001,06.01,03-13-2015,11:30:00,,N,N,CROFTON,UNK,02,00,2643,CO,,2.44,N,CROFTON PKWY,150,F,N,2693,CO,,RAWLINGS PL,39.02972745,-76.70876384
03,23,,00,03,02,2,01,04,00,CT82140001,06.01,02-05-2015,18:02:00,159,Y,N,OCEANCITY,UNK,01,01,528,MD,,2.97,S,COASTAL HWY,10,F,S,9490,MU,,94TH ST,38.40902818,-75.05861521
06.02,16,,02,08,02,,01,03,00,DA30710004,06.01,01-10-2015,17:42:00,407,Y,N,PGCOPD,UNK,01,00,4475,CO,,0.38,S,HAMPTON PARK BLVD,0,F,S,3957,CO,,ASHWOOD DR,38.88532072,-76.85144663
03,16,,03,03,00,3,01,04,00,DA30710005,00,01-27-2015,18:38:00,407,Y,N,PGCOPD,UNK,01,00,974,CO,,5.835,N,RITCHIE MARLBORO RD,10,F,N,5560,OP,,RITCHIE STATION CT,38.86929264,-76.85064197
01,16,,01,11,03,1,88,01,00,DA30710006,06.01,02-27-2015,15:45:00,418,N,N,PGCOPD,UNK,03,00,200,MU,,0.28,E,HIGHVIEW PL,20,F,E,4966,OP,,KEYWORTH CT,38.87633408,-76.91043377
06.02,16,,02,11,02,,01,03,00,DA30710007,07.01,02-21-2015,17:00:00,415,Y,N,PGCOPD,UNK,01,00,3074,CO,,0.38,S,MARLBORO PIKE,0,F,S,375,CO,,GLACIER AVE,38.87252527,-76.92677379
03,16,,03,11,01,,00,04,00,DA3071000B,06.01,03-15-2015,01:14:00,424,Y,N,PGCOPD,UNK,01,00,214,MD,,2.02,E,CENTRAL AVE,20,F,E,360,CO,,HILL RD,38.888728,-76.87726021
01,16,,02,11,01,1,01,01,00,DA3071000D,88,03-31-2015,17:58:00,427,Y,N,PGCOPD,UNK,01,01,81,CO,,2.78,N,SUITLAND RD,0,F,N,116,CO,,EASTERN LA,38.84706951,-76.92183852
03,16,,02,03,00,1,01,04,00,DA3071000F,06.01,03-29-2015,19:42:00,405,Y,N,PGCOPD,UNK,01,00,214,MD,,0.87,E,CENTRAL AVE,0,F,E,366,CO,,ADDISON RD,38.88674044,-76.898911
04,16,,02,08,02,3,01,04,07,DA30880002,00,02-27-2015,22:50:00,,N,N,PGCOPD,UNK,01,09,111,CO,,0.36,E,WOODMORE RD,0,F,E,5828,CO,,WOODVALE LA,38.92133939,-76.79684758
04,16,,01,17,02,1,01,01,10,DA30880003,06.01,03-21-2015,05:56:00,,N,N,PGCOPD,UNK,09,15,99,CO,,3.37,N,BROWN STATION RD,300,F,N,98,CO,,BROWN RD,38.85153976,-76.80116057
06.02,16,,01,01,02,2,01,04,00,DA3090001B,06.01,01-28-2015,18:41:00,,Y,N,PGCOPD,UNK,01,01,214,MD,,0.38,E,E CAPITOL ST,5,F,E,3149,CO,,BURGUNDY ST,38.88841066,-76.90654993
01,16,,00,03,02,5,01,04,00,DA30940005,06.01,01-05-2015,16:47:00,,N,N,PGCOPD,UNK,00,01,595,IS,,0.29,E,JOHN HANSON HWY,100,F,E,95,IS,,CAPITAL BELTWAY,38.97,-76.87
03,16,,01,06,03,1,01,01,00,DA30940006,08.04,01-06-2015,23:31:00,,N,N,PGCOPD,UNK,02,02,3665,CO,,0,E,CRANDALL RD,300,F,E,74,CO,,WHITFIELD CHAPEL RD,38.95,-76.85
03,16,,00,00,02,1,00,03,05,DA31040004,06.01,01-31-2015,23:27:00,DA,N,N,PGCOPD,UNK,09,00,4386,CO,,0,E,PATUXENT AVE,50,M,E,953,MD,,GLENN DALE RD,38.98559988,-76.8189168
01,13,,00,17,02,1,01,05.01,04,CB5498000H,00,01-16-2015,14:26:00,E3,N,N,HOCPD,UNK,09,09,1,US,,0.72,N,WASHINGTON BLVD,25,F,N,3585,CO,,HILL ST,39.11337161,-76.83446288
01,13,,02,03,06.03,3,01,04,00,CB5506000C,07.01,02-10-2015,07:38:00,B2,Y,N,HOCPD,UNK,01,00,1140,CO,,4,N,SNOWDEN RIVER PKWY,0,F,N,108,MD,,WATERLOO RD,39.2100109,-76.80124909
05.02,13,,01,17,01,1,01,01,00,CB5506000D,06.01,02-18-2015,07:25:00,B2,N,N,HOCPD,UNK,03,00,991,CO,,1.14,N,TAMAR DR,25,F,N,2880,CO,,OLD DOBBIN LA,39.20723428,-76.81179285
01,13,,02,11,02,2,01,01,04,CB5506000F,07.01,02-18-2015,14:26:00,B2,Y,N,HOCPD,UNK,01,09,991,CO,,1.32,N,TAMAR DR,0,F,N,1520,CO,,CLOUDLEAP CT,39.20851037,-76.81546211