LIGHT_CODE,COUNTY_NO,MUNI_CODE,JUNCTION_CODE,COLLISION_TYPE_CODE,SURF_COND_CODE,LANE_CODE,RD_COND_CODE,RD_DIV_CODE,FIX_OBJ_CODE,REPORT_NO,WEATHER_CODE,ACC_DATE,ACC_TIME,LOC_CODE,SIGNAL_FLAG,C_M_ZONE_FLAG,AGENCY_CODE,AREA_CODE,HARM_EVENT_CODE1,HARM_EVENT_CODE2,RTE_NO,ROUTE_TYPE_CODE,RTE_SUFFIX,LOG_MILE,LOGMILE_DIR_FLAG,MAINROAD_NAME,DISTANCE,FEET_MILES_FLAG,DISTANCE_DIR_FLAG,REFERENCE_NO,REFERENCE_TYPE_CODE,REFERENCE_SUFFIX,REFERENCE_ROAD_NAME,LATITUDE,LONGITUDE
04,03,,01,01,02,1,01,01,88,CBWR96760005,06.01,02-19-2015,22:52:00,07,N,N,BALTOENVIR,UNK,02,00,146,MD,,4.27,N,DULANEY VALLEY RD,100,F,N,4535,MU,,OLD BOSLEY RD (BALTO CITY),39.46132888,-76.58871889
01,03,,00,01,04,1,01,01,00,CBWR96760007,09.04,03-01-2015,11:21:00,07,N,N,BALTOENVIR,UNK,01,01,360,CO,,3.28,E,WARREN RD,1,M,E,6359,MU,,POPLAR HILL RD,39.48599199,-76.61268711
01,03,,00,88,04,1,00,01,00,CBWR96770007,12.04,01-18-2015,10:00:00,6C1,N,N,BALTOENVIR,UNK,01,01,,,,,,BOSLEY ROAD,50,F,,,,,GATERIDGE ROAD,39.47472987,-76.61304116
04,03,,01,17,03,1,01,01,07,CBWR96780003,08.04,01-07-2015,20:34:00,,N,N,BALTOENVIR,UNK,16,09,146,MD,,6.82,N,JARRETTSVILLE PIKE,300,F,N,330,CO,,BLENHEIM RD,39.48638944,-76.56826973
01,16,,00,03,02,2,01,04,00,CC01630004,06.01,03-21-2015,16:55:00,04341,Y,N,HYATTSVILLE,UNK,01,00,410,MD,,2.65,E,EAST WEST HWY,25,F,E,500,MD,,QUEENS CHAPEL RD,38.96616875,-76.95023488
01,16,,01,03,01,1,01,01,00,CC0195000B,03,01-03-2015,14:19:00,00137,N,N,HYATTSVILLE,UNK,01,00,151,MU,,0.52,W,HAMILTON ST #1,100,F,W,180,MU,,JEFFERSON ST,38.95271767,-76.95235133
01,16,,02,11,02,2,03,04,00,CC02010006,06.01,01-28-2015,14:54:00,01498,N,N,HYATTSVILLE,UNK,01,00,1204,CO,,0.22,E,HAMILTON ST,0,F,E,9310,MU,,31ST AVE,38.95598822,-76.96343422
03,16,,02,11,01,2,01,04,00,CC02010007,06.01,01-29-2015,21:37:00,,Y,N,HYATTSVILLE,UNK,01,00,500,MD,,1.95,E,QUEENS CHAPEL RD,0,F,E,,UU,,SPUR FR BELCREST RD,38.96391368,-76.95176125
01,16,,01,03,88,1,03,04,00,CC02010008,06.01,03-09-2015,16:50:00,03616,Y,N,HYATTSVILLE,UNK,01,00,5678,CO,,0,N,BELCREST RD,0,F,N,500,MD,,QUEENS CHAPEL RD,38.96392202,-76.95186853
01,16,,01,03,01,1,03,01,00,CC0201000C,03,03-27-2015,10:40:00,04673,N,N,HYATTSVILLE,UNK,01,00,208,MD,,1.76,N,HAMILTON ST,10,F,N,9350,MU,,35TH AVE,38.95487859,-76.9601512
00,16,,00,03,02,2,01,04,00,CC02040001,07.01,01-14-2015,13:59:00,00682,N,N,HYATTSVILLE,UNK,01,01,410,MD,,2.65,E,EAST WEST HWY,200,M,E,500,MD,,QUEENS CHAPEL RD,38.96638082,-76.95006341
03,23,,02,03,01,2,01,04,00,CTX3060024,03,02-21-2015,18:45:00,208,Y,N,OCEANCITY,UNK,01,00,528,MD,,6.59,S,PHILADELPHIA AVE,0,F,S,9170,MU,,30TH ST,38.35886683,-75.07407546
03,23,,01,01,04,3,04,03,21.01,CTX3060025,12.04,02-21-2015,19:36:00,214,Y,N,OCEANCITY,UNK,09,01,50,US,,14.16,E,OCEAN GATEWAY,0,F,E,,UU,,STRUC #23007 SINEPUXENT BAY,38.33242446,-75.09096265
01,16,,02,11,02,1,01,01,00,DA3215000C,06.01,01-13-2015,16:55:00,,N,N,PGCOPD,UNK,01,00,32,CO,,0.18,S,ALTON ST,0,F,S,260,CO,,BILLINGS AVE,38.8679561,-76.93668723
01,16,,02,11,02,1,01,01,00,DA3215000D,06.01,01-20-2015,14:07:00,,N,N,PGCOPD,UNK,01,00,86,CO,,0.33,S,PARKLAND DR,0,F,S,128,CO,,KENTUCKY AVE,38.85124732,-76.90457582
01,16,,00,11,02,1,01,01,00,DA3215000F,06.01,01-31-2015,17:19:00,,N,N,PGCOPD,UNK,01,00,925,CO,,0,S,JEFFERSON AVE,0,M,S,65,CO,,ARDWICK ARDMORE RD,38.94217078,-76.86950326
01,16,,00,17,03,2,01,01,04,DA3215000G,08.04,02-22-2015,07:33:00,,N,N,PGCOPD,UNK,09,00,75,CO,,2.67,W,SHERIFF RD,0,M,W,433,CO,,CEDAR HEIGHTS DR,38.905979,-76.90944672
01,16,,88,12,00,,01,01,00,DA3215000H,06.01,03-17-2015,17:42:00,,Y,N,PGCOPD,UNK,01,00,4231,CO,,0.27,N,GARDEN CITY DR,0,F,N,4429,CO,,CORPORATE DR,38.9482371,-76.86921358
01,16,,08.04,88,01,3,01,04,11,DA32440004,07.01,01-18-2015,15:59:00,A3,N,N,PGCOPD,UNK,01,02,212,MD,,1.79,N,RIGGS RD,420,F,N,1654,CO,,DREXEL ST,38.97825234,-76.97811127
01,16,,01,03,04,1,01,01,00,DA32440006,05,02-19-2015,17:30:00,,N,N,PGCOPD,UNK,01,01,212,MD,,4.41,N,RIGGS RD,200,F,N,5579,CO,,HEATHERWOOD CT,39.01159788,-76.9654727
03,16,,02,02,02,2,01,04,04,DA32440007,06.01,03-07-2015,20:25:00,A7,Y,N,PGCOPD,UNK,01,00,650,MD,,2.98,N,NEW HAMPSHIRE AVE,0,F,N,230,CO,,METZEROTT RD,39.00422802,-76.98092222
03,16,,02,08,03,,01,01,00,DA32470001,08.04,02-16-2015,19:30:00,,Y,N,PGCOPD,UNK,01,00,64,CO,,0.65,W,LOTTSFORD RD,0,F,W,67,CO,,LOTTSFORD VISTA RD,38.91975342,-76.8148613
01,16,,01,17,02,1,01,02,04,DA32480002,07.01,02-01-2015,16:25:00,,N,N,PGCOPD,UNK,09,11,,,,,,NATIONAL AVE,25,F,,,,,I295,38.79225066,-77.01379538
03,16,,88,88,02,,01,01,00,DA32560002,06.01,02-08-2015,18:20:00,,N,N,PGCOPD,UNK,01,00,210,MD,,14.34,N,INDIAN HEAD HWY,0,F,N,,UU,,SPUR FR INDIAN HEAD HWY SERVICE RD,38.81613774,-76.99924707
03,16,,09.04,11,01,1,88,01,00,DA32560003,03,02-09-2015,18:05:00,,N,N,PGCOPD,UNK,01,00,1203,CO,,1.99,N,LIVINGSTON RD,500,F,N,414,MD,,OXON HILL RD,38.80470103,-76.99041188
01,16,,02,88,02,2,01,01,00,DA32560004,06.01,02-24-2015,16:30:00,,Y,N,PGCOPD,UNK,01,00,1203,CO,,0,N,LIVINGSTON RD,0,F,N,210,MD,,INDIAN HEAD HWY,38.78038357,-76.99733734
01,16,,00,17,04,1,01,01,05,DA32570003,12.04,02-10-2015,07:25:00,,N,N,PGCOPD,UNK,09,00,214,MD,,12.92,E,CENTRAL AVE,1,M,E,3643,CO,,QUEEN ANNE BRIDGE RD,38.90714784,-76.67324066
01,16,,01,03,03,,88,04,00,DA32680002,08.04,01-06-2015,08:34:00,,N,N,PGCOPD,UNK,02,00,5730,CO,,0,N,GARRETT A MORGAN BLVD,50,F,N,214,MD,,CENTRAL AVE,38.88982197,-76.86292648
03,16,,02,11,02,1,01,04,00,DA32700004,00,01-01-2015,04:57:00,,Y,N,PGCOPD,UNK,01,00,193,MD,,11.04,E,GLENN DALE BLVD,0,F,E,56,CO,,PROSPECT HILL RD,38.98259757,-76.80860639
01,16,,03,11,01,1,01,99,00,DA32760005,03,01-12-2015,12:10:00,,N,N,PGCOPD,UNK,01,00,458,MD,,2.99,N,SILVER HILL RD,10,F,N,31,MU,,ATWOOD ST #1,38.86063814,-76.90206528
01,16,,01,88,04,1,01,01,00,DA32770001,12.04,01-06-2015,09:11:00,,N,N,PGCOPD,UNK,02,00,3069,CO,,0.4,S,BOUNDS AVE,20,F,S,3433,CO,,SWEITZER LA,39.10001785,-76.89583182
06.02,16,,01,12,02,1,01,04,00,DA32770002,00,02-19-2015,17:24:00,,N,N,PGCOPD,UNK,01,01,197,MD,,12.28,N,LAUREL BOWIE RD,250,F,N,21,CO,,MUIRKIRK RD,39.06386511,-76.83951616
04,16,,01,17,03,2,01,04,05,DA32880004,08.04,01-06-2015,06:56:00,,N,N,PGCOPD,UNK,09,00,301,US,,10.35,N,CRAIN HWY,600,F,N,382,MD,,CROOM RD,38.78606229,-76.79112911
03,16,,02,11,02,2,01,01,00,DA32880005,00,01-31-2015,00:00:00,,Y,N,PGCOPD,UNK,01,00,3675,CO,,2.84,N,OLD BRANCH AVE,0,F,N,126,CO,,ALLENTOWN RD,38.80377297,-76.90695763
03,16,,01,17,01,1,00,01,11,DA32880006,03,02-02-2015,01:45:00,,N,N,PGCOPD,UNK,11,00,199,CO,,0,E,OAKLAWN RD,500,F,E,126,CO,,ALLENTOWN RD,38.77181027,-76.94665432
04,13,,02,03,02,2,01,01,00,CB56450007,06.01,01-02-2015,17:51:00,,N,N,HOCPD,UNK,01,01,1,US,,9.26,N,WASHINGTON BLVD,0,F,N,,UU,,SPUR FR OLD WASHINGTON RD,39.20351809,-76.7315948
01,13,,01,17,04,2,01,01,05,CB56450008,12.04,01-18-2015,08:17:00,,N,N,HOCPD,UNK,11,00,1,US,,10.53,N,WASHINGTON BLVD,0,M,N,1732,CO,,OLD WASHINGTON RD,39.214292,-76.71657443
03,13,,02,03,02,2,01,04,00,CB56450009,06.01,01-16-2015,17:54:00,,Y,N,HOCPD,UNK,01,00,175,MD,,1.25,N,WATERLOO RD,0,F,N,1419,CO,,POCOMOKE AVE,39.1684499,-76.78286791
01,13,,02,07,01,1,01,01,00,CB5645000B,07.01,01-27-2015,11:49:00,,Y,N,HOCPD,UNK,01,00,136,CO,,0.2,E,MONTGOMERY RD,0,F,E,2869,CO,,MILLERS CORNER,39.21392624,-76.78058267
01,13,,02,11,02,1,01,01,00,CB5645000C,06.01,02-04-2015,15:22:00,,N,N,HOCPD,UNK,01,00,1,US,,6.16,N,WASHINGTON BLVD,0,F,N,,UU,,STRUC #13003 DEEP RUN,39.17661768,-76.77475691
06.02,13,,01,03,02,2,01,04,00,CB5645000D,06.01,02-13-2015,17:47:00,,N,N,HOCPD,UNK,01,00,1,US,,10.79,N,WASHINGTON BLVD,100,F,N,158,CO,,LEVERING AVE,39.21668833,-76.70947333
03,13,,00,03,02,,01,04,00,CB5645000F,06.01,02-18-2015,18:11:00,,N,N,HOCPD,UNK,01,00,175,MD,,1.54,N,WATERLOO RD,50,F,N,1,US,,WASHINGTON BLVD,39.17224279,-76.78574324
06.02,13,,09.04,11,02,1,01,01,00,CB5645000G,07.01,03-13-2015,17:55:00,,Y,N,HOCPD,UNK,01,00,558,CO,,0.153,N,TEN OAKS RD,100,F,N,,UU,,ENT TO ST LOUIS PARISH CHURCH & SCHOOL,39.2063198,-76.94457293
01,13,,01,17,01,1,01,04,04,CB5645000H,03,03-14-2015,08:02:00,B2,N,N,HOCPD,UNK,09,09,1140,CO,,3.29,N,SNOWDEN RIVER PKWY,100,F,N,2859,CO,,GOOD HUNTERS RIDE,39.20277667,-76.80768833
01,13,,01,03,01,1,01,02,00,CB5645000J,03,03-14-2015,12:08:00,B3,N,N,HOCPD,UNK,01,00,100,MD,,3.65,E,NO NAME,100,F,E,100,MD,,SNOWDEN RIVER PKWY,39.21190833,-76.79510167
03,13,,01,17,02,1,01,01,06,CB56620003,06.01,01-01-2015,01:19:00,A5,N,N,HOCPD,UNK,09,00,1821,CO,,1.4,N,OLD COLUMBIA PIKE,0,M,N,,UU,,ROUSEY LA,39.26601446,-76.79977119
03,13,,01,06,02,1,01,01,00,CB56620005,06.01,03-31-2015,19:40:00,A2,N,N,HOCPD,UNK,01,00,1871,CO,,0.07,N,NORTH RIDGE RD,0,M,N,688,CO,,TOWN & COUNTRY BLVD,39.28664046,-76.82107329
03,13,,05.01,17,02,,01,02,15.05,CB56630003,06.01,01-14-2015,00:29:00,B1,Y,N,HOCPD,UNK,09,00,100,RP,,0.18,S,RAMP 6 FR MD 100 EB TO MD 100V SB,0,F,S,2194,CO,,EXECUTIVE PARK DR,39.235535,-76.81442167
04,13,,01,01,02,1,01,01,00,CB56630004,06.01,01-31-2015,01:56:00,B1,N,N,HOCPD,UNK,02,00,983,CO,,0.23,E,LIGHTSPUN LA,1,M,E,984,CO,,BLADE GREEN LA,39.21683559,-76.82015061
04,13,,01,88,00,1,01,01,00,CB56630005,06.01,03-03-2015,00:13:00,B1,N,N,HOCPD,UNK,02,00,1087,CO,,0,W,CANVASBACK DR,50,F,W,352,CO,,MELLENBROOK RD,39.23368333,-76.83429833
01,13,,01,15,03,1,01,01,00,CB56660008,08.04,01-06-2015,08:39:00,,N,N,HOCPD,UNK,01,00,103,MD,,2.59,N,MEADOWRIDGE RD,30,F,N,2586,CO,,WESLEY LA,39.19977667,-76.78105667
01,13,,01,17,02,1,01,01,11,CB56660009,06.01,02-02-2015,17:15:00,,N,N,HOCPD,UNK,09,00,352,CO,,0.59,W,MELLENBROOK RD,50,F,W,3414,CO,,N PENFIELD RD,39.22894551,-76.83612585
01,13,,01,02,00,1,01,01,00,CB5666000B,06.01,02-11-2015,10:20:00,,N,N,HOCPD,UNK,01,00,2053,CO,,0,E,BENDIX RD,100,F,E,108,MD,,OLD ANNAPOLIS RD,39.23536118,-76.82958126
01,13,,01,17,04,4,01,04,05,CB5666000C,06.01,02-11-2015,07:20:00,,N,N,HOCPD,UNK,15,09,29,US,,8.85,N,COLUMBIA PIKE,200,F,N,108,MD,,OLD ANNAPOLIS RD,39.24265703,-76.83382988
01,13,,03,03,99,2,01,04,00,CB5666000D,06.01,02-11-2015,16:24:00,,N,N,HOCPD,UNK,01,01,175,MD,,5.1,N,ROUSE PKWY,500,F,N,991,CO,,TAMAR DR,39.20808224,-76.8208909
01,13,,02,11,02,,01,01,00,CB5666000F,06.01,02-12-2015,11:57:00,,N,N,HOCPD,UNK,01,00,2192,CO,,0.27,N,CENTRE PARK DR,0,F,N,2193,CO,,COLUMBIA 100 PKWY,39.22839699,-76.81331635
01,13,,01,03,01,2,01,03,00,CB5666000G,08.04,02-16-2015,16:50:00,,N,N,HOCPD,UNK,01,01,1140,CO,,2.43,N,SNOWDEN RIVER PKWY,500,F,N,175,MD,,ROUSE PKWY,39.19328301,-76.80990458
01,13,,01,03,02,1,01,01,00,CB5666000H,06.01,02-26-2015,17:36:00,,N,N,HOCPD,UNK,01,01,681,CO,,0.53,N,RED BRANCH RD,100,F,N,1561,CO,,RUMSEY RD,39.23105643,-76.8205905
01,13,,03,03,02,1,01,01,00,CB5666000J,06.01,03-16-2015,10:01:00,,N,N,HOCPD,UNK,01,00,108,MD,,11.08,E,OLD ANNAPOLIS RD,100,F,E,681,CO,,RED BRANCH RD,39.23119771,-76.82920575
01,13,,01,15,00,1,01,01,00,CB5666000K,06.01,03-25-2015,08:35:00,,N,N,HOCPD,UNK,01,00,2190,CO,,0.82,W,OLD MONTGOMERY RD,100,F,W,,UU,,ENT TO MD SCHOOL FOR DEAF,39.20764995,-76.7942673
01,13,,02,02,00,1,01,01,00,CB5666000L,06.01,03-25-2015,07:04:00,,Y,N,HOCPD,UNK,01,00,2870,CO,,0,S,MARSHALEE DR,0,F,S,136,CO,,MONTGOMERY RD,39.21333605,-76.78396225
01,13,,03,08,02,1,01,01,00,CB56710007,06.01,01-23-2015,09:39:00,B71,Y,N,HOCPD,UNK,01,00,143,CO,,0,S,LOUDON AVE,15,F,S,1,US,,WASHINGTON BLVD,39.19840905,-76.73984528
07.88,13,,01,17,02,,01,04,05,CB56710008,07.01,01-25-2015,06:55:00,B1,N,N,HOCPD,UNK,16,09,100,MD,,0.89,E,NO NAME,150,F,E,100,RP,,RAMP 5 FR MD 100J SB TO MD 100 EB,39.24390133,-76.81507587
01,13,,02,11,02,1,01,01,00,CB56710009,07.01,01-29-2015,14:05:00,,Y,N,HOCPD,UNK,01,00,1732,CO,,0.59,N,OLD WASHINGTON RD,0,F,N,146,CO,,HANOVER RD,39.20678327,-76.72356695
01,13,,02,10,01,,01,01,00,CB5671000B,07.01,03-03-2015,11:51:00,B5,Y,N,HOCPD,UNK,01,00,3470,CO,,0.781,S,COCA COLA DR,0,F,S,2506,CO,,PARK CIR DR,39.18176781,-76.73536867
01,13,,03,03,01,2,01,88,00,CB5671000C,03,03-02-2015,07:10:00,B4,N,N,HOCPD,UNK,01,00,175,MD,,1.48,N,WATERLOO RD,200,F,N,,UU,,SPUR FR US 1,39.17040563,-76.7841728
01,16,,00,11,02,2,01,03,00,CC02090006,06.01,01-25-2015,10:53:00,013449,Y,N,HYATTSVILLE,UNK,01,00,500,MD,,1.4,E,QUEENS CHAPEL RD,5,F,E,260,MU,,LONGFELLOW ST,38.95810941,-76.95872158
01,16,,00,11,02,2,01,04,00,CC02090007,00,01-28-2015,08:01:00,01490,Y,N,HYATTSVILLE,UNK,01,00,410,MD,,1.89,E,EAST WEST HWY,10,F,E,1819,CO,,TOLEDO TERR,38.96697517,-76.96230769
03,16,,01,03,02,,01,03,00,CC02090008,00,01-31-2015,17:54:00,01709,N,N,HYATTSVILLE,UNK,01,01,208,MD,,1.62,N,HAMILTON ST,20,F,N,9360,MU,,36TH AVE,38.9543029,-76.95845604
01,16,,01,03,02,2,01,03,00,CC02090009,06.01,02-06-2015,10:56:00,02002,N,N,HYATTSVILLE,UNK,01,00,410,MD,,1.3,E,EAST WEST HWY,300,F,E,680,CO,,23RD AVE,38.96759246,-76.96761847
01,16,,00,03,02,,01,01,00,CC0209000B,06.01,02-12-2015,17:28:00,02329,N,N,HYATTSVILLE,UNK,02,00,430,MU,,0.16,S,43RD ST,300,F,S,370,MU,,QUEENSBURY RD (HYATTSVILLE),38.96198663,-76.94283485
03,16,,01,03,03,2,88,03,00,CC0209000C,08.04,02-14-2015,20:29:00,02482,N,N,HYATTSVILLE,UNK,01,00,1,US,,1.97,N,BALTIMORE AVE,200,F,N,180,MU,,JEFFERSON ST,38.95600491,-76.94013119
01,16,,00,00,03,1,01,04,00,CC0209000D,06.01,02-18-2015,11:45:00,02651,N,N,HYATTSVILLE,UNK,03,00,5678,CO,,0.25,N,BELCREST RD,200,F,N,410,MD,,EAST WEST HWY,38.96754241,-76.95415378
01,16,,03,04,02,2,01,03,00,CC0209000F,06.01,02-19-2015,09:09:00,02690,Y,N,HYATTSVILLE,UNK,01,00,1204,CO,,0.07,E,HAMILTON ST,10,F,E,1599,CO,,AGER RD,38.95592982,-76.96617544
01,16,,00,17,03,,01,01,07,CC0209000G,08.04,03-05-2015,11:56:00,03395,N,N,HYATTSVILLE,UNK,09,09,190,MU,,0.1,N,KELLIHER RD,50,F,N,220,MU,,KIMBERLY RD,38.9583159,-76.96280122
03,16,,01,17,02,,01,01,08,CC0209000H,06.01,03-21-2015,02:17:00,04299,N,N,HYATTSVILLE,UNK,09,09,180,MU,,0.395,W,JEFFERSON ST,50,F,W,9412,MU,,41ST PL #2,38.95489527,-76.94617152
03,16,,01,06,02,,01,01,00,CC0209000J,06.01,03-21-2015,03:39:00,04301,N,N,HYATTSVILLE,UNK,02,00,9310,MU,,0.12,N,31ST AVE,40,F,N,190,MU,,KELLIHER RD,38.95750664,-76.96393847
00,16,,01,03,02,1,01,04,88,CC0219000B,06.01,03-10-2015,07:23:00,03637,N,N,HYATTSVILLE,UNK,01,88,500,MD,,1.73,E,QUEENS CHAPEL RD,50,F,E,330,MU,,OGLETHORPE ST,38.96128586,-76.95460439
01,16,,03,17,02,1,01,04,09,CC0219000C,06.01,03-11-2015,13:19:00,03691,N,N,HYATTSVILLE,UNK,09,00,232,CO,,2.07,S,ADELPHI RD,0,F,S,160,MU,,WELLS PKWY,38.97893625,-76.95433617
01,16,,03,88,02,,01,04,04,CC0219000D,06.01,03-16-2015,17:17:00,04023,N,N,HYATTSVILLE,UNK,01,09,5678,CO,,0.25,N,BELCREST RD,200,F,N,410,MD,,EAST WEST HWY,38.96736724,-76.95418596
01,16,,01,88,02,,01,01,00,CC0219000F,06.01,03-23-2015,09:04:00,04435,N,N,HYATTSVILLE,UNK,02,00,330,MU,,0.29,E,OGLETHORPE ST,50,F,E,9400,MU,,40TH AVE,38.97475761,-76.97879791
01,16,,03,03,02,1,01,03,00,CC0219000G,06.01,03-28-2015,17:59:00,04751,Y,N,HYATTSVILLE,UNK,01,00,1,US,,2.18,N,BALTIMORE AVE,50,F,N,100,MU,,MADISON ST,38.95881646,-76.93988442
03,16,,02,11,88,1,03,04,04,CC0220000B,06.01,03-06-2015,22:11:00,03640,Y,N,HYATTSVILLE,UNK,01,09,500,MD,,1.97,E,QUEENS CHAPEL RD,0,F,E,5678,CO,,BELCREST RD,38.96388031,-76.9515574
01,16,,01,07,00,1,01,03,00,CC0220000C,07.01,03-24-2015,10:10:00,,N,N,HYATTSVILLE,UNK,01,00,1,US,,1.97,N,BALTIMORE AVE,10,F,N,180,MU,,JEFFERSON ST,38.95507048,-76.94030285
01,16,,01,03,01,1,01,03,00,CC02240002,08.04,01-06-2015,12:00:00,,N,N,HYATTSVILLE,UNK,01,00,500,MD,,1.24,E,QUEENS CHAPEL RD,300,F,E,181,MU,,JEFFERSON ST #1,38.95617177,-76.96143866
01,16,,02,11,03,,01,02,00,CC02240004,08.04,03-05-2015,15:15:00,03399,Y,N,HYATTSVILLE,UNK,01,00,410,MD,,1.89,E,EAST WEST HWY,0,F,E,1819,CO,,TOLEDO TERR,38.96708362,-76.96228623
01,23,,01,17,03,,01,04,04,CTX308001S,08.04,02-17-2015,08:12:00,054,N,N,OCEANCITY,UNK,09,00,528,MD,,7.04,S,PHILADELPHIA AVE,20,F,S,9135,MU,,23RD ST,38.35283713,-75.076865
01,23,,03,17,99,,99,02,02,CTX308001T,99,02-07-2015,13:00:00,088,Y,N,OCEANCITY,UNK,09,00,378,MD,,1.02,N,BALTIMORE AVE,0,F,N,9060,MU,,9TH ST,38.33978806,-75.08184314
01,23,,02,13,02,4,01,04,00,CTX308001W,06.01,03-17-2015,16:47:00,101,Y,N,OCEANCITY,UNK,01,09,528,MD,,4.53,S,COASTAL HWY,0,F,S,9345,MU,,65TH ST,38.387231,-75.06592502
03,16,,02,09,04,2,01,04,00,DA32890002,03,01-23-2015,20:05:00,16,N,N,PGCOPD,UNK,01,00,232,CO,,3.02,S,ADELPHI RD,0,F,S,410,MD,,EAST WEST HWY,38.96621607,-76.94849968
03,16,,01,03,01,2,01,03,00,DA32960002,03,02-09-2015,17:05:00,,N,N,PGCOPD,UNK,01,00,126,CO,,4.78,N,ALLENTOWN RD,20,F,N,2163,CO,,WALDRAN AVE,38.79286946,-76.9228363
03,16,,01,03,02,2,01,02,00,DA33110005,00,01-02-2015,23:30:00,,N,N,PGCOPD,UNK,02,01,4,MD,,3.6,N,PENNSYLVANIA AVE,1,M,N,980,MD,,RITCHIE MARLBORO RD,38.81245947,-76.80602074
03,16,,01,17,00,1,00,01,00,DA33110006,00,02-26-2015,03:30:00,,N,N,PGCOPD,UNK,08,00,4743,CO,,0.22,W,MT LUBENTIA WAY,50,F,W,4905,CO,,HAACK PL,38.878205,-76.81456089
01,16,,01,03,03,,01,01,00,DA33240006,08.04,01-06-2015,08:37:00,,N,N,PGCOPD,UNK,02,00,9700,MU,,0,S,70TH AVE,100,F,S,9710,MU,,71ST AVE,38.94268814,-76.8932569
01,16,,01,17,03,,01,01,08,DA33240007,08.04,01-06-2015,09:25:00,,N,N,PGCOPD,UNK,09,00,482,CO,,0.45,S,56TH AVE,15,F,S,617,CO,,HAMILTON ST,38.95104896,-76.92006826
05.02,16,,01,08,02,3,01,00,00,DA33250004,00,01-20-2015,14:30:00,,N,N,PGCOPD,UNK,01,01,1,US,,5.03,N,BALTIMORE AVE,10,F,N,430,MD,,GREENBELT RD,38.99792469,-76.93156958
01,16,,00,88,00,3,01,00,00,DA33250005,00,02-11-2015,10:39:00,,N,N,PGCOPD,UNK,03,00,1,US,,6.53,N,BALTIMORE AVE,10,F,N,,UU,,IKEA WAY (ENT TO SHOPPING CTR),39.02287627,-76.92431688
01,16,,03,17,02,1,00,88,17.10,DA33250006,06.01,02-28-2015,07:50:00,,N,N,PGCOPD,UNK,16,09,193,MD,,4.56,E,UNIVERSITY BLVD,10,F,E,,UU,,MD 430 GREENBELT RD (WB/L),38.99830824,-76.92378044
05.02,16,,01,03,01,4,88,88,00,DA33250007,03,03-10-2015,17:56:00,,N,N,PGCOPD,UNK,01,00,95,IS,,24.25,N,CAPITAL BELTWAY,1,M,N,,UU,,EXIT #24,39.01214809,-76.90472603
01,16,,03,03,02,2,01,88,00,DA33250008,06.01,03-17-2015,09:32:00,,Y,N,PGCOPD,UNK,01,00,450,MD,,1.91,E,ANNAPOLIS RD,5,F,E,4967,CO,,65TH AVE,38.93922087,-76.90755844
01,16,,01,17,02,1,01,01,23.03,DA33360008,07.01,03-21-2015,09:34:00,00,N,N,PGCOPD,UNK,16,11,3675,CO,,2.47,N,OLD BRANCH AVE,100,F,N,1169,CO,,ALEY RD,38.79909905,-76.90283775
01,16,,02,03,02,1,01,01,00,DA33450003,06.01,01-16-2015,08:38:00,,N,N,PGCOPD,UNK,01,01,599,CO,,3.78,N,BRANDYWINE RD,0,F,N,6913,CO,,CORK TREE WAY,38.74259477,-76.89665794
88,16,,00,07,02,2,01,01,00,DA33490001,06.01,03-24-2015,06:52:00,,N,N,PGCOPD,UNK,01,00,1,US,,1.83,N,BALTIMORE AVE,50,F,N,150,MU,,HAMILTON ST,38.95348943,-76.9405067
03,16,,03,88,01,1,00,03,00,DA33500003,09.04,01-23-2015,21:26:00,,Y,N,PGCOPD,UNK,03,00,1,US,AL,1.8,N,BALTIMORE AVE,1,F,N,390,MU,,RHODE ISLAND AVE,38.95329336,-76.94033504
03,16,,03,03,02,2,01,01,00,DA33500004,06.01,03-27-2015,23:36:00,,Y,N,PGCOPD,UNK,01,00,232,CO,,3.02,S,ADELPHI RD,15,F,S,410,MD,,EAST WEST HWY,38.96652472,-76.94852114
06.02,16,,02,02,02,1,01,01,00,DA33500005,06.01,03-28-2015,20:16:00,,N,N,PGCOPD,UNK,01,00,208,MD,,0.49,N,38TH ST,0,F,N,100,MU,,SHEPPARD CT,38.94013464,-76.95626736
01,16,,00,88,03,,01,03,00,DA33540003,08.04,01-06-2015,08:00:00,,N,N,PGCOPD,UNK,02,00,302,CO,,1.07,W,RIVERDALE RD,50,F,W,1939,CO,,MARTINS LA,38.96295433,-76.88884735
01,16,,02,03,03,,88,04,00,DA33570005,08.04,02-21-2015,15:45:00,,Y,N,PGCOPD,UNK,15,01,3,MD,,2.2,N,CRAIN HWY,0,F,N,450,MD,,ANNAPOLIS RD,38.98562907,-76.70881748
01,16,,03,02,00,1,01,01,09,DA33580003,06.01,01-17-2015,14:17:00,,Y,N,PGCOPD,UNK,01,09,4475,CO,,0.51,S,HAMPTON PARK BLVD,0,F,S,3965,CO,,EAST HAMPTON DR,38.88348339,-76.85140371
01,16,,02,02,02,1,01,04,00,DA33580005,06.01,01-25-2015,16:27:00,,N,N,PGCOPD,UNK,01,00,1679,CO,,0.42,S,DONNELL DR,0,F,S,4,MD,,PENNSYLVANIA AVE,38.84519777,-76.88462019
01,16,,01,01,02,2,01,03,88,DA33580006,06.01,02-27-2015,16:22:00,,N,N,PGCOPD,UNK,01,09,87,CO,,3.34,N,RITCHIE RD,300,F,N,365,CO,,OLD RITCHIE RD,38.88416822,-76.86054468