LIGHT_CODE,COUNTY_NO,MUNI_CODE,JUNCTION_CODE,COLLISION_TYPE_CODE,SURF_COND_CODE,LANE_CODE,RD_COND_CODE,RD_DIV_CODE,FIX_OBJ_CODE,REPORT_NO,WEATHER_CODE,ACC_DATE,ACC_TIME,LOC_CODE,SIGNAL_FLAG,C_M_ZONE_FLAG,AGENCY_CODE,AREA_CODE,HARM_EVENT_CODE1,HARM_EVENT_CODE2,RTE_NO,ROUTE_TYPE_CODE,RTE_SUFFIX,LOG_MILE,LOGMILE_DIR_FLAG,MAINROAD_NAME,DISTANCE,FEET_MILES_FLAG,DISTANCE_DIR_FLAG,REFERENCE_NO,REFERENCE_TYPE_CODE,REFERENCE_SUFFIX,REFERENCE_ROAD_NAME,LATITUDE,LONGITUDE
01,16,,01,03,03,1,00,01,00,DA33580007,08.04,03-05-2015,09:30:00,,N,N,PGCOPD,UNK,02,00,374,CO,,0,S,HEATH ST,20,F,S,,UU,,WASH DC LINE,38.87677676,-76.92970276
03,13,,02,11,03,1,00,01,00,CB56730004,08.04,02-18-2015,18:34:00,D6,Y,N,HOCPD,UNK,01,00,108,CO,,1.645,S,SANNER RD,0,F,S,109,CO,,JOHNS HOPKINS RD,39.16161218,-76.90193653
03,13,,03,02,02,1,01,01,00,CB56730005,00,03-13-2015,22:07:00,D1,Y,N,HOCPD,UNK,01,00,108,MD,,3.78,E,CLARKSVILLE PIKE,0,F,E,32,RP,,RAMP 8 FR MD 108 SB TO MD 32 WB,39.20819447,-76.94135964
01,13,,09.04,11,02,2,01,05.01,00,CB57060004,07.01,01-14-2015,12:20:00,E1,N,N,HOCPD,UNK,01,00,1,US,,3.26,N,WASHINGTON BLVD,500,F,N,1910,CO,,GUILFORD RD,39.14597,-76.80830667
01,13,,02,11,02,2,01,03,00,CB57060005,06.01,01-23-2015,12:56:00,E2,Y,N,HOCPD,UNK,01,00,1,US,,2.6,N,WASHINGTON BLVD,0,F,N,1066,CO,,CORRIDOR RD,39.13570833,-76.81423667
01,13,,03,09,02,1,00,02,00,CB57060006,06.01,02-03-2015,17:20:00,E3,N,N,HOCPD,UNK,01,00,1,US,,10.737,S,WASHINGTON BLVD (SB COUPLET),100,F,S,116,CO,,NORTH LAUREL RD,39.10759417,-76.83969855
01,13,,02,11,02,2,01,05.01,00,CB57060007,06.01,02-11-2015,09:55:00,E2,Y,N,HOCPD,UNK,01,00,702,OP,,0,N,COUNTRY MEADOWS LA,0,F,N,1,US,,WASHINGTON BLVD,39.11914024,-76.82880878
01,13,,01,03,03,2,00,04,00,CB57060009,06.01,02-20-2015,16:56:00,E2,N,N,HOCPD,UNK,01,00,1,US,,2.16,N,WASHINGTON BLVD,50,F,N,416,CO,,GORMAN RD,39.13077598,-76.81898117
04,13,,05.01,88,04,,01,04,00,CB5706000B,12.04,03-03-2015,18:35:00,E4,Y,N,HOCPD,UNK,01,01,95,RP,,0,W,RAMP 5 FR IS 95 SB TO MD 216 EB,0,F,W,95,IS,,NO NAME,39.12941108,-76.86249733
01,13,,02,10,00,,00,88,00,CB5706000C,07.01,03-25-2015,14:49:00,E2,Y,N,HOCPD,UNK,01,00,1,US,,2.6,N,WASHINGTON BLVD,0,F,N,1066,CO,,CORRIDOR RD,39.13615207,-76.81411028
01,13,,02,10,02,1,01,01,00,CB57090001,07.01,03-10-2015,09:39:00,,Y,N,HOCPD,UNK,01,00,1910,CO,,1.73,N,GUILFORD RD,0,F,N,1,US,,WASHINGTON BLVD,39.14398765,-76.80940568
01,13,,01,11,02,1,01,88,00,CB57090002,00,03-27-2015,18:04:00,,N,N,HOCPD,UNK,01,00,3155,CO,,0,N,MONTPELIER RD,200,F,N,109,CO,,JOHNS HOPKINS RD,39.16018549,-76.89283311
03,13,,01,17,02,1,01,04,00,CB57110004,06.01,01-31-2015,19:24:00,"CB, C3",N,N,HOCPD,UNK,15,00,29,US,,0.62,N,COLUMBIA PIKE,0,M,N,,UU,,SPUR TO OLD COLUMBIA RD,39.13608549,-76.91270828
03,13,,02,03,02,2,01,03,00,CB57110005,06.01,02-23-2015,01:13:00,C3,N,N,HOCPD,UNK,01,00,128,CO,,1.36,S,OAKLAND MILLS RD,0,F,S,1854,CO,,SEWELLS ORCHARD DR,39.2007329,-76.83460236
03,13,,02,11,02,,01,03,00,CB57120005,06.01,02-19-2015,18:57:00,13,Y,N,HOCPD,UNK,01,00,1910,CO,,3.57,N,GUILFORD RD,0,F,N,128,CO,,OAKLAND MILLS RD,39.16369833,-76.83046333
03,13,,01,17,02,1,01,03,10,CB57130003,06.01,02-04-2015,00:58:00,E1,N,N,HOCPD,UNK,09,16,1,US,,5.22,N,WASHINGTON BLVD,50,F,N,196,CO,,CEDAR AVE,39.1672517,-76.78956653
01,13,,03,09,02,1,01,04,00,CB57130005,06.01,03-17-2015,18:52:00,E4,N,N,HOCPD,UNK,01,00,216,MD,,3.925,N,SCAGGSVILLE RD,0,F,N,,UU,,END ROUNDABOUT,39.14485613,-76.89804196
04,13,,02,17,02,1,01,03,04,CB57130006,06.01,03-24-2015,02:14:00,E1,N,N,HOCPD,UNK,09,11,1092,CO,,0.59,S,PATUXENT RANGE RD,0,F,S,1919,CO,,PRESTON CT,39.14554676,-76.79387569
07.88,13,,01,17,02,2,01,04,00,CB57140001,06.01,01-22-2015,19:54:00,D2,N,N,HOCPD,UNK,03,00,744,CO,,0.72,W,HARPERS FARM RD,50,F,W,82,CO,,CEDAR LA,39.22166485,-76.88949108
07.88,13,,11.04,88,01,,01,88,00,CB57140002,06.01,03-09-2015,22:18:00,D2,N,N,HOCPD,UNK,02,02,893,CO,,0.12,E,FALLRIVER ROW CT,0,F,E,,UU,,ROAD END,39.22378845,-76.88214183
01,13,,02,11,02,2,01,01,00,CB57160007,06.01,01-09-2015,12:00:00,B2,Y,N,HOCPD,UNK,01,00,991,CO,,1.62,N,TAMAR DR,0,F,N,979,CO,,HIGH TOR HILL,39.21238839,-76.81730747
03,13,,01,01,01,,00,01,00,CB57170004,03,01-04-2015,20:13:00,,N,N,HOCPD,UNK,01,00,103,MD,,2.59,N,MEADOWRIDGE RD,0,M,N,1791,CO,,OLD STOCKBRIDGE DR,39.20267839,-76.78063631
03,13,,02,02,02,3,00,04,09,CB57170005,06.01,01-20-2015,21:10:00,,Y,N,HOCPD,UNK,01,09,108,MD,,13.29,E,WATERLOO RD,0,F,E,1140,CO,,SNOWDEN RIVER PKWY,39.2108422,-76.8000555
03,13,,00,03,02,,00,04,00,CB57170006,06.01,01-10-2015,19:07:00,,N,N,HOCPD,UNK,01,01,175,MD,,2.71,N,ROUSE PKWY,0,F,N,108,MD,,WATERLOO RD,39.18475126,-76.7987895
03,13,,02,02,02,1,01,01,00,CB57170007,00,03-17-2015,00:00:00,,Y,N,HOCPD,UNK,01,00,121,CO,,2.083,N,DORSEY RUN RD,0,F,N,175,MD,,WATERLOO RD,39.15417479,-76.7783618
01,16,,02,88,02,,01,00,05,CC0230000F,00,01-23-2015,12:30:00,01235,N,N,HYATTSVILLE,UNK,00,00,5562,CO,,0.26,E,CHARLES L ARMENTROUT DR,0,F,E,1,US,,BALTIMORE AVE,38.94572552,-76.9412148
01,16,,01,88,02,2,01,01,08,CC0230000G,00,01-23-2015,08:10:00,01222,N,N,HYATTSVILLE,UNK,01,09,1,US,,2.09,N,BALTIMORE AVE,50,F,N,262,MU,,LONGFELLOW ST #2,38.95676412,-76.94010973
01,16,,00,03,02,1,01,04,00,CC0230000H,00,02-25-2015,09:03:00,02989,Y,N,HYATTSVILLE,UNK,01,00,500,MD,,1.97,E,QUEENS CHAPEL RD,5,F,E,370,MU,,QUEENSBURY RD,38.96377187,-76.95164323
01,16,,01,08,00,1,01,01,00,CC0230000J,06.01,03-08-2015,14:28:00,03551,N,N,HYATTSVILLE,UNK,01,00,5534,OP,,0.054,E,LONGFELLOW ST,50,F,E,1,US,,BALTIMORE AVE,38.95712287,-76.9400239
00,16,,00,03,02,2,01,04,00,CC0230000K,00,03-15-2015,18:02:00,3961,N,N,HYATTSVILLE,UNK,01,00,410,MD,,2.34,E,EAST WEST HWY,100,F,E,5678,CO,,BELCREST RD,38.96642462,-76.9523406
00,16,,01,03,02,2,01,03,00,CC0230000L,00,03-25-2015,18:49:00,04571,N,N,HYATTSVILLE,UNK,01,00,150,MU,,0.13,E,HAMILTON ST,50,F,E,1,US,,BALTIMORE AVE,38.95410267,-76.94035649
04,16,,01,00,02,2,01,03,00,CC0230000M,00,03-25-2015,22:30:00,04630,N,N,HYATTSVILLE,UNK,01,00,230,MU,,0.16,N,LANCER DR,50,F,N,9310,MU,,31ST AVE,38.95880812,-76.96462512
03,16,,02,03,02,1,01,04,00,CC02330003,06.01,01-15-2015,22:13:00,00780,N,N,HYATTSVILLE,UNK,01,00,410,MD,,2.9,E,EAST WEST HWY,0,F,E,430,MU,,43RD AVE,38.96590742,-76.94382191
01,16,,02,10,02,,01,04,00,CC02330004,06.01,01-16-2015,16:08:00,00834,Y,N,HYATTSVILLE,UNK,01,00,109,MU,,0,S,EDITORS PARK DR,0,F,S,410,MD,,EAST WEST HWY,38.9666415,-76.95764065
04,16,,02,07,01,1,01,01,00,CC02330005,03,01-23-2015,19:36:00,001257,Y,N,HYATTSVILLE,UNK,01,00,1,US,AL,1.52,N,BALTIMORE AVE,0,F,N,5562,CO,AL,CHARLES L ARMENTROUT DR,38.94569214,-76.94133282
03,16,,00,88,02,1,01,01,00,CC0235000D,06.01,01-01-2015,02:33:00,15-00015,N,N,HYATTSVILLE,UNK,02,02,320,MU,,1.11,W,NICHOLSON ST,50,F,W,9310,MU,,31ST AVE,38.96278749,-76.96577311
03,16,,00,17,02,2,01,04,00,CC0235000F,06.01,01-11-2015,19:38:00,15-00558,N,N,HYATTSVILLE,UNK,03,00,1204,CO,,0.09,E,HAMILTON ST,50,F,E,,UU,,SPUR TO AGER RD,38.95598822,-76.96493626
04,16,,01,17,02,1,01,01,00,CC0235000G,06.01,01-20-2015,06:53:00,15-01039,N,N,HYATTSVILLE,UNK,03,00,410,MU,,0,W,TOLEDO RD,100,F,W,232,CO,,ADELPHI RD,38.96983634,-76.95032358
01,16,,02,03,02,,01,01,00,CC0235000H,07.01,02-01-2015,11:49:00,01746,Y,N,HYATTSVILLE,UNK,01,00,5678,CO,,0.03,N,BELCREST RD,0,F,N,,UU,,SPUR TO MD 500,38.96538188,-76.95388556
06.02,16,,01,03,02,2,01,04,00,CC0235000J,00,02-04-2015,17:36:00,15-01919,N,N,HYATTSVILLE,UNK,01,00,410,MD,,1.95,E,EAST WEST HWY,50,F,E,,UU,,EXIT FR SHOPPING CENTER,38.96686673,-76.95888519
01,16,,02,88,02,,01,04,00,CC0235000K,06.01,02-25-2015,07:02:00,15-02983,Y,N,HYATTSVILLE,UNK,01,00,500,MD,,1.97,E,QUEENS CHAPEL RD,0,F,E,5678,CO,,BELCREST RD,38.96391368,-76.95195436
03,16,,01,03,04,2,01,04,00,CC0235000L,06.01,03-01-2015,02:48:00,15-03150,N,N,HYATTSVILLE,UNK,02,02,232,CO,,1.94,S,ADELPHI RD,0,F,S,323,MU,,NOTRE DAME ST,38.98049588,-76.95480824
03,16,,01,03,02,1,01,04,00,CC02360003,06.01,02-24-2015,21:00:00,,N,N,HYATTSVILLE,UNK,01,00,232,CO,,2.35,S,ADELPHI RD,90,F,S,151,MU,,VAN BUREN ST #1,38.97588779,-76.95240498
01,16,,01,07,02,2,01,04,00,CC02360004,06.01,03-29-2015,16:02:00,,N,N,HYATTSVILLE,UNK,01,00,410,MD,,1.89,E,EAST WEST HWY,120,F,E,1819,CO,,TOLEDO TERR,38.96712533,-76.9637239
01,16,,00,02,00,1,01,01,00,CC02370008,06.01,01-08-2015,15:32:00,00386,Y,N,HYATTSVILLE,UNK,01,00,500,MD,,1.16,E,QUEENS CHAPEL RD,0,F,E,208,MD,,HAMILTON ST,38.95586308,-76.96229696
01,16,,00,02,02,1,01,03,00,CC02370009,06.01,01-09-2015,14:48:00,00434,Y,N,HYATTSVILLE,UNK,01,01,1,US,,2.25,N,BALTIMORE AVE,0,F,N,330,MU,,OGLETHORPE ST,38.95947136,-76.93978786
03,16,,00,09,01,1,01,04,00,CC0237000C,06.01,02-12-2015,21:37:00,2349,Y,N,HYATTSVILLE,UNK,01,00,232,CO,,3.02,S,ADELPHI RD,0,F,S,410,MD,,EAST WEST HWY,38.96640793,-76.94846749
03,16,,00,99,04,2,01,02,00,CC0237000D,10.04,02-15-2015,19:45:00,02480,N,N,HYATTSVILLE,UNK,01,00,500,MD,,2.22,E,QUEENS CHAPEL RD,100,F,E,410,MD,,EAST WEST HWY,38.96555706,-76.94908977
01,16,,00,03,04,2,01,02,00,CC0237000F,06.01,02-18-2015,07:56:00,02643,Y,N,HYATTSVILLE,UNK,01,00,500,MD,,0.93,E,QUEENS CHAPEL RD,25,F,E,1599,CO,,AGER RD,38.9537439,-76.96564436
01,16,,00,03,02,,01,02,00,CC0237000G,06.01,02-19-2015,08:20:00,2688,N,N,HYATTSVILLE,UNK,01,00,500,MD,,1.16,E,QUEENS CHAPEL RD,10,F,E,1204,CO,,HAMILTON ST,38.95568787,-76.96231842
07.88,16,,00,01,02,1,01,01,00,CC0237000H,06.01,03-13-2015,06:17:00,03790,N,N,HYATTSVILLE,UNK,01,00,5562,CO,,0.26,E,CHARLES L ARMENTROUT DR,100,F,E,1,US,AL,BALTIMORE AVE,38.94549188,-76.94338202
06.02,23,,02,17,03,,01,04,09,CTX312000B,08.04,03-05-2015,17:41:00,070,Y,N,OCEANCITY,UNK,09,09,528,MD,,2.19,S,COASTAL HWY,0,F,S,,UU,,ENT TO GOLD COAST MALL,38.41995654,-75.05661964
01,13,,01,17,01,1,01,04,04,CB4607000H,00,02-17-2015,10:25:00,C4,N,N,HOCPD,UNK,09,09,2070,CO,,0.1,E,COLUMBIA GATEWAY DR,150,F,E,2128,CO,,ALEXANDER BELL DR,39.18470136,-76.80737257
01,13,,01,07,02,1,01,04,00,CB4607000J,00,02-18-2015,09:51:00,C4,N,N,HOCPD,UNK,02,00,1581,CO,,0.26,S,GERWIG LA,200,F,S,106,CO,,BERGER RD,39.17240915,-76.84159756
01,13,,02,11,02,1,01,03,00,CB4607000K,00,03-03-2015,16:07:00,C3,Y,N,HOCPD,UNK,01,00,1160,CO,,0.41,E,CRADLEROCK WAY,0,F,E,,UU,,SWAN POINT WAY,39.18558286,-76.84303522
03,13,,01,03,02,1,01,01,00,CB46080001,06.01,02-28-2015,00:13:00,,N,N,HOCPD,UNK,01,00,1821,CO,,0.683,N,OLD COLUMBIA PIKE,15,F,N,3339,CO,,SEARS HOUSE CT,39.2620148,-76.80997968
01,13,,02,03,00,1,01,01,00,CB46840004,06.01,02-13-2015,08:25:00,,N,N,HOCPD,UNK,01,01,1,US,,6.51,N,WASHINGTON BLVD,0,F,N,499,CO,,KIT KAT RD,39.17891314,-76.77130222
01,13,,01,03,00,1,01,04,00,CB46840005,00,02-18-2015,08:33:00,,N,N,HOCPD,UNK,01,01,100,MD,,5.34,E,NO NAME,50,F,E,95,RP,,RAMP 6 FR MD 100 EB TO RAMP 7 (TO IS 95),39.198937,-76.766796
01,13,,02,11,02,2,01,04,00,CB46840006,00,03-23-2015,16:16:00,,Y,N,HOCPD,UNK,01,00,1,US,,5.6,N,WASHINGTON BLVD,0,F,N,175,MD,,WATERLOO RD,39.17172711,-76.78533554
01,13,,01,88,04,1,01,01,00,CB4707000Q,03,01-03-2015,08:01:00,F3,N,N,HOCPD,UNK,02,00,97,MD,,2.3,N,ROXBURY MILLS RD,150,F,N,1062,CO,,ROXBURY RD,39.26583667,-77.04384333
01,13,,01,17,04,1,01,01,05,CB4707000R,03,01-03-2015,08:49:00,F1,N,N,HOCPD,UNK,09,00,30,CO,,0.43,N,MORGAN STATION RD,70,F,N,,UU,,END BRIDGE,39.33793167,-77.04879167
01,13,,01,03,01,1,01,01,11,CB4707000T,03,01-12-2015,15:35:00,F1,N,N,HOCPD,UNK,01,09,144,MD,A,5.13,E,FREDERICK RD,320,F,E,26,CO,,CARRS MILL RD,39.33222,-77.051945
01,13,,03,03,02,1,01,01,00,CB4707000V,06.01,01-13-2015,16:00:00,F1,N,N,HOCPD,UNK,01,00,144,MD,A,5.13,E,FREDERICK RD,15,F,E,26,CO,,CARRS MILL RD,39.33177667,-77.05090333
01,13,,01,88,02,1,01,01,00,CB4707000W,06.01,02-24-2015,07:55:00,F3,N,N,HOCPD,UNK,02,00,493,CO,,0.6,S,DEER VALLEY RD,0,F,S,,UU,,CUL DE SAC,39.17448849,-76.97821856
01,13,,02,17,03,,01,01,08,CB4707000X,08.04,03-05-2015,10:45:00,F1,N,N,HOCPD,UNK,09,00,94,MD,,5.44,N,WOODBINE RD,0,F,N,,UU,,BEGIN ROUNDABOUT,39.33655454,-77.07372665
04,13,,00,06,04,1,01,01,00,CB4707000Y,06.01,03-10-2015,06:30:00,F4,N,N,HOCPD,UNK,01,00,49,CO,,5.28,E,TRIADELPHIA RD,0,M,E,1229,CO,,SCHEEL DR,39.27621817,-76.95249081
03,13,,03,07,02,1,01,01,00,CB47090001,06.01,02-08-2015,01:05:00,,Y,N,HOCPD,UNK,01,00,991,CO,,1.14,N,TAMAR DR,0,F,N,2880,CO,,OLD DOBBIN LA,39.20685333,-76.81246667
01,13,,01,17,02,1,01,02,04,CB47180004,06.01,02-11-2015,07:24:00,C4,N,N,HOCPD,UNK,09,09,1140,CO,,0.48,N,SNOWDEN RIVER PKWY,944,F,N,106,CO,,BERGER RD,39.17583172,-76.83636725
03,13,,09.04,11,02,1,01,05.01,00,CB47180005,06.01,03-06-2015,22:37:00,E3,N,N,HOCPD,UNK,01,00,1,US,,0.72,N,WASHINGTON BLVD,10,F,N,3585,CO,,HILL ST,39.11319679,-76.83475256
01,13,,01,09,02,1,01,01,00,CB4777000D,06.01,01-05-2015,13:56:00,C4,N,N,HOCPD,UNK,01,00,1910,CO,,3.17,N,GUILFORD RD,20,F,N,2061,CO,,LAMBETH CT,39.16082189,-76.82407737
01,13,,01,09,06.03,1,01,04,00,CB4777000F,06.01,02-17-2015,15:37:00,C4,N,N,HOCPD,UNK,01,00,32,MD,,4.87,N,PATUXENT PKWY,0,M,N,1161,CO,,BROKEN LAND PKWY,39.16735191,-76.83930159
01,13,,01,17,02,1,01,03,00,CB4777000G,06.01,03-12-2015,13:30:00,C2,N,N,HOCPD,UNK,16,00,32,MD,,5.42,N,PATUXENT PKWY,30,F,N,1470,CO,,SHAKER DR,39.17548656,-76.85886025
04,13,,01,17,00,1,01,01,10,CB5718000C,06.01,01-25-2015,03:20:00,F3,N,N,HOCPD,UNK,09,00,51,CO,,2.39,W,BRIGHTON DAM RD,200,F,W,921,CO,,FIRETHORN DR,39.19685839,-76.99407578
04,13,,01,17,02,1,01,01,10,CB5718000D,00,02-18-2015,19:32:00,F2,N,N,HOCPD,UNK,09,00,70,CO,,1.97,N,MARRIOTTSVILLE RD,500,F,N,99,MD,,OLD FREDERICK RD,39.31411297,-76.89854622
04,13,,01,17,04,1,01,01,10,CB5718000F,12.04,03-01-2015,18:30:00,F2,N,N,HOCPD,UNK,09,16,70,CO,,2.81,N,MARRIOTTSVILLE RD,50,F,N,3175,CO,,BARLEY FIELD WAY,39.32945103,-76.9000268
04,13,,01,03,04,1,00,01,00,CB5718000G,09.04,03-01-2015,21:05:00,F2,N,N,HOCPD,UNK,02,00,3361,CO,,0.182,E,OAK DALE DR,10,F,E,3362,CO,,FOX CREEK CT,39.32760865,-77.00924635
01,13,,02,02,01,1,01,01,00,CB5718000H,00,03-20-2015,19:10:00,F2,Y,N,HOCPD,UNK,01,00,70,CO,,1.49,N,MARRIOTTSVILLE RD,0,F,N,3182,CO,,WARWICK WAY,39.30968023,-76.89861059
00,13,,01,06,03,1,01,01,00,CB5720000H,08.04,02-17-2015,09:47:00,F4,Y,N,HOCPD,UNK,02,00,710,CO,,0,E,IOKA CT,20,F,E,74,CO,,CARROLL MILL RD,39.27341095,-76.93721294
01,13,,00,07,02,2,01,03,00,CB5720000J,00,02-18-2015,09:10:00,,Y,N,HOCPD,UNK,01,00,1140,CO,,4,N,SNOWDEN RIVER PKWY,10,F,N,108,MD,,WATERLOO RD,39.205755,-76.79634167
01,13,,01,09,02,3,01,04,00,CB5720000K,00,02-19-2015,09:15:00,B3,N,N,HOCPD,UNK,01,01,100,MD,,3.65,E,NO NAME,30,F,E,100,MD,,SNOWDEN RIVER PKWY,39.21065333,-76.80000167
01,13,,01,07,02,2,01,04,05,CB5720000L,00,02-28-2015,14:30:00,B3,N,N,HOCPD,UNK,01,09,100,MD,,3.65,E,NO NAME,0,M,E,100,MD,W,SNOWDEN RIVER PKWY,39.219915,-76.79630667
01,13,,01,07,06.03,1,01,04,00,CB5720000M,08.04,03-05-2015,17:35:00,B3,N,N,HOCPD,UNK,01,00,100,MD,,3.65,E,NO NAME,1,M,E,100,MD,,SNOWDEN RIVER PKWY,39.208485,-76.790135
03,13,,03,03,02,1,01,01,00,CB57310003,06.01,01-03-2015,21:37:00,,Y,N,HOCPD,UNK,01,00,272,CO,,1.84,S,ST JOHNS LA,30,F,S,40,US,,BALTO NATIONAL PIKE,39.27709749,-76.82568267
03,13,,01,03,02,1,01,04,00,CB57310004,06.01,01-16-2015,20:51:00,,N,N,HOCPD,UNK,01,00,29,US,,12.77,N,COLUMBIA PIKE,0,F,N,70,RP,,RAMP 4 FR US 29 NB TO IS 70 EB,39.29388946,-76.82552576
03,13,,01,03,02,2,01,04,00,CB57310005,06.01,01-16-2015,20:30:00,,N,N,HOCPD,UNK,01,00,29,US,,12.77,N,COLUMBIA PIKE,0,F,N,70,RP,,RAMP 4 FR US 29 NB TO IS 70 EB,39.29216239,-76.82537556
05.02,13,,02,88,02,1,01,04,00,CB57310006,06.01,02-09-2015,06:36:00,,Y,N,HOCPD,UNK,15,10,40,US,,18.05,E,BALTO NATIONAL PIKE,0,F,E,272,CO,,ST JOHNS LA,39.2768556,-76.82570279
03,13,,03,03,02,2,01,04,00,CB57310007,06.01,03-21-2015,22:20:00,A2,Y,Y,HOCPD,UNK,01,00,40,US,,19,E,BALTO NATIONAL PIKE,15,F,E,1312,CO,,ROGERS AVE,39.28262951,-76.8103981
04,13,,08.04,88,02,1,01,01,00,CB57310008,06.01,03-22-2015,21:46:00,A3,N,N,HOCPD,UNK,02,00,617,CO,,0.24,E,WINDFLOWER DR,125,F,E,363,CO,,FONT HILL DR,39.26028694,-76.85649991
03,13,,02,01,04,1,01,01,00,CB57330007,06.01,01-30-2015,06:25:00,F3,Y,N,HOCPD,UNK,01,00,97,MD,,3.82,N,ROXBURY MILLS RD,0,F,N,2409,CO,,LONGFIELD RD,39.28546128,-77.0290947
04,13,,01,17,04,1,01,01,88,CB57330009,07.01,03-02-2015,21:01:00,F3,N,N,HOCPD,UNK,11,00,97,MD,,0.87,N,ROXBURY MILLS RD,500,F,N,15,CO,,JENNINGS CHAPEL RD,39.251431,-77.0552516
05.02,13,,02,11,00,1,01,04,00,CB5733000C,07.01,03-25-2015,06:25:00,F2,N,N,HOCPD,UNK,01,00,40,US,,14.38,E,BALTO NATIONAL PIKE,0,F,E,514,CO,,TURF VALLEY RD,39.28997028,-76.88957691
04,13,,02,02,02,1,01,01,00,CB57410006,06.01,01-14-2015,20:28:00,,N,N,HOCPD,UNK,01,00,103,MD,,3.435,N,MEADOWRIDGE RD,0,F,N,,UU,,SPUR TO/FR BRIARGLEN DR,39.2108422,-76.78365111
03,13,,02,02,01,1,00,04,00,CB57410007,03,03-10-2015,22:31:00,,Y,N,HOCPD,UNK,01,00,1140,CO,,4,N,SNOWDEN RIVER PKWY,0,F,N,108,MD,,WATERLOO RD,39.21079232,-76.79994822
03,13,,02,11,02,1,01,04,00,CB57410008,00,03-12-2015,04:37:00,,Y,N,HOCPD,UNK,01,00,1,US,,7.42,N,WASHINGTON BLVD,0,F,N,100,RP,,RAMP 5 FR US 1 SB TO RAMP 4 (TO MD 100),39.18747887,-76.75829887
03,13,,05.01,17,01,,01,02,04,CB57450001,03,01-04-2015,00:38:00,C1,N,N,HOCPD,UNK,09,00,29,RP,,0.23,S,RAMP 3 FR MD 175 EB TO US 29 NB,0,F,S,29,US,,COLUMBIA PIKE,39.22415831,-76.84600711
03,13,,05.01,17,01,,01,02,88,CB57450002,03,01-03-2015,20:15:00,C1,N,N,HOCPD,UNK,03,09,29,RP,,0.23,S,RAMP 3 FR MD 175 EB TO US 29 NB,0,F,S,29,US,,COLUMBIA PIKE,39.22425805,-76.8460393
03,16,,08.04,88,04,2,01,02,88,CC02380006,05,01-07-2015,23:15:00,00360,N,N,HYATTSVILLE,UNK,02,09,1599,CO,,1.03,S,AGER RD,10,F,S,230,MU,,LANCER DR,38.95812401,-76.96762919
03,16,,02,10,01,,01,04,00,CC02380007,03,01-23-2015,19:22:00,1256,Y,N,HYATTSVILLE,UNK,01,01,410,MD,,2.65,E,EAST WEST HWY,0,F,E,232,CO,,ADELPHI RD,38.96637457,-76.94837093
01,16,,01,03,02,1,01,04,00,CC02380009,06.01,03-27-2015,16:56:00,04691,N,N,HYATTSVILLE,UNK,01,01,410,MD,,2.9,E,EAST WEST HWY,20,F,E,9433,MU,,43RD AVE #3,38.96600752,-76.9443047
06.02,16,,01,17,02,1,01,04,08,CC02410008,06.01,01-17-2015,17:14:00,,N,N,HYATTSVILLE,UNK,09,00,5678,CO,,0.83,N,BELCREST RD,20,F,N,232,CO,,ADELPHI RD,38.97121266,-76.95482969
03,16,,01,03,02,1,01,04,00,CC02410009,06.01,02-01-2015,18:34:00,,N,N,HYATTSVILLE,UNK,01,01,5678,CO,,0.25,N,BELCREST RD,20,F,N,410,MD,,EAST WEST HWY,38.96695849,-76.95427179
01,16,,01,03,02,2,01,03,00,CC0241000B,06.01,02-03-2015,14:54:00,,N,N,HYATTSVILLE,UNK,01,00,1,US,,1.97,N,BALTIMORE AVE,15,F,N,5539,OP,,JEFFERSON ST,38.95484521,-76.94031358
03,16,,01,03,03,1,01,04,00,CC0241000C,12.04,02-14-2015,23:21:00,,N,N,HYATTSVILLE,UNK,01,01,500,MD,,1.16,E,QUEENS CHAPEL RD,50,F,E,208,MD,,HAMILTON ST,38.95519563,-76.96320891
01,16,,01,03,01,1,01,04,00,CC0241000D,12.04,03-20-2015,16:00:00,,N,N,HYATTSVILLE,UNK,01,01,1,US,AL,1.52,N,BALTIMORE AVE,10,F,N,5562,CO,AL,CHARLES L ARMENTROUT DR,38.94572552,-76.94135427
01,16,,01,03,03,1,88,04,00,CC02420001,12.04,01-06-2015,14:30:00,00294,N,N,HYATTSVILLE,UNK,01,00,1,US,,1.24,N,RHODE ISLAND AVE,200,F,N,9415,MU,,41ST ST,38.94541678,-76.94667578
03,16,,01,17,04,1,01,03,10,CC02420002,10.04,02-15-2015,00:22:00,2501,N,N,HYATTSVILLE,UNK,09,10,208,MD,,1.37,N,38TH ST,10,F,N,8260,MU,,ALLEY #26,38.94993925,-76.95611715
04,16,,02,10,02,,00,00,00,CC02420003,00,02-18-2015,05:55:00,02641,Y,N,HYATTSVILLE,UNK,01,01,5678,CO,,0.83,N,BELCREST RD,0,F,N,232,CO,,ADELPHI RD,38.97388182,-76.95102096
03,16,,01,88,02,,01,01,00,CC02420004,06.01,02-23-2015,19:54:00,02915,N,N,HYATTSVILLE,UNK,02,02,9330,MU,,0,N,33RD AVE,50,F,N,230,MU,,LANCER DR,38.95982592,-76.96276903
01,16,,02,03,04,2,00,04,05,CC02420005,08.04,02-26-2015,07:47:00,03028,N,N,HYATTSVILLE,UNK,01,09,5678,CO,,0.48,N,BELCREST RD,0,F,N,410,MU,,TOLEDO RD,38.96979463,-76.95385337