LIGHT_CODE,COUNTY_NO,MUNI_CODE,JUNCTION_CODE,COLLISION_TYPE_CODE,SURF_COND_CODE,LANE_CODE,RD_COND_CODE,RD_DIV_CODE,FIX_OBJ_CODE,REPORT_NO,WEATHER_CODE,ACC_DATE,ACC_TIME,LOC_CODE,SIGNAL_FLAG,C_M_ZONE_FLAG,AGENCY_CODE,AREA_CODE,HARM_EVENT_CODE1,HARM_EVENT_CODE2,RTE_NO,ROUTE_TYPE_CODE,RTE_SUFFIX,LOG_MILE,LOGMILE_DIR_FLAG,MAINROAD_NAME,DISTANCE,FEET_MILES_FLAG,DISTANCE_DIR_FLAG,REFERENCE_NO,REFERENCE_TYPE_CODE,REFERENCE_SUFFIX,REFERENCE_ROAD_NAME,LATITUDE,LONGITUDE
01,16,,02,03,02,1,01,04,00,CC02420007,06.01,03-07-2015,09:45:00,3485,Y,N,HYATTSVILLE,UNK,01,00,500,MD,,0.93,E,QUEENS CHAPEL RD,0,F,E,1599,CO,,AGER RD,38.95414438,-76.96518302
03,16,,02,00,02,2,01,04,00,CC02420008,06.01,03-08-2015,04:18:00,03524,Y,N,HYATTSVILLE,UNK,01,00,5678,CO,,0.48,N,BELCREST RD,0,F,N,410,MU,,TOLEDO RD,38.96981966,-76.95382118
03,16,,00,17,02,,01,01,10,CC02420009,06.01,03-14-2015,22:31:00,3908,N,N,HYATTSVILLE,UNK,09,00,9420,MU,,0.9,S,42ND AVE,0,F,S,151,MU,,HAMILTON ST #1,38.95344354,-76.94515228
05.02,16,,01,17,03,1,00,01,04,CC02430001,08.04,01-06-2015,07:01:00,00272,N,N,HYATTSVILLE,UNK,03,09,1819,CO,,0,N,TOLEDO TERR,50,F,N,410,MD,,EAST WEST HWY,38.96739226,-76.96224332
99,16,,02,99,03,,01,01,00,CC02430002,08.04,01-06-2015,13:23:00,00275,N,N,HYATTSVILLE,UNK,01,00,230,MU,,0.55,N,LANCER DR,0,F,N,9350,MU,,35TH AVE,38.9570895,-76.95883155
04,16,,01,07,02,1,01,01,00,CC02430003,06.01,02-06-2015,18:32:00,,N,N,HYATTSVILLE,UNK,02,02,380,MU,,0.1,E,QUINTANA ST,50,F,E,9410,MU,,41ST AVE,38.96479794,-76.94790423
01,16,,01,03,02,2,01,04,00,CC02430004,06.01,02-07-2015,15:00:00,,Y,N,HYATTSVILLE,UNK,01,00,410,MD,,2.15,E,EAST WEST HWY,100,F,E,,UU,,ENT TO METRO,38.96678331,-76.95905685
01,16,,01,03,02,1,01,01,00,CC02430005,06.01,02-13-2015,13:30:00,02406,Y,N,HYATTSVILLE,UNK,01,01,1,US,,2.09,N,BALTIMORE AVE,30,F,N,5534,OP,,LONGFELLOW ST,38.95735647,-76.9400239
05.02,16,,03,03,03,1,01,01,00,CC02430006,12.04,02-16-2015,16:59:00,02580,N,N,HYATTSVILLE,UNK,01,00,208,MD,,1.76,N,HAMILTON ST,10,F,N,9350,MU,,35TH AVE,38.95505379,-76.96064472
01,16,,02,03,01,1,01,04,00,CC02440007,00,01-13-2015,09:35:00,00619,Y,N,HYATTSVILLE,UNK,01,00,500,MD,,2.22,E,QUEENS CHAPEL RD,0,F,E,410,MD,,EAST WEST HWY,38.96619104,-76.94810271
03,16,,01,07,00,,01,01,00,CC02440008,06.01,01-19-2015,17:38:00,1013,N,N,HYATTSVILLE,UNK,02,00,9290,MU,,0.14,N,29TH AVE,0,F,N,230,MU,,LANCER DR,38.95826584,-76.96640611
01,16,,01,07,01,2,01,04,00,CC02440009,03,01-28-2015,12:27:00,01412,Y,N,HYATTSVILLE,UNK,01,00,1,US,,1.82,N,BALTIMORE AVE,0,F,N,1,US,,BALTIMORE AVE,38.94547519,-76.94138646
03,16,,02,88,03,1,01,04,88,CC0244000B,12.04,02-14-2015,18:28:00,02479,Y,N,HYATTSVILLE,UNK,03,00,1599,CO,,1.23,S,AGER RD,0,F,S,1204,CO,,HAMILTON ST,38.95558775,-76.96615934
05.02,16,,02,11,02,,01,88,00,CC0244000C,06.01,03-25-2015,06:26:00,04547,N,N,HYATTSVILLE,UNK,01,00,320,MU,,1.34,W,NICHOLSON ST,0,F,W,1599,CO,,AGER RD,38.96157785,-76.96932435
03,23,,02,02,02,,00,04,00,CTX3280002,06.01,02-19-2015,19:58:00,134,Y,N,OCEANCITY,UNK,01,00,528,MD,,4.71,S,COASTAL HWY,0,F,S,9330,MU,,62ND ST,38.3850956,-75.06646603
01,13,,02,11,02,1,01,01,23.03,CB47780005,06.01,01-29-2015,09:18:00,A1,Y,N,HOCPD,UNK,01,10,99,MD,,5.798,E,OLD FREDERICK RD,0,F,E,1063,CO,,BETHANY LA,39.29787333,-76.85523167
01,13,,01,06,01,1,01,01,00,CB47780006,03,03-25-2015,10:15:00,A2,N,N,HOCPD,UNK,01,00,271,CO,,1.46,N,OLD FREDERICK RD,500,F,N,,UU,,BALTIMORE CO/L,39.31039414,-76.79211617
01,13,,01,17,02,2,01,01,88,CB48470006,06.01,01-11-2015,09:20:00,A2,N,N,HOCPD,UNK,09,00,46,CO,,0.53,W,RIDGE RD,200,F,W,40,US,,BALTO NATIONAL PIKE,39.28854204,-76.82061195
01,13,,05.01,02,03,,01,04,05,CB48470007,12.04,01-14-2015,09:04:00,F2,N,N,HOCPD,UNK,01,09,70,RP,,0,E,RAMP 5 FR MD 97 SB TO IS 70 EB,0,F,E,70,RP,,RAMP 3 FR RAMP 6 TO MD 97 NB,39.32447167,-77.01729333
01,13,,00,07,02,2,01,04,00,CB48470008,06.01,01-28-2015,13:17:00,A2,N,N,HOCPD,UNK,01,00,29,US,,11.82,N,COLUMBIA PIKE,0,M,N,40,US,,BALTO NATIONAL PIKE,39.27080296,-76.8179512
05.02,13,,01,17,04,1,01,01,07,CB48470009,08.04,02-26-2015,07:22:00,F3,N,N,HOCPD,UNK,09,10,558,CO,,2.88,N,TEN OAKS RD,0,M,N,81,CO,,W LINDEN CHURCH RD,39.23247,-76.97815167
05.02,13,,02,88,04,1,00,01,99,CB4847000B,12.04,03-03-2015,07:49:00,F3,N,N,HOCPD,UNK,01,00,57,CO,,3.063,S,HIGHLAND RD,0,F,S,3523,CO,,GREEN HOLLOW WAY,39.18449667,-76.96564667
01,13,,05.01,17,06.03,,01,04,14.05,CB4847000C,12.04,03-03-2015,17:16:00,A1,N,N,HOCPD,UNK,00,00,70,RP,,0.27,N,RAMP 1 FR US 29 NB TO IS 70 WB,100,F,N,70,IS,,NO NAME,39.29628072,-76.82610512
01,13,,01,03,01,1,01,04,00,CB4847000D,12.04,03-20-2015,17:45:00,A2,N,N,HOCPD,UNK,01,00,29,US,,12.77,N,COLUMBIA PIKE,25,F,N,70,RP,,RAMP 4 FR US 29 NB TO IS 70 EB,39.29352667,-76.82573167
03,13,,02,11,03,3,01,04,00,CB48630001,08.04,02-17-2015,00:39:00,D3,Y,N,HOCPD,UNK,01,01,108,MD,,9.82,E,CLARKSVILLE PIKE,0,F,E,,UU,,SPUR TO COLUMBIA RD,39.23976537,-76.84438705
04,13,,01,01,03,1,88,01,88,CB48710001,08.04,02-14-2015,21:03:00,F3,N,N,HOCPD,UNK,01,00,558,CO,,4.8,N,TEN OAKS RD,10,F,N,2079,CO,,OAKWOOD LANDING CT,39.25082866,-76.9835186
05.02,13,,01,17,06.03,1,01,01,08,CB48710002,12.04,03-05-2015,06:49:00,F1,N,N,HOCPD,UNK,09,00,27,MD,,1.21,N,RIDGE RD,50,F,N,3,CO,,PENN SHOP RD,39.35006249,-77.17303276
01,13,,00,17,06.03,1,01,01,11,CB48730003,08.04,03-20-2015,13:52:00,F3,N,N,HOCPD,UNK,09,09,45,CO,,0,W,DORSEY MILL RD,1,M,W,43,CO,,SHARP RD,39.264305,-77.02334
01,13,,02,14,02,,01,01,00,CB49060006,06.01,01-13-2015,07:31:00,,N,N,HOCPD,UNK,01,00,99,MD,,2.87,E,OLD FREDERICK RD,0,F,E,70,CO,,MARRIOTTSVILLE RD,39.31671105,-76.9000107
01,13,,01,01,04,1,01,01,00,CB49060007,03,01-18-2015,09:10:00,F3,N,N,HOCPD,UNK,01,00,1061,CO,,1.86,E,TRIADELPHIA MILL RD,300,F,E,2457,CO,,ELLIOTT DR,39.21488219,-76.97223186
01,13,,01,03,01,1,01,01,00,CB49060008,07.01,01-21-2015,11:20:00,F2,N,N,HOCPD,UNK,01,00,99,MD,,2.87,E,OLD FREDERICK RD,1,M,E,70,CO,,MARRIOTTSVILLE RD,39.31754938,-76.90392137
01,13,,01,17,02,1,01,01,11,CB49060009,06.01,01-30-2015,15:55:00,F2,N,N,HOCPD,UNK,09,09,37,CO,,2.84,E,OLD FREDERICK RD,700,F,E,1710,CO,,HEATHERWOOD WAY,39.32347556,-76.97128773
06.02,13,,03,03,02,1,01,01,00,CB4906000B,06.01,02-04-2015,17:45:00,F2,Y,N,HOCPD,UNK,01,01,97,MD,,6.36,N,ROXBURY MILLS RD,300,F,N,144,MD,,FREDERICK RD,39.31888572,-77.01988935
01,13,,03,03,02,1,01,03,00,CB4906000C,06.01,02-13-2015,14:50:00,F2,Y,N,HOCPD,UNK,01,00,40,US,,15.93,E,BALTO NATIONAL PIKE,75,F,E,515,CO,,PINE ORCHARD LA,39.27983916,-76.86429977
01,13,,02,11,02,1,01,01,04,CB4906000D,07.01,02-14-2015,13:40:00,F2,Y,N,HOCPD,UNK,01,09,3234,CO,,0.474,S,DORCHESTER WAY,0,F,S,,UU,,MERION POND (PVT),39.30811128,-76.88113332
01,13,,01,06,03,1,01,01,00,CB4906000H,08.04,03-05-2015,06:35:00,F4,N,N,HOCPD,UNK,01,00,79,CO,,1.44,E,FOLLY QUARTER RD,300,F,E,2343,CO,,MARYVALE CT,39.25689756,-76.95796251
05.02,13,,02,11,02,1,01,01,04,CB57460004,00,02-06-2015,05:49:00,B3,Y,N,HOCPD,UNK,01,09,108,MD,,14.94,E,WATERLOO RD,0,F,E,129,CO,,LARK BROWN RD,39.18849338,-76.79686904
04,13,,02,14,01,1,01,01,00,CB57670005,03,03-04-2015,18:32:00,F1,Y,N,HOCPD,UNK,01,01,97,MD,,5.85,N,ROXBURY MILLS RD,0,F,N,,UU,,ENT TO BUSINESS,39.31350167,-77.02064667
03,13,,02,02,02,,01,01,00,CB57680003,06.01,03-19-2015,22:05:00,B3,Y,N,HOCPD,UNK,01,00,2483,CO,,0.42,E,BRIGHTFIELD RD,0,F,E,103,MD,,MONTGOMERY RD,39.21330279,-76.78387642
03,13,,88,07,03,1,01,01,00,CB57690005,08.04,02-14-2015,22:07:00,A5,N,N,HOCPD,UNK,02,02,2647,CO,,0.07,S,CORNFLOWER CT,0,F,S,,UU,,CUL DE SAC,39.2487308,-76.81273699
03,13,,05.01,03,02,,01,02,05,CB57720002,06.01,02-17-2015,22:30:00,,N,N,HOCPD,UNK,01,09,40,US,,18.46,E,BALTO NATIONAL PIKE,100,F,E,29,RP,,RAMP 7 FR US 40 WB TO US 29 SB,39.27658667,-76.820545
01,13,,03,11,00,1,01,03,00,CB5773000C,06.01,02-06-2015,12:35:00,,Y,N,HOCPD,UNK,01,00,2892,CO,,0.05,S,GREAT STAR DR,0,F,S,3046,CO,,SIGNAL BELL LA,39.21479833,-76.88654
03,13,,01,06,02,1,01,03,18.88,CB5773000D,06.01,02-06-2015,19:20:00,,N,N,HOCPD,UNK,01,09,216,MD,,6.164,N,SCAGGSVILLE RD,0,M,N,2542,CO,,FULTON ESTATES CT,39.15914145,-76.93250299
01,13,,01,17,02,1,01,04,11,CB5773000F,00,03-17-2015,09:40:00,,N,N,HOCPD,UNK,16,10,794,CO,,2.523,E,LITTLE PATUXENT PKWY,500,F,E,,UU,,ENT TO HOWARD COUNTY COMMUNTIY COLLEGE,39.21421718,-76.8729043
03,13,,02,17,02,1,01,01,00,CB5774000B,06.01,01-15-2015,19:13:00,D4,Y,N,HOCPD,UNK,03,00,510,CO,,0,S,SOUTH ENTRANCE RD,0,F,S,794,CO,,LITTLE PATUXENT PKWY,39.21134929,-76.85935378
03,13,,00,09,03,1,01,01,00,CB5774000C,08.04,02-14-2015,18:55:00,D4,N,N,HOCPD,UNK,01,00,,,,,,COLUMBIA MALL CIRCLE,0,M,,,,,BROKEN LAND PARKWAY,39.21741745,-76.86419249
03,13,,02,03,02,3,01,04,00,CB5774000D,00,03-27-2015,20:02:00,D3,Y,N,HOCPD,UNK,01,00,794,CO,,4.66,E,LITTLE PATUXENT PKWY,0,F,E,1575,CO,,COLUMBIA RD,39.22589122,-76.85528219
07.88,13,,01,17,01,1,01,01,00,CB57750001,12.04,01-26-2015,17:00:00,D1,N,N,HOCPD,UNK,00,00,88,CO,,1.352,E,LIME KILN RD,500,F,E,3624,CO,,HOLLY MANOR WAY,39.14825925,-76.93709493
03,13,,02,11,01,,01,01,00,CB57760004,03,01-03-2015,19:38:00,F2,Y,N,HOCPD,UNK,01,00,32,MD,,20.34,N,SYKESVILLE RD,0,F,N,99,MD,,OLD FREDERICK RD,39.32022204,-76.94918633
04,13,,01,17,00,,00,04,05,CB57760005,06.01,01-10-2015,00:43:00,B5,N,N,HOCPD,UNK,09,00,100,MD,,7.12,E,NO NAME,10,F,E,,UU,,EXIT #7,39.18257242,-76.74537063
04,13,,01,17,01,1,88,01,06,CB57760006,09.04,02-01-2015,23:25:00,F2,N,N,HOCPD,UNK,09,11,70,CO,,2.8,N,MARRIOTTSVILLE RD,1,M,N,69,CO,,DRIVER RD,39.33391,-76.90479167
03,13,,02,11,02,1,01,01,00,CB57760007,06.01,02-19-2015,22:39:00,F2,Y,N,HOCPD,UNK,01,16,32,MD,,20.34,N,SYKESVILLE RD,0,F,N,99,MD,,OLD FREDERICK RD,39.32022204,-76.94944382
04,13,,88,17,02,,01,04,05,CB57760008,00,02-26-2015,00:57:00,F2,N,N,HOCPD,UNK,09,00,70,IS,,10.96,E,NO NAME,20,F,E,70,RP,,RAMP 2 FR IS 70 WB TO MD 32 NB,39.30855956,-76.9477272
03,13,,01,01,00,,01,01,00,CB57770005,06.01,02-13-2015,01:29:00,E3,N,N,HOCPD,UNK,02,00,1811,CO,,0.12,W,PILGRIM AVE,75,F,W,1812,CO,,HARVEST WAY,39.11109898,-76.85464382
03,13,,02,09,02,3,01,03,00,CB57780002,06.01,01-08-2015,21:51:00,D5,Y,N,HOCPD,UNK,01,00,82,CO,,2.12,N,CEDAR LA,0,F,N,1457,CO,,HICKORY RIDGE RD,39.21123333,-76.88655
03,13,,00,03,00,3,01,04,00,CB57780003,06.01,01-15-2015,19:05:00,C4,N,N,HOCPD,UNK,01,01,32,MD,,4.87,N,PATUXENT PKWY,10,F,N,1161,CO,,BROKEN LAND PKWY,39.16934333,-76.84176333
04,13,,01,17,02,,01,01,11,CB57790002,06.01,01-10-2015,04:26:00,A4,Y,N,HOCPD,UNK,09,09,46,CO,,0.53,W,RIDGE RD,0,F,W,40,US,,BALTO NATIONAL PIKE,39.27911,-76.815845
04,13,,01,03,02,2,01,04,00,CB57790003,06.01,01-16-2015,18:43:00,A2,N,N,HOCPD,UNK,01,00,29,US,,13.17,N,COLUMBIA PIKE,500,F,N,70,IS,,NO NAME,39.29418833,-76.82549833
04,13,,03,03,02,1,01,04,00,CB57790004,06.01,01-22-2015,19:28:00,A2,N,N,HOCPD,UNK,01,01,40,US,,18.61,E,BALTO NATIONAL PIKE,400,F,E,2929,CO,,NORTH RIDGE RD,39.27976167,-76.81577667
04,13,,01,02,02,1,01,01,00,CB57790005,07.01,02-01-2015,21:33:00,A3,N,N,HOCPD,UNK,01,00,278,CO,,0.82,E,FREDERICK RD,200,F,E,1086,CO,,GLEN BROOK DR,39.27518832,-76.84946179
01,08,,03,88,02,2,01,03,08,CD0611000D,06.01,01-05-2015,12:47:00,088,Y,N,LAPLATA,UNK,01,09,301,US,,15.54,N,CRAIN HWY,0,F,N,,UU,,CROSSOVER,38.53669421,-76.98363662
03,08,,01,03,02,1,01,03,00,CD0611000F,06.01,01-30-2015,07:02:00,088,N,N,LAPLATA,UNK,01,00,488,MD,,0,E,LA PLATA RD,0,M,E,6,MD,,CHARLES ST,38.53162514,-76.95916414
03,08,,02,13,02,1,01,03,00,CD0611000G,06.01,01-24-2015,18:20:00,088,Y,N,LAPLATA,UNK,01,00,301,US,,16.16,N,CRAIN HWY,0,F,N,163,MU,,HERITAGE GREEN PKWY,38.54844232,-76.98553562
01,08,,06.01,88,02,,01,03,00,CD0611000H,06.01,02-24-2015,13:37:00,088,N,N,LAPLATA,UNK,01,00,301,US,,15.54,N,CRAIN HWY,0,F,N,,UU,,CROSSOVER,38.53666064,-76.98376536
03,08,,00,11,01,,01,02,00,CD0612000D,03,01-03-2015,18:40:00,88,N,N,LAPLATA,UNK,01,00,301,US,,14.9,N,CRAIN HWY,0,F,N,,UU,,ENT TO LA PLATA SHOPPING CENTER,38.52995496,-76.98310018
01,08,,08.04,11,02,1,01,01,00,CD0612000G,07.01,03-03-2015,09:07:00,088,N,N,LAPLATA,UNK,01,00,225,MD,,10.21,E,HAWTHORNE RD,10,F,E,230,MU,,PINE ST,38.53962302,-76.99125677
01,08,,00,03,02,2,01,03,00,CD0612000J,07.01,03-31-2015,16:47:00,088,Y,N,LAPLATA,UNK,01,00,301,US,,16.09,N,CRAIN HWY,50,F,N,,UU,,ENT TO BUSINESS,38.54944082,-76.98568583
01,08,,02,02,01,1,01,01,00,CD06140005,06.01,01-09-2015,12:00:00,088,N,Y,LAPLATA,UNK,02,00,494,CO,,1.87,N,GLEN ALBIN RD,0,F,N,220,MU,,NANJEMOY DR,38.52090675,-76.98040724
01,08,,01,02,02,1,01,01,00,CD06140006,06.01,01-23-2015,12:00:00,088,N,N,LAPLATA,UNK,01,00,6,MD,,25.54,E,CHARLES ST,100,F,E,190,MU,,LA GRANGE AVE,38.52936745,-76.97716713
01,08,,02,03,02,,01,01,00,CD06160008,06.01,01-16-2015,10:00:00,088,Y,N,LAPLATA,UNK,01,00,225,MD,,10.59,E,HAWTHORNE RD,0,F,E,301,US,,CRAIN HWY,38.53955589,-76.98431253
01,08,,11.04,02,02,1,01,01,00,CD06160009,06.01,01-28-2015,10:30:00,088,N,N,LAPLATA,UNK,01,00,6,MD,,25.84,E,CHARLES ST,500,F,E,130,MU,,GARRETT AVE,38.52961084,-76.97364271
01,08,,02,02,02,2,01,01,00,CD0616000B,06.01,01-31-2015,12:30:00,088,N,N,LAPLATA,UNK,01,00,225,MD,,10.59,E,HAWTHORNE RD,0,F,E,301,US,,CRAIN HWY,38.53960204,-76.98481143
01,08,,01,17,01,1,01,04,11,CD0616000D,07.01,02-12-2015,14:45:00,,N,N,LAPLATA,UNK,09,09,163,MU,,0.2,E,HERITAGE GREEN PKWY,500,F,E,185,MU,,MORRIS DR,38.54750044,-76.98064864
01,08,,02,11,01,1,01,01,00,CD0616000F,07.01,02-23-2015,07:25:00,088,Y,N,LAPLATA,UNK,01,00,488,MD,,0.31,E,LA PLATA RD,0,F,E,3,MU,,AGRICOPIA DR,38.5346213,-76.9549799
01,08,,03,03,01,1,01,01,00,CD0616000G,07.01,02-23-2015,07:58:00,088,Y,N,LAPLATA,UNK,01,00,6,MD,,25.47,E,CHARLES ST,10,F,E,471,CO,,WASHINGTON AVE,38.52951852,-76.97847605
03,08,,03,02,02,1,01,01,00,CD0616000K,07.01,02-28-2015,22:38:00,088,N,N,LAPLATA,UNK,01,00,6,MD,,25.42,E,CHARLES ST,10,M,E,80,MU,,CHURCH ST,38.52964861,-76.97885156
03,08,,02,02,02,2,01,01,00,CD0616000M,07.01,03-12-2015,19:15:00,088,N,N,LAPLATA,UNK,01,00,301,US,,15.54,N,CRAIN HWY,0,F,N,225,MD,,HAWTHORNE RD,38.53624942,-76.98381901
01,08,,02,11,01,2,01,04,00,CD0616000N,03,03-14-2015,17:21:00,088,Y,N,LAPLATA,UNK,01,01,114,CO,,0.425,E,ROSEWICK RD,0,F,E,471,CO,,WASHINGTON AVE,38.5560524,-76.98227406
01,08,,11.04,04,02,2,01,01,00,CD0616000P,06.01,03-17-2015,07:15:00,088,N,N,LAPLATA,UNK,01,01,225,MD,,10.59,E,HAWTHORNE RD,50,F,E,301,US,,CRAIN HWY,38.53963142,-76.98521376
04,08,,02,17,02,1,01,01,07,CD0616000Q,07.01,03-17-2015,09:30:00,088,N,N,LAPLATA,UNK,09,00,488,MD,,1.2,E,LA PLATA RD,0,F,E,9,MU,,BATH DR,38.53997548,-76.94107533
03,08,,00,17,02,1,00,01,00,CD0616000R,06.01,03-19-2015,06:50:00,088,N,N,LAPLATA,UNK,08,00,180,MU,,0.46,N,KENT AVE,5,F,N,,UU,,R/R #CR 532 258 C,38.53525913,-76.97592258
01,08,,03,03,01,2,01,04,00,CD0616000S,03,03-20-2015,08:19:00,088,Y,N,LAPLATA,UNK,01,00,301,US,,15.842,N,CRAIN HWY,100,F,N,,UU,,SPUR FR SHINING WILLOW WAY,38.5431643,-76.98441982
01,07,,01,17,01,,01,01,10,CW00200001,06.01,01-06-2015,14:54:00,,N,N,PERRYVILLE,UNK,09,09,115,MU,,0.29,N,FRENCHTOWN RD,0,F,N,255,MU,,SUMPTER DR,39.57730921,-76.08316004
01,07,,02,11,01,1,01,04,88,CW00200002,03,03-26-2015,12:56:00,,Y,N,PERRYVILLE,UNK,01,09,40,US,,1.399,E,PULASKI HWY,0,F,E,1011,CO,,COUDON BLVD,39.57112341,-76.06668323
04,07,,09.04,03,02,1,01,01,00,CW00210002,06.01,01-10-2015,02:29:00,,N,N,PERRYVILLE,UNK,01,00,,UU,,2.02,N,HEATHER LANE,300,F,N,222,MD,,PERRYVILLE ROAD,39.58824466,-76.06420755
01,07,,01,03,01,1,01,03,05,CW00210003,00,03-10-2015,16:20:00,,N,N,PERRYVILLE,UNK,01,09,222,MD,,0.81,N,PERRYVILLE RD,100,F,N,110,MU,,FRANKLIN ST,39.571723,-76.06899261
01,07,,01,03,02,1,01,01,00,CW00210005,06.01,03-25-2015,16:47:00,,N,N,PERRYVILLE,UNK,01,01,222,MD,,0.585,N,AIKEN AVE,30,F,N,,UU,,ENT TO PERRYVILLE MIDDLE SCHOOL,39.56818331,-76.07040882
01,07,,01,08,02,2,01,01,04,CW00220001,06.01,01-23-2015,12:10:00,10-50 PI,N,N,PERRYVILLE,UNK,01,09,222,MD,,0.81,N,PERRYVILLE RD,75,F,N,110,MU,,FRANKLIN ST,39.5721365,-76.0687834
03,07,,88,17,04,,03,00,04,CW00230001,08.04,01-07-2015,01:45:00,,N,N,PERRYVILLE,UNK,09,00,222,MD,,2.02,N,PERRYVILLE RD,0,U,N,,UU,,ENT TO PRIME OUTLETS,39.58880275,-76.06649816
01,07,,02,03,00,,01,04,00,CW00230002,06.01,01-19-2015,15:08:00,,Y,N,PERRYVILLE,UNK,01,00,40,US,,1.14,E,PULASKI HWY,0,F,E,,UU,,SPUR TO MD 222,39.57006482,-76.06955051
01,07,,01,17,02,1,01,01,00,CW00230003,06.01,02-06-2015,17:15:00,,N,N,PERRYVILLE,UNK,08,00,7,MD,B,1.089,N,BROAD ST,250,F,N,1011,CO,,COUDON BLVD,39.56454419,-76.0618794
06.02,07,,06.01,17,02,1,01,04,05,CW00240002,06.01,03-13-2015,19:45:00,,N,N,PERRYVILLE,UNK,09,00,40,US,,1.399,E,PULASKI HWY,0,F,E,,UU,,CROSSOVER,39.5730462,-76.06257677
01,07,,02,11,02,,01,01,00,CW00240003,06.01,03-23-2015,18:10:00,,Y,N,PERRYVILLE,UNK,01,15,255,MU,,0.56,W,SUMPTER DR,0,F,W,115,MU,,FRENCHTOWN RD,39.57355893,-76.0801506
01,07,,01,17,03,1,01,01,10,CW00240004,08.04,02-21-2015,13:41:00,,N,N,PERRYVILLE,UNK,09,00,106,CO,,0,S,FRENCHTOWN RD,0,F,S,222,MD,,BAINBRIDGE RD,39.56922539,-76.07836962
01,07,,06.01,11,02,1,01,04,14.05,CW00250001,06.01,01-08-2015,16:15:00,,Y,N,PERRYVILLE,UNK,01,09,40,US,,2.03,E,PULASKI HWY,0,F,E,114,CO,,MILL CREEK RD,39.5752625,-76.05628967
03,23,,01,17,03,1,88,01,08,CX00940002,12.04,01-14-2015,07:03:00,,Y,Y,POCOMOKE,UNK,09,09,260,MU,,0.15,N,FRONT ST,5,F,N,70,MU,,BRIDGE ST,38.07757176,-75.5691576
01,23,,02,17,03,1,01,01,09,CX01070002,09.04,01-14-2015,08:30:00,,Y,N,POCOMOKE,UNK,09,09,340,MU,,0.08,E,LINDEN AVE,0,F,E,640,MU,,WINTER QUARTERS DR,38.07679477,-75.56630373
01,23,,02,11,02,,01,01,00,CX01070003,06.01,01-15-2015,08:20:00,,Y,N,POCOMOKE,UNK,01,01,13,US,,4.23,N,OCEAN HWY,0,F,N,366,MD,,STOCKTON RD,38.06123636,-75.54448128
01,23,,02,11,02,1,01,01,00,CX01070004,06.01,01-24-2015,09:12:00,,Y,Y,POCOMOKE,UNK,01,01,13,US,,5.86,N,OCEAN HWY,0,F,N,640,MU,,WINTER QUARTERS DR,38.07882168,-75.56373954
03,23,,02,17,01,1,01,01,09,CX01100002,03,01-30-2015,05:50:00,,Y,N,POCOMOKE,UNK,09,09,340,MU,,0.5,E,LINDEN AVE,0,F,E,,UU,,SPUR FR US 13,38.07511408,-75.55950701
01,23,,01,11,02,1,01,04,00,CX01100003,06.01,02-16-2015,07:47:00,,N,N,POCOMOKE,UNK,01,01,13,US,,3.74,N,OCEAN HWY,10,F,N,74,CO,,SHEEPHOUSE RD,38.05398816,-75.54353714
01,23,,01,07,02,1,01,03,00,CX01240002,06.01,02-05-2015,15:28:00,,N,N,POCOMOKE,UNK,03,00,13,US,BU,1.16,N,MARKET ST,50,F,N,570,MU,BU,TENTH ST,38.06797706,-75.55784941
03,23,,01,17,01,2,01,04,88,CX01270002,12.04,03-05-2015,05:40:00,,N,N,POCOMOKE,UNK,09,00,13,US,,2.12,N,OCEAN HWY,500,F,N,307,CO,,BRANTLEY RD,38.02882506,-75.54143429
03,23,,01,17,02,1,01,01,08,CX01280002,06.01,01-09-2015,18:19:00,,N,N,POCOMOKE,UNK,09,00,13,US,,3.74,N,OCEAN HWY,250,F,N,74,CO,,SHEEPHOUSE RD,38.05302505,-75.54388046
03,23,,01,99,02,1,01,01,00,CX01280003,06.01,03-11-2015,22:32:00,,N,N,POCOMOKE,UNK,02,14,330,MU,,0.51,E,LAUREL ST,300,F,E,520,MU,,SEVENTH ST,38.0697846,-75.56544006
03,23,,01,17,02,1,01,04,08,CX01290002,06.01,03-18-2015,00:00:00,,N,N,POCOMOKE,UNK,09,09,13,US,,3.74,N,OCEAN HWY,20,F,N,74,CO,,SHEEPHOUSE RD,38.05495125,-75.54358006
03,23,,06.01,11,02,2,01,04,00,CX01310002,06.01,01-22-2015,19:54:00,,Y,N,POCOMOKE,UNK,01,00,13,US,,4.23,N,OCEAN HWY,5,F,N,366,MD,,STOCKTON RD,38.06121947,-75.54510355
01,23,,01,88,02,,01,01,00,CX01310003,06.01,02-14-2015,17:22:00,,N,N,POCOMOKE,UNK,02,00,260,MU,,0.21,N,FRONT ST,100,F,N,340,MU,,LINDEN AVE,38.07736907,-75.56776285
03,23,,00,17,01,1,01,05.01,02,CX01310004,03,03-15-2015,02:03:00,,N,N,POCOMOKE,UNK,09,09,535,MU,,0.28,E,SIXTH ST,50,F,E,340,MU,,LINDEN AVE,38.07505496,-75.56057453
01,23,,01,03,02,2,05,04,00,CX01340003,06.01,03-07-2015,11:45:00,,Y,Y,POCOMOKE,UNK,01,01,13,US,,5.44,N,OCEAN HWY,100,F,N,756,MD,,OLD SNOW HILL RD,38.07681166,-75.55994153