LIGHT_CODE,COUNTY_NO,MUNI_CODE,JUNCTION_CODE,COLLISION_TYPE_CODE,SURF_COND_CODE,LANE_CODE,RD_COND_CODE,RD_DIV_CODE,FIX_OBJ_CODE,REPORT_NO,WEATHER_CODE,ACC_DATE,ACC_TIME,LOC_CODE,SIGNAL_FLAG,C_M_ZONE_FLAG,AGENCY_CODE,AREA_CODE,HARM_EVENT_CODE1,HARM_EVENT_CODE2,RTE_NO,ROUTE_TYPE_CODE,RTE_SUFFIX,LOG_MILE,LOGMILE_DIR_FLAG,MAINROAD_NAME,DISTANCE,FEET_MILES_FLAG,DISTANCE_DIR_FLAG,REFERENCE_NO,REFERENCE_TYPE_CODE,REFERENCE_SUFFIX,REFERENCE_ROAD_NAME,LATITUDE,LONGITUDE
01,23,,01,99,00,,01,01,00,CX01340004,06.01,03-13-2015,11:54:00,,N,N,POCOMOKE,UNK,02,02,630,MU,,0.09,E,WILLOW ST,20,F,E,160,MU,,CLARKE AVE,38.075283,-75.56959748
01,23,,01,09,01,1,01,01,08,CX01340006,03,03-26-2015,13:00:00,,N,N,POCOMOKE,UNK,01,01,160,MU,,0.77,S,CLARKE AVE,50,F,S,20,MU,,ANNE ST,38.06893996,-75.57543397
03,16,,01,17,02,1,01,03,04,DA1482000D,06.01,01-23-2015,06:35:00,,N,N,PGCOPD,UNK,09,09,10,MU,,0.13,N,ALLIES RD,10,F,N,170,MU,,RANDOLPH RD,38.82872603,-76.89320326
03,16,,00,17,02,2,01,03,00,DA1482000F,06.01,02-28-2015,21:48:00,,N,N,PGCOPD,UNK,03,00,337,MD,,0.285,N,ALLENTOWN RD,900,F,N,6435,CO,,LEON ST,38.80774431,-76.89916849
03,16,,02,02,04,1,01,04,00,DA17750002,02,01-21-2015,23:52:00,,Y,N,PGCOPD,UNK,01,00,458,MD,,1.41,N,SILVER HILL RD,0,F,N,81,CO,,SUITLAND RD,38.84874066,-76.92467093
01,16,,02,02,02,1,01,01,00,DA17750003,06.01,02-28-2015,09:42:00,,Y,N,PGCOPD,UNK,01,00,3074,CO,,0.38,S,MARLBORO PIKE,0,F,S,375,CO,,GLACIER AVE,38.87255868,-76.92687035
03,16,,02,02,02,2,01,04,00,DA18690002,06.01,01-05-2015,05:14:00,RA 319,Y,N,PGCOPD,UNK,01,00,214,MD,,0.87,E,CENTRAL AVE,0,F,E,366,CO,,ADDISON RD,38.88674044,-76.89807415
01,16,,03,03,02,2,01,04,00,DA18690003,06.01,01-28-2015,17:05:00,RA 0427,Y,N,PGCOPD,UNK,01,00,458,MD,,1.21,N,SILVER HILL RD,50,F,N,1035,CO,,SWANN RD,38.84640939,-76.92684889
01,16,,00,07,02,1,01,01,00,DA18690005,06.01,03-18-2015,18:32:00,,N,N,PGCOPD,UNK,01,00,3074,CO,,1.25,S,MARLBORO PIKE,100,F,S,2828,CO,,BROOKS DR,38.86616845,-76.91666186
01,16,,01,17,01,1,01,01,02,DA18900002,03,01-13-2015,09:46:00,,N,N,PGCOPD,UNK,10,00,6712,CO,,0.089,S,POTOMAC PASSAGE,50,F,S,6707,CO,,FLEET STREET,38.79235937,-77.01145649
88,16,,01,88,01,2,05,00,00,DA18900003,00,01-20-2015,16:24:00,,Y,N,PGCOPD,UNK,01,00,5470,OP,,0,W,NATIONAL HARBOR RD,20,F,W,414,MD,,OXON HILL RD,38.79705881,-77.00317383
01,16,,00,99,02,,01,00,99,DA18900005,06.01,02-12-2015,13:00:00,,N,N,PGCOPD,UNK,02,99,414,MD,,0.088,E,OXON HILL RD,0,F,E,5470,OP,,NATIONAL HARBOR RD,38.79540317,-77.00137138
01,13,,01,06,02,1,01,01,00,CB49190003,06.01,01-19-2015,14:01:00,,N,N,HOCPD,UNK,15,01,67,CO,,0.938,N,SAND HILL RD,200,F,N,3451,CO,,SAND HILL MANOR DR,39.30525833,-77.02269667
05.02,13,,01,03,02,1,01,01,00,CB49190004,06.01,01-20-2015,07:00:00,F4,N,N,HOCPD,UNK,01,00,32,MD,,15.28,N,SYKESVILLE RD,1,M,N,49,CO,,TRIADELPHIA RD,39.24451827,-76.97725296
01,13,,00,05,02,1,01,01,05,CB49190005,07.01,01-23-2015,16:28:00,F4,N,N,HOCPD,UNK,01,00,32,MD,,15.92,N,SYKESVILLE RD,200,F,N,932,MD,,BURNTWOODS RD,39.27592167,-76.80757667
01,13,,01,03,02,1,01,01,00,CB49190006,06.01,01-29-2015,08:26:00,F4,N,N,HOCPD,UNK,01,00,32,MD,,15.28,N,SYKESVILLE RD,0,M,N,49,CO,,TRIADELPHIA RD,39.275955,-76.80749333
01,13,,01,08,02,1,01,01,00,CB49190007,07.01,02-06-2015,07:59:00,F2,N,N,HOCPD,UNK,01,01,70,CO,,1.49,N,MARRIOTTSVILLE RD,0,F,N,3182,CO,,WARWICK WAY,39.27559667,-76.80722
01,13,,00,17,02,1,01,01,06,CB49190008,00,02-11-2015,07:18:00,F4,N,N,HOCPD,UNK,00,11,144,MD,A,12.06,E,FREDERICK RD,200,F,E,67,CO,A,SAND HILL RD,39.274745,-76.80632833
04,13,,01,17,02,,01,04,05,CB49530003,06.01,01-23-2015,05:42:00,,N,N,HOCPD,UNK,09,00,32,MD,,19.08,N,SYKESVILLE RD,50,F,N,144,MD,,FREDERICK RD,39.30318835,-76.95305943
04,13,,01,17,03,,04,04,01,CB49530004,08.04,01-26-2015,21:00:00,,N,N,HOCPD,UNK,09,09,70,IS,,6.98,E,NO NAME,50,F,E,97,MD,,HOODS MILL RD,39.32672894,-77.01639175
04,13,,01,17,04,1,01,01,11,CB49530005,09.04,02-09-2015,21:58:00,,N,N,HOCPD,UNK,11,11,9,CO,,6.6,W,OLD FREDERICK RD,0,M,W,1594,CO,,WEST WATERSVILLE RD,39.35412764,-77.11898088
03,13,,03,03,03,1,00,04,00,CB49610002,08.04,02-16-2015,18:29:00,D4,Y,N,HOCPD,UNK,01,00,795,CO,,0.69,E,GOV WARFIELD PKWY,25,F,E,782,CO,,WINDSTREAM DR,39.22047627,-76.85975075
06.02,13,,03,03,02,1,01,04,00,CB49610003,06.01,03-07-2015,16:25:00,D6,Y,N,HOCPD,UNK,01,00,29,US,,3.65,N,COLUMBIA PIKE,100,F,N,1878,CO,,RIVERS EDGE RD,39.17405599,-76.8810153
06.02,13,,02,03,02,2,01,01,00,CB49660001,07.01,03-13-2015,18:59:00,A5,Y,N,HOCPD,UNK,01,00,103,MD,,6.76,N,MONTGOMERY RD,0,F,N,2650,CO,,LONG GATE PKWY,39.25093251,-76.81338072
05.02,13,,01,88,03,,01,01,00,CB49670002,08.04,01-06-2015,07:04:00,B5,N,N,HOCPD,UNK,02,00,143,CO,,0.21,S,LOUDON AVE,500,F,S,145,CO,,HIGHLAND AVE,39.19537837,-76.73696995
04,13,,01,17,02,,01,00,04,CB49670003,00,01-15-2015,00:00:00,B2,N,N,HOCPD,UNK,09,00,1306,CO,,0,W,FLICKER PL,25,F,W,991,CO,,TAMAR DR,39.21228033,-76.82355165
05.02,13,,03,03,02,4,01,04,00,CB49670004,06.01,02-11-2015,08:28:00,B3,N,N,HOCPD,UNK,01,00,100,MD,,3.65,E,NO NAME,0,M,E,100,MD,,SNOWDEN RIVER PKWY,39.2095038,-76.79321051
01,13,,03,03,01,1,01,01,00,CB49670005,03,03-13-2015,14:20:00,B1,Y,N,HOCPD,UNK,01,00,108,MD,,11.79,E,OLD ANNAPOLIS RD,20,F,E,2192,CO,,CENTRE PARK DR,39.22588706,-76.81642771
03,13,,02,15,02,1,01,01,00,CB49880002,06.01,03-29-2015,00:00:00,A5,Y,N,HOCPD,UNK,01,00,1077,CO,,0.72,E,MAIN ST,0,F,E,1821,CO,,OLD COLUMBIA PIKE,39.26746392,-76.79801702
01,13,,06.01,11,02,1,01,01,00,CB49930001,00,03-21-2015,16:00:00,,N,N,HOCPD,UNK,01,00,103,MD,,7.24,N,MONTGOMERY RD,100,F,N,1821,CO,,OLD COLUMBIA PIKE,39.25511973,-76.81889534
04,13,,01,06,02,1,01,01,00,CB50130005,06.01,01-24-2015,18:14:00,F4,N,N,HOCPD,UNK,01,00,80,CO,,1.22,S,SHEPPARD LA,0,M,S,,UU,,STRUC #HO0016 MIDDLE PATUXENT RIVER,39.24081237,-76.9424057
03,13,,02,17,02,2,01,04,00,CB50340001,06.01,03-19-2015,01:11:00,E4,Y,N,HOCPD,UNK,08,00,216,MD,,3.395,N,SCAGGSVILLE RD,0,F,N,475,CO,,CREST RD,39.14481453,-76.88882589
04,13,,02,17,01,1,01,04,05,CB50350005,03,01-03-2015,21:00:00,,N,N,HOCPD,UNK,09,00,175,MD,,5.1,N,ROUSE PKWY,0,F,N,991,CO,,TAMAR DR,39.21301333,-76.833245
03,13,,02,88,04,1,01,01,00,CB50350006,12.04,03-03-2015,22:35:00,,N,N,HOCPD,UNK,02,00,1417,CO,,0,N,BUGLEDRUM WAY,0,F,N,1414,CO,,GARLAND LA,39.19541891,-76.83692113
03,13,,01,03,02,3,01,04,00,CB50440006,06.01,01-05-2015,17:15:00,B1,N,N,HOCPD,UNK,01,00,29,US,,8.85,N,COLUMBIA PIKE,75,F,N,108,MD,,OLD ANNAPOLIS RD,39.23933743,-76.83732748
01,13,,02,11,02,1,01,01,00,CB50440007,07.01,01-14-2015,13:28:00,B4,Y,N,HOCPD,UNK,01,00,103,MD,,0.13,N,DORSEY RD,0,F,N,139,CO,,CEDAR AVE,39.17917096,-76.74951196
03,13,,01,03,02,2,01,01,00,CB50440008,06.01,01-19-2015,17:38:00,B4,N,N,HOCPD,UNK,01,00,1,US,,5.819,N,WASHINGTON BLVD,50,F,N,,UU,,MD STATE POLICE BARRACKS,39.17324505,-76.78166091
01,13,,02,11,03,1,01,01,00,CB50440009,08.04,02-21-2015,11:50:00,B2,Y,N,HOCPD,UNK,01,00,991,CO,,2,N,TAMAR DR,0,F,N,1316,CO,,LAMBSKIN LA,39.21228344,-76.82322577
01,13,,02,11,01,2,01,04,04,CB5044000B,06.01,03-06-2015,13:59:00,B2,Y,N,HOCPD,UNK,01,09,1140,CO,,2.79,N,SNOWDEN RIVER PKWY,0,F,N,1317,CO,,DOBBIN RD,39.19588973,-76.80901408
01,13,,01,03,02,2,01,04,00,CB5044000C,06.01,03-16-2015,17:18:00,B2,N,N,HOCPD,UNK,01,00,1140,CO,,3.02,N,SNOWDEN RIVER PKWY,250,F,N,3021,CO,,APRIL BROOK CIR,39.19894118,-76.80779636
01,13,,00,17,01,1,00,02,04,CB50470005,07.01,01-04-2015,15:37:00,,N,N,HOCPD,UNK,09,00,2129,CO,,0.97,W,ROBERT FULTON DR,50,F,W,1140,CO,,SNOWDEN RIVER PKWY,39.18203185,-76.82370186
01,13,,01,09,06.03,1,01,00,00,CB50470006,06.01,02-15-2015,11:36:00,,N,N,HOCPD,UNK,01,01,2129,CO,,0,W,ROBERT FULTON DR,210,F,W,2070,CO,,COLUMBIA GATEWAY DR,39.17620183,-76.81415319
01,13,,02,11,03,3,04,01,00,CB50470007,08.04,03-01-2015,10:09:00,,Y,N,HOCPD,UNK,01,00,1161,CO,,3.35,S,BROKEN LAND PKWY,0,F,S,32,RP,,RAMP 2 FR MD 32 WB TO BROKEN LAND PKWY,39.17497,-76.84971667
01,13,,02,11,01,1,01,01,00,CB50470008,03,03-04-2015,16:35:00,,Y,N,HOCPD,UNK,01,00,1910,CO,,3.51,N,GUILFORD RD,0,F,N,3149,CO,,OAKHURST DR,39.16336742,-76.82931304
01,13,,05.01,17,01,,01,02,05,CB57800003,03,01-04-2015,15:27:00,A5,N,N,HOCPD,UNK,09,00,29,RP,,0,W,RAMP 7 FR MD 100 WB TO US 29 SB,0,F,W,100,MD,,NO NAME,39.25166363,-76.82219982
03,13,,02,02,02,1,01,01,00,CB57800004,06.01,01-07-2015,17:57:00,A5,Y,N,HOCPD,UNK,01,00,103,MD,,6.24,N,MONTGOMERY RD,0,F,N,305,CO,,STONECREST DR,39.24588093,-76.80638552
01,13,,02,02,02,1,01,01,00,CB57800005,06.01,01-17-2015,09:30:00,A1,Y,N,HOCPD,UNK,01,00,99,MD,,7.57,E,OLD FREDERICK RD,0,F,E,29,US,,COLUMBIA PIKE,39.30275664,-76.82458162
01,13,,00,88,01,1,01,01,00,CB57800006,03,01-26-2015,15:40:00,A5,N,N,HOCPD,UNK,02,00,2727,CO,,0.06,N,GROVE ANGLE RD,0,M,N,441,CO,,JOPENDA DR,39.23529469,-76.80170774
01,13,,00,06,02,1,01,01,00,CB57800008,06.01,02-13-2015,12:14:00,A5,Y,N,HOCPD,UNK,01,00,488,CO,,0,E,HILLSBOROUGH RD,15,F,E,164,CO,,NEW CUT RD,39.24887204,-76.79913282
01,13,,02,03,02,1,01,04,00,CB57800009,06.01,02-24-2015,09:08:00,A2,Y,N,HOCPD,UNK,01,00,40,US,,18.33,E,BALTO NATIONAL PIKE,0,F,E,29,US,,COLUMBIA PIKE,39.27954019,-76.8166852
01,13,,01,17,01,2,01,04,08,CB5780000B,09.04,03-01-2015,14:50:00,A3,N,N,HOCPD,UNK,09,00,29,US,,11.28,N,COLUMBIA PIKE,400,F,N,278,CO,,FREDERICK RD,39.27292923,-76.81898117
03,13,,02,17,02,1,01,03,10,CB5783000D,06.01,01-08-2015,18:52:00,B4,Y,N,HOCPD,UNK,10,00,175,MD,,0.25,N,WATERLOO RD,0,F,N,121,CO,,DORSEY RUN RD,39.15402503,-76.778512
03,13,,05.01,17,02,,00,04,05,CB5783000F,06.01,03-06-2015,18:15:00,B1,N,N,HOCPD,UNK,16,09,100,RP,,0,N,RAMP 5 FR MD 108 SB TO MD 100 EB,0,U,N,108,MD,,OLD ANNAPOLIS RD,39.22447414,-76.8070507
01,13,,05.01,88,02,,01,04,05,CB5783000G,06.01,03-12-2015,10:40:00,F2,Y,N,HOCPD,UNK,09,09,70,RP,,0.32,W,RAMP 1 FR MD 97 NB TO IS 70 WB,0,U,W,70,IS,,NO NAME,39.32420593,-77.01725006
01,13,,01,11,02,1,01,01,00,CB5783000H,00,03-16-2015,17:08:00,B3,N,N,HOCPD,UNK,01,00,1911,CO,,0,N,OLD WATERLOO RD,600,F,N,,UU,,ROAD END,39.1837949,-76.78726673
01,13,,03,11,02,1,01,01,11,CB5783000J,00,03-17-2015,18:11:00,B1,N,N,HOCPD,UNK,01,00,2192,CO,,0.27,N,CENTRE PARK DR,1,M,N,2193,CO,,COLUMBIA 100 PKWY,39.22728333,-76.81492567
03,13,,03,03,02,2,01,02,00,CB5808000B,06.01,01-07-2015,18:23:00,,N,N,HOCPD,UNK,01,00,1,US,,2.16,N,WASHINGTON BLVD,300,F,N,416,CO,,GORMAN RD,39.13142512,-76.81859493
01,13,,03,03,06.03,1,01,04,00,CB5808000C,08.04,01-26-2015,13:26:00,,Y,N,HOCPD,UNK,01,00,1161,CO,,0.76,S,BROKEN LAND PKWY,50,F,S,1457,CO,,HICKORY RIDGE RD,39.20686849,-76.86683178
01,13,,03,03,06.03,1,01,04,00,CB5808000D,06.01,01-27-2015,11:04:00,,Y,N,HOCPD,UNK,01,01,1161,CO,,0.76,S,BROKEN LAND PKWY,300,F,S,1457,CO,,HICKORY RIDGE RD,39.20713452,-76.86663866
01,13,,03,03,02,1,01,88,00,CB5808000F,00,02-19-2015,14:40:00,,Y,N,HOCPD,UNK,01,00,794,CO,,2.342,E,LITTLE PATUXENT PKWY,20,F,E,,UU,,SPUR FROM HOWARD CO COMMUNITY COLLEGE,39.21604592,-76.87992096
01,13,,01,17,02,1,01,02,05,CB5808000H,06.01,03-13-2015,15:20:00,,N,N,HOCPD,UNK,09,16,29,US,,2.528,N,COLUMBIA PIKE,200,F,N,109,CO,,JOHNS HOPKINS RD,39.15878373,-76.88906193
01,13,,05.01,03,88,,04,02,00,CB5808000J,06.01,03-28-2015,09:15:00,,N,N,HOCPD,UNK,01,00,29,RP,,0,N,RAMP 1 FR US 29 NB TO US 40 WB,0,F,N,29,US,,COLUMBIA PIKE,39.27897546,-76.81936741
05.02,08,,01,03,00,1,01,01,00,CD06230003,06.01,01-28-2015,07:14:00,088,N,N,LAPLATA,UNK,01,00,488,MD,,0.1,E,LA PLATA RD,20,F,E,,UU,,ENT TO BUSINESS,38.53910273,-76.96463585
01,08,,03,11,03,1,00,01,00,CD06230005,10.04,02-16-2015,16:03:00,088,Y,N,LAPLATA,UNK,01,00,220,MU,,0.21,E,GLEN ALBIN RD,10,F,E,301,US,,CRAIN HWY,38.52092354,-76.98152304
01,08,,03,11,02,1,01,01,00,CD06230007,06.01,02-24-2015,12:13:00,088,N,N,LAPLATA,UNK,01,00,6,MD,,26.04,E,CHARLES ST,20,F,E,326,MU,,WILLOW LA,38.53172586,-76.96857333
03,08,,01,17,02,1,01,01,00,CD0626000N,06.01,01-27-2015,18:37:00,088,N,N,LAPLATA,UNK,03,00,107,MU,,0.3,S,DRURY DR,0,F,S,372,MU,,DRURY DR,38.54756128,-76.98394775
03,08,,03,07,01,1,01,01,00,CD0626000Q,03,03-04-2015,19:17:00,088,N,N,LAPLATA,UNK,01,00,6,MD,,25.141,E,PORT TOBACCO RD,10,F,E,,UU,,ENT TO SHOPPING CENTER,38.52874636,-76.98403358
01,08,,02,11,02,2,01,03,00,CD0626000R,06.01,03-30-2015,18:56:00,088,Y,N,LAPLATA,UNK,01,01,301,US,,14.81,N,CRAIN HWY,0,F,N,6,MD,,CHARLES ST,38.52877993,-76.9828105
01,08,,03,03,02,1,01,01,00,CD0627000C,06.01,01-07-2015,15:57:00,088,Y,N,LAPLATA,UNK,01,00,6,MD,,26.54,E,CHARLES ST,250,F,E,488,MD,,LA PLATA RD,38.53168389,-76.96090221
01,08,,03,03,02,2,01,04,00,CD0627000D,07.01,01-15-2015,09:55:00,088,Y,N,LAPLATA,UNK,01,01,301,US,,16.16,N,CRAIN HWY,50,F,N,163,MU,,HERITAGE GREEN PKWY,38.54786335,-76.98506355
01,08,,03,11,01,1,01,01,00,CD0627000F,03,01-12-2015,13:51:00,088,Y,N,LAPLATA,UNK,01,00,471,CO,,2.591,S,WASHINGTON AVE,0,F,S,1948,CO,,TALBOT ST,38.53230495,-76.97824001
01,08,,02,03,02,1,01,01,00,CD0630000B,07.01,03-03-2015,10:59:00,088,N,N,LAPLATA,UNK,01,00,6,MD,,25.44,E,CHARLES ST,0,F,E,301,MU,,ST MARYS AVE,38.52967799,-76.97865844
01,08,,01,03,02,1,01,01,00,CD0630000C,00,03-16-2015,18:40:00,088,N,N,LAPLATA,UNK,01,00,225,MD,,10.55,E,HAWTHORNE RD,0,F,E,,UU,,ENT TO BUSINESS,38.5396419,-76.98528618
01,08,,01,03,02,1,01,01,00,CD0630000D,07.01,03-19-2015,17:21:00,088,N,N,LAPLATA,UNK,01,00,6,MD,,25.74,E,CHARLES ST,25,F,E,,UU,,ENT TO BUSINESS,38.52989621,-76.97331011
01,08,,02,11,02,1,01,01,00,CD0632000G,07.01,02-10-2015,15:25:00,088,Y,N,LAPLATA,UNK,01,00,488,MD,,1.07,E,LA PLATA RD,0,F,E,303,MU,,SUFFOLK DR,38.53955167,-76.94321
07.88,08,,99,88,00,,99,99,00,CD0632000H,06.01,02-12-2015,07:05:00,088,N,N,LAPLATA,UNK,03,00,,,,,,UNKNOWN LOCATION IN KINGS GRANT,0,F,,,,,UNKNOWN LOCATION IN KINGS GRANT,38.53917825,-76.94287777
01,08,,03,03,01,1,01,01,00,CD0632000J,08.04,02-21-2015,15:34:00,088,N,N,LAPLATA,UNK,01,00,225,MD,,10.46,E,HAWTHORNE RD,1,F,E,820,OP,,MAGNOLIA DR,38.53972667,-76.986515
03,16,,01,03,01,,01,05.01,00,DA1925000B,03,01-03-2015,20:01:00,,N,N,PGCOPD,UNK,01,00,414,MD,,1.039,E,OXON HILL RD,0,M,E,1203,CO,,LIVINGSTON RD,38.807055,-76.99077
01,16,,01,03,02,,01,04,00,DA1925000C,06.01,01-30-2015,14:38:00,,N,N,PGCOPD,UNK,01,00,4,MD,,10.4,W,PENNSYLVANIA AVE,900,F,W,1679,CO,,DONNELL DR,38.84308365,-76.88197017
03,16,,03,11,02,1,01,03,00,DA1925000D,06.01,03-25-2015,21:11:00,,N,N,PGCOPD,UNK,01,00,414,MD,,1.039,E,OXON HILL RD,100,F,E,1203,CO,,LIVINGSTON RD,38.80340509,-76.98921561
01,16,,01,03,04,1,00,01,00,DA20660002,08.04,01-06-2015,09:02:00,,N,N,PGCOPD,UNK,01,00,663,CO,,0.13,N,DEAL DR,120,F,N,662,CO,,KENNEBEC ST,38.878205,-76.99768066
04,16,,02,17,02,1,01,01,00,DA20680005,06.01,03-09-2015,06:00:00,00,N,N,PGCOPD,UNK,08,00,382,MD,,11.27,N,CROOM RD,0,F,N,141,CO,,ST THOMAS CHURCH RD,38.74847732,-76.76012278
03,16,,02,11,04,1,01,04,00,DA21840002,06.01,02-14-2015,23:10:00,,Y,N,PGCOPD,UNK,02,00,458,MD,A,3.036,W,WALKER MILL RD,0,F,W,458,MD,B,COUNTY RD,38.86329475,-76.8977201
01,16,,02,11,03,1,88,03,00,DA21990002,08.04,02-26-2015,08:36:00,,N,N,PGCOPD,UNK,01,00,301,US,,11.1,N,CRAIN HWY,0,F,N,1212,CO,,OLD CRAIN HWY,38.79163184,-76.78155363
03,16,,00,17,02,,01,01,00,DA21990004,06.01,03-07-2015,23:17:00,,N,N,PGCOPD,UNK,08,00,599,CO,,3,N,BRANDYWINE RD,20,F,N,2958,CO,,GROVETON DR,38.73194973,-76.8955636
01,16,,01,17,03,1,01,01,00,DA22020002,08.04,03-13-2015,10:53:00,16,N,N,PGCOPD,UNK,11,00,123,CO,,2.64,N,TEMPLE HILL RD,500,F,N,2681,CO,,MANSFIELD MANOR DR,38.79106999,-76.92762673
01,16,,01,88,03,1,01,01,00,DA22020003,08.04,03-05-2015,13:31:00,16,N,N,PGCOPD,UNK,01,00,225,CO,,2.1,N,FLORAL PARK RD,0,M,N,817,CO,,S SPRINGFIELD RD,38.70545577,-76.91866279
01,16,,01,08,02,1,01,01,00,DA22130002,06.01,02-08-2015,15:14:00,,N,N,PGCOPD,UNK,01,00,212,MD,,4.41,N,RIGGS RD,20,F,N,5579,CO,,HEATHERWOOD CT,39.01231481,-76.96525812
01,16,,02,11,02,1,01,01,00,DA22130004,06.01,02-17-2015,14:20:00,,Y,N,PGCOPD,UNK,01,00,212,MD,,4.18,N,RIGGS RD,0,F,N,1331,CO,,BUCKLODGE RD,39.00908,-76.965762
03,16,,01,02,02,1,01,04,00,DA22280002,06.01,01-11-2015,17:33:00,,Y,N,PGCOPD,UNK,01,00,660,CO,,0.48,S,AUDREY LA,200,F,S,210,MD,,INDIAN HEAD HWY,38.81827774,-77.00166106
01,16,,01,09,02,,01,01,00,DA22280003,06.01,03-08-2015,12:22:00,,N,N,PGCOPD,UNK,01,00,414,MD,,2.569,E,ST BARNABAS RD,100,F,E,5266,CO,,ROSECROFT VILLAGE DR,38.81357133,-76.96527958
03,16,,01,07,02,,01,04,00,DA22520004,06.01,02-03-2015,18:43:00,,N,N,PGCOPD,UNK,01,01,458,MD,,2.183,N,SILVER HILL RD,100,F,N,,UU,,TO SHOPPING CENTER,38.85278678,-76.91150397
00,16,,02,11,01,2,01,04,00,DA22520005,03,03-10-2015,16:03:00,,Y,N,PGCOPD,UNK,01,01,4,MD,,11.6,N,PENNSYLVANIA AVE,0,F,N,86,CO,,PARKLAND DR,38.85024467,-76.90540731
01,13,,02,07,02,2,00,05.01,00,CB50480007,00,01-31-2015,13:30:00,,Y,N,HOCPD,UNK,01,00,1,US,,6.01,N,WASHINGTON BLVD,0,F,N,1519,CO,,PORT CAPITOL DR,39.17571944,-76.77563667
01,13,,02,11,00,1,00,01,00,CB50480008,06.01,03-09-2015,08:14:00,,Y,N,HOCPD,UNK,01,00,2188,CO,,0.33,S,ROWANBERRY DR,0,F,S,2371,CO,,GREENFIELD RD,39.20907983,-76.735425
01,13,,03,01,00,,01,03,00,CB50480009,00,03-23-2015,07:45:00,,N,N,HOCPD,UNK,01,00,1,US,,8.89,N,WASHINGTON BLVD,0,M,N,187,CO,,HUNT CLUB RD,39.19996799,-76.73688412
03,13,,01,17,06.03,1,01,04,05,CB50850002,09.04,03-01-2015,18:45:00,,N,N,HOCPD,UNK,09,09,100,MD,,3.65,E,NO NAME,0,M,E,100,MD,W,SNOWDEN RIVER PKWY,39.21556381,-76.79552794
01,13,,02,11,01,1,01,01,00,CB50960009,07.01,01-04-2015,14:15:00,,Y,N,HOCPD,UNK,01,00,121,CO,,1.123,N,DORSEY RUN RD,0,F,N,1092,CO,,PATUXENT RANGE RD,39.14570485,-76.79166555
01,13,,02,11,02,1,01,01,00,CB5096000B,06.01,01-16-2015,09:42:00,,Y,N,HOCPD,UNK,01,00,1910,CO,,1.73,N,GUILFORD RD,0,F,N,1,US,,WASHINGTON BLVD,39.1453637,-76.81020498
01,13,,03,03,02,1,01,01,00,CB5096000C,06.01,01-31-2015,13:00:00,,N,N,HOCPD,UNK,01,00,1910,CO,,2.82,N,GUILFORD RD,20,F,N,,UU,,ENT TO GUILFORD PARK,39.1564377,-76.82116985
01,13,,03,11,02,,01,01,00,CB5096000D,07.01,02-05-2015,08:23:00,,N,N,HOCPD,UNK,01,00,175,MD,,0.32,N,WATERLOO RD,0,F,N,311,CO,,SHAREWOOD DR,39.15525633,-76.77846909
01,13,,03,09,01,1,01,01,10,CB5096000G,12.04,02-10-2015,08:22:00,,Y,N,HOCPD,UNK,01,09,175,MD,,0.25,N,WATERLOO RD,40,F,N,121,CO,,DORSEY RUN RD,39.15401255,-76.77823842
01,13,,01,07,02,1,01,01,00,CB5096000J,06.01,02-18-2015,13:08:00,,N,N,HOCPD,UNK,01,00,1,US,,3.26,N,WASHINGTON BLVD,30,F,N,1910,CO,,GUILFORD RD,39.14410726,-76.80949688
01,13,,01,17,06.03,1,01,01,10,CB5096000K,12.04,03-01-2015,14:59:00,,N,N,HOCPD,UNK,16,09,1910,CO,,0.95,N,GUILFORD RD,300,F,N,1901,CO,,IRON BRIDGE RD,39.13561531,-76.80463135
01,13,,01,02,02,,01,01,00,CB5096000L,06.01,03-09-2015,14:23:00,,N,N,HOCPD,UNK,01,00,3625,CO,,0.28,N,DORSEY RUN RD,0,F,N,732,MD,,DORSEY RUN RD (AHEAD),39.12827088,-76.79498076
01,13,,09.04,17,02,1,01,01,04,CB5096000M,06.01,03-18-2015,12:16:00,,N,N,HOCPD,UNK,09,16,1,US,,4.9,N,WASHINGTON BLVD,0,F,N,,UU,,ENT TO BUSINESS,39.16460688,-76.79193377
01,13,,02,11,02,1,01,01,04,CB5096000N,06.01,03-18-2015,10:13:00,,Y,N,HOCPD,UNK,01,09,126,CO,,0.41,W,BALTIMORE ST,0,F,W,324,CO,,WOODWARD ST,39.13786634,-76.82169557
01,13,,02,02,02,1,01,01,00,CB5096000P,07.01,03-19-2015,11:12:00,,N,N,HOCPD,UNK,01,01,1420,CO,,0.44,E,OCEANO AVE,0,F,E,1090,CO,,ASSATEAGUE DR,39.15798509,-76.78092599
01,13,,02,11,02,,01,01,00,CB5096000Q,07.01,03-24-2015,16:31:00,,N,N,HOCPD,UNK,01,00,1,US,,3.42,N,WASHINGTON BLVD,0,F,N,,UU,,ENT TO COLUMBIA JUNCTION SHOPPING CENTER,39.14622905,-76.80817723
00,13,,02,11,00,1,01,05.01,00,CB5096000R,07.01,03-27-2015,10:05:00,,N,N,HOCPD,UNK,01,00,1,US,,5.6,N,WASHINGTON BLVD,0,F,N,175,MD,,WATERLOO RD,39.17171047,-76.785357
01,13,,01,17,03,,88,01,88,CB51310005,08.04,01-21-2015,13:27:00,,N,N,HOCPD,UNK,09,00,1615,CO,,0.16,N,SEA SHADOW,10,F,N,1619,CO,,GREEN MOON PATH,39.16192413,-76.84226274