LIGHT_CODE,COUNTY_NO,MUNI_CODE,JUNCTION_CODE,COLLISION_TYPE_CODE,SURF_COND_CODE,LANE_CODE,RD_COND_CODE,RD_DIV_CODE,FIX_OBJ_CODE,REPORT_NO,WEATHER_CODE,ACC_DATE,ACC_TIME,LOC_CODE,SIGNAL_FLAG,C_M_ZONE_FLAG,AGENCY_CODE,AREA_CODE,HARM_EVENT_CODE1,HARM_EVENT_CODE2,RTE_NO,ROUTE_TYPE_CODE,RTE_SUFFIX,LOG_MILE,LOGMILE_DIR_FLAG,MAINROAD_NAME,DISTANCE,FEET_MILES_FLAG,DISTANCE_DIR_FLAG,REFERENCE_NO,REFERENCE_TYPE_CODE,REFERENCE_SUFFIX,REFERENCE_ROAD_NAME,LATITUDE,LONGITUDE
01,13,,02,07,01,1,00,01,00,CB51310006,07.01,02-10-2015,10:41:00,,N,N,HOCPD,UNK,01,00,475,CO,,0.47,N,CREST RD,0,F,N,1664,CO,,CLIFFORD CT,39.14776835,-76.89167976
01,13,,01,17,02,,01,04,05,CB51310007,00,02-10-2015,16:30:00,,N,N,HOCPD,UNK,09,00,29,US,,2.528,N,COLUMBIA PIKE,0,M,N,109,CO,,JOHNS HOPKINS RD,39.15472388,-76.89162612
01,13,,01,03,04,3,88,01,00,CB51310008,07.01,02-15-2015,07:54:00,,N,N,HOCPD,UNK,01,00,29,US,,2.528,N,COLUMBIA PIKE,100,F,N,109,CO,,JOHNS HOPKINS RD,39.15529793,-76.89117551
04,13,,01,17,01,3,01,01,04,CB51310009,00,02-18-2015,06:22:00,,N,N,HOCPD,UNK,09,00,216,MD,,2.68,N,SCAGGSVILLE RD,25,M,N,91,CO,,LEISHEAR RD,39.1390896,-76.87266827
01,13,,02,17,02,1,01,01,09,CB5131000B,00,03-23-2015,16:12:00,,N,N,HOCPD,UNK,09,00,2722,CO,,0,E,CHURCHILL WAY,0,F,E,2422,CO,,DERBY DR,39.15467396,-76.86587691
01,13,,01,17,03,1,04,01,88,CB51530001,08.04,03-05-2015,10:05:00,B2,N,N,HOCPD,UNK,09,00,979,CO,,0.95,E,HIGH TOR HILL,150,F,E,988,CO,,MARGRAVE MEWS,39.21489881,-76.81529045
03,13,,02,17,02,,01,04,04,CB51680009,06.01,01-13-2015,19:21:00,A3,N,N,HOCPD,UNK,09,00,40,US,,16.17,E,BALTO NATIONAL PIKE,0,F,E,75,CO,,CENTENNIAL LA,39.27914155,-76.85857058
04,13,,01,88,01,1,01,01,00,CB5168000B,07.01,01-22-2015,05:50:00,E1,N,N,HOCPD,UNK,02,00,1879,CO,,0,N,BRISTOL CT,200,F,N,1092,CO,,PATUXENT RANGE RD,39.15034763,-76.80076361
05.02,13,,05.01,17,04,,01,88,08,CB5168000C,06.01,02-16-2015,06:44:00,E2,N,N,HOCPD,UNK,09,00,1,US,,2.66,N,WASHINGTON BLVD,100,F,N,32,RP,,RAMP 4 FR US 1 NB TO RAMP 10 (TO MD 32),39.1365848,-76.80966854
01,13,,02,03,02,2,01,04,00,CB5168000F,06.01,03-07-2015,08:11:00,F4,Y,N,HOCPD,UNK,01,00,32,MD,,19.36,N,SYKESVILLE RD,0,F,N,,UU,,CROSSOVER,39.30645927,-76.95270538
05.02,13,,01,17,06.03,1,01,01,11,CB51790001,12.04,01-27-2015,07:00:00,,N,N,HOCPD,UNK,09,09,2021,CO,,0.19,S,SWEET HOURS WAY,20,F,S,1983,CO,,WEATHERWORN WAY,39.16647019,-76.86586618
01,13,,00,03,02,,01,04,00,CB51790003,06.01,02-24-2015,17:08:00,,N,U,HOCPD,UNK,01,01,29,US,,4.69,N,COLUMBIA PIKE,20,F,N,32,RP,,RAMP 2 FR MD 32 WB TO US 29 NB,39.1809424,-76.87481403
01,13,,01,10,02,2,01,03,00,CB51790005,06.01,03-18-2015,12:16:00,,N,N,HOCPD,UNK,01,00,128,CO,,1.93,S,OAKLAND MILLS RD,30,F,S,1368,CO,,MALINDY CIR,39.19372371,-76.83350801
01,13,,01,03,02,1,01,04,00,CB51790007,06.01,03-24-2015,18:15:00,,N,U,HOCPD,UNK,01,00,29,US,,5.95,N,COLUMBIA PIKE,50,F,N,1161,CO,,BROKEN LAND PKWY,39.19958554,-76.86125278
01,13,,03,02,01,1,01,02,00,CB51790008,07.01,03-27-2015,08:52:00,,N,N,HOCPD,UNK,01,01,1160,CO,,1.08,E,CRADLEROCK WAY,5,F,E,1189,CO,,KNIGHTHOOD LA,39.19243487,-76.83812141
01,13,,01,07,02,3,01,03,00,CB51790009,06.01,03-28-2015,12:16:00,,N,N,HOCPD,UNK,01,00,1317,CO,,1.2,N,DOBBIN RD,50,F,N,,UU,,SPUR TO & FR MD 175,39.19813883,-76.81900263
03,13,,01,88,01,1,01,01,00,CB51870001,06.01,01-18-2015,22:16:00,B5,N,N,HOCPD,UNK,01,00,184,CO,,0.05,S,AUGUSTINE AVE,200,F,S,1769,CO,,ELK FOREST CT,39.20917127,-76.71594143
03,13,,01,17,02,1,01,01,00,CB51870002,06.01,03-19-2015,22:03:00,B5,N,N,HOCPD,UNK,03,00,1,US,,9.35,N,WASHINGTON BLVD,300,F,N,2371,CO,,GREENFIELD RD,39.20633642,-76.72759295
01,13,,00,03,02,3,01,04,00,CB58100007,06.01,01-28-2015,08:44:00,C2,N,N,HOCPD,UNK,01,01,32,MD,,4.08,N,PATUXENT PKWY,300,F,N,,UU,,STRUC #13100,39.17803156,-76.86515808
06.02,13,,02,11,02,,01,04,00,CB58100008,06.01,01-28-2015,17:21:00,C1,Y,N,HOCPD,UNK,01,00,800,CO,,0.44,S,STEVENS FOREST RD,0,F,S,1014,CO,,SANTIAGO RD,39.20798248,-76.84784174
06.02,13,,00,03,02,3,01,04,00,CB58100009,06.01,02-02-2015,18:17:00,C2,N,N,HOCPD,UNK,01,00,32,MD,,5.08,N,PATUXENT PKWY,0,F,N,32,RP,,RAMP 8 FR BROKEN LAND PKWY TO MD 32 WB,39.17480455,-76.85404301
01,13,,03,14,02,,01,04,09,CB5810000B,06.01,02-11-2015,13:35:00,C1,Y,N,HOCPD,UNK,09,01,800,CO,,0.62,S,STEVENS FOREST RD,0,F,S,945,CO,,KILIMANJARO RD,39.20573785,-76.84696198
01,13,,03,03,02,1,01,04,00,CB5810000C,06.01,03-16-2015,11:16:00,C1,Y,N,HOCPD,UNK,01,00,1161,CO,,1.81,S,BROKEN LAND PKWY,20,F,S,800,CO,,STEVENS FOREST RD,39.19730738,-76.85125351
01,13,,01,17,01,1,01,02,11,CB58110007,02,01-04-2015,11:00:00,,N,N,HOCPD,UNK,16,09,175,MD,,6.71,N,ROUSE PKWY,30,F,N,29,RP,,RAMP 3 FR MD 175 EB TO US 29 NB,39.22458167,-76.844485
01,13,,05.01,17,01,,00,02,05,CB58110008,07.01,01-04-2015,16:00:00,,N,N,HOCPD,UNK,16,09,29,RP,,0.26,S,RAMP 5 FR US 29 SB TO MD 175 EB,30,F,S,175,MD,,ROUSE PKWY,39.22498945,-76.84818506
01,13,,05.01,17,01,,00,02,11,CB58110009,07.01,01-04-2015,15:05:00,,N,N,HOCPD,UNK,16,09,175,MD,,6.82,N,ROUSE PKWY,50,F,N,29,RP,,RAMP 7 FR MD 175 WB TO US 29 SB,39.22710048,-76.84709072
03,13,,02,02,01,,01,01,00,CB58120007,03,01-03-2015,18:09:00,C1,Y,N,HOCPD,UNK,01,00,800,CO,,0.62,S,STEVENS FOREST RD,0,F,S,945,CO,,KILIMANJARO RD,39.20563809,-76.84684396
01,13,,02,02,02,1,01,01,04,CB58120009,06.01,01-31-2015,15:57:00,C4,Y,N,HOCPD,UNK,01,09,128,CO,,2.64,S,OAKLAND MILLS RD,0,F,S,1317,CO,,DOBBIN RD,39.18455167,-76.82707071
01,13,,08.04,17,02,1,01,01,11,CB5812000B,06.01,02-09-2015,14:20:00,C3,N,N,HOCPD,UNK,09,00,1173,CO,,0.44,W,SANDCHAIN RD,10,F,W,1180,CO,,GAY TOPAZ,39.19655075,-76.84935451
01,13,,02,03,02,,01,04,00,CB5812000C,00,02-28-2015,10:50:00,C4,Y,N,HOCPD,UNK,01,00,2724,CO,,0,E,SNOWDEN SQUARE DR,0,F,E,1140,CO,,SNOWDEN RIVER PKWY,39.18253083,-76.8213737
01,13,,01,05,03,1,01,04,00,CB5812000D,08.04,03-05-2015,13:50:00,C3,N,N,HOCPD,UNK,01,00,32,MD,,4.08,N,PATUXENT PKWY,50,F,N,1834,CO,,GUILFORD RD,39.16700255,-76.83888316
06.02,13,,01,17,02,1,01,04,05,CB58130004,06.01,01-01-2015,07:58:00,,N,Y,HOCPD,UNK,09,00,29,US,,7.74,N,COLUMBIA PIKE,0,M,N,175,MD,,ROUSE PKWY,39.21996925,-76.84932232
06.02,13,,01,08,02,2,01,01,00,CB58130005,06.01,01-15-2015,16:46:00,,N,N,HOCPD,UNK,01,00,82,CO,,2.12,N,CEDAR LA,0,M,N,1457,CO,,HICKORY RIDGE RD,39.20932091,-76.88639045
01,13,,02,02,02,2,01,01,00,CB58130006,06.01,03-22-2015,16:58:00,,Y,N,HOCPD,UNK,01,00,82,CO,,1.09,N,CEDAR LA,0,F,N,111,CO,,FREETOWN RD,39.1965071,-76.88503325
06.02,13,,00,17,02,1,01,04,05,CB5815000B,06.01,01-01-2015,16:39:00,D6,N,N,HOCPD,UNK,09,00,29,US,,0.63,N,COLUMBIA PIKE,25,F,N,3500,CO,,OLD COLUMBIA RD,39.13729214,-76.90989733
03,13,,02,02,02,,01,01,00,CB5815000C,06.01,01-06-2015,18:08:00,E2,Y,N,HOCPD,UNK,01,00,112,CO,,1.38,E,WHISKEY BOTTOM RD,0,F,E,1,US,,WASHINGTON BLVD,39.11626535,-76.83146819
01,13,,01,17,02,1,01,01,10,CB5815000D,00,02-02-2015,16:32:00,E3,N,N,HOCPD,UNK,09,00,983,MD,,0.604,N,OLD SCAGGSVILLE RD,300,F,N,119,CO,,HIGH RIDGE RD,39.11772518,-76.8629694
01,13,,02,11,02,1,01,01,00,CB5815000G,06.01,03-16-2015,16:30:00,E3,N,N,HOCPD,UNK,01,00,114,CO,,0.14,S,ALL SAINTS RD,0,F,S,379,OP,,BOURBON ST,39.12353924,-76.84421539
01,16,,02,17,06.03,1,01,02,04,CE10890001,06.01,02-17-2015,10:08:00,B1,N,N,LAUREL,UNK,09,00,198,MD,,3.13,E,GORMAN AVE (EB COUPLET),0,F,E,9050,MU,,FIFTH ST,39.10108566,-76.85461566
03,16,,01,03,02,1,01,01,00,CE10890002,06.01,03-07-2015,02:56:00,B6,N,N,LAUREL,UNK,02,00,496,MU,,0.135,N,CLARKWOOD LA,20,F,N,497,MU,,CHADSWORTH TER,39.08083613,-76.8771261
03,16,,03,03,02,1,01,01,00,CE13250001,06.01,01-13-2015,01:21:00,,Y,N,LAUREL,UNK,01,00,216,MD,,0.35,N,SEVENTH ST,10,F,N,260,MU,,MONTGOMERY ST,39.10638701,-76.8550086
03,16,,01,17,02,3,01,04,04,CE25300003,06.01,02-06-2015,00:00:00,,N,N,LAUREL,UNK,09,00,7,CO,,1.78,E,CHERRY LA,100,F,E,4420,CO,,CHERRY LANE CT,39.08776913,-76.85349584
01,16,,02,17,02,3,01,04,00,CE38600002,00,02-02-2015,07:34:00,5,Y,N,LAUREL,UNK,03,00,86,MU,,0,E,CLUBHOUSE BLVD,0,F,E,197,MD,,LAUREL BOWIE RD,39.08900368,-76.8461211
03,16,,02,12,02,2,01,01,04,CE38600003,06.01,02-03-2015,22:58:00,1,Y,N,LAUREL,UNK,01,09,1,US,,12.98,N,BALTIMORE AVE,0,F,N,,UU,,ENT TO BUSINESS,39.0930576,-76.855158
01,16,,09.04,09,00,1,01,02,00,CE39090002,06.01,03-21-2015,18:54:00,,N,N,LAUREL,UNK,01,01,198,MD,,2.89,E,GORMAN AVE (EB COUPLET),200,F,E,,UU,,ENT TO BUSINESS,39.10168577,-76.85860808
03,16,,09.04,17,01,1,01,02,04,CE39150001,03,01-24-2015,03:31:00,,N,N,LAUREL,UNK,09,10,198,MD,,2.92,E,GORMAN AVE (EB COUPLET),100,F,E,,UU,,ENT TO BUSINESS,39.10164974,-76.85897827
01,16,,03,09,02,1,01,02,00,CE39150002,06.01,02-12-2015,12:01:00,,Y,N,LAUREL,UNK,01,00,198,MD,,3.53,E,GORMAN AVE (EB COUPLET),0,F,E,1,US,,SECOND ST (NB COUPLET),39.09779475,-76.84846401
01,16,,02,11,02,3,01,04,00,CE39150003,00,02-13-2015,11:35:00,,Y,N,LAUREL,UNK,01,01,7,CO,,1.53,E,CHERRY LA,0,F,E,1,US,,BALTIMORE AVE,39.0915414,-76.85720801
01,16,,02,02,02,2,01,88,00,CE39150004,06.01,02-27-2015,10:03:00,,Y,N,LAUREL,UNK,01,01,198,MD,,2.972,E,GORMAN AVE (EB COUPLET),0,F,E,9080,MU,,EIGHTH ST,39.10150404,-76.85763717
01,16,,03,88,02,1,01,01,00,CE39540001,06.01,01-13-2015,15:27:00,B1,Y,N,LAUREL,UNK,01,00,96,MU,,0,N,COURTLAND PL,0,F,N,18,MU,,ASHFORD BLVD,39.09615028,-76.86130643
01,16,,03,88,00,1,01,02,00,CE40760003,06.01,01-16-2015,11:24:00,3,Y,N,LAUREL,UNK,01,00,198,MD,,0.802,W,TALBOTT AVE (WB COUPLET),100,F,W,1,US,,WASHINGTON BLVD (SB COUPLET),39.09906035,-76.84874296
07.88,16,,01,88,02,,01,01,00,CE40760004,06.01,02-06-2015,08:30:00,2,N,N,LAUREL,UNK,02,00,85,MU,,0.06,S,CLAYS LA,50,F,S,440,MU,,WEST ST,39.10418909,-76.85799122
03,16,,01,88,04,1,01,01,00,CE40860002,12.04,03-01-2015,19:05:00,,N,N,LAUREL,UNK,01,00,270,MU,,0.12,E,MONTROSE AVE,50,F,E,9112,MU,,ELEVENTH ST,39.10148531,-76.86715633
01,16,,02,03,02,3,01,88,00,CE40860003,06.01,03-17-2015,17:52:00,1,Y,N,LAUREL,UNK,01,00,1,US,,12.85,N,BALTIMORE AVE,0,F,N,83,MU,,CHERRY LA,39.09153307,-76.85722142
07.88,16,,01,17,02,3,00,02,17.10,CE40860004,06.01,03-29-2015,02:22:00,3,N,N,LAUREL,UNK,09,09,198,MD,,1.188,W,TALBOTT AVE (WB COUPLET),0,F,W,9060,MU,,SIXTH ST,39.10283617,-76.85408592
03,16,,01,03,00,1,01,03,04,CE41150002,06.01,01-09-2015,17:56:00,B5,N,N,LAUREL,UNK,01,09,198,MD,,3.93,E,FORT MEADE RD,200,F,E,197,MD,,LAUREL BOWIE RD,39.0953884,-76.83962882
03,16,,03,17,02,2,01,04,00,CE41150003,00,01-25-2015,21:35:00,B5,Y,N,LAUREL,UNK,03,00,852,OP,,0,W,MORRIS DR,0,F,W,197,MD,,LAUREL BOWIE RD,39.09344827,-76.84337854
01,16,,03,02,02,2,01,01,00,CE41150004,06.01,02-18-2015,12:42:00,B1,N,N,LAUREL,UNK,01,00,1,US,,13.12,N,BALTIMORE AVE,0,F,N,,UU,,ENT TO BUSINESS,39.09388127,-76.85463309
01,16,,01,03,02,2,01,02,00,CE41520002,06.01,01-09-2015,13:37:00,3,N,N,LAUREL,UNK,01,00,1,US,,0.27,S,WASHINGTON BLVD (SB COUPLET),0,F,S,350,MU,,PRINCE GEORGE ST,39.10270712,-76.84490204
03,16,,01,07,02,2,01,02,00,CE42050002,06.01,03-19-2015,21:19:00,B1,N,N,LAUREL,UNK,01,00,7,CO,,1.53,E,CHERRY LA,500,F,E,1,US,,BALTIMORE AVE,39.09214095,-76.85896754
03,16,,88,88,01,,00,88,00,CE42340003,03,01-04-2015,17:24:00,,N,N,LAUREL,UNK,01,00,1,US,,0.701,S,WASHINGTON BLVD (SB COUPLET),15,F,S,,UU,,ENT TO BUSINESS,39.09814446,-76.84981585
01,16,,00,03,02,,01,00,00,CE42340004,00,01-10-2015,07:30:00,,N,N,LAUREL,UNK,02,00,230,MU,,0.062,N,MAIN ST,10,F,N,1,US,,SECOND ST (NB COUPLET),39.10185789,-76.84221983
01,16,,01,09,01,1,00,02,00,CE42340005,03,01-12-2015,11:56:00,1,Y,N,LAUREL,UNK,01,00,198,MD,,3.48,E,GORMAN AVE (EB COUPLET),15,F,E,,UU,,SPUR FR US 1,39.09801124,-76.84942961
03,16,,02,11,02,3,01,04,88,CE42340006,06.01,01-17-2015,19:13:00,5,Y,N,LAUREL,UNK,01,09,197,MD,,14.14,N,LAUREL BOWIE RD,0,F,N,55,MU,,BOWIE RD,39.0889433,-76.84644699
03,16,,01,17,02,3,01,02,08,CE42340007,06.01,02-08-2015,03:42:00,,N,N,LAUREL,UNK,09,00,1,US,,13.81,N,SECOND ST (NB COUPLET),20,F,N,260,MU,,MONTGOMERY ST,39.10122512,-76.8449235
01,16,,02,03,01,1,01,02,00,CE42340008,06.01,03-02-2015,12:20:00,,Y,N,LAUREL,UNK,01,00,198,MD,,3.93,E,FORT MEADE RD,0,F,E,197,MD,,LAUREL BOWIE RD,39.09523852,-76.84250951
03,16,,02,02,01,5,01,04,00,CE42340009,03,03-10-2015,21:24:00,5,Y,N,LAUREL,UNK,01,00,198,MD,,3.93,E,FORT MEADE RD,0,F,E,197,MD,,LAUREL BOWIE RD,39.09547999,-76.84206963
01,16,,01,88,02,1,01,02,00,CE4234000B,06.01,03-21-2015,13:43:00,3,N,N,LAUREL,UNK,02,00,1,US,,0.435,S,WASHINGTON BLVD (SB COUPLET),25,F,S,210,MU,,LAUREL AVE,39.10112521,-76.84676886
04,16,,02,02,01,,01,01,11,DA2260000B,06.01,01-29-2015,20:00:00,,N,N,PGCOPD,UNK,03,09,5,MD,,15.11,N,BRANCH AVE,0,F,N,,UU,,SPUR FR RAMP 2 (FR SUITLAND PKWY),38.85285153,-76.95627809
04,16,,01,02,02,1,01,04,04,DA2260000C,07.01,03-19-2015,20:39:00,,N,N,PGCOPD,UNK,01,01,5,MD,,14.97,N,BRANCH AVE,250,F,N,,UU,,ENT TO METRO STATION,38.85057889,-76.95491552
01,16,,01,01,01,1,00,01,00,DA2260000D,07.01,03-20-2015,17:07:00,,N,N,PGCOPD,UNK,01,00,381,MD,,10.52,N,BRANDYWINE RD,999,F,N,,UU,,EVERGREEN WAY,38.6781228,-76.80996895
03,16,,01,17,02,1,01,01,06,DA2260000F,06.01,03-22-2015,01:18:00,,N,N,PGCOPD,UNK,11,09,118,CO,,5.88,E,OLD FORT RD,200,F,E,4524,CO,,LIVINGSTON RD,38.75717892,-76.99549198
04,16,,01,11,02,2,01,04,06,DA2260000G,06.01,03-23-2015,06:40:00,,N,N,PGCOPD,UNK,03,09,704,MD,,5.65,E,MARTIN LUTHER KING JR HWY,30,F,E,,UU,,PARLIMENT PL,38.95089878,-76.83704853
01,16,,08.04,88,02,,01,88,00,DA22840002,06.01,03-18-2015,08:29:00,,N,N,PGCOPD,UNK,02,00,5101,CO,,0,E,RITCHBORO RD,10,F,E,,UU,,CUL DE SAC,38.86270997,-76.85471892
03,16,,00,03,04,,01,04,00,DA22980002,06.01,02-10-2015,04:50:00,,N,N,PGCOPD,UNK,02,00,202,MD,,9.55,N,LANDOVER RD,100,F,N,95,IS,,CAPITAL BELTWAY,38.91736604,-76.85207427
01,16,,01,03,04,1,01,01,00,DA23050002,07.01,01-07-2015,14:35:00,,N,N,PGCOPD,UNK,01,00,2645,CO,,0.61,W,BRIARWOOD DR,10,F,W,343,OP,,HUNTING LA,39.08128586,-76.85400546
06.02,16,,03,06,01,,01,01,00,DA23370003,03,01-04-2015,16:10:00,0315,N,N,PGCOPD,UNK,01,00,76,CO,,1.35,S,BRIGHTSEAT RD,35,F,S,202,MD,,LANDOVER RD,38.91796707,-76.86014771
01,16,,02,88,02,1,01,04,00,DA23740003,06.01,01-17-2015,09:59:00,,Y,N,PGCOPD,UNK,01,00,450,MD,,9.767,E,ANNAPOLIS RD,0,F,E,41,CO,,HILLMEADE RD,38.9716047,-76.78513169
01,16,,01,17,02,1,01,01,00,DA23760002,06.01,02-13-2015,08:46:00,,N,N,PGCOPD,UNK,08,00,198,CO,,0.14,N,HAYNES RD,50,F,N,4419,CO,,HAINES CT,39.10597907,-76.87138081
01,16,,02,03,02,1,01,01,00,DA24040002,06.01,02-18-2015,13:21:00,16,N,N,PGCOPD,UNK,01,00,1212,CO,,1.56,N,OLD CRAIN HWY,0,F,N,4279,CO,,WILLIAM BEANES RD,38.80921574,-76.76615238
01,16,,01,17,03,1,01,01,09,DA24040003,08.04,03-05-2015,10:51:00,16,N,N,PGCOPD,UNK,09,00,172,CO,,0,E,NORTH KEYS RD,1,M,E,381,MD,,BRANDYWINE RD,38.69562581,-76.82473183
01,16,,03,11,02,1,01,04,00,DA24230002,06.01,02-10-2015,13:07:00,,Y,N,PGCOPD,UNK,01,00,210,MD,,10.54,N,INDIAN HEAD HWY,5,F,N,3645,CO,,PALMER RD,38.76618061,-76.99439764
03,16,,00,09,02,1,01,04,00,DA24620002,00,02-04-2015,18:20:00,,N,N,PGCOPD,UNK,01,00,4194,CO,,0.63,N,85TH AVE,50,F,N,450,MD,,ANNAPOLIS RD,38.95823873,-76.86961055
01,16,,09.04,09,02,1,01,01,00,DA25240004,06.01,01-07-2015,09:41:00,,N,N,PGCOPD,UNK,01,00,3675,CO,,1.52,N,OLD BRANCH AVE,100,F,N,96,CO,,KIRBY RD,38.78642608,-76.89777911
04,16,,01,17,02,1,01,01,00,DA25240005,06.01,02-25-2015,02:55:00,,N,N,PGCOPD,UNK,08,00,599,CO,,3.94,N,BRANDYWINE RD,0,F,N,2964,CO,,PARKVIEW LA,38.74468468,-76.89714342
05.02,16,,01,17,02,1,01,01,00,DA25740001,06.01,01-02-2015,05:11:00,,N,N,PGCOPD,UNK,08,00,823,CO,,0,E,MOORES RD,1,M,E,599,CO,,BRANDYWINE RD,38.71384449,-76.87962055
01,16,,02,11,00,5,01,01,00,DA25740002,06.01,03-18-2015,16:51:00,,Y,N,PGCOPD,UNK,01,00,5,MD,,6.55,N,BRANCH AVE,0,F,N,130,CO,,SURRATTS RD,38.75060261,-76.87957764
03,16,,03,11,01,,01,04,00,DA26020002,06.01,01-15-2015,04:52:00,,Y,N,PGCOPD,UNK,01,00,414,MD,,3.719,E,ST BARNABAS RD,5,F,E,3733,CO,,RALEIGH RD,38.82344356,-76.9499588
01,16,,01,13,01,1,01,01,07,DA26370002,06.01,01-21-2015,12:40:00,,N,N,PGCOPD,UNK,01,09,223,MD,,7.98,N,WOODYARD RD,25,F,N,4016,CO,,CANBERRA DR,38.77145059,-76.87543631
01,16,,03,03,02,,01,02,00,DA26370003,06.01,02-12-2015,17:11:00,,Y,N,PGCOPD,UNK,01,00,,,,0.43,E,OLD ALEXANDRIA FERRY RD,3,F,E,,,,VIRGINIA AVE,38.78380005,-76.88914776
01,16,,00,13,01,1,00,01,07,DA26370004,06.01,01-21-2015,12:40:00,,N,N,PGCOPD,UNK,01,09,223,md,,,, WOODYARD RD,25,F,,4016,co,,CANBERRA DR,38.77109927,-76.87650919
03,16,,02,88,02,,01,04,00,DA26460002,06.01,01-09-2015,18:13:00,,Y,N,PGCOPD,UNK,03,00,3542,CO,,0.207,E,POWDER MILL RD,0,F,E,212,MD,A,POWDER MILL RD,39.02599772,-76.96618617
01,16,,01,17,03,2,01,03,08,DA26540002,08.04,01-06-2015,13:42:00,,N,N,PGCOPD,UNK,10,09,4475,CO,,0.08,S,HAMPTON PARK BLVD,100,F,S,4495,CO,,HAMPTON MALL DR NORTH,38.88724151,-76.85232639
03,16,,02,11,02,2,01,04,00,DA26540006,06.01,02-26-2015,20:27:00,,Y,N,PGCOPD,UNK,01,01,202,MD,,11.55,N,LANDOVER RD,0,F,N,3361,CO,,KENT VILLAGE DR,38.92677004,-76.88468322
01,16,,01,01,04,3,04,04,04,DA26600002,06.01,02-24-2015,10:34:00,,N,N,PGCOPD,UNK,09,01,450,MD,,1.31,E,ANNAPOLIS RD,150,F,E,258,CO,,57TH AVE,38.93935022,-76.91697836
01,16,,01,07,01,,88,88,00,DA26600003,07.01,02-24-2015,08:15:00,,N,N,PGCOPD,UNK,01,00,450,MD,,0.59,E,ANNAPOLIS RD,0,U,E,,UU,,ENT TO SCHOOL,38.93894965,-76.93203092
01,16,,01,07,02,2,01,03,00,DA26600004,07.01,03-03-2015,16:00:00,,N,N,PGCOPD,UNK,01,00,1,US,,5.41,N,BALTIMORE AVE,30,F,N,191,MU,,CHEROKEE ST #1,39.00403626,-76.93044841
01,13,,01,17,04,,01,01,10,CB51880009,06.01,02-03-2015,10:30:00,E1,N,N,HOCPD,UNK,16,09,1910,CO,,1.89,N,GUILFORD RD,600,F,N,208,CO,,PINE TREE RD,39.14637882,-76.81180358
06.02,13,,09.04,11,02,,01,01,00,CB5188000B,06.01,02-06-2015,17:42:00,E1,N,N,HOCPD,UNK,01,01,1,US,,3.42,N,WASHINGTON BLVD,5,F,N,,UU,,ENT TO COLUMBIA JUNCTION SHOPPING CENTER,39.14622073,-76.80823088
01,13,,00,88,01,1,01,01,00,CB5188000C,06.01,03-03-2015,12:36:00,E1,Y,N,HOCPD,UNK,03,00,1910,CO,,2.48,N,GUILFORD RD,120,F,N,519,CO,,CARROLL HEIGHTS AVE,39.15179532,-76.81831598
01,13,,11.04,03,02,1,01,01,00,CB5188000D,06.01,03-17-2015,12:37:00,E1,N,N,HOCPD,UNK,01,00,121,CO,,0.703,N,DORSEY RUN RD,30,F,N,3,SR,,ENT TO CLIFTON T PERKINS HOSPITAL,39.14023795,-76.79332852
01,13,,00,03,02,1,01,01,00,CB5188000F,06.01,03-30-2015,18:19:00,E2,N,N,HOCPD,UNK,01,00,194,CO,,1.05,E,VOLLMERHAUSEN RD,10,F,E,,UU,,END BRIDGE,39.14912456,-76.83264434
01,13,,01,17,03,1,01,01,10,CB5190000H,08.04,01-07-2015,10:30:00,A2,N,N,HOCPD,UNK,09,00,271,CO,,0.2,N,OLD FREDERICK RD,0,M,N,3237,CO,,HOWARD RUN DR,39.30174378,-76.8073082
01,13,,01,17,04,1,01,01,07,CB5190000J,06.01,02-20-2015,07:30:00,F4,N,N,HOCPD,UNK,16,09,79,CO,,4.78,E,FOLLY QUARTER RD,1,M,E,1734,CO,,CAMERON CT,39.26930789,-76.91590548
01,13,,01,03,02,2,01,01,00,CB5190000K,06.01,02-25-2015,13:30:00,A3,N,N,HOCPD,UNK,01,00,75,CO,,0.12,S,CENTENNIAL LA,100,F,S,278,CO,,FREDERICK RD,39.27668327,-76.86125278
01,13,,03,17,01,1,01,02,04,CB5190000L,06.01,03-06-2015,15:07:00,A3,N,N,HOCPD,UNK,09,00,2367,CO,,0,E,DORSEY HALL DR,10,F,E,1575,CO,,COLUMBIA RD,39.24430224,-76.84316397
01,13,,01,03,02,,01,04,00,CB5190000M,06.01,03-16-2015,16:00:00,A2,N,N,HOCPD,UNK,01,00,40,US,,19,E,BALTO NATIONAL PIKE,100,M,E,1312,CO,,ROGERS AVE,39.28294508,-76.81007624
01,13,,01,17,02,1,01,01,11,CB5190000N,02,03-21-2015,07:35:00,F3,N,N,HOCPD,UNK,09,11,57,CO,,1.63,S,HIGHLAND RD,0,M,S,51,CO,,BRIGHTON DAM RD,39.20984464,-76.97944164
01,13,,01,03,02,1,01,01,00,CB5190000P,07.01,03-31-2015,15:45:00,A3,N,N,HOCPD,UNK,01,00,108,MD,,8.46,E,CLARKSVILLE PIKE,0,M,E,75,CO,,CENTENNIAL LA,39.2358764,-76.87112331
01,13,,01,03,04,1,01,02,00,CB51920007,12.04,01-18-2015,10:00:00,ADAM 2,N,N,HOCPD,UNK,01,02,40,US,,21.04,E,BALTO NATIONAL PIKE,50,F,E,,UU,,BEGIN BRIDGE,39.29628072,-76.78093672
01,13,,02,11,01,1,01,03,00,CB51920008,07.01,03-04-2015,07:20:00,ADAM 1 ,Y,N,HOCPD,UNK,01,00,99,MD,,6.96,E,OLD FREDERICK RD,0,F,E,1494,CO,,TILLER DR,39.29992558,-76.8345809