LIGHT_CODE,COUNTY_NO,MUNI_CODE,JUNCTION_CODE,COLLISION_TYPE_CODE,SURF_COND_CODE,LANE_CODE,RD_COND_CODE,RD_DIV_CODE,FIX_OBJ_CODE,REPORT_NO,WEATHER_CODE,ACC_DATE,ACC_TIME,LOC_CODE,SIGNAL_FLAG,C_M_ZONE_FLAG,AGENCY_CODE,AREA_CODE,HARM_EVENT_CODE1,HARM_EVENT_CODE2,RTE_NO,ROUTE_TYPE_CODE,RTE_SUFFIX,LOG_MILE,LOGMILE_DIR_FLAG,MAINROAD_NAME,DISTANCE,FEET_MILES_FLAG,DISTANCE_DIR_FLAG,REFERENCE_NO,REFERENCE_TYPE_CODE,REFERENCE_SUFFIX,REFERENCE_ROAD_NAME,LATITUDE,LONGITUDE
01,13,,03,02,02,1,01,03,00,CB51920009,06.01,03-15-2015,15:30:00,ADAM 1 ,N,N,HOCPD,UNK,01,00,272,CO,,1.76,S,ST JOHNS LA,0,F,S,,UU,,SHOPPING CENTER,39.27789581,-76.82566524
01,13,,02,11,00,2,01,04,00,CB5816000H,06.01,02-03-2015,16:41:00,,Y,N,HOCPD,UNK,01,00,1160,CO,,1.92,E,CRADLEROCK WAY,0,F,E,1161,CO,,BROKEN LAND PKWY,39.19208564,-76.85073853
01,13,,00,07,02,2,01,04,00,CB5816000J,06.01,02-12-2015,07:20:00,,N,N,HOCPD,UNK,15,01,32,MD,,5.42,N,PATUXENT PKWY,500,F,N,1470,CO,,SHAKER DR,39.17663432,-76.85895681
01,13,,01,03,00,,01,04,88,CB5816000K,06.01,02-20-2015,07:55:00,,N,N,HOCPD,UNK,02,00,32,MD,,4.83,N,PATUXENT PKWY,100,F,N,32,RP,,RAMP 3 FR MD 32 EB TO BROKEN LAND PKWY,39.17272521,-76.85065269
01,13,,00,07,00,2,00,01,00,CB5816000L,06.01,03-17-2015,08:16:00,,N,N,HOCPD,UNK,01,00,2070,CO,,1.49,E,COLUMBIA GATEWAY DR,500,F,E,2509,CO,,SAMUEL MORSE DR,39.17260877,-76.80752277
01,13,,02,02,00,1,01,01,00,CB5816000M,00,03-26-2015,17:03:00,,N,N,HOCPD,UNK,01,00,128,CO,,1.36,S,OAKLAND MILLS RD,0,F,S,1783,CO,,DAWN DAY DR,39.20111535,-76.8345809
05.02,13,,01,08,02,2,01,01,00,CB5817000B,00,01-23-2015,06:40:00,B5,N,N,HOCPD,UNK,01,00,1,US,,9.61,N,WASHINGTON BLVD,200,F,N,136,CO,,MONTGOMERY RD,39.20583761,-76.72875166
05.02,13,,01,07,01,1,01,04,00,CB5817000C,03,02-02-2015,06:59:00,E3,N,N,HOCPD,UNK,01,00,216,MD,,0.64,N,SCAGGSVILLE RD,100,F,N,114,CO,,ALL SAINTS RD,39.11937331,-76.85258389
01,13,,01,17,01,1,01,04,09,CB5817000D,07.01,02-02-2015,11:32:00,E2,Y,N,HOCPD,UNK,09,00,191,CO,,0,S,HOWARD ST,0,F,S,126,CO,,BALTIMORE ST,39.13773319,-76.81637406
01,13,,01,03,02,1,01,01,00,CB5817000F,06.01,02-11-2015,07:49:00,E2,N,N,HOCPD,UNK,01,00,3000,CO,,0.22,W,SKYLARK BLVD,25,F,W,3483,CO,,MYSTIC DANCE LA,39.14127811,-76.85601711
05.02,13,,01,88,03,1,01,88,00,CB5817000G,08.04,02-17-2015,07:20:00,E2,N,N,HOCPD,UNK,01,00,126,CO,,0,W,BALTIMORE ST,0,F,W,,UU,,ROAD END,39.13757508,-76.81482911
01,13,,03,03,01,2,01,01,00,CB5817000H,08.04,03-20-2015,08:50:00,E2,Y,N,HOCPD,UNK,01,01,1,US,,0.97,N,WASHINGTON BLVD,50,F,N,112,CO,,WHISKEY BOTTOM RD,39.1162102,-76.83151245
01,13,,01,03,01,1,01,01,00,CB58180006,03,01-03-2015,09:19:00,,N,N,HOCPD,UNK,01,00,108,MD,,5.62,E,CLARKSVILLE PIKE,1,M,E,1945,CO,,BRAGDON WOOD,39.23075309,-76.91449463
06.02,13,,03,03,01,2,01,04,00,CB58180007,06.01,01-07-2015,18:43:00,,N,N,HOCPD,UNK,01,00,795,CO,,0.24,E,GOV WARFIELD PKWY,200,F,E,753,CO,,TWIN RIVERS RD,39.21672753,-76.86777592
01,13,,01,03,04,1,88,01,09,CB58180008,03,01-18-2015,09:13:00,,N,N,HOCPD,UNK,09,01,767,CO,,1.08,N,GREEN MT CIR,500,F,N,780,CO,,PAINTED CUP,39.22010224,-76.86516345
03,13,,02,02,00,2,01,04,00,CB58180009,06.01,01-27-2015,18:30:00,,Y,N,HOCPD,UNK,01,00,794,CO,,4.12,E,LITTLE PATUXENT PKWY,0,F,E,1050,OP,,STERRETT PL,39.21865595,-76.85833454
01,13,,03,03,00,1,01,04,00,CB5818000B,06.01,02-13-2015,15:14:00,,Y,N,HOCPD,UNK,01,01,794,CO,,2.91,E,LITTLE PATUXENT PKWY,500,F,E,795,CO,,GOV WARFIELD PKWY,39.22221758,-76.85823798
01,13,,01,07,03,3,00,04,08,CB5818000C,08.04,03-01-2015,10:43:00,,N,N,HOCPD,UNK,01,09,29,US,,8.58,N,COLUMBIA PIKE,0,M,N,29,RP,,RAMP 6 FR MD 108 EB TO US 29 SB,39.23553569,-76.84000969
03,13,,01,17,06.03,3,01,04,00,CB5818000D,12.04,03-01-2015,18:42:00,,N,N,HOCPD,UNK,00,00,29,US,,8.58,N,COLUMBIA PIKE,0,F,N,29,RP,,RAMP 6 FR MD 108 EB TO US 29 SB,39.23690683,-76.83921576
01,13,,02,11,00,1,01,01,00,CB5818000G,06.01,03-09-2015,14:58:00,,Y,N,HOCPD,UNK,01,00,744,CO,,1.23,W,HARPERS FARM RD,0,F,W,1029,CO,,RIVENDELL LA,39.22585382,-76.89384699
01,13,,02,03,02,1,01,04,00,CB58200006,06.01,01-08-2015,12:57:00,B1,Y,N,HOCPD,UNK,01,00,977,CO,,0,S,PHELPS LUCK DR,0,F,S,108,MD,,OLD ANNAPOLIS RD,39.22586213,-76.81698561
01,13,,01,17,04,1,00,01,09,CB58200007,09.04,01-18-2015,09:40:00,A5,N,N,HOCPD,UNK,09,16,1821,CO,,1.02,N,OLD COLUMBIA PIKE,200,F,N,564,CO,,HUNTER RD,39.2642161,-76.80494785
01,13,,01,03,03,1,00,01,00,CB58200008,08.04,01-21-2015,13:47:00,B1,N,N,HOCPD,UNK,01,00,1393,CO,,0.3,W,BROKEN TIMBER WAY,200,F,W,1388,CO,,SUMMER HOLLOW LA,39.22548812,-76.82901263
01,13,,05.01,17,04,,01,02,05,CB58200009,08.04,03-02-2015,08:53:00,A4,N,N,HOCPD,UNK,09,11,29,RP,,0,S,RAMP 3 FR US 40 EB TO US 29 NB,50,F,S,40,US,,BALTO NATIONAL PIKE,39.27758022,-76.81956053
01,13,,02,13,01,1,00,01,00,CB5820000B,03,03-03-2015,13:01:00,A4,N,N,HOCPD,UNK,01,00,1312,CO,,2.88,S,ROGERS AVE,0,F,S,278,CO,,FREDERICK RD,39.2691833,-76.81046247
01,13,,02,02,01,1,01,01,09,CB5820000C,08.04,03-20-2015,11:51:00,A4,N,N,HOCPD,UNK,01,09,46,CO,,0.38,W,RIDGE RD,0,F,W,1050,CO,,ELLICOTT CENTER DR,39.27776501,-76.81421489
01,16,,01,08,02,2,01,01,00,CE42610002,06.01,01-09-2015,12:18:00,3,N,N,LAUREL,UNK,01,00,1,US,,12.12,N,BALTIMORE AVE,0,M,N,100,MU,,CYPRESS ST,39.08382178,-76.8625617
03,16,,01,03,02,1,01,01,00,CE42610003,06.01,02-08-2015,01:31:00,B1,N,N,LAUREL,UNK,01,00,9040,MU,,0.73,N,FOURTH ST,0,M,N,198,MD,,GORMAN AVE (EB COUPLET),39.10006781,-76.85322762
03,16,,02,11,02,1,01,01,00,CE42610004,06.01,02-13-2015,20:59:00,B4,Y,N,LAUREL,UNK,01,00,100,MU,,0.1,W,CYPRESS ST,0,F,W,214,MU,,LAUREL LAKES DR,39.08290153,-76.86520636
01,16,,02,03,02,2,01,01,00,CE42610005,06.01,03-19-2015,12:10:00,B4,Y,N,LAUREL,UNK,01,00,1,US,,12.12,N,BALTIMORE AVE,0,F,N,100,MU,,CYPRESS ST,39.08233938,-76.86354876
01,16,,01,88,02,1,01,01,00,CE42810002,06.01,01-02-2015,09:15:00,4,N,N,LAUREL,UNK,01,00,94,MU,,0.02,S,CONCORD AVE,5,F,S,372,MU,,SARATOGA AVE,39.08402165,-76.86890244
03,16,,01,17,04,,01,01,10,CE42810003,09.04,01-29-2015,18:00:00,6,N,N,LAUREL,UNK,01,00,1,US,,11.63,N,BALTIMORE AVE,500,F,N,6,CO,,CONTEE RD,39.07768379,-76.86713219
01,16,,01,03,02,1,01,01,00,CE43260002,06.01,03-28-2015,13:20:00,4,N,N,LAUREL,UNK,01,00,219,MU,,0.13,N,LAUREL PL,15,F,N,4801,OP,,CATALPA ST,39.08995091,-76.8599546
03,16,,01,09,01,1,01,02,10,CE43380003,03,01-03-2015,20:17:00,,N,N,LAUREL,UNK,01,09,1,US,,0.336,S,WASHINGTON BLVD (SB COUPLET),100,F,S,260,MU,,MONTGOMERY ST,39.1015082,-76.84623241
01,16,,00,88,01,1,01,02,00,CE43400002,03,02-02-2015,09:08:00,,N,N,LAUREL,UNK,01,00,198,MD,,4.12,E,FORT MEADE RD,0,M,E,,UU,,ENT TO LAUREL PLAZA SHOP CTR,39.09533012,-76.83943033
01,16,,00,88,02,2,00,01,00,CE43400003,06.01,02-05-2015,13:38:00,,N,N,LAUREL,UNK,03,00,145,MU,,0.03,S,DOMER AVE,200,F,S,,UU,,ENT TO LAUREL SHOPPING CENTER,39.09533012,-76.85486913
01,16,,03,09,03,2,00,02,00,CE43400004,06.01,03-06-2015,12:32:00,,N,N,LAUREL,UNK,01,00,1,US,,0.805,S,WASHINGTON BLVD (SB COUPLET),0,M,S,,UU,,MARSHALL AVE,39.09571314,-76.85256779
01,16,,01,03,02,1,01,01,00,CE43950002,06.01,01-10-2015,09:18:00,B2,N,N,LAUREL,UNK,01,01,77,MU,,0,N,CARRIAGE HILL DR,200,F,N,3434,CO,,OLD SANDY SPRING RD,39.10371661,-76.88129157
01,16,,01,88,06.03,1,88,01,11,CE43950003,08.04,03-20-2015,13:24:00,,N,N,LAUREL,UNK,02,09,3,CO,,0.65,W,BROOKLYN BRIDGE RD,200,F,W,,UU,,BEGIN BRIDGE,39.11124883,-76.87702417
03,16,,01,03,02,3,01,02,00,CE44470003,06.01,01-16-2015,19:30:00,3,Y,N,LAUREL,UNK,01,00,198,MD,,3.33,E,GORMAN AVE (EB COUPLET),50,F,E,150,MU,,FAIRLAWN AVE,39.09914361,-76.85133934
03,16,,01,09,02,1,01,02,00,CE44470005,06.01,03-19-2015,19:21:00,3,N,N,LAUREL,UNK,01,01,1,US,,0.763,S,WASHINGTON BLVD (SB COUPLET),25,F,S,55,MU,,BOWIE RD,39.09767819,-76.85028791
01,16,,03,17,02,3,01,02,10,CE44470006,06.01,03-29-2015,07:34:00,3,N,N,LAUREL,UNK,09,00,198,MD,,3.24,E,GORMAN AVE (EB COUPLET),0,F,E,9040,MU,,FOURTH ST,39.1001927,-76.85304523
01,16,,01,09,02,1,01,02,00,CE44480006,06.01,01-05-2015,16:02:00,,N,N,LAUREL,UNK,01,00,1,US,,13.04,N,BALTIMORE AVE,10,F,N,,UU,,ENT TO BUSINESS,39.09438087,-76.85391426
01,16,,02,11,02,2,01,02,10,CE44490001,06.01,01-16-2015,08:09:00,,Y,N,LAUREL,UNK,01,10,198,MD,,1.552,W,TALBOTT AVE (WB COUPLET),0,F,W,9090,MU,,NINTH ST,39.10164142,-76.86050177
01,16,,01,10,02,1,00,02,00,CE44490003,06.01,03-23-2015,08:30:00,3,N,N,LAUREL,UNK,01,01,814,CO,,0.33,N,MAIN BLVD,50,F,N,816,CO,,SECOND ST,39.10365625,-76.84387207
03,16,,00,01,00,1,01,01,00,CE44500001,06.01,01-16-2015,00:04:00,,N,N,LAUREL,UNK,02,02,40,MU,,0,N,B ST,100,F,N,230,MU,,MAIN ST,39.10507576,-76.84449434
01,16,,01,11,01,1,01,02,00,CE44500002,00,01-27-2015,12:43:00,,N,N,LAUREL,UNK,01,00,198,MD,,3.03,E,GORMAN AVE (EB COUPLET),0,F,E,,UU,,ENT TO BUSINESS,39.10143327,-76.85654283
03,16,,03,02,02,3,01,03,00,CE44500003,06.01,03-23-2015,19:58:00,B3,Y,N,LAUREL,UNK,01,00,198,MD,,4.12,E,FORT MEADE RD,0,F,E,,UU,,ENT TO LAUREL PLAZA SHOP CTR,39.09550497,-76.83876514
01,16,,02,11,04,3,01,02,04,CE44570001,08.04,01-27-2015,08:38:00,,Y,N,LAUREL,UNK,01,09,210,MU,,0.13,N,LAUREL AVE,0,F,N,1,US,,WASHINGTON BLVD (SB COUPLET),39.10101697,-76.84703708
03,16,,02,17,01,2,01,02,09,CE45040004,03,01-04-2015,03:38:00,089,N,N,LAUREL,UNK,01,09,198,MD,,3.53,E,GORMAN AVE (EB COUPLET),0,F,E,1,US,,SECOND ST (NB COUPLET),39.09765737,-76.84858203
01,16,,01,09,01,1,01,02,00,CE45040005,06.01,03-07-2015,17:42:00,,N,N,LAUREL,UNK,01,01,198,MD,,1.467,W,TALBOTT AVE (WB COUPLET),0,F,W,,UU,,ENT TO BUSINESS,39.10220757,-76.85867786
01,16,,03,00,02,1,01,02,00,CE4506000C,06.01,02-20-2015,07:59:00,3,Y,N,LAUREL,UNK,03,00,350,MU,,0.39,S,PRINCE GEORGE ST,1,F,S,1,US,,WASHINGTON BLVD (SB COUPLET),39.10281536,-76.84498787
01,16,,00,17,03,3,01,02,11,CE4506000D,08.04,02-21-2015,11:39:00,1,N,N,LAUREL,UNK,09,00,198,MD,,3.05,E,GORMAN AVE (EB COUPLET),100,F,E,216,MD,,SEVENTH ST,39.10142286,-76.85721606
01,16,,02,11,02,2,01,00,00,CE4506000G,06.01,03-17-2015,18:45:00,4,Y,N,LAUREL,UNK,01,00,83,MU,,1.09,E,CHERRY LA,0,F,E,18,MU,,ASHFORD BLVD,39.09299446,-76.86506689
04,16,,01,88,00,1,01,01,00,DA26750002,06.01,02-28-2015,04:33:00,,N,N,PGCOPD,UNK,08,00,99,CO,,3.94,N,BROWN STATION RD,0,M,N,2460,CO,,KAINE PL,38.85861638,-76.8068254
01,16,,00,03,02,4,01,02,00,DA26820002,00,02-05-2015,16:28:00,,N,N,PGCOPD,UNK,01,01,95,IS,,7.3,N,CAPITAL BELTWAY,200,F,N,5,MD,,BRANCH AVE,38.81880437,-76.91222548
03,16,,01,07,01,1,01,03,00,DA26930003,00,01-04-2015,01:30:00,,N,N,PGCOPD,UNK,01,01,4852,CO,,0.5,N,HOSPITAL DR,50,F,N,,UU,,SPUR FR MERCY LA,38.93068756,-76.92095876
01,16,,02,11,02,4,01,03,00,DA27170006,06.01,01-28-2015,16:20:00,,Y,N,PGCOPD,UNK,01,00,458,MD,,1.41,N,SILVER HILL RD,0,F,N,81,CO,,SUITLAND RD,38.84883466,-76.92478225
03,16,,01,07,02,1,01,01,00,DA27170007,06.01,01-28-2015,18:10:00,,N,N,PGCOPD,UNK,01,00,458,MD,,2.183,N,SILVER HILL RD,0,F,N,705,CO,,WEST AVE,38.85260505,-76.91175073
03,16,,02,11,01,1,99,03,00,DA27200003,03,01-24-2015,02:10:00,16,Y,N,PGCOPD,UNK,01,00,122,CO,,2.66,E,BRINKLEY RD,0,F,E,123,CO,,TEMPLE HILL RD,38.80088003,-76.92896247
01,16,,02,07,02,2,01,04,00,DA27260005,00,03-19-2015,08:45:00,,N,N,PGCOPD,UNK,01,00,202,MD,,13.6,N,LANDOVER RD,0,F,N,258,CO,,57TH AVE,38.93639602,-76.91993952
01,16,,01,03,02,,01,00,00,DA27260006,06.01,03-28-2015,17:52:00,,Y,N,PGCOPD,UNK,01,00,482,CO,,0.45,S,56TH AVE,2,F,S,617,CO,,HAMILTON ST,38.95114908,-76.9199717
03,16,,01,17,02,1,01,04,88,DA27280002,06.01,01-25-2015,22:19:00,,N,N,PGCOPD,UNK,08,00,5262,CO,,0.1,N,CAPITAL CT,1,F,N,5261,CO,,CAPITAL LA,38.89054013,-76.83912992
01,16,,01,03,02,1,01,04,00,DA27280003,00,02-01-2015,12:17:00,,N,N,PGCOPD,UNK,01,00,301,US,,21.31,N,CRAIN HWY,10,F,N,3643,CO,,QUEEN ANNE BRIDGE RD,38.91591355,-76.71703577
01,16,,01,11,02,2,01,04,04,DA27280004,06.01,02-16-2015,12:13:00,,N,N,PGCOPD,UNK,01,02,4638,CO,,0.86,S,CAMPUS WAY SOUTH,250,F,S,3569,CO,,PRINCE PL,38.88829374,-76.8334651
03,16,,02,03,02,1,01,01,00,DA27350004,06.01,02-06-2015,00:11:00,,N,N,PGCOPD,UNK,02,00,4719,CO,,0.32,N,ST MICHAELS DR,0,F,N,4902,CO,,CLEAVER DR,38.90304011,-76.79917574
01,16,,01,10,03,1,01,01,00,DA27350005,10.04,03-05-2015,15:56:00,,N,N,PGCOPD,UNK,01,00,974,CO,,1.28,N,RITCHIE MARLBORO RD,0,M,N,95,CO,,BROOKE LA,38.8274556,-76.79705143
05.02,16,,01,17,02,1,01,02,00,DA27350006,06.01,03-13-2015,06:20:00,,N,N,PGCOPD,UNK,08,00,301,US,,20.09,N,CRAIN HWY,0,M,N,214,MD,,CENTRAL AVE,38.90086927,-76.72042608
03,16,,03,03,02,2,01,04,00,DA27540003,06.01,01-05-2015,18:00:00,,Y,N,PGCOPD,UNK,01,01,127,CO,,1.26,W,AUTH RD,1,F,W,5611,CO,,CAPITAL GATEWAY DR,38.82422927,-76.91165686
01,16,,03,03,02,1,01,04,00,DA27540004,06.01,03-30-2015,15:46:00,,Y,N,PGCOPD,UNK,01,00,458,MD,,0.25,N,SILVER HILL RD,1,F,N,414,MD,,OLD SILVER HILL RD,38.84060178,-76.9424808
00,16,,01,17,04,1,00,04,00,DA27570001,12.04,02-10-2015,05:19:00,,N,N,PGCOPD,UNK,00,00,704,MD,,4.52,E,MARTIN LUTHER KING JR HWY,200,F,E,74,CO,,WHITFIELD CHAPEL RD,38.94000947,-76.85490131
01,16,,02,01,02,1,01,01,00,DA27570002,06.01,03-13-2015,08:05:00,,Y,N,PGCOPD,UNK,01,00,6823,CO,,0.088,W,MOCKINGBIRD LA,0,F,W,6848,CO,,ALBATROSS CT,38.98902736,-76.77530408
01,16,,01,17,02,1,01,01,11,DA2774000G,06.01,01-05-2015,11:11:00,,N,N,PGCOPD,UNK,09,00,137,CO,,0.67,N,S OSBORNE RD,700,F,N,5537,CO,,ROLLING GLEN WAY,38.78884294,-76.80279136
03,16,,01,17,02,1,01,01,11,DA2774000H,06.01,01-14-2015,00:55:00,,N,N,PGCOPD,UNK,09,00,5487,CO,,0.07,W,BLACKSTONE AVE,83,F,W,4528,CO,,BARNSDALE DR,38.74059476,-76.82158023
04,16,,01,17,02,2,01,04,07,DA2774000J,07.01,03-07-2015,03:21:00,,N,N,PGCOPD,UNK,09,00,193,MD,,9.16,E,GREENBELT RD,140,F,E,5382,CO,,VANDENBURG CT,38.99148737,-76.84078217
04,13,,01,17,04,1,01,01,05,CB51980001,09.04,01-12-2015,04:52:00,F1,N,N,HOCPD,UNK,09,10,144,MD,A,1.79,E,FREDERICK RD,10,F,E,8,CO,A,BEETZ RD,39.34661108,-77.11003304
04,13,,01,17,03,1,01,01,10,CB51980002,08.04,02-16-2015,22:21:00,F4,N,N,HOCPD,UNK,09,00,80,CO,,0.54,S,SHEPPARD LA,0,M,S,2516,CO,,TARALEY CT,39.23393183,-76.93933725
04,13,,01,17,04,3,01,03,06,CB51980003,09.04,03-01-2015,21:52:00,F1,N,N,HOCPD,UNK,16,00,70,IS,,3.81,E,NO NAME,0,M,E,94,MD,,WOODBINE RD,39.34564863,-77.0818162
04,13,,01,17,04,1,01,01,07,CB51980004,06.01,03-02-2015,21:50:00,F1,N,N,HOCPD,UNK,10,09,94,MD,,2.77,N,WOODBINE RD,0,M,N,11,CO,,FLORENCE RD,39.30871728,-77.11157799
04,13,,01,17,04,1,01,01,00,CB51980005,06.01,03-06-2015,20:15:00,F1,N,N,HOCPD,UNK,88,11,94,MD,,1.45,N,WOODBINE RD,100,M,N,2603,CO,,STARTING GATE CT,39.29667926,-77.12239265
05.02,13,,01,17,04,1,00,02,06,CB52360007,07.01,03-02-2015,06:30:00,D4,N,N,HOCPD,UNK,09,00,29,US,,5.63,N,COLUMBIA PIKE,0,M,N,29,RP,,RAMP 1 FR US 29 NB TO BROKEN LAND PKWY,39.20126501,-76.85821116
01,13,,02,11,01,1,00,01,00,CB52360009,09.04,03-20-2015,14:15:00,D11,N,N,HOCPD,UNK,01,00,3046,CO,,0.19,S,SIGNAL BELL LA,0,F,S,2892,CO,,GREAT STAR DR,39.20939573,-76.93862915
01,13,,01,17,01,1,01,01,05,CB5254000B,03,02-09-2015,09:45:00,A2,N,N,HOCPD,UNK,09,00,271,CO,,1.46,N,OLD FREDERICK RD,75,F,N,,UU,,BALTIMORE CO/L,39.30846824,-76.79481983
01,13,,01,06,01,1,01,01,00,CB5254000C,06.01,02-10-2015,10:21:00,A2,N,N,HOCPD,UNK,01,00,271,CO,,1.46,N,OLD FREDERICK RD,75,F,N,,UU,,BALTIMORE CO/L,39.30919876,-76.79443359
01,13,,05.01,17,01,,00,88,01,CB5254000D,06.01,02-15-2015,12:50:00,A2,N,N,HOCPD,UNK,09,00,29,RP,,0.1,S,RAMP 7 FR US 40 WB TO US 29 SB,50,F,S,,UU,,BEGIN BRIDGE,39.2777131,-76.81833744
01,13,,02,11,01,1,08,04,00,CB5254000F,06.01,02-23-2015,11:31:00,A3,N,N,HOCPD,UNK,01,00,2367,CO,,0.8,E,DORSEY HALL DR,0,F,E,,UU,,CUL DE SAC,39.24360428,-76.84123278
01,13,,02,11,02,3,01,04,00,CB5254000G,06.01,03-10-2015,09:36:00,A3,N,N,HOCPD,UNK,01,00,40,US,,17.51,E,BALTO NATIONAL PIKE,0,F,E,516,CO,,PLUM TREE DR,39.27766327,-76.83543921
01,13,,01,17,02,1,01,01,04,CB5254000H,06.01,03-13-2015,14:15:00,A3,N,N,HOCPD,UNK,09,00,76,CO,,1.09,S,OLD ANNAPOLIS RD,100,F,S,2684,CO,,BRIARCLIFFE LA,39.24769223,-76.84960127
05.02,13,,01,03,02,2,01,04,00,CB5254000J,06.01,03-19-2015,07:07:00,A1,N,N,HOCPD,UNK,01,00,29,US,,11.82,N,COLUMBIA PIKE,15,F,N,40,US,,BALTO NATIONAL PIKE,39.27929104,-76.82172775
01,13,,02,03,02,1,01,01,00,CB5254000K,06.01,03-23-2015,15:17:00,A2,N,N,HOCPD,UNK,01,00,2929,CO,,0.13,N,NORTH RIDGE RD,0,F,N,3203,CO,,EXECUTIVE CENTER RD,39.28081912,-76.8173933
01,13,,03,03,04,1,01,01,00,CB52560009,08.04,01-06-2015,09:36:00,B4,Y,N,HOCPD,UNK,01,00,1,US,,7.79,N,WASHINGTON BLVD,15,F,N,1126,CO,,AMBERTON DR,39.19114601,-76.75335288
01,13,,01,17,02,2,01,01,04,CB5256000B,07.01,01-14-2015,15:49:00,B4,N,N,HOCPD,UNK,09,00,1,US,,7.79,N,WASHINGTON BLVD,25,F,N,1126,CO,,AMBERTON DR,39.1910296,-76.75315976
01,13,,01,07,02,1,01,01,00,CB5256000C,07.01,01-23-2015,13:44:00,,N,Y,HOCPD,UNK,01,15,1,US,,7.05,N,WASHINGTON BLVD,0,M,N,103,MD,,MEADOWRIDGE RD,39.1834872,-76.76426411
06.02,13,,02,02,02,1,01,01,00,CB5256000D,06.01,02-20-2015,17:13:00,B3,Y,N,HOCPD,UNK,01,00,2870,CO,,0.27,S,MARSHALEE DR,0,F,S,3037,CO,,AVALON DR,39.21099183,-76.77736402
01,13,,01,08,02,2,01,04,00,CB5256000G,06.01,03-12-2015,07:44:00,B4,N,N,HOCPD,UNK,01,00,175,MD,,1.78,N,WATERLOO RD,0,M,N,95,RP,,RAMP 2 FR MD 175 WB TO IS 95 NB,39.17493763,-76.78707361
01,13,,05.01,03,04,,88,02,05,CB5256000H,06.01,03-06-2015,06:32:00,B4,N,N,HOCPD,UNK,01,09,100,MD,,5.98,E,NO NAME,0,M,E,95,RP,,RAMP 7 FR MD 100 WB TO IS 95 SB,39.19872916,-76.76488638
05.02,13,,01,07,02,,01,03,01,CB5256000J,07.01,03-16-2015,06:32:00,B5,N,N,HOCPD,UNK,02,09,1,US,,8.24,N,WASHINGTON BLVD,50,F,N,3164,CO,,TROY HILL DR,39.19280074,-76.75009131
01,13,,02,03,01,2,01,04,00,CB5256000L,07.01,03-20-2015,14:25:00,B2,N,N,HOCPD,UNK,01,00,1140,CO,,3.02,N,SNOWDEN RIVER PKWY,0,F,N,3021,CO,,APRIL BROOK CIR,39.1990451,-76.80766225
01,13,,03,02,01,,00,01,00,CB52620008,06.01,01-27-2015,13:26:00,E1,N,N,HOCPD,UNK,01,00,1910,CO,,1.73,N,GUILFORD RD,50,F,N,1,US,,WASHINGTON BLVD,39.144723,-76.80974364
04,13,,02,14,02,1,01,01,00,CB52620009,06.01,02-04-2015,17:35:00,E1,N,N,HOCPD,UNK,01,18,1910,CO,,2.77,N,GUILFORD RD,0,F,N,122,CO,,MISSION RD,39.1558803,-76.82093382
01,13,,01,01,04,1,88,01,00,CB5262000B,12.04,02-10-2015,08:00:00,D1,N,N,HOCPD,UNK,01,00,108,MD,,5.12,E,CLARKSVILLE PIKE,500,F,E,2410,CO,,MEADOW VISTA WAY,39.22415,-76.92417741
01,13,,01,17,04,1,88,01,10,CB5262000C,12.04,02-10-2015,08:00:00,D1,N,N,HOCPD,UNK,09,09,108,MD,,5.12,E,CLARKSVILLE PIKE,350,F,E,2410,CO,,MEADOW VISTA WAY,39.22391313,-76.92437589
01,13,,02,03,02,,01,01,00,CB5262000D,06.01,03-19-2015,17:28:00,D5,Y,N,HOCPD,UNK,01,00,82,CO,,0,N,CEDAR LA,0,F,N,32,RP,,RAMP 3 FR RAMP 6 (FR MD32) TO CEDAR LA,39.18509221,-76.89523637
01,13,,06.01,11,01,1,01,04,00,CB5821000B,06.01,01-04-2015,16:45:00,A4,N,N,HOCPD,UNK,01,00,40,US,,19.49,E,BALTO NATIONAL PIKE,0,F,E,,UU,,CROSSOVER,39.28680654,-76.80308104
01,13,,02,02,01,3,01,04,00,CB5821000C,03,01-26-2015,10:55:00,B2,Y,N,HOCPD,UNK,01,00,175,MD,,4.18,N,ROUSE PKWY,0,F,N,1317,CO,,DOBBIN RD,39.19868343,-76.81789488
06.02,13,,01,17,01,3,01,04,05,CB5821000D,05,02-15-2015,09:31:00,B3,N,N,HOCPD,UNK,09,00,100,MD,,2.35,E,NO NAME,1,M,E,100,RP,,RAMP 6 FR MD 100 EB TO MD 108 SB,39.21762525,-76.7952919
01,13,,01,03,02,1,01,04,00,CB5821000F,06.01,02-23-2015,16:45:00,A2,N,N,HOCPD,UNK,01,01,29,US,,13.22,N,COLUMBIA PIKE,15,F,N,70,RP,,RAMP 1 FR US 29 NB TO IS 70 WB,39.29697816,-76.8255043
01,13,,01,05,01,2,01,01,00,CB5821000G,03,03-10-2015,13:02:00,A21,N,N,HOCPD,UNK,01,00,2929,CO,,0,N,NORTH RIDGE RD,100,F,N,40,US,,BALTO NATIONAL PIKE,39.28012152,-76.81689978
00,13,,01,03,02,3,01,04,00,CB5821000H,00,03-28-2015,15:55:00,A21,N,N,HOCPD,UNK,01,00,40,US,,19.25,E,BALTO NATIONAL PIKE,100,F,E,37,OP,,NORMANDY CENTER DR,39.28404126,-76.80833817