LIGHT_CODE,COUNTY_NO,MUNI_CODE,JUNCTION_CODE,COLLISION_TYPE_CODE,SURF_COND_CODE,LANE_CODE,RD_COND_CODE,RD_DIV_CODE,FIX_OBJ_CODE,REPORT_NO,WEATHER_CODE,ACC_DATE,ACC_TIME,LOC_CODE,SIGNAL_FLAG,C_M_ZONE_FLAG,AGENCY_CODE,AREA_CODE,HARM_EVENT_CODE1,HARM_EVENT_CODE2,RTE_NO,ROUTE_TYPE_CODE,RTE_SUFFIX,LOG_MILE,LOGMILE_DIR_FLAG,MAINROAD_NAME,DISTANCE,FEET_MILES_FLAG,DISTANCE_DIR_FLAG,REFERENCE_NO,REFERENCE_TYPE_CODE,REFERENCE_SUFFIX,REFERENCE_ROAD_NAME,LATITUDE,LONGITUDE
01,16,,88,88,04,4,01,04,00,DA3855000C,05,02-15-2015,09:55:00,,N,N,PGCOPD,UNK,01,00,95,IS,,25.375,N,CAPITAL BELTWAY,0,F,N,,UU,,OUT CORP LMTS COLLEGE PARK,39.01838347,-76.9261837
01,16,,01,17,01,1,01,04,05,DA3855000D,06.01,02-16-2015,07:56:00,,N,N,PGCOPD,UNK,09,00,193,MD,,4.2,E,UNIVERSITY BLVD,0,F,E,1,RP,,RAMP 2 FR MD 193 WB TO US 1 NB,39.0010264,-76.92939162
01,16,,02,17,03,1,01,04,00,DA3855000F,08.04,03-05-2015,14:31:00,,Y,N,PGCOPD,UNK,11,00,1,US,,6.27,N,BALTIMORE AVE,0,F,N,440,MU,,EDGEWOOD RD,39.01582436,-76.92734241
01,16,,02,03,02,2,01,03,00,DA3855000G,06.01,03-12-2015,14:35:00,,Y,N,PGCOPD,UNK,01,00,14,CO,,0,W,CHERRY HILL RD,0,F,W,1,US,,BALTIMORE AVE,39.01449892,-76.92796469
01,16,,01,03,02,3,01,04,00,DA3855000H,06.01,03-12-2015,17:43:00,,N,N,PGCOPD,UNK,01,00,193,MD,,3.83,E,UNIVERSITY BLVD,0,F,E,,UU,,ENT TO PINE BRANCH GOLF COURSE,39.00135991,-76.93588257
01,16,,02,14,01,2,01,04,00,DA3855000J,03,03-20-2015,11:25:00,,Y,N,PGCOPD,UNK,01,00,1,US,,6.27,N,BALTIMORE AVE,0,F,N,440,MU,,EDGEWOOD RD,39.01599942,-76.92719221
01,16,,01,06,02,1,01,01,00,DA38560006,06.01,01-15-2015,14:51:00,,N,N,PGCOPD,UNK,01,00,373,MD,,2.25,E,ACCOKEEK RD,300,F,E,724,CO,,BERRY RD,38.67357467,-76.97163105
03,16,,01,17,02,1,01,01,08,DA38560007,06.01,01-15-2015,17:32:00,,N,N,PGCOPD,UNK,16,09,373,MD,,2.25,E,ACCOKEEK RD,1,M,E,724,CO,,BERRY RD,38.67587808,-76.94413304
03,16,,09.04,11,01,1,01,01,00,DA38560008,02,01-18-2015,18:30:00,,Y,N,PGCOPD,UNK,01,00,3853,CO,,0,W,MCKENDREE RD,250,F,W,301,US,,CRAIN HWY,38.66398746,-76.87603176
01,16,,01,17,01,1,01,01,11,DA38560009,07.01,01-24-2015,13:25:00,,N,N,PGCOPD,UNK,09,00,3853,CO,,0.65,W,MCKENDREE RD,0,M,W,,UU,,LAVENDER DREAM LA,38.67055079,-76.88904047
06.02,16,,01,17,02,1,01,00,10,DA3856000B,00,02-02-2015,17:57:00,,N,N,PGCOPD,UNK,09,00,4105,CO,,0.15,S,TIBERIAS DR,200,F,S,4106,CO,,ASSISI ST,38.75883545,-76.80481911
01,16,,09.04,11,02,2,01,01,00,DA3856000C,06.01,03-27-2015,18:12:00,,N,N,PGCOPD,UNK,01,01,126,CO,,4.78,N,ALLENTOWN RD,700,F,N,2163,CO,,WALDRAN AVE,38.79337956,-76.92605495
03,16,,00,03,02,1,01,04,00,DA38580002,06.01,01-10-2015,21:30:00,0110,N,N,PGCOPD,UNK,01,00,2760,CO,,0,N,15TH AVE,50,F,N,193,MD,,UNIVERSITY BLVD,38.98556652,-76.98157668
03,16,,01,03,04,1,01,04,00,DA38580003,10.04,02-15-2015,00:00:00,A3 0113,N,N,PGCOPD,UNK,01,00,193,MD,,0.74,E,UNIVERSITY BLVD,100,F,E,2760,CO,,15TH AVE,38.98515371,-76.98167861
03,16,,02,02,01,1,03,01,00,DA38580005,03,03-04-2015,20:00:00,A5 0127,Y,N,PGCOPD,UNK,01,00,410,MD,,1.3,E,EAST WEST HWY,0,F,E,680,CO,,23RD AVE,38.96898551,-76.9728756
01,16,,01,88,02,1,01,01,00,DA38590002,06.01,01-31-2015,10:19:00,,N,N,PGCOPD,UNK,02,02,3684,CO,,0.15,N,RAY RD,100,F,N,1544,CO,,BALFOUR DR,38.96263733,-76.98099732
01,16,,01,01,04,1,01,01,00,DA38590003,06.01,03-06-2015,07:15:00,,N,N,PGCOPD,UNK,01,00,3684,CO,,0.15,N,RAY RD,300,F,N,1544,CO,,BALFOUR DR,38.96201165,-76.980021
01,16,,01,03,02,2,01,04,00,DA38590004,07.01,03-13-2015,16:58:00,,N,N,PGCOPD,UNK,01,00,1599,CO,,0.14,S,AGER RD,50,F,S,500,CO,,SHERIDAN ST,38.96906893,-76.97671652
01,15,,01,13,02,1,01,01,00,DD5604000R,06.01,01-07-2015,13:15:00,54114,N,N,ROCKVILLE,UNK,01,00,2851,MU,,0.24,S,S STONESTREET AVE,20,F,S,242,MU,,BALTIMORE RD,39.08356333,-77.14386
01,15,,03,03,02,,01,88,00,DD5604000S,06.01,01-22-2015,12:28:00,54112,Y,N,ROCKVILLE,UNK,01,00,28,MD,,23.15,E,FIRST ST,5,F,E,586,MD,,VEIRS MILL RD,39.07996333,-77.13833167
03,15,,01,17,01,3,01,04,04,DD5604000T,03,01-29-2015,20:45:00,54112,N,N,ROCKVILLE,UNK,09,11,355,MD,,8.23,N,ROCKVILLE PIKE,500,F,N,,UU,,ENT TO APTS,39.071455,-77.13285667
03,15,,02,02,02,2,01,04,00,DD5604000V,06.01,02-05-2015,06:38:00,55112,Y,N,ROCKVILLE,UNK,01,00,2970,MU,,2.07,S,TWINBROOK PKWY,0,F,S,650,MU,,CHAPMAN AVE,39.05852667,-77.11878333
01,15,,02,03,02,2,01,04,00,DD5604000W,06.01,02-11-2015,15:51:00,55112,Y,N,ROCKVILLE,UNK,01,01,355,MD,,9.45,N,HUNGERFORD DR,0,F,N,2360,MU,,PARK RD,39.08461667,-77.14741333
03,15,,03,03,03,2,01,03,00,DD5604000X,10.04,02-14-2015,19:01:00,55112,Y,N,ROCKVILLE,UNK,01,00,3151,MU,,0.32,N,N WASHINGTON ST,10,F,N,870,MU,,DAWSON AVE,39.08867,-77.153625
05.02,15,,02,02,02,1,01,01,00,DD5604000Y,06.01,02-19-2015,07:49:00,54114,N,N,ROCKVILLE,UNK,01,00,242,MU,,1.44,E,BALTIMORE RD,0,F,E,345,OP,,COVE LA,39.08406833,-77.119255
04,15,,01,06,02,1,01,03,00,DD5604000Z,06.01,02-24-2015,22:10:00,55112,N,N,ROCKVILLE,UNK,01,00,1160,MU,,0.13,E,FREDERICK AVE,20,F,E,1670,MU,,LENMOR AVE,39.09477667,-77.14931
03,15,,02,11,02,1,01,04,00,DD56040010,06.01,03-10-2015,05:46:00,54112,N,N,ROCKVILLE,UNK,01,00,28,MD,,22.83,E,VEIRS MILL RD,0,F,E,660,MD,,DODGE ST,39.08095167,-77.14344333
03,15,,02,11,01,1,01,03,00,DD56040011,03,03-10-2015,22:05:00,54112,Y,N,ROCKVILLE,UNK,01,00,1450,MU,,0.63,N,N HORNERS LA,0,F,N,970,MU,,DOVER RD,39.09568667,-77.14449
03,15,,02,11,00,1,01,04,00,DD56040012,06.01,03-15-2015,22:30:00,55112,N,N,ROCKVILLE,UNK,01,00,586,MD,,0.2,E,VEIRS MILL RD,0,F,E,3280,MU,,WOODBURN RD,39.07920333,-77.13436
01,15,,03,03,02,,01,03,00,DD5605000W,06.01,01-23-2015,12:54:00,5511,N,N,ROCKVILLE,UNK,02,00,3080,MU,,0,W,VINSON ST,0,F,W,2012,MU,,MARYLAND AVE,39.082225,-77.152
01,15,,03,03,02,3,01,04,00,DD5605000X,06.01,02-01-2015,12:35:00,5411,Y,N,ROCKVILLE,UNK,01,01,355,MD,,9.32,N,ROCKVILLE PIKE,50,F,N,2138,MU,,MONROE PL,39.08348866,-77.14694023
03,15,,01,03,02,,01,03,00,DD5605000Y,06.01,02-07-2015,18:48:00,5411,N,N,ROCKVILLE,UNK,01,00,2640,MU,,0.26,W,ROLLINS AVE,0,U,W,1480,MU,,E JEFFERSON ST,39.057135,-77.12601667
03,15,,02,11,01,1,01,04,00,DD5605000Z,03,02-09-2015,21:03:00,5411,Y,N,ROCKVILLE,UNK,01,00,650,MU,,0.36,S,CHAPMAN AVE,0,F,S,2970,MU,,TWINBROOK PKWY,39.058805,-77.11837833
01,15,,02,11,01,3,01,04,00,DD56050010,06.01,02-17-2015,11:50:00,5511,Y,N,ROCKVILLE,UNK,01,00,1068,MU,,0.676,N,FALLSGROVE DR,0,F,N,28,MD,,W MONTGOMERY AVE,39.09971,-77.18482333
01,15,,01,07,02,3,01,04,88,DD56050011,06.01,02-23-2015,17:34:00,5511,N,N,ROCKVILLE,UNK,01,10,355,MD,,8.71,N,ROCKVILLE PIKE,500,F,N,2593,MU,,WOOTTON PKWY,39.07642333,-77.13867333
01,16,,02,11,02,1,01,01,10,DA36170002,06.01,01-24-2015,13:08:00,,Y,N,PGCOPD,UNK,01,09,5,MD,,15.27,N,BRANCH AVE,0,F,N,,UU,,SOUTHERN AVE SE (DC MAINT),38.85474813,-76.95787668
01,16,,01,11,02,,01,00,00,DA36170003,07.01,01-25-2015,11:52:00,,N,N,PGCOPD,UNK,01,00,126,CO,,5.86,N,ALLENTOWN RD,50,F,N,1991,CO,,CAMP SPRINGS AVE,38.80317934,-76.9081378
03,16,,03,03,02,3,01,04,00,DA36170004,00,02-07-2015,18:27:00,,N,N,PGCOPD,UNK,01,00,5,MD,,14.03,N,BRANCH AVE,20,F,N,5466,CO,,IVERSON ST,38.83887194,-76.94596767
03,16,,01,03,01,1,01,01,00,DA36170006,03,01-03-2015,17:45:00,,N,N,PGCOPD,UNK,01,00,2606,CO,,0.33,E,BEECH RD,100,F,E,4120,CO,,BEECH PL,38.82342685,-76.93796396
03,16,,01,17,01,1,01,01,11,DA36170007,03,01-03-2015,20:13:00,,N,N,PGCOPD,UNK,16,09,4732,CO,,0.1,N,CHERRYFIELD RD,20,F,N,5004,CO,,COPPERVILLE WAY,38.79825662,-76.94259346
01,16,,01,03,02,1,01,03,00,DA36170008,07.01,01-10-2015,14:14:00,,N,N,PGCOPD,UNK,01,00,5,MD,,14.67,N,BRANCH AVE,300,F,N,605,CO,,CURTIS DR,38.84508496,-76.95101559
01,16,,02,11,01,1,01,01,04,DA36170009,03,01-12-2015,10:46:00,,Y,N,PGCOPD,UNK,01,09,1958,CO,,0.16,S,GAITHER ST,0,F,S,1261,CO,,21ST PL,38.83294774,-76.96485043
04,16,,03,03,02,2,01,04,00,DA3617000B,00,01-19-2015,19:39:00,,Y,Y,PGCOPD,UNK,01,00,5,MD,,12.46,N,BRANCH AVE,20,F,N,3584,CO,,AUTH WAY,38.82550812,-76.92449927
04,16,,03,03,02,1,03,04,00,DA3617000C,07.01,03-21-2015,02:55:00,,Y,Y,PGCOPD,UNK,01,00,5,MD,,12.46,N,BRANCH AVE,5,F,N,3584,CO,,AUTH WAY,38.82554364,-76.92457974
04,16,,03,03,02,2,01,04,05,DA3617000D,07.01,03-22-2015,05:14:00,,Y,N,PGCOPD,UNK,01,09,5,MD,,12.46,N,BRANCH AVE,200,F,N,3584,CO,,AUTH WAY,38.82570036,-76.92510009
03,16,,01,03,04,1,88,02,00,DA36180007,10.04,02-16-2015,22:14:00,,N,N,PGCOPD,UNK,01,01,295,MD,,3.63,N,BALTIMORE WASHINGTON PKWY,1,M,N,302,CO,,RIVERDALE RD,38.95625937,-76.90635681
04,16,,02,07,00,,01,02,00,DA36180008,06.01,02-25-2015,03:53:00,,Y,N,PGCOPD,UNK,01,01,4852,CO,,0.51,N,HOSPITAL DR,0,F,N,4853,CO,,MERCY LA,38.93347508,-76.91820145
01,16,,03,11,02,2,01,04,88,DA36190009,06.01,01-05-2015,07:50:00,,Y,N,PGCOPD,UNK,01,09,450,MD,,3.34,E,ANNAPOLIS RD,1,F,E,845,CO,,GALLATIN ST,38.95029803,-76.88631535
04,16,,01,03,02,2,01,00,00,DA36210006,06.01,01-05-2015,22:59:00,,N,N,PGCOPD,UNK,01,00,4,MD,,7.68,N,PENNSYLVANIA AVE,100,F,N,92,CO,,DOWER HOUSE RD,38.82166315,-76.84930086
01,16,,00,17,03,1,01,01,11,DA36210007,06.01,01-06-2015,15:30:00,,N,N,PGCOPD,UNK,09,00,3460,CO,,1.43,N,LAKE ARBOR WAY,100,F,N,5095,CO,,CAMPUS WAY NORTH,38.9063881,-76.82644844
01,16,,00,17,06.03,,01,01,08,DA36210008,06.01,01-27-2015,09:57:00,,N,N,PGCOPD,UNK,09,10,4013,CO,,0.11,S,WHITEHOLM DR,150,F,S,3992,CO,,KENDLE ST,38.89356304,-76.77834034
04,16,,02,02,02,1,01,01,00,DA36210009,06.01,02-06-2015,19:26:00,,N,N,PGCOPD,UNK,01,00,59,CO,,6.02,S,CHURCH RD,0,F,S,139,OP,,NO NAME,38.8875672,-76.75836325
03,16,,02,17,02,1,01,01,00,DA3621000B,06.01,02-23-2015,18:43:00,,N,N,PGCOPD,UNK,08,00,202,MD,,2.35,N,LARGO RD,0,F,N,6696,CO,,OLD LARGO RD,38.84869888,-76.76725745
05.02,16,,02,02,01,1,01,01,00,DA3621000C,06.01,03-08-2015,18:36:00,,N,N,PGCOPD,UNK,01,00,59,CO,,6.02,S,CHURCH RD,0,F,S,139,OP,,NO NAME,38.88755885,-76.75835252
04,16,,00,01,01,1,01,01,00,DA3621000D,02,03-15-2015,00:55:00,,N,N,PGCOPD,UNK,01,00,,,,,E,MARY BOWIE,30,F,E,,,,PANORA WAY,38.88938772,-76.76440358
01,16,,00,17,03,,00,01,07,DA3621000F,07.01,02-15-2015,13:15:00,,N,N,PGCOPD,UNK,09,00,3643,CO,,0.22,E,QUEEN ANNE BRIDGE RD,20,F,E,4720,CO,,HIDEOUT LA,38.91323803,-76.70482099
03,16,,01,17,01,2,01,02,11,DA36220004,06.01,01-16-2015,05:19:00,,N,N,PGCOPD,UNK,09,00,228,MD,,0.1,E,BERRY RD,20,F,E,,UU,,SPUR TO MD 210,38.66472885,-77.01718569
01,16,,01,03,02,1,01,03,00,DA36220005,06.01,02-19-2015,15:18:00,,N,N,PGCOPD,UNK,01,00,118,CO,,4.94,E,OLD FORT RD,100,F,E,2977,CO,,CALTOR LA,38.75407491,-76.98531032
01,16,,02,17,03,1,01,04,09,DA36220006,10.04,02-26-2015,08:46:00,,N,N,PGCOPD,UNK,09,00,1203,CO,,0.04,N,LIVINGSTON RD,0,F,N,1856,CO,,MURRAY HILL DR,38.78035848,-76.99715495
01,16,,01,17,01,1,01,03,10,DA36220008,09.04,03-01-2015,11:36:00,,N,N,PGCOPD,UNK,09,00,373,MD,,5.26,E,ACCOKEEK RD,1,M,E,817,CO,,S SPRINGFIELD RD,38.68298052,-76.92815781
03,16,,01,17,02,,01,03,88,DA36220009,06.01,03-25-2015,23:37:00,,N,N,PGCOPD,UNK,09,10,414,MD,,3.849,E,ST BARNABAS RD,5,F,E,967,CO,,DALLAS DR,38.82437972,-76.9478935
01,16,,02,02,02,,01,04,00,DA36240008,07.01,01-23-2015,16:39:00,,N,N,PGCOPD,UNK,01,00,201,MD,,4,N,KENILWORTH AVE,0,F,N,326,CO,,QUINTANA ST,38.96170298,-76.9198215
07.88,16,,01,01,04,1,01,01,00,DA36240009,08.04,02-15-2015,01:30:00,,N,N,PGCOPD,UNK,02,00,643,CO,,0.13,W,68TH PL,0,M,W,3682,CO,,ALLISON ST,38.94276116,-76.89775229
03,16,,02,03,02,1,01,01,00,DA3624000B,06.01,02-24-2015,18:59:00,,Y,N,PGCOPD,UNK,01,00,410,MD,,4.92,E,RIVERDALE RD,0,F,E,3102,CO,,64TH AVE,38.9610773,-76.90764427
03,16,,03,03,02,2,01,01,00,DA3624000C,06.01,02-25-2015,19:59:00,,Y,N,PGCOPD,UNK,01,00,410,MD,,4.87,E,RIVERDALE RD,0,F,E,1305,CO,,63RD PL,38.96109399,-76.90867424
03,16,,03,06,02,1,03,01,00,DA3624000D,07.01,03-27-2015,20:20:00,,N,N,PGCOPD,UNK,01,00,3168,CO,,0.45,S,EDMONSTON RD,0,F,S,601,CO,,DECATUR ST,38.94759461,-76.92749262
04,16,,01,17,04,3,00,01,04,DA37900008,06.01,01-06-2015,22:22:00,,N,N,PGCOPD,UNK,09,09,202,MD,,12.31,N,LANDOVER RD,0,M,N,50,US,,JOHN HANSON HWY,38.93045387,-76.89765573
03,16,,01,17,01,1,00,01,04,DA37900009,06.01,02-22-2015,21:30:00,,N,N,PGCOPD,UNK,00,00,5730,CO,,1.24,N,GARRETT A MORGAN BLVD,0,M,N,5802,CO,,FEDEX WAY,38.90506061,-76.86633825
01,16,,03,02,02,2,01,01,00,DA3791000C,00,01-11-2015,15:20:00,142,N,N,PGCOPD,UNK,01,01,1,US,AL,0,N,BLADENSBURG RD,0,F,N,,UU,AL,EASTERN AVE (DC MAINT),38.93070426,-76.95762992
01,16,,02,03,01,1,01,01,00,DA3791000D,03,01-12-2015,15:44:00,107,N,N,PGCOPD,UNK,01,01,212,MD,,3.28,N,RIGGS RD,0,F,N,1312,CO,,SARANAC ST,38.99865844,-76.97304726
01,16,,01,03,01,2,01,03,00,DA3791000F,07.01,01-18-2015,14:41:00,157,N,N,PGCOPD,UNK,01,01,650,MD,,2.78,N,NEW HAMPSHIRE AVE,100,F,N,320,MD,,PINEY BRANCH RD,39.00066788,-76.98260665
03,16,,01,17,02,1,00,01,88,DA3791000G,00,02-01-2015,01:53:00,110,N,N,PGCOPD,UNK,10,00,2760,CO,,0.058,N,15TH AVE,400,F,N,,UU,,ENT TO APTS,38.98768474,-76.9794631
03,16,,00,02,02,1,01,01,00,DA3791000H,00,02-01-2015,00:18:00,105,N,N,PGCOPD,UNK,01,01,212,MD,,4.04,N,RIGGS RD,0,F,N,1317,CO,,HUGHES RD,39.00713771,-76.96636319
03,16,,00,17,02,2,01,04,10,DA3791000J,00,02-07-2015,02:21:00,142,N,N,PGCOPD,UNK,09,00,1,US,AL,0.8,N,BLADENSBURG RD,20,F,N,430,MU,,43RD AVE,38.93733904,-76.94520593
03,16,,02,11,02,1,01,01,00,DA3791000K,00,02-08-2015,03:51:00,107,N,N,PGCOPD,UNK,01,02,212,MD,,3.28,N,RIGGS RD,0,F,N,1312,CO,,SARANAC ST,38.99867512,-76.97304726
01,16,,02,11,02,2,01,04,00,DA3791000L,00,02-23-2015,11:45:00,157,Y,N,PGCOPD,UNK,01,01,650,MD,,2.98,N,NEW HAMPSHIRE AVE,0,F,N,230,CO,,METZEROTT RD,39.00423636,-76.98087931
01,16,,00,04,04,,01,01,00,DA3791000M,03,03-03-2015,17:19:00,157,N,N,PGCOPD,UNK,02,02,230,CO,,0,E,METZEROTT RD,100,F,E,650,MD,,NEW HAMPSHIRE AVE,39.00410713,-76.98001564
00,16,,00,03,01,1,01,01,00,DA3791000N,03,03-04-2015,17:04:00,107,N,N,PGCOPD,UNK,01,01,212,MD,,3.54,N,RIGGS RD,100,F,N,848,CO,,APACHE ST,39.00196022,-76.97216749
03,16,,00,03,01,2,01,04,00,DA3791000P,03,03-04-2015,18:34:00,118,N,N,PGCOPD,UNK,01,01,193,MD,,1.63,E,UNIVERSITY BLVD,100,F,E,1147,CO,,WEST PARK DR,38.98449905,-76.96694255
01,16,,02,17,01,1,01,04,04,DA37920002,03,03-03-2015,14:59:00,,Y,N,PGCOPD,UNK,09,09,704,MD,,0.22,E,MARTIN LUTHER KING JR HWY,0,F,E,351,CO,,ADDISON RD,38.89611822,-76.90686107
03,16,,01,03,01,,01,02,00,DA37920003,03,03-03-2015,17:48:00,,N,N,PGCOPD,UNK,02,00,2035,CO,,0.12,W,E SPRING ST,10,F,W,979,CO,,E SPRING PL,38.91816741,-76.88338637
01,16,,01,01,02,1,01,01,00,DA37920004,06.01,03-09-2015,09:17:00,,N,N,PGCOPD,UNK,02,00,3288,CO,,0.07,S,RAINSWOOD DR,10,F,S,3289,CO,,IRONWOOD PL,38.94095244,-76.85908556
01,16,,02,02,02,2,01,04,00,DA37920005,06.01,03-17-2015,14:30:00,,Y,N,PGCOPD,UNK,01,00,410,MD,,7.15,E,VETERANS PKWY,0,F,E,50,US,,JOHN HANSON HWY,38.94323054,-76.88076854
01,16,,03,11,02,1,01,01,00,DA3793000B,06.01,01-16-2015,08:24:00,,Y,N,PGCOPD,UNK,01,00,9495,MU,,0,N,49TH AVE #5,10,F,N,1120,MU,,RUATAN ST,38.99606943,-76.92765355
01,16,,01,03,02,2,01,01,00,DA3793000C,06.01,01-30-2015,13:45:00,,Y,N,PGCOPD,UNK,01,01,410,MD,,4.92,E,RIVERDALE RD,5,F,E,3102,CO,,64TH AVE,38.96108565,-76.90748334
04,16,,02,11,02,1,00,04,00,DA3793000D,06.01,02-25-2015,20:27:00,,Y,N,PGCOPD,UNK,01,00,201,MD,,6.13,N,KENILWORTH AVE,0,F,N,105,MU,,PONTIAC ST,38.99038663,-76.90593839
01,16,,02,01,02,1,01,01,00,DA37940007,06.01,01-25-2015,14:34:00,,N,N,PGCOPD,UNK,01,00,193,CO,,2.76,S,TUCKER RD,0,F,S,2403,CO,,ROSEMARIE DR,38.77569975,-76.9561708
01,16,,02,03,02,3,01,04,00,DA37940008,06.01,02-04-2015,12:01:00,,Y,N,PGCOPD,UNK,01,00,210,MD,,9.86,N,INDIAN HEAD HWY,0,F,N,,UU,,SPUR TO OLD FORT RD,38.75655143,-76.99339986
03,16,,88,17,02,1,01,01,07,DA37940009,06.01,02-12-2015,18:29:00,,N,N,PGCOPD,UNK,88,09,1269,CO,,0.07,E,EAST MEADOWS CT,0,F,E,,UU,,CUL DE SAC,38.82434629,-76.99580312
01,16,,01,02,02,,01,01,10,DA3794000B,06.01,03-24-2015,13:58:00,,N,N,PGCOPD,UNK,01,09,210,MD,,14.34,N,INDIAN HEAD HWY,50,F,N,,UU,,SPUR TO INDIAN HEAD HWY SERVICE RD,38.82038424,-77.0004487
01,16,,02,17,02,1,01,01,06,DA3794000C,06.01,03-25-2015,11:09:00,,Y,N,PGCOPD,UNK,09,00,1203,CO,,2.44,N,LIVINGSTON RD,0,F,N,110,MU,,CRISFIELD DR,38.80964211,-76.99139357
04,16,,01,17,02,3,01,04,05,DA37950002,06.01,01-25-2015,03:34:00,,N,N,PGCOPD,UNK,09,00,210,MD,,8.9,N,INDIAN HEAD HWY,300,F,N,416,CO,,FORT WASHINGTON RD,38.74536456,-76.99227333
01,16,,01,17,02,3,01,04,07,DA37950003,06.01,02-13-2015,09:30:00,,N,N,PGCOPD,UNK,09,13,210,MD,,7.7,N,INDIAN HEAD HWY,500,F,N,600,CO,,SWAN CREEK RD,38.72273446,-76.99010611
01,16,,00,17,04,3,00,04,00,DA37950005,00,03-06-2015,16:15:00,,N,N,PGCOPD,UNK,15,00,210,MD,,9.82,N,INDIAN HEAD HWY,1,M,N,118,CO,,OLD FORT RD,38.70466875,-76.98849678
01,16,,01,03,03,1,88,04,00,DA3861000H,08.04,01-06-2015,09:49:00,,N,N,PGCOPD,UNK,01,00,210,MD,,7.7,N,INDIAN HEAD HWY,0,M,N,600,CO,,SWAN CREEK RD,38.72308602,-76.98989153
01,16,,01,01,02,,00,99,00,DA3861000J,00,01-14-2015,16:48:00,,N,N,PGCOPD,UNK,02,00,4243,CO,,0,S,LUNDALE CT,250,F,S,3316,CO,,PARKTON ST,38.7179464,-76.9983995
01,16,,01,11,01,2,01,01,00,DA3861000K,00,01-22-2015,08:34:00,,N,N,PGCOPD,UNK,01,00,4079,CO,,0,E,BARROWFIELD RD,10,F,E,165,CO,,ST BARNABAS RD,38.80286162,-76.97645903
00,16,,01,17,01,1,01,01,10,DA3861000L,00,01-29-2015,17:25:00,,N,N,PGCOPD,UNK,09,00,1202,CO,,4.6,N,LIVINGSTON RD,500,F,N,600,CO,,SWAN CREEK RD (AHEAD),38.72750546,-76.99042797
06.02,16,,01,17,01,1,00,01,10,DA3861000M,00,02-17-2015,17:39:00,,N,N,PGCOPD,UNK,09,00,4645,CO,,0,W,NEWASA LA,20,F,W,373,MD,,LIVINGSTON RD,38.66956235,-76.99785233
01,16,,01,01,01,1,01,01,00,DA38640008,07.01,01-17-2015,07:54:00,,N,N,PGCOPD,UNK,01,01,97,CO,,0,W,WHITE HOUSE RD,30,F,W,202,MD,,LARGO RD,38.87594151,-76.80287719
01,16,,01,07,02,2,01,04,00,DA38640009,06.01,03-31-2015,14:44:00,,N,N,PGCOPD,UNK,01,00,202,MD,,8.74,N,LARGO RD,100,F,N,64,CO,,LOTTSFORD RD,38.91225713,-76.83825016
03,16,,01,08,01,1,00,01,00,DA38650003,03,01-18-2015,21:50:00,,N,N,PGCOPD,UNK,01,02,8,CO,,0.34,W,VAN DUSEN RD,1,M,W,9,CO,,VIRGINIA MANOR RD,39.01918369,-76.88232422
05.02,16,,03,88,00,1,01,03,00,DA38650004,06.01,02-09-2015,06:54:00,928,Y,N,PGCOPD,UNK,03,01,212,MD,,7.38,N,POWDER MILL RD,0,F,N,2386,CO,,EVANS TRAIL,39.01064751,-76.87683105
05.02,16,,03,03,04,,01,04,00,DA38650005,09.04,02-10-2015,06:45:00,929,Y,N,PGCOPD,UNK,01,00,212,MD,,8.515,N,POWDER MILL RD,5,F,N,,UU,,SPUR TO OLD GUNPOWDER RD,39.05198504,-76.92214966
01,16,,02,03,04,,01,03,00,DA38650006,09.04,02-10-2015,10:13:00,940,Y,N,PGCOPD,UNK,01,00,1,US,AL,1.8,N,BALTIMORE AVE,0,F,N,390,MU,AL,RHODE ISLAND AVE,39.02931907,-76.91530466
01,16,,02,11,00,1,01,88,00,DA38650008,06.01,02-20-2015,15:49:00,931,Y,N,PGCOPD,UNK,01,00,6699,CO,,0.669,S,RHODE ISLAND AVE,0,F,S,6701,CO,,SELLMAN RD,39.03479456,-76.91287994
01,16,,01,03,02,1,00,03,00,DA38650009,06.01,02-27-2015,10:09:00,936,Y,Y,PGCOPD,UNK,01,00,212,MD,,5.94,N,POWDER MILL RD,50,F,N,1689,CO,,BOND RD,39.02931907,-76.95820928
03,16,,03,08,02,1,01,01,00,DA3865000B,06.01,03-22-2015,22:19:00,924,N,N,PGCOPD,UNK,02,00,3737,CO,,0.44,N,QUIMBY AVE,100,F,N,3244,CO,,CAROLINE AVE,39.04760241,-76.9071722
01,16,,01,17,02,2,01,03,08,DA3865000C,06.01,03-23-2015,16:12:00,926,N,N,PGCOPD,UNK,09,00,23,CO,,0.38,S,OLD BALTIMORE PIKE,400,F,S,4081,CO,,DISTRIBUTION DR,39.05073527,-76.88883662
03,16,,02,11,02,1,01,04,00,DA38660003,06.01,01-01-2015,23:55:00,,Y,N,PGCOPD,UNK,01,00,210,MD,,10.54,N,INDIAN HEAD HWY,0,F,N,3645,CO,,PALMER RD,38.76609695,-76.99425817
01,16,,02,11,02,1,01,01,00,DA38660004,06.01,01-08-2015,11:50:00,,N,N,PGCOPD,UNK,01,00,153,CO,,0.498,E,MANNING RD EAST,0,F,E,,UU,,MATTAWOMAN DR,38.65844565,-77.01366663
03,16,,00,01,02,1,01,01,00,DA38660005,06.01,01-14-2015,20:20:00,,N,N,PGCOPD,UNK,01,00,373,MD,,0.39,E,LIVINGSTON RD,20,F,E,1605,CO,,DUSTY LA,38.66952885,-77.00460076