LIGHT_CODE,COUNTY_NO,MUNI_CODE,JUNCTION_CODE,COLLISION_TYPE_CODE,SURF_COND_CODE,LANE_CODE,RD_COND_CODE,RD_DIV_CODE,FIX_OBJ_CODE,REPORT_NO,WEATHER_CODE,ACC_DATE,ACC_TIME,LOC_CODE,SIGNAL_FLAG,C_M_ZONE_FLAG,AGENCY_CODE,AREA_CODE,HARM_EVENT_CODE1,HARM_EVENT_CODE2,RTE_NO,ROUTE_TYPE_CODE,RTE_SUFFIX,LOG_MILE,LOGMILE_DIR_FLAG,MAINROAD_NAME,DISTANCE,FEET_MILES_FLAG,DISTANCE_DIR_FLAG,REFERENCE_NO,REFERENCE_TYPE_CODE,REFERENCE_SUFFIX,REFERENCE_ROAD_NAME,LATITUDE,LONGITUDE
03,16,,03,11,02,,01,01,00,DA38660006,06.01,01-16-2015,17:00:00,,Y,N,PGCOPD,UNK,01,00,114,CO,,3.04,S,OXON HILL RD,0,F,S,4524,CO,,LIVINGSTON RD,38.80419938,-76.98214531
01,16,,01,11,02,,01,01,00,DA38660007,06.01,01-15-2015,16:00:00,,N,N,PGCOPD,UNK,01,00,114,CO,,3.04,S,OXON HILL RD,30,F,S,4524,CO,,LIVINGSTON RD,38.80325459,-76.99082494
03,16,,00,03,02,,01,88,00,DA38660008,06.01,02-02-2015,05:00:00,,N,N,PGCOPD,UNK,02,00,1263,CO,,0.42,S,28TH AVE,50,F,S,1296,CO,,ST CLAIR DR,38.83225302,-76.9463861
03,16,,03,17,02,,01,04,05,DA38660009,06.01,02-14-2015,04:15:00,,Y,N,PGCOPD,UNK,09,00,5,MD,,12.13,N,BRANCH AVE,0,F,N,535,MD,A,AUTH RD,38.82156284,-76.9210875
03,16,,01,11,01,3,01,01,00,DA3866000B,03,03-04-2015,19:50:00,,N,N,PGCOPD,UNK,01,00,414,MD,,1.039,E,OXON HILL RD,1,M,E,1203,CO,,LIVINGSTON RD,38.80492677,-76.97629809
01,16,,02,11,02,1,01,04,00,DA3866000C,06.01,03-19-2015,14:20:00,,Y,N,PGCOPD,UNK,01,00,210,MD,,13.97,N,INDIAN HEAD HWY,0,F,N,1203,CO,,LIVINGSTON RD,38.8153603,-76.99837804
01,16,,00,06,01,2,01,01,00,DA3866000D,03,03-20-2015,18:45:00,,N,N,PGCOPD,UNK,01,00,414,MD,,1.039,E,OXON HILL RD,20,F,E,1203,CO,,LIVINGSTON RD,38.80326713,-76.98982716
03,16,,01,88,02,,01,01,00,DA3866000F,06.01,03-20-2015,22:00:00,,N,N,PGCOPD,UNK,01,00,4187,CO,,0,N,POTOMAC VALLEY CT,10,F,N,4076,CO,,POTOMAC VALLEY DR,38.77302314,-77.02187419
01,16,,01,11,02,2,01,01,00,DA3866000G,06.01,03-29-2015,13:30:00,,N,N,PGCOPD,UNK,01,00,1203,CO,,1.99,N,LIVINGSTON RD,100,F,N,414,MD,,OXON HILL RD,38.80264423,-76.98860407
07.88,16,,02,03,02,1,01,03,00,DA38670006,06.01,02-03-2015,17:53:00,,N,N,PGCOPD,UNK,01,00,564,MD,,1.97,E,LANHAM SEVERN RD,0,F,E,4792,CO,,LOUISE ST,38.97905302,-76.834023
01,16,,02,03,02,2,01,03,00,DA38670007,00,02-03-2015,15:00:00,,Y,N,PGCOPD,UNK,01,00,564,MD,,0.31,E,LANHAM SEVERN RD,0,F,E,28,CO,,CIPRIANO RD,38.96493976,-76.8585813
01,16,,02,11,02,1,01,03,00,DA38670008,02,02-09-2015,08:11:00,,N,N,PGCOPD,UNK,01,01,42,CO,,2.56,E,GOOD LUCK RD,0,F,E,3245,CO,,EDGERTON DR,38.97955343,-76.87074512
99,16,,00,03,99,1,03,01,00,DA38670009,00,02-05-2015,17:00:00,,N,N,PGCOPD,UNK,02,00,450,MD,,6.59,E,ANNAPOLIS RD,50,F,E,4224,CO,,FORBES BLVD,38.96291262,-76.83604002
03,16,,02,11,03,1,01,01,00,DA3867000B,00,02-18-2015,23:41:00,,Y,N,PGCOPD,UNK,01,00,74,CO,,1.65,S,WHITFIELD CHAPEL RD,0,F,S,704,MD,,MARTIN LUTHER KING JR HWY,38.94080223,-76.85368896
03,16,,03,01,02,1,01,03,00,DA3867000C,00,03-01-2015,04:06:00,,N,N,PGCOPD,UNK,02,02,74,CO,,1.117,S,WHITFIELD CHAPEL RD,5,F,S,6355,CO,,JENNA CT,38.94818704,-76.85427904
01,16,,02,03,02,1,01,03,00,DA3867000D,06.01,03-16-2015,10:03:00,,N,N,PGCOPD,UNK,01,00,4224,CO,,0.21,N,FORBES BLVD,0,F,N,4636,CO,,NICOLE DR,38.94865847,-76.82978511
01,16,,03,03,02,2,01,03,00,DA3867000F,06.01,03-26-2015,18:07:00,,Y,N,PGCOPD,UNK,01,00,28,CO,,1.93,S,CIPRIANO RD,5,F,S,564,MD,,LANHAM SEVERN RD,38.96498147,-76.85864568
03,16,,01,17,02,1,01,01,05,DA38680001,00,02-12-2015,23:15:00,,N,N,PGCOPD,UNK,09,09,450,MD,,13.706,E,ANNAPOLIS RD,0,M,E,2196,MU,,PUBLIC WORKS RD,38.9912467,-76.8335472
01,16,,01,07,02,1,01,01,00,DA38680002,06.01,02-23-2015,13:41:00,,N,N,PGCOPD,UNK,01,01,18,GV,,0,N,SOIL CONSERVATION SERVICE RD,0,M,N,42,CO,,GOOD LUCK RD,38.99700749,-76.83398008
05.02,15,,09.04,11,02,2,01,04,00,DD5606001J,00,01-05-2015,07:12:00,5512-2,N,N,ROCKVILLE,UNK,01,00,355,MD,,8.89,N,ROCKVILLE PIKE,0,F,N,2180,MU,,MT VERNON PL,39.07795333,-77.14054
01,15,,09.04,11,00,1,01,01,00,DD5606001K,06.01,01-05-2015,12:06:00,55114,N,N,ROCKVILLE,UNK,01,00,740,MU,,0.76,N,COLLEGE PKWY,500,F,N,2675,MU,,RUTGERS ST,39.10208333,-77.15962333
04,15,,01,03,01,1,01,01,00,DD5606001L,08.04,01-27-2015,10:45:00,55122,N,N,ROCKVILLE,UNK,01,00,5246,OP,,0.06,W,IVY LEAGUE LA,200,F,W,,UU,,ROAD END,39.09235333,-77.15485167
01,15,,02,11,02,1,01,04,00,DD5606001M,07.01,01-29-2015,08:48:00,54114,Y,N,ROCKVILLE,UNK,15,01,3343,MU,,0,W,RIDGEMONT AVE,0,F,W,355,MD,,FREDERICK RD,39.11894833,-77.17221333
03,15,,02,17,00,3,01,04,00,DD5606001N,00,02-05-2015,18:19:00,54142,Y,N,ROCKVILLE,UNK,03,00,355,MD,,10.65,N,HUNGERFORD DR,0,F,N,46,SR,,N CAMPUS DR,39.10074333,-77.15465
01,15,,02,09,00,1,01,01,00,DD5606001P,00,02-11-2015,10:39:00,54114,Y,N,ROCKVILLE,UNK,01,00,28,MD,,22.3,E,W JEFFERSON ST,0,F,E,3150,MU,,S WASHINGTON ST,39.08356167,-77.15284833
01,15,,03,03,00,3,01,04,00,DD5606001Q,06.01,02-13-2015,13:44:00,55112,Y,N,ROCKVILLE,UNK,01,00,355,MD,,7.36,N,ROCKVILLE PIKE,20,F,N,1332,MU,,HALPINE RD,39.06199167,-77.12353
01,15,,02,02,01,1,01,01,00,DD5606001S,07.01,03-04-2015,07:36:00,55114,N,N,ROCKVILLE,UNK,01,00,2012,MU,,0.39,E,MARYLAND AVE,0,F,E,2230,MU,,NEW MARK ESPLANADE,39.07899167,-77.15609167
01,15,,02,02,02,4,01,04,00,DD5606001T,06.01,03-19-2015,08:26:00,54114,Y,N,ROCKVILLE,UNK,01,01,189,MD,,4.44,N,FALLS RD,0,F,N,2593,MU,,WOOTTON PKWY,39.069835,-77.170085
01,15,,03,03,00,1,01,04,00,DD5606001V,06.01,03-23-2015,17:22:00,55114,Y,N,ROCKVILLE,UNK,01,00,2593,MU,,1.144,W,WOOTTON PKWY,10,F,W,2468,MU,,PRESERVE PKWY,39.06680333,-77.15043
01,15,,03,07,00,1,01,04,00,DD5606001W,06.01,03-31-2015,08:04:00,55112,Y,N,ROCKVILLE,UNK,01,00,1410,MU,,0,E,CHURCH ST,20,F,E,355,MD,,ROCKVILLE PIKE,39.08363,-77.146775
03,15,,01,03,88,1,01,01,00,DD56070010,00,01-11-2015,21:39:00,55114,N,N,ROCKVILLE,UNK,01,00,1900,MU,,0,N,MANNAKEE ST,0,F,N,28,MD,,W MONTGOMERY AVE,39.08108167,-77.15226333
01,15,,02,03,88,3,01,04,00,DD56070011,06.01,01-16-2015,15:14:00,55112,Y,N,ROCKVILLE,UNK,01,00,355,MD,,7.09,N,ROCKVILLE PIKE,0,F,N,,UU,,SPUR TO TWINBROOK PKWY,39.05865167,-77.12103833
01,15,,02,03,01,1,01,05.01,00,DD56070012,07.01,01-19-2015,09:49:00,55114,Y,N,ROCKVILLE,UNK,00,00,2210,MU,,0,N,NELSON ST,0,F,N,28,MD,,W MONTGOMERY AVE,39.07936667,-77.16039
01,15,,02,11,88,1,01,04,00,DD56070013,06.01,01-22-2015,15:47:00,55114,N,N,ROCKVILLE,UNK,01,00,2661,MU,,0.06,W,ROSE PETAL WAY,0,F,W,201,MU,,AUTUMN WIND WAY,39.08075333,-77.16183167
07.88,15,,02,03,88,,01,88,00,DD56070014,09.04,01-23-2015,19:50:00,55112,Y,N,ROCKVILLE,UNK,01,01,2593,MU,,1.76,W,WOOTTON PKWY,0,F,W,2730,MU,,SEVEN LOCKS RD,39.06684833,-77.16165333
01,15,,09.04,13,88,2,01,03,00,DD56070015,06.01,02-02-2015,12:34:00,55114,N,N,ROCKVILLE,UNK,01,00,355,MD,,8.54,N,ROCKVILLE PIKE,0,F,N,,UU,,ENT TO WINTERGREEN PLAZA,39.07636667,-77.13823167
01,15,,03,03,88,1,01,04,00,DD56070016,06.01,02-03-2015,09:32:00,55114,Y,N,ROCKVILLE,UNK,01,01,355,MD,,12.03,N,FREDERICK RD,100,F,N,1555,MU,,KING FARM BLVD,39.11762167,-77.16952167
00,15,,02,02,88,2,01,01,04,DD56070017,06.01,02-09-2015,15:38:00,55114,N,N,ROCKVILLE,UNK,01,09,355,MD,,8.13,N,ROCKVILLE PIKE,0,F,N,2890,MU,,TALBOTT ST,39.070275,-77.131235
01,15,,02,88,01,1,01,01,00,DD56070018,06.01,02-17-2015,12:41:00,55112,N,N,ROCKVILLE,UNK,02,00,3332,MU,,0,N,PEONIES TERR,0,F,N,3331,MU,,OAK KNOLL TERR,39.09681667,-77.18673333
01,15,,01,88,88,1,01,88,00,DD56070019,06.01,03-09-2015,16:37:00,55212,N,N,ROCKVILLE,UNK,02,00,2360,MU,,0.08,E,PARK RD,0,F,E,2850,MU,,N STONESTREET AVE,39.09852333,-77.13202167
07.88,15,,08.04,88,01,1,01,01,00,DD5607001B,03,03-10-2015,20:01:00,55112,N,N,ROCKVILLE,UNK,02,00,1200,MU,,0.1,W,GILBERT RD,250,F,W,1000,MU,,EDMONSTON DR,39.08225833,-77.129505
01,15,,02,11,88,1,01,03,00,DD5607001C,06.01,03-12-2015,17:12:00,55114,N,N,ROCKVILLE,UNK,01,00,1555,MU,,0.4,S,KING FARM BLVD,0,F,S,2548,MU,,RESERVE CHAMPION DR,39.11275833,-77.17383
01,15,,03,11,88,1,01,01,00,DD5607001D,06.01,03-18-2015,12:43:00,55114,Y,N,ROCKVILLE,UNK,01,00,3150,MU,,0.33,N,S WASHINGTON ST,0,F,N,28,MD,,W JEFFERSON ST,39.083235,-77.15297167
01,15,,01,08,88,3,01,04,04,DD5607001F,06.01,03-24-2015,15:00:00,55114,N,N,ROCKVILLE,UNK,01,00,355,MD,,10.21,N,HUNGERFORD DR,100,F,N,5246,OP,,IVY LEAGUE LA,39.09507667,-77.15357
01,15,,02,03,88,3,01,05.01,00,DD5607001G,06.01,03-25-2015,16:33:00,55114,Y,N,ROCKVILLE,UNK,01,00,28,MD,,20.66,E,W MONTGOMERY AVE,0,F,E,2540,MU,,RESEARCH BLVD,39.09113833,-77.18020333
04,16,,01,03,02,2,05,04,04,DA3625000D,06.01,02-19-2015,04:08:00,0271,N,N,PGCOPD,UNK,02,01,201,MD,,1.078,N,KENILWORTH AVE,200,F,N,270,MU,,LYDELL RD,38.92492857,-76.92845821
03,16,,02,11,01,2,01,01,04,DA3625000F,06.01,03-06-2015,21:14:00,0226,Y,N,PGCOPD,UNK,01,01,302,CO,,1.98,W,RIVERDALE RD,0,F,W,295,RP,,RAMP 4 FR MD 295 NB TO RIVERDALE RD,38.96122747,-76.90431833
01,16,,01,03,02,2,01,01,00,DA3625000G,06.01,03-22-2015,17:18:00,,N,N,PGCOPD,UNK,01,00,3642,CO,,1.68,S,PAINT BRANCH PKWY,0,M,S,201,MD,,KENILWORTH AVE,38.97535815,-76.91976786
04,16,,02,11,04,1,01,03,00,DA36270006,03,03-03-2015,18:34:00,,Y,N,PGCOPD,UNK,01,00,136,CO,,0.82,S,TRUMPS HILL RD,0,F,S,3141,CO,,N MARLTON AVE,38.77384391,-76.79145232
05.02,16,,03,17,04,,88,01,10,DA3629000C,06.01,01-07-2015,06:19:00,0239,N,N,PGCOPD,UNK,09,00,484,CO,,0.14,S,EMERSON ST,15,F,S,485,CO,,53RD PL,38.94976403,-76.92478895
01,16,,00,02,02,2,01,01,00,DA3629000D,06.01,02-04-2015,10:21:00,0206,Y,N,PGCOPD,UNK,01,00,1,US,,4.08,N,BALTIMORE AVE,0,F,N,163,SR,,ROSSBOROUGH LA,38.9855832,-76.93697691
03,16,,00,03,02,3,01,04,00,DA3629000F,00,02-11-2015,18:15:00,0111,Y,N,PGCOPD,UNK,01,00,193,MD,,1.63,E,UNIVERSITY BLVD,5,F,E,1147,CO,,WEST PARK DR,38.98449905,-76.96640611
03,16,,00,02,03,1,01,01,00,DA3629000G,08.04,02-14-2015,19:24:00,0239,N,N,PGCOPD,UNK,01,00,3168,CO,,0.17,S,EDMONSTON RD,100,F,S,882,CO,,GALLATIN ST,38.95135768,-76.92432761
01,16,,01,88,02,1,01,01,00,DA3629000H,00,02-27-2015,16:23:00,0203,N,N,PGCOPD,UNK,01,00,1,US,,5.95,N,BALTIMORE AVE,70,F,N,580,MU,,HOLLYWOOD RD,39.01136446,-76.92847967
05.02,16,,01,88,02,,01,00,00,DA3629000K,06.01,03-17-2015,07:32:00,0159,N,N,PGCOPD,UNK,01,00,1,US,,6.15,N,BALTIMORE AVE,0,M,N,14,CO,,CHERRY HILL RD,39.01404877,-76.92857623
01,16,,02,03,01,1,01,04,00,DA38690002,00,01-04-2015,16:23:00,,Y,N,PGCOPD,UNK,01,01,223,MD,,7.45,N,WOODYARD RD,0,F,N,5,MD,,BRANCH AVE,38.76715935,-76.88716292
01,16,,01,03,02,1,01,01,00,DA38690003,06.01,01-21-2015,15:05:00,,N,N,PGCOPD,UNK,01,00,223,MD,,5.26,N,PISCATAWAY RD,500,F,N,123,CO,,TEMPLE HILL RD,38.75514166,-76.92066908
01,16,,00,17,02,1,01,01,88,DA38690004,00,01-29-2015,10:17:00,,N,N,PGCOPD,UNK,09,00,223,MD,,8.56,N,WOODYARD RD,800,F,N,558,CO,,OLD ALEXANDRIA FERRY RD,38.77653616,-76.86516881
01,16,,01,17,01,1,01,01,11,DA38690005,03,03-03-2015,14:00:00,,N,N,PGCOPD,UNK,09,09,599,CO,,2.26,N,BRANDYWINE RD,999,F,N,1756,CO,,BURCH HILL RD,38.72589005,-76.89656138
01,16,,02,09,06.03,1,01,03,04,DA38700002,07.01,01-07-2015,09:37:00,,N,N,PGCOPD,UNK,01,09,3668,CO,,1.02,W,COLUMBIA PARK RD,0,F,W,4989,CO,,STANFORD CT,38.91788359,-76.9007349
01,16,,03,09,00,1,01,04,00,DA38700003,00,01-05-2015,08:43:00,,Y,N,PGCOPD,UNK,01,00,201,MD,,0,N,KENILWORTH AVE,50,F,N,,UU,,EASTERN AVE (DC MAINT),38.91231348,-76.93428397
03,16,,03,17,01,2,01,02,04,DA38700004,07.01,01-27-2015,01:10:00,,N,N,PGCOPD,UNK,09,09,201,MD,,0,N,KENILWORTH AVE,20,F,N,,UU,,EASTERN AVE (DC MAINT),38.91247001,-76.93390846
01,16,,02,09,03,1,01,01,00,DA38700006,07.01,03-07-2015,17:33:00,,Y,N,PGCOPD,UNK,01,00,704,MD,,2.18,E,MARTIN LUTHER KING JR HWY,0,F,E,3191,CO,,BELLE HAVEN DR,38.91636224,-76.88282043
01,16,,02,11,02,2,01,04,00,DA38700007,06.01,03-16-2015,07:30:00,,N,N,PGCOPD,UNK,01,00,214,MD,,1.13,E,CENTRAL AVE,0,F,E,409,OP,,SOPER LA,38.88726656,-76.89343929
06.02,16,,01,03,02,1,01,01,18.88,DA38710002,06.01,01-16-2015,06:52:00,,N,N,PGCOPD,UNK,01,09,300,CO,,0.14,N,PRINCESS GARDEN PKWY,20,F,N,83,CO,,NAVAL AVE,38.96347989,-76.86405301
01,16,,01,03,02,2,01,04,00,DA38710003,06.01,01-16-2015,13:25:00,,Y,N,PGCOPD,UNK,01,00,193,MD,,7.02,E,GREENBELT RD,10,F,E,,UU,,SPUR TO GREENWAY SHOP CTR,38.99429126,-76.87881321
03,16,,02,88,01,1,00,01,00,DA38710004,03,01-26-2015,16:44:00,,N,N,PGCOPD,UNK,03,00,42,CO,,2.56,E,GOOD LUCK RD,0,F,E,3245,CO,,EDGERTON DR,38.97953675,-76.87076926
01,16,,01,09,02,2,01,04,00,DA38710005,06.01,02-19-2015,07:01:00,,N,N,PGCOPD,UNK,01,11,450,MD,,4.83,E,ANNAPOLIS RD,1,F,E,95,RP,,RAMP 2 FR MD 450 WB TO IS 95 NB,38.96104393,-76.86355948
01,16,,01,88,03,2,01,04,00,DA38710006,08.04,03-05-2015,14:07:00,,N,N,PGCOPD,UNK,01,00,193,MD,,9,E,GREENBELT RD,200,F,E,5383,CO,,GODDARD DR,38.99176255,-76.84430122
01,16,,01,03,02,1,01,01,00,DA38710007,06.01,03-07-2015,09:30:00,,N,N,PGCOPD,UNK,01,00,28,CO,,1.88,S,CIPRIANO RD,100,F,S,82,CO,,MAGNOLIA AVE,38.96532349,-76.85866714
06.02,16,,03,03,02,2,01,00,00,DA38710009,06.01,03-28-2015,18:27:00,,Y,N,PGCOPD,UNK,01,16,564,MD,,0.31,E,LANHAM SEVERN RD,100,F,E,28,CO,,CIPRIANO RD,38.96458939,-76.85846329
03,16,,03,03,02,1,01,03,00,DA3871000C,06.01,03-30-2015,20:57:00,,Y,N,PGCOPD,UNK,01,00,42,CO,,2.78,E,GOOD LUCK RD,0,F,E,300,CO,,PRINCESS GARDEN PKWY,38.9802707,-76.86666012
06.02,16,,88,04,02,1,01,01,00,DA38720002,06.01,03-11-2015,19:39:00,,N,N,PGCOPD,UNK,01,00,122,CO,,0,E,BRINKLEY RD,40,F,E,165,CO,,ST BARNABAS RD (BACK),38.80587154,-76.97177857
06.02,16,,00,09,02,1,01,01,00,DA38720003,06.01,03-20-2015,19:53:00,,Y,N,PGCOPD,UNK,01,00,114,CO,,3.04,S,OXON HILL RD,100,F,S,4524,CO,,LIVINGSTON RD,38.80391511,-76.98549807
01,16,,02,88,02,1,01,04,00,DA38730004,06.01,01-20-2015,15:05:00,,Y,N,PGCOPD,UNK,01,00,410,MD,,3.17,E,EAST WEST HWY,0,F,E,1,US,,BALTIMORE AVE,38.96457271,-76.93895102
01,16,,01,01,03,1,01,03,00,DA38730005,08.04,01-27-2015,10:17:00,,N,N,PGCOPD,UNK,01,00,212,MD,,2.67,N,RIGGS RD,10,F,N,1668,CO,,MERRIMAC DR,38.99050755,-76.97341204
01,16,,02,11,02,1,01,01,09,DA38730006,07.01,01-29-2015,13:38:00,,Y,N,PGCOPD,UNK,01,09,693,CO,,0.32,W,FORDHAM ST,0,F,W,1336,CO,,CHAPMAN RD,38.98088161,-76.97240353
03,16,,09.04,07,02,2,01,04,00,DA38730007,06.01,02-03-2015,18:38:00,,N,N,PGCOPD,UNK,01,00,193,MD,,0.91,E,UNIVERSITY BLVD,0,M,E,212,MD,,RIGGS RD,38.98456994,-76.98069155
04,16,,01,03,02,2,01,04,00,DA38730008,06.01,02-06-2015,18:22:00,,N,N,PGCOPD,UNK,01,01,193,MD,,1.35,E,UNIVERSITY BLVD,0,M,E,680,CO,,23RD AVE,38.98401117,-76.9732672
01,16,,01,03,02,3,01,04,00,DA3873000D,06.01,02-28-2015,07:40:00,,N,N,PGCOPD,UNK,01,00,193,MD,,1.35,E,UNIVERSITY BLVD,0,M,E,680,CO,,23RD AVE,38.98398616,-76.97181344
01,16,,01,88,02,2,01,04,00,DA3873000F,06.01,03-02-2015,10:07:00,,N,N,PGCOPD,UNK,02,00,212,MD,,0.46,N,RIGGS RD,0,M,N,1240,CO,,FAIROAK AVE,38.96406384,-76.99011683
03,16,,01,88,02,,01,02,00,DA3873000G,06.01,03-29-2015,01:30:00,,N,N,PGCOPD,UNK,02,00,1337,CO,,0.23,W,LEWISDALE DR,0,M,W,680,CO,,23RD AVE,38.98261425,-76.97291851
05.02,16,,01,88,04,2,01,04,08,DA3873000H,06.01,03-29-2015,06:00:00,,Y,N,PGCOPD,UNK,09,02,650,MD,,2.14,N,NEW HAMPSHIRE AVE,0,M,N,668,CO,,MERRIMAC DR,38.99325519,-76.98622227
01,16,,03,03,02,1,01,01,00,DA38740002,06.01,01-13-2015,15:31:00,,N,N,PGCOPD,UNK,01,00,122,CO,,1.71,E,BRINKLEY RD,50,F,E,,UU,,STRUC #P0307 HENSON CREEK,38.80327967,-76.95002317
01,16,,00,11,02,,01,00,00,DA38740003,07.01,01-14-2015,13:05:00,,N,N,PGCOPD,UNK,02,00,605,CO,,0.5,N,CURTIS DR,0,F,N,,UU,,ROAD END,38.84980183,-76.9494009
03,16,,02,02,02,1,01,01,04,DA38740004,06.01,01-22-2015,18:41:00,,Y,N,PGCOPD,UNK,01,01,414,MD,,3.719,E,ST BARNABAS RD,0,F,E,123,CO,,TEMPLE HILL RD,38.82336833,-76.94990516
01,16,,01,07,02,2,01,01,00,DA38740005,06.01,02-06-2015,13:15:00,,N,N,PGCOPD,UNK,01,00,367,CO,,2.526,W,WALKER MILL RD,50,F,W,2823,CO,,ADDISON RD,38.86768044,-76.89198017
03,16,,02,01,02,1,01,01,00,DA38740006,06.01,02-25-2015,19:48:00,,Y,N,PGCOPD,UNK,01,00,414,MD,,3.419,E,ST BARNABAS RD,0,F,E,124,CO,,HAGAN RD,38.8218972,-76.95501208
03,16,,00,15,02,1,01,01,00,DA38740007,06.01,03-01-2015,02:06:00,,N,N,PGCOPD,UNK,01,00,122,CO,,1.71,E,BRINKLEY RD,300,F,E,,UU,,STRUC #P0307 HENSON CREEK,38.80374789,-76.94830656
04,16,,01,17,01,1,01,01,07,DA38740008,03,03-14-2015,03:00:00,,N,N,PGCOPD,UNK,09,00,2358,CO,,0,S,HARPERS DR,50,F,S,949,CO,,LUMAR DR,38.78797739,-76.95636392
04,16,,01,17,01,1,01,02,10,DA38750002,06.01,03-03-2015,23:33:00,,N,N,PGCOPD,UNK,09,00,130,CO,,3.27,W,SURRATTS RD,14,F,W,557,CO,,DANGERFIELD RD,38.74960691,-76.87430978
03,16,,01,02,02,,00,00,18.88,DA38750003,00,03-16-2015,06:51:00,,N,N,PGCOPD,UNK,16,11,382,MD,,9.93,N,CROOM RD,7,F,N,140,CO,,MOLLY BERRY RD,38.73188277,-76.76074505
01,16,,02,03,02,2,01,01,00,DA38750004,06.01,03-26-2015,17:06:00,,Y,N,PGCOPD,UNK,01,00,558,CO,,0.34,E,OLD ALEXANDRIA FERRY RD,0,F,E,3689,CO,,MALCOLM RD,38.78365369,-76.88941598
01,16,,01,17,04,1,01,01,04,DA39120003,06.01,03-03-2015,08:13:00,,N,N,PGCOPD,UNK,11,16,558,CO,,0.6,E,OLD ALEXANDRIA FERRY RD,30,F,E,1166,CO,,FERRY AVE,38.78396314,-76.8856287
01,16,,03,88,02,,01,03,00,DA39130004,07.01,03-30-2015,07:35:00,,Y,N,PGCOPD,UNK,01,00,118,CO,,5.63,E,OLD FORT RD,30,F,E,210,MD,,OLD PALMER RD,38.75580472,-76.99293315
01,16,,02,11,02,,01,88,00,DA39130005,00,03-31-2015,07:29:00,,Y,N,PGCOPD,UNK,01,01,223,MD,,0.63,N,PISCATAWAY RD,0,F,N,225,CO,,FLORAL PARK RD,38.70294398,-76.96679235
01,16,,01,17,02,1,01,03,11,DA39140004,06.01,02-24-2015,17:24:00,,N,N,PGCOPD,UNK,16,09,225,CO,,3.23,N,FLORAL PARK RD,1,M,N,3764,CO,,WINDBROOK DR,38.70882979,-76.93651557
01,16,,01,02,02,1,01,03,00,DA39140005,06.01,03-13-2015,15:07:00,,N,N,PGCOPD,UNK,20,01,1209,CO,,0,W,OLD MARLBORO PIKE,20,F,W,92,CO,,DOWER HOUSE RD,38.81581172,-76.79733038
01,16,,02,11,02,,01,01,00,DA39160008,06.01,01-08-2015,16:06:00,,Y,N,PGCOPD,UNK,01,01,6417,CO,,0.254,E,NEW ACADIA LA,0,F,E,6419,CO,,CLIFTON AVE,38.89766297,-76.77431703
03,16,,00,17,04,1,01,01,23.03,DA39160009,12.04,01-16-2015,06:15:00,,N,N,PGCOPD,UNK,16,16,5928,CO,,0,W,YELLOWWOOD LA,300,F,W,67,CO,,LOTTSFORD VISTA RD,38.93057906,-76.82400227
03,16,,02,02,02,1,01,04,00,DA3916000B,06.01,02-27-2015,20:38:00,,Y,N,PGCOPD,UNK,01,01,5342,CO,,0.46,W,ARENA DR,0,F,W,64,CO,,LOTTSFORD RD,38.90382494,-76.84176922
03,16,,00,01,02,1,01,01,00,DA3916000C,06.01,03-21-2015,05:14:00,,N,N,PGCOPD,UNK,02,02,6872,CO,,0.92,W,BEECH TREE PKWY,2,M,W,6871,CO,,SYMONDSBURY WAY,38.85551679,-76.74061775
03,16,,00,88,02,1,01,01,00,DA3916000D,06.01,03-13-2015,19:45:00,,Y,N,PGCOPD,UNK,01,01,5730,CO,,0,N,GARRETT A MORGAN BLVD,1,M,N,214,MD,,CENTRAL AVE,38.89575081,-76.86556578
03,16,,00,03,02,1,01,04,00,DA39170002,06.01,01-19-2015,18:44:00,,N,N,PGCOPD,UNK,01,01,197,MD,,13.07,N,LAUREL BOWIE RD,0,F,N,6,CO,,CONTEE RD,39.07362759,-76.84769154
03,16,,01,88,00,,01,00,88,DA39170003,00,03-27-2015,21:37:00,,N,N,PGCOPD,UNK,02,00,6479,CO,,0,S,MAIDENWOOD TERR,50,F,S,6470,CO,,ALLOWAY LA,39.06537288,-76.86715364
01,16,,02,10,02,1,01,04,00,DA39170004,06.01,03-28-2015,13:56:00,,Y,N,PGCOPD,UNK,01,20,212,MD,,7.64,N,POWDER MILL RD,0,F,N,3523,CO,,BELTSVILLE DR,39.0471608,-76.93755627
03,16,,03,88,02,1,01,02,00,DA39180002,06.01,02-07-2015,22:59:00,,N,N,PGCOPD,UNK,02,00,1084,CO,,0.71,N,23RD PKWY,10,F,N,1956,CO,,CALLAWAY ST,38.83574641,-76.9614172
03,16,,02,17,01,1,01,04,00,DA39180003,03,02-09-2015,18:28:00,,Y,N,PGCOPD,UNK,03,00,5466,CO,,1.17,E,IVERSON ST,0,F,E,1263,CO,,28TH AVE,38.83795268,-76.95018411
03,16,,01,88,00,1,00,01,00,DA39180004,00,02-09-2015,21:04:00,,N,N,PGCOPD,UNK,03,00,571,CO,,0.46,N,FISHER RD,50,F,N,1695,CO,,FISHER DR,38.81272698,-76.94842458
01,16,,01,03,02,3,01,04,00,DA39180005,07.01,02-16-2015,11:31:00,,Y,Y,PGCOPD,UNK,01,00,5,MD,,12.1,N,BRANCH AVE,10,F,N,,UU,,SPUR TO AUTH RD,38.82202258,-76.92114115
03,16,,01,03,04,,01,01,00,DA39180006,02,03-02-2015,00:21:00,,N,N,PGCOPD,UNK,02,00,609,CO,,0.13,S,26TH AVE,20,F,S,1081,CO,,BUCKNER LA,38.84346804,-76.96008682