LIGHT_CODE,COUNTY_NO,MUNI_CODE,JUNCTION_CODE,COLLISION_TYPE_CODE,SURF_COND_CODE,LANE_CODE,RD_COND_CODE,RD_DIV_CODE,FIX_OBJ_CODE,REPORT_NO,WEATHER_CODE,ACC_DATE,ACC_TIME,LOC_CODE,SIGNAL_FLAG,C_M_ZONE_FLAG,AGENCY_CODE,AREA_CODE,HARM_EVENT_CODE1,HARM_EVENT_CODE2,RTE_NO,ROUTE_TYPE_CODE,RTE_SUFFIX,LOG_MILE,LOGMILE_DIR_FLAG,MAINROAD_NAME,DISTANCE,FEET_MILES_FLAG,DISTANCE_DIR_FLAG,REFERENCE_NO,REFERENCE_TYPE_CODE,REFERENCE_SUFFIX,REFERENCE_ROAD_NAME,LATITUDE,LONGITUDE
01,16,,03,08,02,4,01,04,00,DA38990007,06.01,01-25-2015,15:31:00,,Y,N,PGCOPD,UNK,04,00,197,MD,,13.89,N,LAUREL BOWIE RD,0,F,N,7,CO,,CHERRY LA,39.0853791,-76.84736431
04,16,,01,03,02,1,01,04,00,DA39000003,06.01,01-01-2015,21:07:00,,N,N,PGCOPD,UNK,01,00,5,MD,,6.55,N,BRANCH AVE,100,F,N,130,CO,,SURRATTS RD,38.7516736,-76.87962055
01,16,,01,03,01,,01,88,00,DA39000004,06.01,01-01-2015,13:41:00,,N,N,PGCOPD,UNK,03,01,126,CO,,5.78,N,ALLENTOWN RD,100,F,N,3873,CO,,ALLENTOWN WAY,38.80133153,-76.90814853
03,16,,01,17,02,1,01,01,10,DA39000005,06.01,02-01-2015,19:41:00,,N,N,PGCOPD,UNK,09,00,599,CO,,5.17,N,BRANDYWINE RD,30,F,N,943,CO,,HORSESHOE RD,38.76406414,-76.89752698
06.02,16,,00,11,02,2,01,01,00,DA39000006,06.01,02-03-2015,17:31:00,,N,N,PGCOPD,UNK,01,00,223,MD,,7.45,N,WOODYARD RD,30,F,N,5,RP,,RAMP 5 FR MD 5 SB TO MD 223 EB,38.76695858,-76.88692689
04,16,,00,17,04,3,01,04,01,DA39000007,03,02-10-2015,04:50:00,,N,N,PGCOPD,UNK,09,00,5,MD,,9.02,N,BRANCH AVE,100,F,N,5,MD,,COVENTRY WAY,38.78307662,-76.89447999
01,16,,02,17,01,2,01,01,02,DA39000008,06.01,03-27-2015,15:56:00,,N,N,PGCOPD,UNK,09,16,337,MD,,0.24,N,ALLENTOWN RD,0,F,N,1456,CO,,ROBIN LA,38.7937893,-76.91712856
01,16,,02,02,01,1,01,01,00,DA39010009,03,02-02-2015,11:30:00,,Y,N,PGCOPD,UNK,01,00,410,MD,,3.17,E,EAST WEST HWY,0,F,E,1,US,,BALTIMORE AVE,38.96459773,-76.93904757
03,16,,02,03,02,2,01,01,00,DA3901000C,06.01,02-07-2015,18:21:00,,Y,N,PGCOPD,UNK,01,00,450,MD,,2.36,E,ANNAPOLIS RD,0,F,E,641,CO,,68TH AVE,38.94364777,-76.90149665
01,16,,01,03,02,1,01,01,00,DA3901000D,06.01,02-26-2015,17:11:00,,N,N,PGCOPD,UNK,01,00,410,MD,,4.98,E,RIVERDALE RD,25,F,E,397,CO,,EASTPINE DR,38.96111067,-76.90654993
01,16,,02,03,02,2,01,03,00,DA3901000F,00,03-04-2015,09:44:00,,Y,N,PGCOPD,UNK,01,00,410,MD,,3.73,E,EAST WEST HWY,0,F,E,280,MU,,TAYLOR RD,38.96253305,-76.92916095
01,16,,01,17,03,1,01,01,10,DA3901000G,08.04,03-05-2015,15:10:00,,N,N,PGCOPD,UNK,09,00,482,CO,,0.45,S,56TH AVE,0,F,S,617,CO,,HAMILTON ST,38.95117412,-76.92002535
03,16,,00,02,02,1,01,01,00,DA3901000H,06.01,03-29-2015,20:52:00,,Y,N,PGCOPD,UNK,01,02,3652,CO,,0,S,75TH AVE,0,F,S,2282,CO,,ARDWICK ARDMORE RD,38.94731926,-76.8855536
03,16,,00,09,02,1,01,01,00,DA39020005,06.01,01-15-2015,22:14:00,,N,N,PGCOPD,UNK,02,00,2668,CO,,0,W,HIL MAR DR,300,F,W,85,CO,,WALTERS LA,38.84309201,-76.89577818
01,16,,00,15,02,1,01,01,00,DA39020006,06.01,01-23-2015,09:12:00,,N,N,PGCOPD,UNK,01,00,4998,CO,,0.044,W,CROSIER ST,50,F,W,707,CO,,BROOKS DR,38.8589422,-76.9208461
04,16,,01,03,02,3,01,88,00,DA39410005,06.01,01-07-2015,22:31:00,,N,N,PGCOPD,UNK,01,01,197,MD,,13.54,N,LAUREL BOWIE RD,100,F,N,2645,CO,,BRIARWOOD DR,39.08049884,-76.84790611
01,16,,01,03,02,2,01,03,00,DA39410006,06.01,01-15-2015,09:35:00,,N,N,PGCOPD,UNK,01,01,23,CO,,0.55,S,OLD BALTIMORE PIKE,100,F,S,4179,CO,,MIDCITIES AVE,39.05343475,-76.8867445
04,16,,00,08,01,1,01,03,00,DA39410007,03,01-23-2015,21:32:00,,N,N,PGCOPD,UNK,01,01,14,CO,,2.193,W,CHERRY HILL RD,100,F,W,212,MD,,POWDER MILL RD,39.03935299,-76.94727659
01,16,,03,03,06.03,2,01,01,00,DA39410008,12.04,03-01-2015,09:00:00,,Y,N,PGCOPD,UNK,01,01,6,CO,,1.18,W,CONTEE RD,50,F,W,1,US,,BALTIMORE AVE,39.0763845,-76.86887026
01,16,,02,13,02,1,01,01,00,DA39410009,06.01,03-03-2015,09:00:00,,N,N,PGCOPD,UNK,02,02,14,CO,,2.493,W,CHERRY HILL RD,0,F,W,,UU,,MAJOR DENTON DR,39.04336116,-76.95048451
01,16,,00,88,00,1,01,03,00,DA3941000B,06.01,03-03-2015,11:30:00,,N,N,PGCOPD,UNK,01,01,1,US,,9.87,N,BALTIMORE AVE,50,F,N,212,MD,,RITZ WAY,39.0626322,-76.88469529
01,16,,01,02,02,,01,88,00,DA39420002,06.01,01-16-2015,13:31:00,,N,N,PGCOPD,UNK,01,00,210,MD,,7.7,N,INDIAN HEAD HWY,0,M,N,600,CO,,SWAN CREEK RD,38.72572055,-76.99133456
01,16,,01,11,02,2,01,05.01,00,DA39420004,06.01,01-31-2015,11:30:00,,N,N,PGCOPD,UNK,01,00,114,CO,,3.04,S,OXON HILL RD,100,F,S,4524,CO,,LIVINGSTON RD,38.80337164,-76.98912978
01,16,,02,06,02,1,01,01,00,DA39420005,06.01,02-07-2015,16:33:00,,Y,N,PGCOPD,UNK,01,00,662,CO,,0.33,E,KENNEBEC ST,0,F,E,112,CO,,OWENS RD,38.82040095,-76.98803544
01,16,,88,88,02,1,01,01,00,DA39420007,06.01,02-08-2015,15:54:00,,Y,N,PGCOPD,UNK,03,00,114,CO,,3.04,S,OXON HILL RD,1,M,S,4524,CO,,LIVINGSTON RD,38.80492677,-76.99179053
03,16,,02,05,02,1,01,03,17.10,DA39420008,06.01,03-09-2015,02:54:00,,Y,N,PGCOPD,UNK,09,00,114,CO,,3.04,S,OXON HILL RD,0,F,S,4524,CO,,LIVINGSTON RD,38.80330476,-76.98953748
03,16,,01,03,01,3,01,04,00,DA39420009,03,03-14-2015,00:48:00,,N,N,PGCOPD,UNK,02,00,210,MD,,0.32,N,INDIAN HEAD HWY,0,M,N,810,MD,A,LIVINGSTON RD,38.7806512,-76.99732661
01,16,,01,12,02,1,01,04,00,DA39430008,06.01,01-30-2015,16:35:00,,N,N,PGCOPD,UNK,01,00,6250,CO,,0.17,N,CAMPUS WAY N,10,F,N,,UU,,TULIP TREE DR,38.91566311,-76.83152318
04,16,,01,17,04,2,01,03,88,DA39430009,09.04,03-01-2015,19:51:00,,N,N,PGCOPD,UNK,15,09,193,MD,,16.96,E,ENTERPRISE RD,200,F,E,4902,CO,,CLEAVER DR,38.90453462,-76.79684758
01,16,,02,02,01,3,01,01,04,DA3943000C,03,03-27-2015,14:18:00,,Y,N,PGCOPD,UNK,01,00,3460,CO,,1.43,N,LAKE ARBOR WAY,0,F,N,5095,CO,,CAMPUS WAY NORTH,38.90604579,-76.82732821
03,16,,03,11,02,1,01,03,88,DA39440007,06.01,01-01-2015,19:33:00,,N,N,PGCOPD,UNK,01,01,193,MD,,14.19,E,ENTERPRISE RD,0,F,E,3131,CO,,CHANTILLY LA,38.94041003,-76.80008769
03,16,,02,17,02,2,01,04,04,DA39440008,88,01-01-2015,22:36:00,,Y,N,PGCOPD,UNK,01,01,193,MD,,9,E,GREENBELT RD,0,F,E,5383,CO,,GODDARD DR,38.99204607,-76.84297085
01,16,,03,06,01,1,01,01,04,DA39440009,03,01-26-2015,11:33:00,,N,N,PGCOPD,UNK,01,01,47,CO,,1.71,W,DUCKETTOWN RD,10,F,W,3641,CO,,SPRINGFIELD RD,39.00519515,-76.80728674
01,16,,03,01,01,1,00,01,09,DA3944000B,03,01-26-2015,08:50:00,,N,N,PGCOPD,UNK,01,01,1897,CO,,0.18,E,ALCONA ST,10,F,E,1898,CO,,BELVA PL,38.9570311,-76.85531974
03,16,,02,11,01,1,01,01,04,DA3944000D,03,03-16-2015,16:18:00,,Y,N,PGCOPD,UNK,01,01,42,CO,,3.98,E,GOOD LUCK RD,0,F,E,1072,CO,,96TH AVE,38.98072106,-76.84687614
03,16,,03,01,01,1,01,03,00,DA3944000F,03,03-26-2015,20:05:00,,Y,N,PGCOPD,UNK,01,01,28,CO,,0.17,S,CIPRIANO RD,5,F,S,4791,CO,,LOST SPRING WAY,38.98906906,-76.85438633
01,16,,02,11,02,2,00,01,00,DA3945000C,06.01,01-01-2015,13:58:00,,Y,N,PGCOPD,UNK,01,01,3433,CO,,1.33,W,SWEITZER LA,0,F,W,8,CO,,VAN DUSEN RD,39.08660327,-76.90210819
01,16,,02,02,02,1,01,04,00,DA3945000D,06.01,01-02-2015,07:58:00,,Y,N,PGCOPD,UNK,01,01,21,CO,,3.75,S,MUIRKIRK RD,0,F,S,9,CO,,VIRGINIA MANOR RD,39.06411502,-76.89073563
03,16,,01,03,01,1,00,01,00,DA3945000F,03,02-09-2015,21:37:00,,N,N,PGCOPD,UNK,01,01,6,CO,,0.15,W,CONTEE RD,5,F,W,345,OP,,DEERFIELD RD,39.07347766,-76.8538928
01,16,,01,88,02,1,01,01,10,DA3945000G,06.01,03-13-2015,16:33:00,,N,N,PGCOPD,UNK,10,09,197,MD,,10.584,N,LAUREL BOWIE RD,5,F,N,,UU,,EMMANUEL BAPTIST CHURCH,39.04649421,-76.82446361
01,16,,02,11,02,1,01,03,17.10,DA39460006,06.01,01-04-2015,16:30:00,,Y,N,PGCOPD,UNK,01,09,450,MD,,1.52,E,ANNAPOLIS RD,0,F,E,295,MD,,BALTIMORE WASHINGTON PKWY,38.93930015,-76.91541195
01,16,,03,02,02,1,01,04,17.10,DA39460007,06.01,01-28-2015,11:26:00,,Y,N,PGCOPD,UNK,01,09,450,MD,,1.91,E,ANNAPOLIS RD,2,F,E,4967,CO,,65TH AVE,38.93904145,-76.90721512
03,16,,01,03,02,1,01,01,00,DA39460008,06.01,02-03-2015,18:20:00,,N,N,PGCOPD,UNK,01,00,14,CO,,0,W,CHERRY HILL RD,100,F,W,1,US,,BALTIMORE AVE,39.01864187,-76.93785667
01,16,,01,13,01,1,01,01,00,DA39460009,03,02-12-2015,09:30:00,,N,N,PGCOPD,UNK,01,00,4174,CO,,0,E,FROLICH LA,0,U,E,459,MD,,KENILWORTH AVE,38.92239112,-76.93060398
01,16,,11.04,11,01,2,01,01,00,DA3946000B,12.04,03-01-2015,12:30:00,,N,N,PGCOPD,UNK,01,00,302,CO,,1.5,W,RIVERDALE RD,5,F,W,299,CO,,AUBURN AVE,38.9643141,-76.89680815
01,22,,03,17,02,,01,01,00,DE1114000P,06.01,03-13-2015,12:50:00,,Y,N,SALISBURY,UNK,03,00,13,US,BU,6.25,N,N SALISBURY BLVD,75,F,N,1900,MU,BU,NAYLOR ST,38.37665689,-75.59146821
01,22,,08.04,05,00,1,01,01,00,DE1122000C,06.01,01-13-2015,08:48:00,,N,N,SALISBURY,UNK,01,00,2910,MU,,0.08,N,WAVERLY DR,100,F,N,1750,MU,,MIDDLE BLVD,38.35442889,-75.60261011
01,22,,03,03,02,1,01,01,00,DE1122000D,00,02-10-2015,17:03:00,,Y,N,SALISBURY,UNK,01,00,13,US,BU,4.73,N,S SALISBURY BLVD,10,F,N,1210,MU,BU,HAZEL AVE,38.35645649,-75.60031414
01,22,,02,13,02,1,01,01,00,DE1122000F,06.01,02-19-2015,16:45:00,,Y,N,SALISBURY,UNK,01,00,520,MU,,0.54,W,E CHURCH ST,0,F,W,590,MU,,CLAY ST,38.37187621,-75.58561563
03,22,,01,17,03,1,01,01,04,DE1122000G,08.04,03-23-2015,19:00:00,,N,N,SALISBURY,UNK,09,00,2040,MU,,0,S,N PARK DR,250,F,S,1632,MU,,E MAIN ST,38.36380082,-75.59089422
01,22,,03,03,02,4,01,04,00,DE11280008,06.01,01-08-2015,15:52:00,,Y,N,SALISBURY,UNK,01,01,13,US,,12.15,N,N SALISBURY BLVD,200,F,N,465,MU,,CENTRE RD,38.40183137,-75.56953311
01,22,,02,08,04,2,01,05.01,00,DE11310005,06.01,02-20-2015,10:15:00,,N,N,SALISBURY,UNK,01,00,410,MU,,0.3,E,W CARROLL ST,0,F,E,771,MU,,S DIVISION ST,38.36314676,-75.59941828
01,22,,02,17,04,1,01,01,08,DE11310006,00,02-20-2015,12:59:00,,Y,N,SALISBURY,UNK,09,00,1940,MU,,0.09,E,NORTH BLVD,0,F,E,2570,MU,,SMITH ST,38.3562714,-75.60392171
01,22,,03,88,02,1,01,01,00,DE11310008,06.01,03-16-2015,19:08:00,,Y,N,SALISBURY,UNK,01,00,1430,MU,,0.46,N,LAKE ST,10,F,N,1330,MU,,W ISABELLA ST,38.37181733,-75.60378224
01,22,,02,02,02,3,01,01,00,DE11310009,07.01,03-17-2015,13:43:00,,N,N,SALISBURY,UNK,01,00,50,US,BU,3.166,E,W SALISBURY PKWY,0,F,E,1780,MU,BU,MILL ST,38.36593437,-75.60338527
01,22,,01,88,02,,01,01,00,DE11360001,06.01,02-13-2015,10:55:00,,N,N,SALISBURY,UNK,02,00,360,MU,,0.16,W,CALVERT ST,10,F,W,110,MU,,BAPTIST ST,38.36607632,-75.59852779
01,22,,02,11,02,,01,01,00,DE11540005,06.01,01-20-2015,14:45:00,,Y,N,SALISBURY,UNK,01,00,2095,MU,,0.15,S,PARSONS RD,0,F,S,2125,MU,,PEMBERTON DR,38.3675358,-75.61769485
01,22,,02,17,02,1,01,04,00,DE11540006,06.01,03-25-2015,07:12:00,,Y,N,SALISBURY,UNK,03,00,413,CO,,0.57,S,HARFORD RD,0,F,S,1246,CO,,W ZION RD,38.39469271,-75.57540178
01,22,,01,88,03,1,08,01,04,DE11550008,08.04,03-05-2015,16:31:00,,N,N,SALISBURY,UNK,01,09,277,CO,,2.94,S,BEAGLIN PARK DR,10,F,S,123,MU,,HANNIBAL ST,38.35804656,-75.57136774
03,22,,01,03,02,1,01,01,00,DE1173000G,06.01,01-22-2015,17:59:00,,N,N,SALISBURY,UNK,01,00,13,US,BU,4.82,N,S SALISBURY BLVD,100,F,N,1990,MU,BU,OHIO AVE,38.37857136,-75.58640957
03,22,,02,00,03,1,88,01,00,DE1173000H,08.04,03-05-2015,19:02:00,,N,N,SALISBURY,UNK,03,00,631,MU,,0.3,W,W COLLEGE AVE,0,F,W,1600,MU,,LOVECROP DR,38.34882533,-75.6034255
01,22,,01,03,02,1,01,01,00,DE1173000J,06.01,03-13-2015,14:33:00,,N,N,SALISBURY,UNK,01,01,13,US,BU,5.11,N,S SALISBURY BLVD,100,F,N,2830,MU,BU,E VINE ST,38.36228659,-75.59639007
06.02,16,,00,02,02,1,01,03,00,DA36770005,06.01,02-20-2015,06:35:00,,N,N,PGCOPD,UNK,01,00,75,CO,,2.3,W,SHERIFF RD,50,F,W,950,CO,,CABIN BRANCH DR,38.90858382,-76.89688325
00,16,,01,05,02,1,01,03,00,DA36770006,00,03-15-2015,22:56:00,,N,N,PGCOPD,UNK,02,02,3686,CO,,0.05,S,VIRGINIA AVE,10,F,S,2791,CO,,KENT VILLAGE PL,38.92386853,-76.88714147
01,16,,02,88,02,1,01,03,00,DA36770007,06.01,03-23-2015,11:13:00,,Y,N,PGCOPD,UNK,02,00,348,CO,,0,E,OLIVE ST,0,F,E,,UU,,WASH DC LINE,38.91240739,-76.97570801
03,16,,01,01,02,1,01,01,00,DA36800008,06.01,02-01-2015,18:15:00,0802,N,N,PGCOPD,UNK,01,01,197,MD,,7.92,N,LAUREL BOWIE RD,400,F,N,5199,CO,,OLD LAUREL BOWIE RD,39.03347782,-76.78838253
01,16,,02,03,01,2,01,04,00,DA36800009,07.01,02-10-2015,13:30:00,0845,Y,N,PGCOPD,UNK,01,01,450,MD,,9.15,E,ANNAPOLIS RD,0,F,E,58,CO,,BELL STATION RD,38.96524007,-76.79302812
03,16,,00,17,02,1,01,01,10,DA3680000B,06.01,03-13-2015,01:40:00,0802,N,N,PGCOPD,UNK,09,00,197,MD,,8.33,N,LAUREL BOWIE RD,100,F,N,,UU,,WHOOPER DR (GATED),39.03409452,-76.78949833
01,16,,01,15,04,1,01,03,00,DA36830002,06.01,01-13-2015,17:00:00,,N,N,PGCOPD,UNK,01,00,65,CO,,1.39,W,ARDWICK ARDMORE RD,500,F,W,106,CO,,JEFFERSON ST,38.94180361,-76.86723948
03,16,,02,10,04,1,01,02,04,DA36830003,10.04,02-14-2015,20:30:00,,N,N,PGCOPD,UNK,01,09,5733,CO,,0,E,CHATSFIELD WAY,0,F,E,5732,CO,,RIDGEFIELD BLVD (BACK),38.89808047,-76.86161757
05.02,16,,01,03,02,1,01,01,00,DA36830004,07.01,02-21-2015,06:23:00,,N,N,PGCOPD,UNK,01,00,3668,CO,,1.6,W,COLUMBIA PARK RD,500,F,W,641,MU,,64TH AVE,38.91656467,-76.90893173
04,16,,01,88,02,1,01,03,00,DA36840004,06.01,02-12-2015,23:10:00,,N,N,PGCOPD,UNK,02,11,1094,CO,,0.3,N,BERKLEY ST,300,F,N,1084,CO,,23RD PKWY,38.84264912,-76.96403503
01,16,,08.04,17,01,1,05,03,08,DA36840005,06.01,02-21-2015,07:32:00,,N,N,PGCOPD,UNK,09,09,126,CO,,4,N,ALLENTOWN RD,600,F,N,1163,CO,,LANHAM LA,38.79055727,-76.93435371
01,16,,00,11,02,1,01,00,00,DA36840006,06.01,03-24-2015,08:44:00,,N,N,PGCOPD,UNK,01,00,5611,CO,,0.606,S,CAPITAL GATEWAY DR,1,M,S,18,OP,,OLD SOPER RD,38.82699172,-76.90981686
04,16,,01,17,02,1,01,01,08,DA3687000B,06.01,01-03-2015,02:41:00,,N,N,PGCOPD,UNK,09,00,111,CO,,1.79,E,WOODMORE RD,500,F,E,5258,CO,,BERMONDSEY DR,38.92431091,-76.76668882
01,16,,09.04,17,02,1,01,88,07,DA3687000D,06.01,02-13-2015,14:22:00,,N,N,PGCOPD,UNK,09,00,214,MD,,7.95,E,CENTRAL AVE,1,F,E,,UU,,SPUR TO SIX FLAGS AMERICA,38.90162907,-76.77127004
03,16,,01,17,02,1,01,01,10,DA3687000F,06.01,01-03-2015,02:41:00,,N,N,PGCOPD,UNK,09,00,111,CO,,1.79,E,WOODMORE RD,25,F,E,5258,CO,,BERMONDSEY DR,38.92467816,-76.76956415
03,16,,00,17,01,1,00,03,88,DA36880004,03,01-04-2015,02:50:00,,N,N,PGCOPD,UNK,09,00,212,MD,,4.64,N,RIGGS RD,0,F,N,1587,CO,,LACKAWANNA ST,39.01589938,-76.96477532
03,16,,01,03,02,1,01,01,00,DA36880005,00,01-17-2015,06:05:00,,N,N,PGCOPD,UNK,02,00,887,CO,,0.4,N,12TH AVE,0,M,N,669,CO,,TAHONA DR,38.99523976,-76.98671579
03,16,,01,01,02,1,01,03,00,DA36880006,00,01-27-2015,23:06:00,,N,N,PGCOPD,UNK,01,00,212,MD,,3.15,N,RIGGS RD,0,M,N,881,CO,,RUATAN ST,38.99760784,-76.97321892
01,16,,01,11,03,1,01,01,00,DA36880007,08.04,02-21-2015,11:26:00,,N,N,PGCOPD,UNK,01,00,873,CO,,0.18,E,QUINWOOD ST,0,M,E,874,CO,,15TH AVE,38.996314,-76.981845
07.88,16,,01,17,00,,01,01,11,DA39040002,06.01,01-25-2015,23:09:00,,N,N,PGCOPD,UNK,09,00,88,CO,,2.88,W,FORT FOOTE RD,20,F,W,5720,CO,,SHALLOW CREEK LA,38.76082239,-77.00867236
01,16,,02,02,02,,01,01,00,DA39040003,06.01,02-13-2015,15:55:00,,N,N,PGCOPD,UNK,01,00,223,MD,,0.63,N,PISCATAWAY RD,0,F,N,225,CO,,FLORAL PARK RD,38.70297747,-76.96680307
01,16,,03,03,02,,01,04,00,DA39050002,06.01,01-28-2015,15:49:00,910,Y,N,PGCOPD,UNK,01,00,198,MD,,0.67,E,SANDY SPRING RD,5,F,E,3433,CO,,SWEITZER LA,39.098,-76.899
03,16,,01,09,02,1,01,03,00,DA39050004,06.01,01-30-2015,20:01:00,0801,N,N,PGCOPD,UNK,01,00,197,MD,,10.584,N,LAUREL BOWIE RD,1,F,N,,UU,,EMMANUEL BAPTIST CHURCH,39.04645255,-76.8247211
05.02,16,,02,11,06.03,,01,03,00,DA39050005,02,02-22-2015,10:42:00,801,Y,N,PGCOPD,UNK,01,00,197,MD,,10.13,N,LAUREL BOWIE RD,0,F,N,6,GV,,POWDER MILL RD,39.07066234,-76.96969986
01,16,,02,11,06.03,,00,03,00,DA39050006,02,02-22-2015,11:30:00,0926,Y,N,PGCOPD,UNK,01,00,2382,CO,,0,W,CALVERTON BLVD,0,F,W,3523,CO,,BELTSVILLE DR,39.05120185,-76.93659067
01,16,,02,88,02,,01,02,00,DA39050007,00,02-23-2015,10:32:00,0955,Y,N,PGCOPD,UNK,01,00,198,MD,,3.57,E,FORT MEADE RD,0,F,E,,UU,,SPUR FR US 1,39.10142911,-76.84953153
03,16,,03,03,02,2,01,04,00,DA39060003,06.01,01-15-2015,17:40:00,16,Y,N,PGCOPD,UNK,01,01,,,,,,PENNSYLVANIA AVE,10,F,,,,,FORESTVILLE RD,38.84096947,-76.87435269
03,16,,00,02,02,,01,01,00,DA39060004,06.01,02-13-2015,20:46:00,,N,N,PGCOPD,UNK,01,00,4133,CO,,0.2,W,WALKER MILL SER RD,500,F,W,2451,CO,,SHADY GLEN DR,38.87088809,-76.88627243
04,16,,03,03,04,2,01,01,00,DA39060005,09.04,02-14-2015,22:07:00,,N,N,PGCOPD,UNK,01,01,367,CO,,2.846,W,WALKER MILL RD,150,F,W,5052,OP,,ROCHELLE AVE,38.86405495,-76.89504862
03,16,,02,03,02,2,01,03,00,DA39060006,06.01,02-15-2015,22:56:00,,Y,N,PGCOPD,UNK,01,00,4,MD,,10.78,N,PENNSYLVANIA AVE,0,F,N,85,CO,,WALTERS LA,38.84555708,-76.89162612
01,16,,03,07,02,2,01,04,00,DA39060009,06.01,02-24-2015,14:09:00,,Y,N,PGCOPD,UNK,01,00,458,MD,,2.183,N,SILVER HILL RD,20,F,N,705,CO,,WEST AVE,38.85279305,-76.91162467
01,16,,03,07,02,2,01,01,00,DA3906000B,06.01,03-02-2015,15:05:00,,Y,N,PGCOPD,UNK,01,00,367,CO,,2.846,W,WALKER MILL RD,20,F,W,2822,CO,,ROCHELLE AVE,38.86452277,-76.8941474
07.88,16,,01,03,02,1,01,01,00,DA3906000C,06.01,03-20-2015,22:32:00,,N,N,PGCOPD,UNK,01,00,3074,CO,,1.25,S,MARLBORO PIKE,200,F,S,2828,CO,,BROOKS DR,38.86471908,-76.91546023
03,16,,03,01,02,1,01,04,00,DA3906000D,06.01,03-28-2015,06:00:00,,Y,N,PGCOPD,UNK,01,00,4,MD,,11.92,N,PENNSYLVANIA AVE,20,F,N,458,MD,,SILVER HILL RD,38.85292673,-76.90963984
00,16,,02,03,02,1,01,01,00,DA39070008,06.01,01-04-2015,19:39:00,,N,N,PGCOPD,UNK,01,00,704,MD,,5.45,E,MARTIN LUTHER KING JR HWY,0,F,E,5811,CO,,HARGROVE DR,38.94,-76.84
01,16,,02,17,04,1,01,04,88,DA39070009,10.04,02-15-2015,15:10:00,,N,N,PGCOPD,UNK,09,00,193,MD,,8.31,E,GREENBELT RD,0,F,E,28,CO,,CIPRIANO RD,38.99,-76.85
01,16,,01,07,02,2,01,03,00,DA3907000B,06.01,02-23-2015,17:13:00,,N,N,PGCOPD,UNK,01,00,42,CO,,3.49,E,GOOD LUCK RD,500,F,E,28,CO,,CIPRIANO RD,38.97,-76.85
01,16,,02,17,02,1,01,05.01,10,DA3907000C,06.01,03-11-2015,16:39:00,,N,N,PGCOPD,UNK,09,00,42,CO,,3.49,E,GOOD LUCK RD,0,F,E,28,CO,,CIPRIANO RD,38.97,-76.85
03,16,,01,88,04,,88,01,00,DA39080003,06.01,03-07-2015,01:40:00,,N,N,PGCOPD,UNK,02,02,280,MU,,0.29,W,SENECA DR,100,F,W,180,MU,,MOHICAN DR,38.81378868,-77.00304508
01,16,,01,17,02,1,01,01,10,DA39090001,06.01,02-13-2015,12:23:00,,N,N,PGCOPD,UNK,09,11,381,MD,,11.89,N,BRANDYWINE RD,0,M,N,,UU,,LEE ACRES DR,38.68676597,-76.81775808
03,16,,01,88,02,1,01,01,00,DA39090002,06.01,03-22-2015,02:09:00,,N,N,PGCOPD,UNK,02,23.15,6029,CO,,0,N,GRANDHAVEN AVE,0,M,N,3646,CO,,DULEY STATION RD,38.74680381,-76.78800702
01,16,,01,08,02,1,01,01,00,DA39100005,06.01,02-19-2015,10:15:00,0235,N,N,PGCOPD,UNK,01,00,719,OP,,0.67,N,FURMAN PKWY,30,F,N,4987,CO,,BEACON LIGHT RD,38.95819075,-76.89802051
03,16,,02,09,02,2,01,04,00,DA39110007,06.01,02-11-2015,21:33:00,,Y,N,PGCOPD,UNK,01,00,202,MD,,11.95,N,LANDOVER RD,0,F,N,1210,CO,,OLD LANDOVER RD,38.92789576,-76.89164758
01,16,,02,11,02,2,01,01,00,DA39120001,06.01,02-28-2015,13:08:00,,N,N,PGCOPD,UNK,01,01,223,MD,,12.48,N,WOODYARD RD,0,F,N,4,MD,,PENNSYLVANIA AVE,38.8128273,-76.82486057
01,16,,02,17,02,1,01,01,00,DA39120002,06.01,03-03-2015,07:12:00,,Y,N,PGCOPD,UNK,03,00,126,CO,,5.08,N,ALLENTOWN RD,0,F,N,2124,CO,,KINGSTON DR,38.79373077,-76.91715002
03,16,,02,11,01,1,01,01,00,DA39470007,07.01,01-04-2015,23:10:00,,Y,N,PGCOPD,UNK,01,00,92,CO,,0.05,S,DOWER HOUSE RD,0,F,S,3050,CO,,MARLBORO PIKE,38.82041767,-76.84908628
05.02,16,,00,17,00,1,00,01,00,DA3947000D,00,02-02-2015,06:30:00,,N,N,PGCOPD,UNK,08,00,194,CO,,1.08,W,DR BOWEN RD,600,F,W,381,MD,,BRANDYWINE RD,38.58388482,-76.72470689
01,16,,00,09,00,2,00,04,00,DA3947000F,06.01,02-20-2015,14:34:00,,N,N,PGCOPD,UNK,01,00,5,MD,,10.68,N,BRANCH AVE,1,M,N,5,RP,,RAMP 5 FR MD 5 SB TO MD 337 EB,38.80322951,-76.90498352
07.88,16,,00,88,00,1,00,01,00,DA3947000H,00,03-21-2015,23:12:00,,N,N,PGCOPD,UNK,01,00,123,CO,,1.81,N,TEMPLE HILL RD,1,M,N,96,CO,,KIRBY RD,38.78425585,-76.92431688
04,16,,02,02,02,2,01,88,00,DA39480004,06.01,01-30-2015,19:34:00,,Y,N,PGCOPD,UNK,01,00,201,MD,,0.32,N,KENILWORTH AVE,0,F,N,965,MD,,KENILWORTH AVE,38.9216065,-76.93145156
01,16,,05.01,03,01,,01,02,00,DA39480005,02,02-09-2015,09:00:00,,Y,N,PGCOPD,UNK,01,00,201,MD,,0.45,N,KENILWORTH AVE,5,F,N,50,RP,,RAMP 5 FR MD 201 SB TO US 50 EB,38.91913571,-76.93099022