LIGHT_CODE,COUNTY_NO,MUNI_CODE,JUNCTION_CODE,COLLISION_TYPE_CODE,SURF_COND_CODE,LANE_CODE,RD_COND_CODE,RD_DIV_CODE,FIX_OBJ_CODE,REPORT_NO,WEATHER_CODE,ACC_DATE,ACC_TIME,LOC_CODE,SIGNAL_FLAG,C_M_ZONE_FLAG,AGENCY_CODE,AREA_CODE,HARM_EVENT_CODE1,HARM_EVENT_CODE2,RTE_NO,ROUTE_TYPE_CODE,RTE_SUFFIX,LOG_MILE,LOGMILE_DIR_FLAG,MAINROAD_NAME,DISTANCE,FEET_MILES_FLAG,DISTANCE_DIR_FLAG,REFERENCE_NO,REFERENCE_TYPE_CODE,REFERENCE_SUFFIX,REFERENCE_ROAD_NAME,LATITUDE,LONGITUDE
03,16,,01,17,02,1,01,01,88,DA39490003,06.01,01-04-2015,22:37:00,16,N,N,PGCOPD,UNK,10,00,754,CO,,0.13,S,OAK GLEN WAY,0,F,S,754,CO,,OAK GLEN WAY,38.85902575,-76.8703723
03,16,,02,17,00,1,01,03,88,DA39490004,06.01,01-28-2015,18:49:00,,Y,N,PGCOPD,UNK,09,09,202,MD,D,0,W,SHERIFF RD,0,F,W,202,MD,D,BRIGHTSEAT RD,38.91462798,-76.86109185
03,16,,01,12,02,2,01,03,00,DA39490005,06.01,01-31-2015,20:42:00,,N,N,PGCOPD,UNK,01,00,75,CO,,0.38,W,SHERIFF RD,50,F,W,1482,CO,,HARVEY DR,38.913549,-76.86808705
07.88,16,,00,03,03,1,01,01,00,DA39490007,08.04,02-14-2015,17:50:00,,N,N,PGCOPD,UNK,02,00,3290,CO,,0.49,E,DODGE PARK RD,0,F,E,4147,CO,,HUBBARD RD,38.93138028,-76.87913775
03,16,,01,01,03,1,01,03,00,DA39490008,08.04,02-14-2015,22:50:00,,N,N,PGCOPD,UNK,01,00,804,CO,,0.7,N,75TH AVE,200,F,N,2428,CO,,PENNSY DR,38.93434303,-76.88210964
03,16,,02,17,02,3,01,04,10,DA39490009,06.01,02-15-2015,21:30:00,,Y,N,PGCOPD,UNK,09,09,704,MD,,3.32,E,MARTIN LUTHER KING JR HWY,0,F,E,165,MU,,HUBBARD RD,38.92968603,-76.87119842
01,16,,02,03,02,1,01,01,00,DA3949000B,07.01,02-23-2015,11:02:00,,N,N,PGCOPD,UNK,01,00,858,CO,,0.16,E,KENT TOWN DR,0,F,E,3361,CO,,KENT VILLAGE DR,38.92288359,-76.88480258
01,16,,01,03,02,2,01,04,00,DA3949000C,06.01,03-18-2015,17:08:00,,Y,N,PGCOPD,UNK,01,00,214,MD,,2.8,E,CENTRAL AVE,200,F,E,5730,CO,,GARRETT A MORGAN BLVD,38.88984702,-76.86242223
03,16,,01,11,02,2,01,03,00,DA3949000D,06.01,03-19-2015,20:19:00,,N,N,PGCOPD,UNK,01,00,366,CO,,0.83,S,ADDISON RD,300,F,S,214,MD,,CENTRAL AVE,38.88706613,-76.89819217
03,16,,01,09,02,,01,02,00,DA3949000F,06.01,03-20-2015,21:26:00,,N,N,PGCOPD,UNK,01,01,295,IS,,0.8,N,ANACOSTIA FREEWAY,400,F,N,,UU,,WASH DC LINE,38.92005392,-76.93321109
01,16,,01,07,02,1,01,04,00,DA3949000G,06.01,03-28-2015,12:25:00,,Y,N,PGCOPD,UNK,01,00,202,MD,,10.02,N,LANDOVER RD,300,F,N,76,CO,,BRIGHTSEAT RD,38.91810689,-76.85988754
03,16,,02,17,02,1,01,01,11,DA39500003,06.01,01-08-2015,18:30:00,,N,N,PGCOPD,UNK,09,09,467,CO,,0.08,W,CARSON CIR,0,F,W,329,CO,,LA SALLE RD,38.94727754,-76.97805762
01,16,,01,88,02,1,01,01,88,DA39500004,06.01,01-09-2015,16:38:00,,Y,N,PGCOPD,UNK,09,02,230,CO,,0.5,E,METZEROTT RD,25,F,E,212,MD,,RIGGS RD,39.00321086,-76.97189927
01,16,,00,88,02,1,01,04,09,DA39500005,06.01,01-17-2015,12:06:00,,N,N,PGCOPD,UNK,09,02,501,MD,,0,E,CHILLUM RD,100,F,E,212,MD,,RIGGS RD,38.96180309,-76.99402213
03,16,,02,11,02,,01,03,00,DA39500006,06.01,01-22-2015,22:38:00,,N,N,PGCOPD,UNK,01,01,501,MD,,0.08,E,CHILLUM RD,0,F,E,448,CO,,CHILLUMGATE RD,38.96163625,-76.99283123
01,16,,00,88,01,,01,00,00,DA39500007,06.01,03-04-2015,07:41:00,,N,N,PGCOPD,UNK,02,02,456,CO,,0.07,W,HANNON ST,100,F,W,455,CO,,16TH AVE,38.98301457,-76.98418379
06.02,16,,01,03,02,1,01,03,00,DA39500008,06.01,03-12-2015,18:55:00,,N,N,PGCOPD,UNK,01,01,650,MD,,2.98,N,NEW HAMPSHIRE AVE,100,F,N,230,CO,,METZEROTT RD,39.0039779,-76.97899103
01,16,,01,03,02,2,00,03,00,DA39500009,06.01,03-13-2015,14:58:00,,Y,N,PGCOPD,UNK,01,01,212,MD,,3.83,N,RIGGS RD,100,F,N,232,CO,,ADELPHI RD,39.00526185,-76.96834803
03,16,,01,17,02,1,01,03,10,DA39510002,06.01,01-31-2015,20:00:00,,Y,N,PGCOPD,UNK,09,00,2754,CO,,0.18,W,COOK RD,50,F,W,23,CO,,OLD BALTIMORE PIKE,39.03571961,-76.90526247
01,16,,01,17,06.03,3,01,04,11,DA39510003,06.01,02-15-2015,15:56:00,,N,N,PGCOPD,UNK,09,00,2,CO,,0.83,S,OLD GUNPOWDER RD,1,F,S,366,OP,,MINNICK RD,39.08703631,-76.90577745
03,16,,01,17,03,,01,88,11,DA39510004,08.04,02-15-2015,22:47:00,,N,N,PGCOPD,UNK,09,00,341,OP,,0,N,BRAMBLE LA,0,F,N,2645,CO,,BRIARWOOD DR,39.0821978,-76.85111403
01,16,,01,11,02,1,02,01,00,DA39510005,06.01,03-26-2015,13:20:00,,Y,N,PGCOPD,UNK,01,00,197,MD,,10.94,N,LAUREL BOWIE RD,0,U,N,6154,CO,,SNOWDEN POND RD,39.04800236,-76.83033228
01,16,,01,09,01,2,01,01,00,DA39520004,12.04,01-12-2015,11:46:00,0315,N,N,PGCOPD,UNK,01,00,1227,CO,,0.09,N,MATTHEW HENSON AVE,5,F,N,1231,CO,,GREENLEAF RD,38.92011235,-76.87194943
01,16,,02,11,02,2,01,01,00,DA39520005,06.01,01-29-2015,07:40:00,0306,N,N,PGCOPD,UNK,01,01,3668,CO,,0.31,W,COLUMBIA PARK RD,0,F,W,3361,CO,,KENT VILLAGE DR,38.91731596,-76.88824654
01,16,,01,04,02,2,01,01,00,DA39520006,00,01-30-2015,11:07:00,0309,Y,N,PGCOPD,UNK,01,00,925,CO,,0,S,JEFFERSON AVE,5,F,S,65,CO,,ARDWICK ARDMORE RD,38.94240443,-76.86936378
01,16,,00,01,04,1,05,01,00,DA39520007,10.04,02-15-2015,10:00:00,,N,N,PGCOPD,UNK,01,00,65,CO,,1.49,W,ARDWICK ARDMORE RD,0,M,W,6153,CO,,BRIGHTSEAT RD,38.93647947,-76.85654283
03,16,,01,03,02,1,01,01,00,DA39520008,06.01,03-29-2015,00:46:00,,N,N,PGCOPD,UNK,01,00,376,CO,,0.11,E,ABEL AVE,0,F,E,608,OP,,ABEL AVE (AHEAD),38.88378405,-76.91968203
01,16,,02,04,02,,01,05.01,00,DA33750002,06.01,02-04-2015,15:02:00,,Y,N,PGCOPD,UNK,01,00,3074,CO,,3.26,S,MARLBORO PIKE,0,F,S,1679,CO,,DONNELL DR,38.84981854,-76.88512444
03,16,,01,17,04,1,01,01,11,DA33770002,00,01-08-2015,22:22:00,,N,N,PGCOPD,UNK,09,00,675,CO,,0.37,E,BEECHWOOD RD,0,M,E,684,CO,,21ST AVE,38.97552288,-76.97642684
03,16,,03,10,02,1,01,04,00,DA33770003,06.01,01-22-2015,19:04:00,,Y,N,PGCOPD,UNK,01,00,212,MD,,1.26,N,RIGGS RD,50,F,N,410,MD,,EAST WEST HWY,38.97186328,-76.97986007
03,16,,02,03,02,3,01,04,00,DA33770004,06.01,01-24-2015,20:32:00,,Y,N,PGCOPD,UNK,01,00,193,MD,,1.63,E,UNIVERSITY BLVD,0,F,E,1147,CO,,WEST PARK DR,38.98455743,-76.96622372
01,16,,01,88,02,1,01,03,00,DA33770005,06.01,01-25-2015,15:24:00,,N,N,PGCOPD,UNK,02,00,680,CO,,0.83,S,23RD AVE,150,F,S,901,CO,,WOODBERRY ST,38.97147541,-76.9723016
01,16,,02,11,02,1,01,03,00,DA33770006,06.01,02-01-2015,11:51:00,,Y,N,PGCOPD,UNK,01,00,681,CO,,0.3,S,24TH AVE,0,F,S,676,CO,,DREXEL ST,38.97715973,-76.96991444
03,16,,01,08,02,2,01,04,00,DA33770007,06.01,02-10-2015,00:00:00,,N,N,PGCOPD,UNK,01,00,212,MD,,1.94,N,RIGGS RD,10,F,N,692,CO,,DREXEL ST,38.98182195,-76.9789803
03,16,,02,11,02,1,01,03,00,DA33770008,06.01,02-10-2015,20:17:00,,Y,N,PGCOPD,UNK,01,00,212,MD,,3.98,N,RIGGS RD,0,F,N,786,CO,,25TH AVE,39.00641238,-76.96671724
03,16,,01,17,04,1,01,03,88,DA3377000B,06.01,02-24-2015,21:47:00,,N,N,PGCOPD,UNK,16,00,252,CO,,0.97,E,COOL SPRING RD,1,M,E,188,OP,,ADELPHI CT,38.99067016,-76.96442664
01,16,,02,03,04,1,01,03,00,DA3377000C,06.01,03-06-2015,08:14:00,,Y,N,PGCOPD,UNK,01,00,680,CO,,0.78,S,23RD AVE,0,F,S,682,CO,,AMHERST RD,38.97321871,-76.97166324
03,16,,01,11,02,1,01,04,00,DA3377000F,06.01,03-27-2015,22:20:00,,Y,N,PGCOPD,UNK,01,00,193,MD,,1.43,E,UNIVERSITY BLVD,10,F,E,681,CO,,24TH AVE,38.98429056,-76.96996808
01,16,,88,11,02,1,01,03,00,DA3377000G,00,03-28-2015,16:15:00,,N,N,PGCOPD,UNK,01,00,230,CO,,0,E,METZEROTT RD,0,M,E,650,MD,,NEW HAMPSHIRE AVE,39.00387577,-76.97735757
01,16,,01,17,02,1,01,01,09,DA33780002,06.01,01-20-2015,15:05:00,,N,N,PGCOPD,UNK,09,00,84,CO,,0.08,S,COUNTY RD,0,F,S,458,MD,B,COUNTY RD (BACK),38.87015301,-76.80082798
03,16,,02,08,02,1,01,01,00,DA33790001,06.01,03-08-2015,19:09:00,,N,N,PGCOPD,UNK,01,00,351,CO,,1.47,E,ADDISON RD,0,F,E,611,MU,,61ST AVE #1,38.89960013,-76.91194654
01,16,,01,88,02,1,01,03,00,DA33790002,00,03-16-2015,08:06:00,,N,N,PGCOPD,UNK,01,01,3290,CO,,0,E,DODGE PARK RD,5,F,E,202,MD,,LANDOVER RD,38.92756608,-76.88309669
07.88,16,,02,08,99,1,99,99,00,DA33790003,06.01,03-29-2015,12:53:00,,Y,N,PGCOPD,UNK,01,00,258,CO,,0.3,N,57TH AVE,0,F,N,257,CO,,58TH AVE,38.94220415,-76.91723585
01,16,,01,17,01,2,01,03,07,DA33800003,08.04,01-06-2015,12:10:00,,N,N,PGCOPD,UNK,09,09,120,CO,,1.71,W,STEED RD,20,F,W,126,CO,,ALLENTOWN RD,38.7623659,-76.95481896
03,16,,01,17,02,1,01,03,11,DA33800004,06.01,01-20-2015,02:22:00,,N,N,PGCOPD,UNK,09,09,3675,CO,,1.69,N,OLD BRANCH AVE,50,F,N,5520,CO,,WOLVERTON LA,38.79137261,-76.89843893
01,16,,01,17,01,1,01,03,10,DA33800005,03,02-10-2015,10:00:00,,N,N,PGCOPD,UNK,09,00,373,MD,,5.3,E,ACCOKEEK RD,20,F,E,222,CO,,DANVILLE RD,38.68563538,-76.91916704
01,16,,00,02,02,1,01,03,00,DA33800006,06.01,02-24-2015,11:17:00,,N,N,PGCOPD,UNK,01,00,381,MD,,13.54,N,BRANDYWINE RD,25,F,N,166,CO,,MISSOURI AVE,38.69735913,-76.85131788
88,16,,01,17,04,1,00,01,08,DA33810002,08.04,02-03-2015,06:59:00,,N,N,PGCOPD,UNK,09,00,3853,CO,,1.406,W,MCKENDREE RD,1,M,W,6553,CO,,BRINTON WAY,38.86109762,-76.74499512
01,16,,07.01,03,02,1,01,01,00,DA33810004,00,03-29-2015,18:10:00,,Y,N,PGCOPD,UNK,01,00,381,MD,,13.26,N,BRANDYWINE RD,100,F,N,265,OP,,ICE PLANT RD,38.69690696,-76.84719801
04,16,,01,17,01,4,01,04,05,DA33820005,03,01-24-2015,00:00:00,,N,N,PGCOPD,UNK,09,00,210,MD,,13.273,N,INDIAN HEAD HWY,0,M,N,95,RP,,RAMP 1 FR MD 210 NB TO IS 95 LS,38.79480111,-76.9984746
01,16,,02,03,01,1,01,01,00,DA33820006,03,02-13-2015,07:16:00,,Y,N,PGCOPD,UNK,01,00,1444,CO,,0,S,FENWOOD PL,0,F,S,1442,CO,,FENWOOD AVE,38.81140611,-76.98578238
01,16,,01,03,01,2,01,03,00,DA33820007,06.01,02-18-2015,16:05:00,,Y,N,PGCOPD,UNK,01,00,414,MD,,0,E,OXON HILL RD,300,F,E,114,CO,,OXON HILL RD (BACK),38.80257735,-76.99589968
03,16,,02,06,02,,01,04,05,DA33820009,06.01,03-23-2015,19:51:00,,Y,N,PGCOPD,UNK,01,09,210,MD,,12.02,N,INDIAN HEAD HWY,0,F,N,,UU,,WILSON BRIDGE DR,38.78712438,-76.99830294
03,16,,01,02,02,,01,05.01,00,DA33830003,06.01,01-11-2015,18:12:00,,N,N,PGCOPD,UNK,01,01,105,CO,,0.21,S,ADELPHI RD,100,F,S,1547,CO,,FOX ST,39.00891347,-76.97403431
01,16,,01,01,03,,00,01,00,DA33830004,08.04,02-26-2015,09:07:00,,N,N,PGCOPD,UNK,02,01,648,CO,,0,S,15TH PL,1,M,S,650,CO,,MADISON ST,38.96100222,-76.98259592
01,16,,01,17,02,,01,04,10,DA33830005,06.01,03-22-2015,15:27:00,,N,N,PGCOPD,UNK,09,00,208,MD,,1.05,N,38TH ST,100,F,N,10,MU,,ALLISON ST,38.94752786,-76.95682526
06.02,16,,01,88,02,1,01,04,00,DA33830006,06.01,03-22-2015,19:00:00,,N,N,PGCOPD,UNK,02,00,680,CO,,0.83,S,23RD AVE,100,F,S,901,CO,,WOODBERRY ST,38.97049531,-76.97271466
04,16,,01,17,02,3,01,04,14.05,DA33890003,06.01,01-05-2015,21:30:00,,N,N,PGCOPD,UNK,09,09,210,MD,,7.7,N,INDIAN HEAD HWY,13,F,N,600,CO,,SWAN CREEK RD,38.73309632,-76.99094296
03,16,,00,11,02,3,01,02,00,DA33890004,06.01,01-08-2015,17:45:00,,N,N,PGCOPD,UNK,01,00,414,MD,,1.747,E,OXON HILL RD,13,F,E,,UU,,ENT TO BUSINESS,38.80507309,-76.97600842
04,16,,01,17,01,1,01,04,05,DA33890005,06.01,01-24-2015,18:45:00,,N,N,PGCOPD,UNK,00,09,210,MD,,8.9,N,INDIAN HEAD HWY,13,F,N,416,CO,,FORT WASHINGTON RD,38.74596704,-76.99201584
01,16,,02,11,02,1,01,01,00,DA33890006,00,02-16-2015,07:37:00,,Y,N,PGCOPD,UNK,01,00,2917,CO,,1.59,N,TANTALLON DR,0,F,N,3614,CO,,ASBURY DR,38.71625544,-77.00031996
01,16,,09.04,03,02,2,01,03,00,DA33890007,06.01,02-23-2015,16:56:00,,N,N,PGCOPD,UNK,01,00,1203,CO,,1.99,N,LIVINGSTON RD,13,F,N,414,MD,,OXON HILL RD,38.80510235,-76.99034214
04,16,,03,88,02,1,01,04,00,DA33890008,06.01,02-25-2015,18:10:00,,Y,N,PGCOPD,UNK,01,00,810,MD,A,3.5,W,LIVINGSTON RD,13,F,W,210,MD,,INDIAN HEAD HWY,38.63805914,-77.05080986
03,16,,01,17,01,1,00,01,18.88,DA33890009,03,03-04-2015,03:39:00,,N,N,PGCOPD,UNK,00,00,148,CO,,2.11,E,BOCK RD,13,F,E,1040,CO,,HOLLY DR,38.78006575,-76.96418524
04,16,,01,01,02,1,01,04,05,DA3389000B,06.01,03-08-2015,03:34:00,,N,N,PGCOPD,UNK,09,00,210,MD,,11.54,N,INDIAN HEAD HWY,13,F,N,582,CO,,KERBY HILL RD,38.78178865,-76.99763775
01,16,,02,03,02,1,01,01,00,DA36890009,00,01-13-2015,10:30:00,,Y,N,PGCOPD,UNK,01,00,467,CO,,0,W,CARSON CIR,0,F,W,500,MD,,QUEENS CHAPEL RD,38.9468353,-76.97649121
03,16,,02,03,02,1,01,04,00,DA3689000B,06.01,01-22-2015,18:48:00,,Y,N,PGCOPD,UNK,01,00,650,MD,,2.78,N,NEW HAMPSHIRE AVE,0,F,N,320,MD,,PINEY BRANCH RD,39.0016017,-76.98196292
03,16,,02,01,01,1,01,01,00,DA3689000C,03,01-23-2015,20:43:00,,Y,N,PGCOPD,UNK,01,00,650,MD,,2.39,N,NEW HAMPSHIRE AVE,0,F,N,862,CO,,QUEBEC ST,38.99640714,-76.98476315
01,16,,03,07,02,1,01,01,00,DA3689000D,00,01-31-2015,11:09:00,,N,N,PGCOPD,UNK,01,00,1338,CO,,0,S,HANNON ST,160,F,S,680,CO,,23RD AVE,38.98190535,-76.972543
01,16,,02,03,02,1,01,03,00,DA3689000F,06.01,02-08-2015,14:58:00,,N,N,PGCOPD,UNK,01,00,212,MD,,4.41,N,RIGGS RD,0,F,N,5579,CO,,HEATHERWOOD CT,39.01238984,-76.96530104
01,16,,01,17,04,2,01,04,06,DA3689000G,05,02-15-2015,09:14:00,,N,N,PGCOPD,UNK,16,11,193,MD,,2.71,E,UNIVERSITY BLVD,1,M,E,93,SR,,MAIN ENT GOLF COURSE,38.98967781,-76.95377827
01,16,,01,07,01,1,01,04,00,DA3689000H,05,02-15-2015,12:52:00,,N,N,PGCOPD,UNK,01,00,668,CO,,0.73,W,MERRIMAC DR,75,F,W,650,MD,,NEW HAMPSHIRE AVE,38.99289663,-76.98599696
01,16,,02,17,04,3,01,04,10,DA3689000J,05,02-15-2015,13:30:00,,N,N,PGCOPD,UNK,09,00,193,MD,,1.09,E,UNIVERSITY BLVD,0,F,E,694,CO,,GUILFORD RD,38.98359002,-76.9760406
01,16,,02,11,06.03,1,01,01,00,DA3689000K,06.01,02-17-2015,13:01:00,,N,N,PGCOPD,UNK,02,02,250,MU,,0,W,WEBSTER ST,0,F,W,9290,MU,,29TH ST,38.94506632,-76.96798325
01,16,,03,03,06.03,1,01,04,00,DA3689000M,06.01,03-06-2015,10:38:00,,N,N,PGCOPD,UNK,01,00,193,MD,,1.63,E,UNIVERSITY BLVD,200,F,E,1147,CO,,WEST PARK DR,38.98484931,-76.96433544
03,16,,02,17,02,3,01,04,00,DA3689000N,06.01,03-19-2015,06:06:00,,Y,N,PGCOPD,UNK,03,00,650,MD,,2.03,N,NEW HAMPSHIRE AVE,0,F,N,670,CO,,LEBANON ST,38.9915791,-76.98720932
01,16,,02,03,02,1,01,03,00,DA3689000P,06.01,03-19-2015,08:00:00,,Y,N,PGCOPD,UNK,01,01,501,MD,,1.68,E,CHILLUM RD,0,F,E,500,MD,,QUEENS CHAPEL RD,38.95124921,-76.96671724
01,16,,02,11,02,1,01,03,00,DA36900005,06.01,01-09-2015,09:58:00,618,N,N,PGCOPD,UNK,01,09,96,CO,,0.88,E,KIRBY RD,0,F,E,2126,CO,,PINEWOOD DR,38.78378751,-76.90855622
05.02,16,,01,17,02,1,01,03,11,DA36900006,06.01,01-23-2015,07:08:00,622,N,N,PGCOPD,UNK,09,00,123,CO,,1.33,N,TEMPLE HILL RD,50,F,N,4269,CO,,MEGAN DR,38.7716848,-76.92649484
01,16,,01,17,02,1,01,01,09,DA36940001,06.01,01-27-2015,14:44:00,,N,N,PGCOPD,UNK,09,00,130,CO,,2.6,W,SURRATTS RD,200,F,W,5192,CO,,HOLLY LA,38.73344783,-76.85629606
04,16,,01,05,02,1,01,01,00,DA36940002,06.01,01-27-2015,20:27:00,,N,N,PGCOPD,UNK,01,00,123,CO,,2.64,N,TEMPLE HILL RD,50,F,N,2681,CO,,MANSFIELD MANOR DR,38.79016005,-76.92704201
03,16,,01,01,02,1,01,03,00,DA36940005,06.01,03-03-2015,21:56:00,,N,N,PGCOPD,UNK,01,00,599,CO,,5.04,N,BRANDYWINE RD,100,F,N,1030,CO,,CLINTON MANOR DR,38.75935415,-76.89545631
01,16,,01,17,02,1,01,03,11,DA36940006,06.01,03-25-2015,14:30:00,,N,N,PGCOPD,UNK,16,09,123,CO,,1.33,N,TEMPLE HILL RD,500,F,N,4269,CO,,MEGAN DR,38.77268019,-76.92619443
01,16,,03,17,01,1,01,01,10,DA36940007,03,03-26-2015,14:00:00,,N,N,PGCOPD,UNK,16,09,225,CO,,0,N,FLORAL PARK RD,10,F,N,599,CO,,BRANDYWINE RD,38.70520459,-76.8833971
03,16,,00,17,02,1,01,04,04,DA36950003,06.01,01-03-2015,01:27:00,,N,N,PGCOPD,UNK,88,99,5466,CO,,0.23,E,IVERSON ST,0,F,E,1260,CO,,21ST AVE,38.83062327,-76.96408868
03,16,,02,03,02,2,01,04,00,DA36950005,06.01,03-19-2015,22:18:00,16,Y,N,PGCOPD,UNK,01,00,5,MD,,13.47,N,BRANCH AVE,0,F,N,414,MD,,ST BARNABAS RD,38.83822846,-76.94542587
01,16,,02,03,02,1,00,04,00,DA36960002,06.01,02-18-2015,07:42:00,,Y,N,PGCOPD,UNK,01,00,202,MD,,11.95,N,LANDOVER RD,0,F,N,1210,CO,,OLD LANDOVER RD,38.9322563,-76.8985157
05.02,16,,00,05,03,1,01,02,00,DA36970007,10.04,02-26-2015,06:33:00,NONE,N,N,PGCOPD,UNK,01,01,5841,CO,,0,S,SOUTHVIEW DR,800,F,S,,UU,,ROAD END,38.82692903,-76.99019194
03,16,,00,03,02,1,01,02,00,DA36970008,06.01,03-25-2015,08:54:00,,N,N,PGCOPD,UNK,02,00,1271,CO,,0.02,E,RIVER HILL RD,900,F,E,1054,CO,,PANORAMA DR,38.78556887,-77.01032996
05.02,16,,01,88,02,1,01,04,00,DA36970009,06.01,03-31-2015,05:33:00,,N,N,PGCOPD,UNK,01,01,210,MD,,7.7,N,INDIAN HEAD HWY,200,F,N,1202,CO,,LIVINGSTON RD,38.78061775,-76.99736953
03,16,,02,03,01,1,01,01,00,DA36980005,03,02-10-2015,02:30:00,0175,N,N,PGCOPD,UNK,01,02,1819,CO,,0.36,N,TOLEDO TERR,0,F,N,2297,CO,,NORTHWEST DR,38.97113134,-76.95871621
01,16,,01,03,02,1,01,03,00,DA36980007,06.01,03-29-2015,09:20:00,,N,N,PGCOPD,UNK,01,01,212,MD,,3.83,N,RIGGS RD,500,F,N,105,CO,,ADELPHI RD,39.00597051,-76.9672966
03,16,,00,11,01,1,01,03,00,DA36990002,03,01-23-2015,17:15:00,0234,N,N,PGCOPD,UNK,01,00,302,CO,,1.88,W,RIVERDALE RD,50,F,W,618,OP,,67TH AVE,38.96143603,-76.90261245
03,16,,01,10,02,1,01,01,00,DA37000007,06.01,02-07-2015,18:35:00,,N,N,PGCOPD,UNK,01,01,401,CO,,0.4,S,64TH AVE,200,F,S,,UU,,CUL DE SAC,38.96287925,-76.9064641
01,16,,01,06,02,1,01,01,00,DA37000008,00,02-10-2015,15:11:00,,N,N,PGCOPD,UNK,02,01,401,CO,,0,S,64TH AVE,100,F,S,402,CO,,POWHATAN ST,38.95915017,-76.90794468
01,16,,00,06,02,2,01,01,00,DA37960002,06.01,01-23-2015,07:50:00,,N,N,PGCOPD,UNK,01,00,600,CO,,1.34,E,SWAN CREEK RD,1,M,E,416,CO,,FORT WASHINGTON RD,38.72540458,-77.00831294
01,16,,00,03,01,3,00,04,05,DA37960003,03,01-29-2015,16:45:00,,N,N,PGCOPD,UNK,01,00,210,MD,,6.81,N,INDIAN HEAD HWY,60,F,N,118,CO,,OLD FORT RD,38.74672013,-76.99201584
01,16,,00,09,02,3,00,88,00,DA37960004,06.01,02-01-2015,16:20:00,,N,N,PGCOPD,UNK,01,00,5,MD,,12.46,N,BRANCH AVE,15,F,N,3584,CO,,AUTH WAY,38.82595111,-76.925143
03,16,,00,99,02,1,01,01,00,DA37960005,06.01,02-07-2015,07:30:00,,N,N,PGCOPD,UNK,01,01,1458,CO,,0.08,W,WHITE OAK DR,20,F,W,1457,CO,,CIRCLE DR E,38.79075379,-76.99024558
03,16,,03,03,02,2,01,04,00,DA37960006,06.01,03-02-2015,20:09:00,,N,N,PGCOPD,UNK,01,00,210,MD,,11.54,N,INDIAN HEAD HWY,300,F,N,582,CO,,KERBY HILL RD,38.78069302,-76.99754119
03,16,,00,88,02,2,00,04,00,DA37960007,06.01,03-02-2015,23:15:00,,N,N,PGCOPD,UNK,01,01,210,MD,,10.54,N,INDIAN HEAD HWY,200,F,N,3645,CO,,PALMER RD,38.76566195,-76.99438691
01,16,,02,04,02,1,01,04,00,DA37960009,06.01,03-12-2015,08:37:00,,Y,N,PGCOPD,UNK,01,00,210,MD,,13.97,N,INDIAN HEAD HWY,0,F,N,1203,CO,,LIVINGSTON RD,38.78018284,-76.99793816
01,16,,02,11,02,1,01,04,00,DA37970005,06.01,01-09-2015,11:35:00,,N,N,PGCOPD,UNK,01,00,223,MD,,7.59,N,WOODYARD RD,0,F,N,,UU,,ENT TO SHOPPING CENTER,38.76686656,-76.88900828
01,16,,02,11,02,1,01,01,00,DA37970007,06.01,02-03-2015,16:31:00,,Y,N,PGCOPD,UNK,01,00,373,MD,,2.25,E,ACCOKEEK RD,0,F,E,724,CO,,BERRY RD,38.67371706,-76.97227478
01,16,,02,11,01,1,01,04,00,DA37990008,03,01-12-2015,11:00:00,,Y,N,PGCOPD,UNK,01,01,4,MD,,10.78,N,PENNSYLVANIA AVE,0,F,N,85,CO,,WALTERS LA,38.8455153,-76.89169049
01,16,,00,03,02,2,01,03,00,DA38000007,06.01,01-09-2015,11:25:00,,N,N,PGCOPD,UNK,01,00,3642,CO,,0.94,S,PAINT BRANCH PKWY,200,F,S,5000,OP,,RIVER RD,38.97892791,-76.92670941
01,16,,02,88,02,1,01,03,00,DA38000008,06.01,01-23-2015,08:03:00,,N,N,PGCOPD,UNK,01,00,322,CO,,0.51,W,CARTERS LA,0,F,W,674,CO,,57TH AVE,38.95372722,-76.91897392
03,16,,03,04,02,3,01,04,00,DA38010008,07.01,01-14-2015,16:59:00,0117,N,N,PGCOPD,UNK,01,00,212,MD,,1.37,N,RIGGS RD,10,F,N,765,CO,,AMHERST RD,38.97435725,-76.97914124
00,16,,01,02,02,1,01,03,00,DA38020006,06.01,03-20-2015,06:34:00,,N,N,PGCOPD,UNK,01,11,2067,CO,,0.04,S,OLD SILVER HILL RD,500,F,S,128,CO,,KENTUCKY AVE,38.85399201,-76.90536439
01,16,,03,02,02,,01,01,00,DA38020007,06.01,03-26-2015,17:55:00,,Y,N,PGCOPD,UNK,01,01,458,MD,,2.28,N,SILVER HILL RD,10,F,N,4,MD,,PENNSYLVANIA AVE,38.8531189,-76.91014409
05.02,16,,01,03,02,1,01,01,00,DA39530005,06.01,03-22-2015,06:31:00,,N,N,PGCOPD,UNK,02,02,1047,CO,,0.61,W,MARBURY DR,50,F,W,735,CO,,MILLVALE AVE,38.85581756,-76.87470675
01,16,,02,02,02,2,01,04,10,DA39540003,06.01,01-05-2015,13:46:00,,Y,N,PGCOPD,UNK,01,09,197,MD,,13.07,N,LAUREL BOWIE RD,0,F,N,6,CO,,CONTEE RD,39.07361926,-76.84783101
03,16,,01,17,04,,01,01,88,DA39540004,06.01,01-18-2015,02:16:00,,N,N,PGCOPD,UNK,09,88,13,CO,,0.16,E,BELTSVILLE RD,0,M,E,2380,CO,,ELKRIDGE ST,39.05480944,-76.93620443