LIGHT_CODE,COUNTY_NO,MUNI_CODE,JUNCTION_CODE,COLLISION_TYPE_CODE,SURF_COND_CODE,LANE_CODE,RD_COND_CODE,RD_DIV_CODE,FIX_OBJ_CODE,REPORT_NO,WEATHER_CODE,ACC_DATE,ACC_TIME,LOC_CODE,SIGNAL_FLAG,C_M_ZONE_FLAG,AGENCY_CODE,AREA_CODE,HARM_EVENT_CODE1,HARM_EVENT_CODE2,RTE_NO,ROUTE_TYPE_CODE,RTE_SUFFIX,LOG_MILE,LOGMILE_DIR_FLAG,MAINROAD_NAME,DISTANCE,FEET_MILES_FLAG,DISTANCE_DIR_FLAG,REFERENCE_NO,REFERENCE_TYPE_CODE,REFERENCE_SUFFIX,REFERENCE_ROAD_NAME,LATITUDE,LONGITUDE
01,16,,01,01,02,1,01,01,00,DA3851000F,06.01,03-26-2015,15:45:00,0110,N,N,PGCOPD,UNK,01,00,2760,CO,,0.2,N,15TH AVE,250,F,N,982,CO,,14TH AVE,38.98719272,-76.98107243
03,16,,02,02,01,1,01,01,00,DA3851000G,03,03-26-2015,21:01:00,0110,Y,N,PGCOPD,UNK,01,00,2760,CO,,0.2,N,15TH AVE,0,F,N,982,CO,,14TH AVE,38.98786821,-76.98123336
00,16,,03,03,02,1,01,01,00,DA38520004,06.01,01-14-2015,11:13:00,,N,N,PGCOPD,UNK,01,00,28,CO,,1,S,CIPRIANO RD,25,F,S,1129,CO,,TUCKERMAN ST,38.97,-76.85
01,16,,01,11,02,2,01,01,00,DA38520005,06.01,01-29-2015,11:00:00,,N,N,PGCOPD,UNK,01,01,67,CO,,0,S,LOTTSFORD VISTA RD,100,F,S,704,MD,,MARTIN LUTHER KING JR HWY,38.955,-76.8289
04,15,,01,01,02,1,01,01,00,DD5602000B,06.01,03-08-2015,23:48:00,55122,N,N,ROCKVILLE,UNK,02,00,1690,MU,,1.24,N,LEWIS AVE,50,F,N,880,MU,,DEBECK DR,39.076365,-77.13584333
01,15,,02,88,03,1,01,01,00,DD56030016,08.04,01-06-2015,12:38:00,55112,N,N,ROCKVILLE,UNK,02,00,1074,MU,,0,N,FARM HAVEN DR,0,F,N,144,CO,,MONTROSE RD,39.05495108,-77.1432066
03,15,,00,88,02,1,01,04,00,DD56030017,06.01,01-13-2015,20:50:00,55112,N,N,ROCKVILLE,UNK,01,00,2640,MU,,0,W,ROLLINS AVE,75,F,W,355,MD,,ROCKVILLE PIKE,39.05882507,-77.12183475
01,15,,01,88,02,2,01,04,00,DD56030019,06.01,01-20-2015,12:27:00,55112,Y,N,ROCKVILLE,UNK,01,00,355,MD,,10.32,N,HUNGERFORD DR,25,F,N,1902,MU,,MANNAKEE ST,39.09647918,-77.15330243
01,15,,01,01,03,1,01,01,00,DD5603001B,08.04,01-21-2015,13:38:00,55112,N,N,ROCKVILLE,UNK,01,00,2645,MU,,0,N,ROLLINS AVE,100,F,N,3047,CO,,CHAPMAN AVE,39.05845018,-77.11769342
01,15,,01,01,02,1,01,03,00,DD5603001C,00,01-27-2015,14:41:00,55114,Y,N,ROCKVILLE,UNK,02,00,2000,MU,,0.28,E,MARTINS LA,25,F,E,300,MU,,BICKFORD AVE,39.09159969,-77.15659618
01,15,,02,11,02,1,01,03,00,DD5603001D,06.01,02-26-2015,16:20:00,55114,Y,N,ROCKVILLE,UNK,01,00,2140,MU,,0.33,S,MONROE ST,0,F,S,1125,MU,,FLEET ST,39.08068206,-77.14998722
01,15,,88,17,01,1,01,01,88,DD5603001F,06.01,03-09-2015,10:56:00,55114,N,N,ROCKVILLE,UNK,09,09,355,MD,,8.13,N,ROCKVILLE PIKE,300,F,N,2890,MU,,TALBOTT ST,39.07145364,-77.1323812
01,15,,11.04,03,02,1,01,88,00,DD5603001G,06.01,03-15-2015,14:21:00,55114,N,N,ROCKVILLE,UNK,01,00,3047,CO,,0.45,S,CHAPMAN AVE,100,F,S,2645,MU,,ROLLINS AVE,39.05755876,-77.11741447
03,15,,01,03,02,2,01,04,00,DD5603001H,06.01,03-16-2015,19:40:00,54114,N,N,ROCKVILLE,UNK,01,00,355,MD,,7.78,N,ROCKVILLE PIKE,150,F,N,2907,MU,,TEMPLETON PL,39.06725547,-77.12848663
03,16,,03,09,02,,01,04,00,DA35820006,06.01,02-04-2015,21:29:00,,Y,N,PGCOPD,UNK,01,00,410,MD,,0,E,EAST WEST HWY,15,F,E,650,MD,,NEW HAMPSHIRE AVE (MONT CO),38.97547492,-76.9928956
01,16,,00,03,02,1,01,03,00,DA35880004,07.01,01-15-2015,12:24:00,16,N,N,PGCOPD,UNK,02,00,4033,CO,,0,E,TRUMBULL DR,0,M,E,3348,CO,,FAIRHAVEN AVE,38.76613041,-76.78516388
01,16,,02,17,03,1,01,01,10,DA35880005,08.04,03-05-2015,10:45:00,16,N,N,PGCOPD,UNK,09,00,132,CO,,0.55,N,FRANK TIPPETT RD,0,F,N,6353,CO,,SARAH LANDING DR,38.74094623,-76.83243513
01,16,,01,02,02,1,01,03,00,DA35880006,06.01,03-30-2015,15:49:00,16,N,N,PGCOPD,UNK,01,01,159,CO,,2.193,W,DYSON RD,20,F,W,,UU,,SPINE RD,38.70497016,-76.86909556
01,16,,02,11,02,1,01,03,00,DA35880007,06.01,03-30-2015,17:21:00,16,N,N,PGCOPD,UNK,01,01,191,CO,,0,S,HORSEHEAD RD,0,F,S,189,CO,,BADEN WESTWOOD RD,38.65981124,-76.77119493
01,16,,00,03,02,2,01,04,00,DA35890003,06.01,01-05-2015,13:54:00,,N,N,PGCOPD,UNK,01,00,210,MD,,5.29,N,INDIAN HEAD HWY,1,M,N,1077,CO,,THE MALL,38.69441163,-76.98730588
01,16,,02,03,02,1,01,03,00,DA35890004,06.01,02-15-2015,15:12:00,N/A,N,N,PGCOPD,UNK,01,00,1071,CO,,0,W,LINDSAY RD,0,F,W,1203,CO,,LIVINGSTON RD,38.79243463,-76.9864583
03,16,,01,17,02,2,01,04,00,DA35990004,06.01,03-22-2015,01:12:00,16,N,N,PGCOPD,UNK,03,00,650,MD,,1.85,N,NEW HAMPSHIRE AVE,60,F,N,193,MD,,UNIVERSITY BLVD,38.99024487,-76.98745608
03,16,,01,03,02,3,01,04,00,DA35990005,06.01,03-22-2015,23:33:00,16,N,N,PGCOPD,UNK,01,01,193,MD,,0.33,E,UNIVERSITY BLVD,0,M,E,650,MD,,NEW HAMPSHIRE AVE,38.99357206,-76.61315918
03,16,,02,88,01,1,01,03,04,DA36000001,06.01,01-29-2015,22:45:00,,N,N,PGCOPD,UNK,01,09,2828,CO,,0.12,N,BROOKS DR,0,F,N,527,CO,,HOMER AVE,38.85348652,-76.92027211
01,16,,02,88,02,1,01,88,00,DA36000003,06.01,03-12-2015,08:00:00,,Y,N,PGCOPD,UNK,01,00,458,MD,,1.73,N,SILVER HILL RD,0,F,N,2828,CO,,BROOKS DR,38.85155647,-76.91993952
03,16,,02,08,01,2,01,04,00,DA36010003,03,01-03-2015,18:10:00,,Y,N,PGCOPD,UNK,01,00,4,MD,,11.92,N,PENNSYLVANIA AVE,0,F,N,458,MD,,SILVER HILL RD,38.85331107,-76.90974712
03,16,,03,02,02,2,01,04,09,DA36010004,06.01,01-16-2015,20:30:00,,Y,N,PGCOPD,UNK,01,00,458,MD,,2.71,N,SILVER HILL RD,0,M,N,3074,CO,,MARLBORO PIKE,38.85581756,-76.90545559
03,16,,03,11,02,,01,04,00,DA36010005,06.01,01-19-2015,19:45:00,,N,N,PGCOPD,UNK,01,00,458,MD,,2.67,N,SILVER HILL RD,0,F,N,,UU,,ENT TO BUSINESS,38.85611833,-76.90573454
03,16,,02,11,01,,01,03,00,DA36020005,06.01,01-18-2015,20:54:00,,Y,N,PGCOPD,UNK,01,00,110,CO,,0,W,WHEELER RD,0,F,W,414,MD,,ST BARNABAS RD,38.81560273,-76.96276903
03,16,,01,17,02,,01,03,18.88,DA36020009,06.01,02-03-2015,00:47:00,,N,N,PGCOPD,UNK,09,00,122,CO,,2.66,E,BRINKLEY RD,100,F,E,123,CO,,TEMPLE HILL RD,38.80149876,-76.9268918
03,16,,01,07,01,1,01,04,00,DA3602000C,06.01,03-21-2015,06:00:00,,N,N,PGCOPD,UNK,01,00,5,MD,,13.99,N,BRANCH AVE,1,M,N,,UU,,SPUR TO MD 458,38.83582163,-76.94386482
01,16,,01,05,02,2,01,04,00,DA3602000D,06.01,03-12-2015,18:00:00,,N,N,PGCOPD,UNK,01,00,414,MD,,5.049,E,ST BARNABAS RD,100,F,E,3583,CO,,WILKINSON DR,38.84061013,-76.94208384
01,16,,01,03,02,2,01,04,00,DA3602000F,06.01,03-28-2015,15:39:00,,N,N,PGCOPD,UNK,01,00,5,MD,,12.73,N,BRANCH AVE,100,F,N,967,MD,A,OLD BRANCH AVE,38.827815,-76.9277823
01,16,,00,09,01,1,01,01,00,DA36050007,03,01-12-2015,13:12:00,,N,N,PGCOPD,UNK,01,00,,,,,,4907 SUITLAND RD,1,M,,,,,SILVER HILL RD,38.84809727,-76.92327619
01,16,,01,03,02,2,01,01,00,DA36050008,06.01,01-13-2015,09:17:00,,N,N,PGCOPD,UNK,01,00,,,,,,MARLBORO PIKE,100,F,,,,,KIPLING PKY,38.8534531,-76.89714074
01,16,,02,02,01,,01,01,00,DA36050009,07.01,01-14-2015,09:15:00,,Y,N,PGCOPD,UNK,01,00,,,,,,ADDISON RD S,0,F,,,,,WALKER MILL RD,38.86724606,-76.89237714
01,16,,01,02,02,1,01,01,00,DA3605000B,06.01,01-28-2015,10:02:00,409,N,N,PGCOPD,UNK,01,00,,,,,,MARLBORO PIKE,50,F,,,,,BENNING RD,38.87284268,-76.92796469
01,16,,01,11,02,1,01,01,00,DA3605000C,07.01,02-14-2015,13:12:00,,N,N,PGCOPD,UNK,01,00,,,,,,MARLBORO PIKE,100,F,,,,,BROOKS DR,38.86723771,-76.91702127
03,16,,03,11,01,1,01,01,11,DA36080001,03,02-09-2015,17:00:00,,N,N,PGCOPD,UNK,01,01,99,CO,,0.79,N,BROWN STATION RD,10,F,N,5121,CO,,LORDS LANDING RD,38.82897677,-76.77070141
01,16,,00,99,02,,01,00,00,DA36080004,06.01,03-12-2015,16:59:00,858,N,N,PGCOPD,UNK,02,02,5410,CO,,0,S,LARGO CENTER DR,1,M,S,5342,CO,,ARENA DR,38.9019046,-76.83661938
01,16,,01,09,02,2,01,03,00,DA36100004,06.01,01-15-2015,08:10:00,,N,N,PGCOPD,UNK,01,01,3074,CO,,0,S,MARLBORO PIKE,500,F,S,,UU,,WASH DC LINE,38.87364872,-76.93268001
01,16,,03,03,02,2,01,04,09,DA36110006,06.01,01-20-2015,08:15:00,,Y,N,PGCOPD,UNK,01,09,410,MD,,3.73,E,EAST WEST HWY,5,F,E,280,MU,,TAYLOR RD,38.9625539,-76.92905903
03,16,,00,07,02,3,01,04,00,DA36110007,06.01,02-07-2015,01:00:00,,N,N,PGCOPD,UNK,01,00,193,MD,,5.86,E,GREENBELT RD,20,F,E,,UU,,CROSSOVER,38.99616532,-76.90123916
03,16,,01,06,01,1,00,02,00,DA36130002,06.01,01-19-2015,00:15:00,,N,N,PGCOPD,UNK,02,00,10,MU,,0.47,N,ALLISON ST,100,F,N,340,MU,,34TH ST,38.94806396,-76.9604677
06.02,16,,02,15,01,,01,04,00,DA37740004,03,01-03-2015,17:45:00,,Y,N,PGCOPD,UNK,01,01,201,MD,,3.78,N,KENILWORTH AVE,0,F,N,,UU,,SPUR TO RIVERDALE RD,38.95892492,-76.92011118
01,16,,01,07,02,1,01,04,00,DA37740005,06.01,01-05-2015,14:10:00,,N,N,PGCOPD,UNK,01,01,201,MD,,1.63,N,KENILWORTH AVE,30,F,N,2773,CO,,LLOYD ST,38.93400921,-76.93468094
01,16,,00,09,02,1,01,01,00,DA37750007,06.01,01-28-2015,13:10:00,,N,N,PGCOPD,UNK,01,00,351,CO,,0.58,E,ADDISON RD,200,F,E,540,CO,,N ENGLEWOOD DR,38.91001143,-76.92216039
01,16,,02,03,02,1,01,88,00,DA37750008,06.01,02-05-2015,16:37:00,,Y,N,PGCOPD,UNK,01,00,214,MD,,2.8,E,CENTRAL AVE,0,F,E,87,CO,,RITCHIE RD,38.8897134,-76.86196089
03,16,,03,05,01,1,01,01,00,DA37760009,03,01-21-2015,18:20:00,,N,N,PGCOPD,UNK,01,00,564,MD,,3.04,E,LANHAM SEVERN RD,100,F,E,193,MD,,GLENN DALE BLVD,38.98623368,-76.82123423
06.02,16,,03,03,02,3,01,04,00,DA3776000B,06.01,02-05-2015,17:00:00,,Y,N,PGCOPD,UNK,01,00,3248,CO,,0,N,AEROSPACE RD,50,F,N,193,MD,,GREENBELT RD,38.99092032,-76.8323493
01,16,,01,88,04,1,01,01,04,DA3776000C,09.04,03-01-2015,11:00:00,,N,N,PGCOPD,UNK,01,01,42,CO,,4.54,E,GOOD LUCK RD,75,F,E,4332,CO,,PALAMAR DR,38.98574999,-76.83908701
04,16,,01,02,02,1,01,01,00,DA37770002,06.01,01-01-2015,22:16:00,803,N,N,PGCOPD,UNK,01,00,197,MD,,7.92,N,LAUREL BOWIE RD,2,M,N,5199,CO,,OLD LAUREL BOWIE RD,39.03805299,-76.79432631
01,16,,03,09,02,,01,03,00,DA37770003,00,02-03-2015,16:30:00,819,Y,N,PGCOPD,UNK,01,01,52,CO,,0,W,OLD CHAPEL RD,10,F,W,197,MD,,LAUREL BOWIE RD,38.98463248,-76.75706506
03,16,,00,03,01,1,01,02,11,DA37790004,06.01,01-04-2015,22:11:00,,N,N,PGCOPD,UNK,09,02,70,MU,,0.87,N,CAPITOL HEIGHTS BLVD,30,F,N,2153,CO,,BROOKE RD,38.88127645,-76.91435784
03,16,,02,08,01,1,00,88,00,DA37790005,03,01-23-2015,20:16:00,0440,N,N,PGCOPD,UNK,01,00,483,CO,,1.35,N,FORESTVILLE RD,0,F,N,3074,CO,,MARLBORO PIKE,38.84403627,-76.87404156
03,16,,00,17,02,1,01,01,10,DA37790006,06.01,02-08-2015,19:06:00,0406,N,N,PGCOPD,UNK,09,00,364,CO,,1.12,E,WALKER MILL DR,1,M,E,365,CO,,OLD RITCHIE RD,38.88149151,-76.86282456
01,16,,00,03,00,1,01,04,00,DA37790008,00,03-04-2015,10:26:00,,N,N,PGCOPD,UNK,01,00,202,MD,,10.86,N,LANDOVER RD,0,M,N,202,RP,,RAMP 2 FR MD 202 WB TO MD 704 NB,38.92631411,-76.87449217
01,16,,00,03,03,1,01,03,00,DA37800006,08.04,02-21-2015,17:20:00,16,N,N,PGCOPD,UNK,01,01,201,MD,,9.1,N,EDMONSTON AVE,30,F,N,27,CO,,BEAVER DAM RD,39.02677702,-76.90113187
01,16,,02,02,03,1,01,03,00,DA37800007,06.01,03-02-2015,09:01:00,927,Y,N,PGCOPD,UNK,01,00,3641,CO,,3.43,N,SPRINGFIELD RD,0,F,N,6,GV,,POWDER MILL RD,39.03324447,-76.84124351
07.88,16,,02,11,01,1,01,01,00,DA37810004,07.01,01-12-2015,22:57:00,,N,N,PGCOPD,UNK,01,00,1533,CO,,0.07,S,CAVERLY AVE,0,F,S,1534,CO,,GREENWOOD RD,39.04831898,-76.91977859
01,16,,02,88,02,1,01,01,00,DA37810006,07.01,02-06-2015,08:42:00,,N,N,PGCOPD,UNK,02,00,3737,CO,,0.33,N,QUIMBY AVE,0,F,N,3175,CO,,CARROLL ST,39.04771073,-76.90736532
03,16,,05.01,17,03,,01,88,04,DA37810007,08.04,02-16-2015,18:58:00,,N,N,PGCOPD,UNK,09,09,212,MD,,6.87,N,POWDER MILL RD,10,F,N,14,CO,,CHERRY HILL RD,39.03932799,-76.94760919
01,16,,02,03,02,2,01,03,00,DA37810008,06.01,03-09-2015,11:59:00,,Y,N,PGCOPD,UNK,01,00,212,MD,,6.87,N,POWDER MILL RD,0,F,N,14,CO,,CHERRY HILL RD,39.03939466,-76.94774866
01,16,,05.01,17,01,,01,04,09,DA37810009,03,03-27-2015,09:00:00,,N,N,PGCOPD,UNK,09,00,9,CO,,0.44,N,VIRGINIA MANOR RD,5,F,N,21,CO,,MUIRKIRK RD,39.06394008,-76.89057469
03,16,,02,03,02,1,01,01,00,DA37820009,06.01,01-25-2015,22:00:00,937,Y,N,PGCOPD,UNK,01,00,212,MD,,6.87,N,POWDER MILL RD,0,F,N,14,CO,,CHERRY HILL RD,39.04253621,-76.94522738
01,15,,00,04,00,3,01,04,08,DM84450009,06.01,01-17-2015,13:55:00,5511-2,N,N,TAKOMA,UNK,01,09,650,MD,,0,N,NEW HAMPSHIRE AVE,20,F,N,410,MD,,EAST WEST HWY (PG CO),38.975946,-76.9931401
01,15,,01,88,02,,01,02,00,DM8445000B,06.01,02-04-2015,08:32:00,5511-4,N,N,TAKOMA,UNK,01,00,560,MU,,0.37,N,GRANT AVE,15,F,N,,UU,,ROAD END,38.979133,-77.006896
01,16,,01,08,00,3,01,04,00,DM8445000C,06.01,02-05-2015,15:44:00,5511-2,N,N,TAKOMA,UNK,01,00,410,MD,,0,E,EAST WEST HWY,50,F,E,650,MD,,NEW HAMPSHIRE AVE (MONT CO),38.975946,-76.99314
01,15,,00,03,02,2,01,04,00,DM8445000D,06.01,02-08-2015,17:20:00,5411-4,N,N,TAKOMA,UNK,01,01,650,MD,,0.94,N,NEW HAMPSHIRE AVE,50,F,N,810,MU,,KIRKLYNN AVE,38.985917,-76.988197
01,15,,00,88,03,,88,88,00,DM8445000F,08.04,02-17-2015,11:56:00,5511-2,N,N,TAKOMA,UNK,02,00,620,MU,,0.07,E,HEATHER AVE,75,F,E,390,MU,,ELM AVE,38.979805,-76.992671
01,15,,00,88,03,,88,00,00,DM8445000G,08.04,02-17-2015,09:52:00,5511-2,N,N,TAKOMA,UNK,02,00,600,MU,,0,E,HAVERFORD DR,100,F,E,550,MU,,GLENSIDE DR,38.982923,-76.990335
06.02,15,,03,17,00,1,01,04,07,DM8445000H,06.01,03-23-2015,20:26:00,5511-2,N,N,TAKOMA,UNK,09,00,193,MD,,6.58,E,UNIVERSITY BLVD E,50,F,E,1377,CO,,UNIVERSITY BLVD E SERV RD,38.990536,-76.989377
05.02,15,,03,03,01,3,01,03,00,DM8447000D,06.01,02-10-2015,06:27:00,,Y,N,TAKOMA,UNK,01,00,650,MD,,0.52,N,NEW HAMPSHIRE AVE,0,F,N,440,MU,,ERSKINE ST,38.981349,-76.988765
03,15,,01,17,04,1,01,01,11,DM8447000F,06.01,02-16-2015,04:10:00,,N,N,TAKOMA,UNK,09,00,410,MD,,5.87,E,ETHAN ALLEN AVE,50,F,E,740,MU,,JACKSON AVE,38.977771,-76.999895
01,15,,01,09,02,1,01,04,00,DM8447000J,07.01,03-28-2015,13:30:00,,N,N,TAKOMA,UNK,01,00,650,MD,,0.83,N,NEW HAMPSHIRE AVE,10,F,N,690,MU,,HOLTON LA,38.927782,-76.938972
03,15,,02,88,02,2,01,04,00,DM84500001,06.01,03-15-2015,20:50:00,,Y,N,TAKOMA,UNK,88,01,650,MD,,0.65,N,NEW HAMPSHIRE AVE,0,F,N,970,MU,,MERWOOD DR,38.99278333,-76.992825
01,10,,02,11,03,1,01,01,00,DP01270005,12.04,03-01-2015,11:24:00,,N,N,THURMONT,UNK,01,00,183,MU,,0.78,N,FREDERICK RD,0,F,N,375,MU,,TOWN OFFICE RD,39.62126465,-77.41225732
01,10,,01,17,03,1,01,01,11,DP01270006,08.04,03-01-2015,12:12:00,,N,N,THURMONT,UNK,15,00,77,MD,,6.43,E,FOXVILLE RD,700,F,E,89,CO,,PRYOR RD,39.61990282,-77.43001748
03,10,,01,03,00,,01,01,00,DP01880006,00,03-26-2015,01:35:00,,N,N,THURMONT,UNK,01,11,196,MU,,0.18,N,IRONMASTER DR,50,F,N,385,MU,,WESTVIEW DR,39.61648277,-77.40030974
01,10,,02,11,01,1,01,01,00,DP02390004,03,03-14-2015,16:30:00,,Y,N,THURMONT,UNK,01,00,77,MD,,6.92,E,W MAIN ST,0,F,E,15,RP,,RAMP 8 FR US 15 SB TO MD 77 WB,39.62453216,-77.42101908
01,10,,03,08,01,,01,03,00,DP02410006,06.01,01-22-2015,09:54:00,,Y,N,THURMONT,UNK,01,00,371,MU,,0,S,THURMONT BLVD,10,F,S,183,MU,,FREDERICK RD,39.61414381,-77.41896451
05.02,10,,02,17,02,1,01,03,17.10,DP02410007,00,01-21-2015,07:45:00,,N,N,THURMONT,UNK,09,00,400,MU,,0.53,N,WATER ST,0,F,N,77,MD,,E MAIN ST,39.62362108,-77.4115482
06.02,22,,03,17,02,,00,04,08,GPDM530007,06.01,01-29-2015,18:45:00,,Y,N,DELMAR,UNK,09,09,958,OP,,0,E,WINNER BLVD,3,F,E,13,US,,OCEAN HWY,38.42937042,-75.56428671
01,22,,02,10,02,,01,04,00,GPDM530008,06.01,02-23-2015,13:20:00,,Y,N,DELMAR,UNK,01,01,13,US,,14.02,N,OCEAN HWY,0,F,N,,UU,,SPUR TO MD 675B,38.4293368,-75.56463003
01,22,,03,02,02,1,01,01,00,GPDM57000B,06.01,02-06-2015,12:26:00,,N,N,DELMAR,UNK,01,00,80,MU,,0,S,S MARYLAND AVE,0,F,S,54,MD,,W STATE ST,38.45604202,-75.57986498
01,22,,02,17,02,1,01,04,09,GPDM57000C,06.01,02-12-2015,10:38:00,,N,N,DELMAR,UNK,09,00,13,US,,15.72,N,OCEAN HWY,0,F,N,528,CO,,CHESTNUT ST,38.45296697,-75.55877209
04,22,,03,11,02,1,01,04,88,GPDM57000D,06.01,03-02-2015,21:05:00,,Y,N,DELMAR,UNK,01,11,13,US,,14.49,N,OCEAN HWY,0,F,N,398,CO,,STAGE RD,38.43575771,-75.56297779
01,22,,02,02,03,1,01,04,00,GPDM57000F,08.04,03-05-2015,17:49:00,,Y,N,DELMAR,UNK,01,00,13,US,,15.89,N,OCEAN HWY,0,F,N,54,MD,,E LINE RD (DEL MAINT),38.45548751,-75.55838585
01,22,,02,03,01,1,01,04,00,GPDM630001,03,02-02-2015,10:19:00,,Y,N,DELMAR,UNK,01,01,13,US,,14,N,OCEAN HWY,0,F,N,,UU,,SPUR FR MD 675B,38.42938303,-75.56448519
01,22,,03,03,02,,01,02,00,GPDM630002,06.01,03-16-2015,11:50:00,,Y,N,DELMAR,UNK,01,00,13,US,,15.85,N,OCEAN HWY,20,F,N,,UU,,SPUR TO MD 54,38.4554203,-75.55785477
01,22,,01,88,01,,01,04,00,GPDM630004,03,01-24-2015,16:20:00,,N,N,DELMAR,UNK,01,01,13,US,,15.16,N,OCEAN HWY,400,F,N,70,MU,,FOSKEY LA,38.44588377,-75.5601722
05.02,22,,05.01,04,02,,01,04,00,GPDM630005,06.01,03-31-2015,06:52:00,,Y,N,DELMAR,UNK,01,00,675,MD,B,0,W,BI STATE BLVD,0,F,W,13,US,B,OCEAN HWY,38.42917291,-75.56465685
03,22,,02,17,01,2,00,04,15.05,GPDM650002,03,01-23-2015,23:40:00,,Y,N,DELMAR,UNK,09,00,13,US,,14.01,N,OCEAN HWY,0,F,N,958,OP,,WINNER BLVD,38.42953186,-75.56436047
04,22,,01,17,02,1,01,02,00,GPDM650003,06.01,02-08-2015,01:31:00,,N,N,DELMAR,UNK,08,00,15,MU,,0.62,W,CONNELLY MILL RD,40,F,W,75,MU,,LYNCH DR,38.43060308,-75.57587385
01,22,,01,17,03,1,01,04,05,GPDM650004,08.04,02-26-2015,07:13:00,,N,N,DELMAR,UNK,09,09,13,US,,14.49,N,OCEAN HWY,100,F,N,398,CO,,STAGE RD,38.44928682,-75.61889648
01,22,,01,09,03,1,01,04,05,GPDM650005,08.04,02-26-2015,08:47:00,,N,N,DELMAR,UNK,01,09,13,US,,15.16,N,OCEAN HWY,75,F,N,70,MU,,FOSKEY LA,38.45614284,-75.57769775
03,22,,02,03,02,2,01,04,00,GPDM650006,06.01,03-16-2015,21:18:00,,Y,N,DELMAR,UNK,01,00,13,US,,14.01,N,OCEAN HWY,0,F,N,958,OP,,WINNER BLVD,38.45540349,-75.57769775
03,22,,02,03,02,4,01,04,00,GPDM650007,06.01,03-30-2015,20:20:00,,Y,N,DELMAR,UNK,01,00,13,US,,15.85,N,OCEAN HWY,0,F,N,,UU,,SPUR TO MD 54,38.45526907,-75.55799961
01,22,,02,17,05,1,05,01,88,GS04210008,06.01,01-16-2015,13:30:00,,N,N,FRUITLAND,UNK,09,00,213,CO,,1.91,N,N DIVISION ST,0,F,N,136,MU,,EMILY DR,38.32578185,-75.60277104
01,22,,03,03,02,2,01,03,00,GS04210009,07.01,01-22-2015,16:54:00,,Y,N,FRUITLAND,UNK,01,00,13,US,BU,2.825,N,N FRUITLAND BLVD,50,F,N,,UU,BU,SPUR TO POLLITT DR,38.3308233,-75.61243773
01,22,,02,88,02,1,00,03,00,GS0421000B,00,01-22-2015,16:54:00,,Y,N,FRUITLAND,UNK,01,01,13,US,BU,2.84,N,N FRUITLAND BLVD,0,F,N,,UU,BU,POLLITT DR (ENT TO WAL-MART),38.33119677,-75.61238408
01,22,,02,11,02,1,01,01,00,GS0421000C,06.01,02-19-2015,14:45:00,,Y,N,FRUITLAND,UNK,01,00,160,MU,,0,W,HAYWARD AVE,0,F,W,13,US,BU,N FRUITLAND BLVD,38.32381441,-75.61866581
01,22,,02,11,02,1,01,01,11,GS04320005,07.01,02-21-2015,12:25:00,,Y,N,FRUITLAND,UNK,01,02,39,MU,,1.64,N,N CAMDEN AVE,0,F,N,190,MU,,W MAIN ST,38.32766928,-75.62346697
01,22,,09.04,17,01,,01,01,00,GS04320006,03,03-20-2015,15:45:00,,N,N,FRUITLAND,UNK,03,00,190,MU,,0.71,S,W MAIN ST,75,F,S,38,MU,,S CAMDEN AVE,38.32785444,-75.62363863
01,15,,02,88,01,3,01,04,00,MCP1048000P,07.01,01-21-2015,09:02:00,55112,N,N,MONTGOMERY,UNK,01,00,355,MD,,11.07,N,FREDERICK RD,0,F,N,1297,MU,,W GUDE DR,39.10684667,-77.15838
03,15,,02,03,01,3,01,01,00,MCP1048000R,12.04,01-26-2015,18:02:00,55112,N,N,MONTGOMERY,UNK,01,00,355,MD,,10.82,N,HUNGERFORD DR,0,F,N,740,MU,,COLLEGE PKWY,39.20427167,-77.24761333
01,15,,03,03,04,2,04,01,00,MCP1378003Q,07.01,01-08-2015,15:18:00,55112,Y,N,MONTGOMERY,UNK,01,00,4991,CO,,0.31,S,CRABBS BRANCH WAY,75,F,S,212,CO,,SHADY GROVE RD,39.12885833,-77.16782833
01,15,,02,11,01,,01,03,00,MCP1378003R,06.01,01-09-2015,15:11:00,55114,Y,N,MONTGOMERY,UNK,01,00,3727,CO,,2.44,N,MONTGOMERY VILLAGE AVE,0,F,N,4139,CO,,WIGHTMAN RD,39.19048,-77.19185167
01,15,,02,11,01,2,01,03,00,MCP1378003S,03,01-12-2015,15:09:00,54114,Y,N,MONTGOMERY,UNK,01,00,532,MU,,0.1,S,KENTLANDS BLVD,0,F,S,398,MU,,TSCHIFFELY SQUARE RD,39.12542667,-77.243175
03,15,,02,08,01,4,01,03,00,MCP1378003T,03,01-12-2015,17:50:00,55114,Y,N,MONTGOMERY,UNK,01,00,6271,CO,,0.56,N,SAM EIG HWY,0,F,N,6067,CO,,FIELDS RD,39.11635167,-77.20831667
01,15,,03,07,02,,01,03,08,MCP1378003V,07.01,01-13-2015,13:34:00,55114,N,N,MONTGOMERY,UNK,01,09,6271,CO,,0.56,N,SAM EIG HWY,100,F,N,6067,CO,,FIELDS RD,39.11530167,-77.20887167
03,15,,03,03,02,2,01,01,00,MCP1378003W,07.01,01-13-2015,17:55:00,55114,Y,N,MONTGOMERY,UNK,01,00,4140,CO,,0,S,SNOUFFERS SCHOOL RD,75,F,S,33,CO,,GOSHEN RD,39.18752167,-77.186245