LIGHT_CODE,COUNTY_NO,MUNI_CODE,JUNCTION_CODE,COLLISION_TYPE_CODE,SURF_COND_CODE,LANE_CODE,RD_COND_CODE,RD_DIV_CODE,FIX_OBJ_CODE,REPORT_NO,WEATHER_CODE,ACC_DATE,ACC_TIME,LOC_CODE,SIGNAL_FLAG,C_M_ZONE_FLAG,AGENCY_CODE,AREA_CODE,HARM_EVENT_CODE1,HARM_EVENT_CODE2,RTE_NO,ROUTE_TYPE_CODE,RTE_SUFFIX,LOG_MILE,LOGMILE_DIR_FLAG,MAINROAD_NAME,DISTANCE,FEET_MILES_FLAG,DISTANCE_DIR_FLAG,REFERENCE_NO,REFERENCE_TYPE_CODE,REFERENCE_SUFFIX,REFERENCE_ROAD_NAME,LATITUDE,LONGITUDE
05.02,23,,01,17,03,1,01,03,18.88,HM01020001,08.04,02-26-2015,06:30:00,,N,N,OCEANPINES,UNK,09,00,583,CO,,0.23,N,OCEAN PKWY,0,M,N,479,CO,,BRIARCREST DR,38.38611108,-75.17580092
03,23,,03,03,02,1,01,04,00,HM01030001,06.01,02-04-2015,18:48:00,,Y,N,OCEANPINES,UNK,01,00,209,CO,,0,E,MANKLIN CREEK RD,0,F,E,589,MD,,RACETRACK RD,38.37589674,-75.16309261
03,15,,03,03,02,1,01,01,00,MCP1121000V,06.01,02-26-2015,20:13:00,55114,Y,N,MONTGOMERY,UNK,01,00,885,CO,,0,E,RAILROAD ST,60,F,E,77,MU,,E DIAMOND AVE,39.1375,-77.178865
01,15,,02,11,88,3,01,04,00,MCP1123000K,06.01,01-08-2015,09:44:00,55114,N,N,MONTGOMERY,UNK,06,00,1659,CO,,2.1,E,RANDOLPH RD,0,F,E,1679,CO,,ATHERTON DR,39.057385,-77.07700667
01,15,,02,11,04,3,88,04,00,MCP1123000M,12.04,02-17-2015,07:19:00,55112,Y,N,MONTGOMERY,UNK,01,00,1659,CO,,4.87,E,RANDOLPH RD,0,F,E,123,CO,,KEMP MILL RD,39.06669167,-77.03055667
01,15,,01,06,04,1,88,01,00,MCP1123000P,07.01,03-03-2015,06:57:00,55114,N,N,MONTGOMERY,UNK,01,00,132,CO,,3.21,S,OLD BALTIMORE RD,200,F,S,5340,CO,,COVERED WAGON WAY,39.13865167,-77.06220667
06.02,15,,01,03,02,1,01,04,00,MCP1123000Q,06.01,03-16-2015,07:14:00,54114,Y,N,MONTGOMERY,UNK,01,00,185,MD,,8.02,N,CONNECTICUT AVE,400,F,N,142,CO,,ASPEN HILL RD,39.08169833,-77.07986167
01,15,,02,11,02,,01,04,00,MCP1379003T,06.01,03-24-2015,15:05:00,54114,Y,N,MONTGOMERY,UNK,04,00,187,MD,,3.36,N,OLD GEORGETOWN RD,0,F,N,166,CO,,DEMOCRACY BLVD,39.02484167,-77.125805
01,15,,02,11,01,3,05,04,00,MCP1379003V,03,03-26-2015,11:54:00,45112,N,Y,MONTGOMERY,UNK,01,00,355,MD,,2.31,N,WISCONSIN AVE,0,F,N,393,CO,,CHESTNUT ST,38.99347333,-77.09643333
03,16,,00,09,02,2,01,04,00,DS03910007,06.01,01-08-2015,19:06:00,,N,N,UMCP,UNK,02,01,193,MD,,2.85,E,UNIVERSITY BLVD,0,M,E,,,,TERRAPIN TRAIL,38.99609862,-76.94877863
01,16,,00,06,00,1,01,03,00,DS04000003,06.01,02-03-2015,08:29:00,,N,N,UMCP,UNK,01,00,94,SR,,0,N,MOWATT LA,50,F,N,670,MU,,KNOX RD,38.98222227,-76.9470942
06.02,16,,02,06,01,1,01,01,00,DS04010001,06.01,03-03-2015,17:35:00,,Y,N,UMCP,UNK,03,03,162,SR,,0.65,N,REGENTS DR,0,F,N,165,SR,,STADIUM DR,38.99008643,-76.94067836
01,16,,88,05,02,1,01,04,00,DS04010002,06.01,03-11-2015,18:29:00,,N,N,UMCP,UNK,01,01,193,MD,,3.83,E,UNIVERSITY BLVD,200,F,E,,UU,,ENT TO PINE BRANCH GOLF COURSE,39.00129321,-76.93575382
01,06,,02,11,02,1,01,01,00,DV00140003,06.01,01-15-2015,09:38:00,,Y,N,WESTMINSTER,UNK,01,00,332,MU,,1.39,N,W MAIN ST,0,F,N,250,MU,,JOHN ST,39.57646986,-76.99725151
03,06,,02,11,02,1,01,01,00,DV00140004,06.01,03-11-2015,20:05:00,,Y,N,WESTMINSTER,UNK,01,00,540,MU,,1.48,W,UNIONTOWN RD,0,F,W,470,MU,,ROYER RD,39.58088564,-77.02857971
05.02,06,,01,03,02,1,01,01,00,DV0022000D,06.01,03-17-2015,06:45:00,,N,N,WESTMINSTER,UNK,01,01,97,MD,,19.42,N,LITTLESTOWN PIKE,0,F,N,1327,CO,,OLD MEADOW BRANCH RD,39.61234201,-76.99761629
01,06,,09.04,11,02,2,01,04,00,DV00320004,06.01,02-06-2015,16:38:00,,Y,N,WESTMINSTER,UNK,01,00,75,MU,,0.82,W,CENTER ST,200,F,W,173,MU,,CRANBERRY RD S,39.57550439,-76.98276624
03,06,,02,02,01,1,01,04,00,DV00370002,03,01-04-2015,20:21:00,,Y,N,WESTMINSTER,UNK,01,00,97,MD,,15.49,N,MALCOLM DR,0,F,N,130,OP,,NURSERY RD,39.56376672,-76.97615862
01,06,,02,11,02,2,01,01,00,DV00370003,06.01,03-27-2015,15:41:00,,Y,N,WESTMINSTER,UNK,01,00,140,MD,,11.06,N,TANEYTOWN PIKE,0,F,N,624,MU,,WMC DR,39.58734343,-77.01189637
01,06,,01,17,03,,01,04,05,DV0038000R,08.04,01-26-2015,15:53:00,,N,N,WESTMINSTER,UNK,09,09,140,MD,,10.4,N,COLLEGE VIEW BLVD,100,F,N,373,CO,,AUGUSTA AVE,39.59103095,-76.99985862
01,06,,01,88,01,1,01,01,88,DV0038000T,12.04,02-17-2015,16:54:00,,N,N,WESTMINSTER,UNK,10,01,600,MU,,0.21,N,WIMERT AVE,25,F,N,487,MU,,SULLIVAN AVE,39.58780644,-76.99526668
03,06,,02,17,01,1,01,01,00,DV00570002,06.01,03-06-2015,19:15:00,,Y,N,WESTMINSTER,UNK,03,00,75,MU,,1.64,W,CENTER ST,0,F,W,210,MU,,E GREEN ST,39.57007309,-76.99288756
01,23,,01,17,01,1,01,01,11,HM01160008,03,01-14-2015,14:18:00,,N,N,OCEANPINES,UNK,16,09,615,CO,,0.86,N,SEAFARER LA,10,F,N,453,CO,,ADMIRAL AVE,38.38524908,-75.16695499
01,23,,02,15,01,1,01,04,00,HM01160009,03,02-12-2015,12:55:00,,Y,N,OCEANPINES,UNK,01,00,209,CO,,0.15,E,MANKLIN CREEK RD,0,F,E,583,CO,,OCEAN PKWY,38.37637406,-75.16090125
01,23,,01,07,02,1,01,03,00,HM0116000B,06.01,02-25-2015,16:56:00,,N,N,OCEANPINES,UNK,01,00,583,CO,,4.02,N,OCEAN PKWY,125,F,N,428,CO,,HERON ISLE CT,38.37614907,-75.13533175
01,23,,01,17,03,1,01,03,11,HM0116000C,08.04,02-26-2015,07:20:00,,N,N,OCEANPINES,UNK,09,00,583,CO,,6.43,N,OCEAN PKWY,200,F,N,555,CO,,KING RICHARD RD,38.36869663,-75.1578784
04,23,,01,00,01,1,01,03,00,HM01280003,03,03-20-2015,21:30:00,,N,N,OCEANPINES,UNK,02,00,583,CO,,0.13,N,OCEAN PKWY,244,F,N,507,CO,,DAWN ISLE,38.38574526,-75.17582238
01,23,,01,17,02,1,01,03,11,HM01290002,06.01,03-23-2015,14:06:00,,N,N,OCEANPINES,UNK,09,00,583,CO,,0.23,N,OCEAN PKWY,20,F,N,479,CO,,BRIARCREST DR,38.38652736,-75.17553806
01,23,,03,11,02,1,01,04,00,HM01370003,06.01,01-20-2015,10:46:00,,Y,N,OCEANPINES,UNK,01,00,583,CO,,1.13,N,OCEAN PKWY,10,F,N,489,CO,,CAPETOWN RD,38.39337252,-75.1631999
01,23,,03,03,01,1,01,04,00,HM01370004,03,02-22-2015,14:00:00,,Y,N,OCEANPINES,UNK,01,00,583,CO,,0,N,OCEAN PKWY,30,F,N,589,MD,,RACETRACK RD,38.38420625,-75.17695427
04,23,,02,11,02,1,01,03,00,HM01460003,06.01,01-05-2015,19:00:00,,Y,N,OCEANPINES,UNK,01,22.15,583,CO,,5.49,N,OCEAN PKWY,0,F,N,334,CO,,CATHELL RD,38.38037331,-75.15997186
04,23,,02,17,03,1,01,03,09,HM01460004,08.04,02-16-2015,20:32:00,,N,N,OCEANPINES,UNK,09,09,583,CO,,3.44,N,OCEAN PKWY,0,F,N,493,CO,,CHELSEA CT,38.3819513,-75.13474368
04,23,,00,17,03,1,01,03,11,HM01460005,08.04,02-24-2015,21:04:00,,N,N,OCEANPINES,UNK,09,00,583,CO,,6.32,N,OCEAN PKWY,175,F,N,527,CO,,FOOTBRIDGE TRAIL,38.3697481,-75.16027629
03,16,,03,03,02,,01,04,00,HV00980002,06.01,02-06-2015,23:48:00,R/A 0129,Y,N,UNIVERSITYPARK,UNK,01,00,410,MD,,3.17,E,EAST WEST HWY,40,F,E,1,US,,BALTIMORE AVE,38.96463319,-76.93921387
03,16,,00,17,02,1,01,01,04,HV01230002,06.01,02-15-2015,02:55:00,,N,N,UNIVERSITYPARK,UNK,09,09,1,US,,2.69,N,BALTIMORE AVE,18,F,N,110,MU,,SHERIDAN ST,38.96583234,-76.93927288
03,16,,02,03,02,2,01,01,00,HV01280001,06.01,02-11-2015,18:44:00,16,N,N,UNIVERSITYPARK,UNK,01,00,1,US,,2.69,N,BALTIMORE AVE,0,F,N,110,MU,,SHERIDAN ST,38.96581566,-76.93897247
03,16,,02,17,02,1,01,04,88,HV01280002,00,03-22-2015,03:33:00,16,N,N,UNIVERSITYPARK,UNK,09,00,410,MD,,2.9,E,EAST WEST HWY,0,F,E,430,MU,,43RD AVE,38.96606592,-76.94365025
01,16,,01,03,02,2,01,01,00,HV01290002,06.01,02-14-2015,13:30:00,,N,N,UNIVERSITYPARK,UNK,01,00,410,MD,,2.9,E,EAST WEST HWY,100,F,E,430,MU,,43RD AVE,38.9662828,-76.94540977
01,16,,01,88,02,1,01,00,00,HV01290003,06.01,02-19-2015,14:05:00,,N,N,UNIVERSITYPARK,UNK,01,00,141,MU,,0.35,S,UNDERWOOD ST #1,100,F,S,105,MU,,QUEENS CHAPEL RD,38.97098745,-76.94339275
03,16,,03,17,00,1,01,01,88,HV01290004,06.01,02-25-2015,03:45:00,,N,N,UNIVERSITYPARK,UNK,09,00,160,MU,,0.48,E,WELLS PKWY,50,F,E,180,MU,,WOODBERRY ST,38.97634235,-76.94678307
03,16,,01,17,03,3,01,01,88,HV01290005,08.04,03-06-2015,01:50:00,,N,N,UNIVERSITYPARK,UNK,09,09,410,MD,,2.9,E,EAST WEST HWY,50,F,E,430,MU,,43RD AVE,38.96603255,-76.9436717
06.02,16,,01,08,02,3,01,04,00,HV01300001,06.01,02-03-2015,06:30:00,,N,N,UNIVERSITYPARK,UNK,01,00,410,MD,,2.65,E,EAST WEST HWY,500,F,E,232,CO,,ADELPHI RD,38.96621607,-76.94635391
01,19,,03,03,04,,05,01,00,JB33090002,06.01,02-19-2015,08:00:00,,N,N,UMES,UNK,01,00,303,CO,,2.27,S,COLLEGE BACKBONE RD,45,F,S,822,MD,,UMES BLVD,38.21304253,-75.68671346
01,19,,02,03,03,,01,88,00,JB33220002,08.04,02-26-2015,11:30:00,,N,N,UMES,UNK,01,01,303,CO,,1.89,S,COLLEGE BACKBONE RD,0,F,S,,UU,,MARION DR,38.21171482,-75.68037271
06.02,24,,01,07,02,2,01,01,00,JC11040001,06.01,02-23-2015,22:00:00,,N,N,UMB,UNK,01,02,1670,MU,,2.368,E,W BALTIMORE ST,0,U,E,6167,MU,,N FREMONT AVE,39.28885759,-76.63086176
01,24,,01,99,03,,01,02,00,JC19580001,08.04,02-26-2015,09:11:00,,N,N,UMB,UNK,02,02,6143,MU,,0,S,N PINE ST,50,F,S,1695,MU,,W SARATOGA ST,39.29217069,-76.62704229
01,24,,02,08,02,4,01,02,00,JC19580002,00,03-18-2015,16:00:00,,Y,N,UMB,UNK,00,00,1681,MU,,0.39,W,W FAYETTE ST,0,F,W,295,MD,,PACA ST (NB COUPLET),39.29034394,-76.62226796
03,24,,00,09,02,2,01,01,00,JC33480001,06.01,02-12-2015,23:15:00,,Y,N,UMB,UNK,01,00,1395,MU,,0.5,W,W LOMBARD ST,10,F,W,295,MD,,GREENE ST (SB COUPLET),39.28727986,-76.62356615
01,24,,00,03,00,2,01,01,00,JC36820002,06.01,01-25-2015,15:56:00,,N,N,UMB,UNK,02,02,,,,,,700 WEST REDWOOD STREET,5,F,,,,,UNIT BLOCK SOUTH PINE STREET,39.28841749,-76.62686527
01,24,,00,01,02,1,01,02,00,JC41750002,06.01,03-21-2015,09:00:00,,N,N,UMB,UNK,01,02,6167,MU,,0.34,S,N FREMONT AVE,3,U,S,1670,MU,,W BALTIMORE ST,39.32779123,-76.68096542
01,03,,03,88,02,2,01,04,00,JC46850001,06.01,02-11-2015,16:08:00,24,N,N,UMB,UNK,01,00,1,US,,0,N,WASHINGTON BLVD,0,U,N,,UU,,BEGIN BRIDGE,39.28370909,-76.6266346
03,24,,02,11,02,2,01,02,08,JC63450001,06.01,02-06-2015,00:13:00,,Y,N,UMB,UNK,00,00,129,MD,B,0,N,N PACA ST,0,F,N,295,MD,B,PACA ST (NB COUPLET) (BACK),39.29031903,-76.62242889
01,24,,02,17,02,3,99,02,09,JC92690001,06.01,03-13-2015,09:46:00,,N,N,UMB,UNK,01,09,1681,MU,,0.466,W,W FAYETTE ST,0,F,W,295,MD,,GREENE ST (SB COUPLET),39.29028581,-76.62405968
01,24,,03,07,02,3,01,02,00,JK00120004,07.01,01-20-2015,12:00:00,UNIT 12,N,N,UBALTPD,UNK,01,01,2,MD,,0.4,S,ST PAUL ST (SB COUPLET),10,F,S,1780,MU,,MT ROYAL AVE,39.30569427,-76.61468165
01,15,,02,11,02,1,01,04,00,MCP1128003J,06.01,01-08-2015,08:55:00,55112,N,N,MONTGOMERY,UNK,01,00,4223,CO,,0.893,N,ROCKLEDGE DR,0,F,N,,UU,,ENT TO WALTER JOHNSON HIGH SCHOOL,39.02505,-77.13231833
01,15,,02,12,02,3,01,04,00,MCP1128003K,06.01,01-27-2015,12:52:00,55112,Y,N,MONTGOMERY,UNK,01,00,355,MD,,2.56,N,ROCKVILLE PIKE,0,F,N,,UU,,SPUR FR JONES BRIDGE RD,38.99747167,-77.09659333
01,15,,00,88,02,1,01,01,00,MCP1128003L,06.01,01-28-2015,09:00:00,55112,N,N,MONTGOMERY,UNK,01,00,3204,CO,,0.38,N,NEWBOLD DR,20,F,N,2696,CO,,MICHAELS DR,39.010595,-77.13759333
01,15,,00,03,02,1,01,01,00,MCP1128003M,06.01,01-28-2015,12:19:00,54114,Y,N,MONTGOMERY,UNK,01,00,837,CO,,1.46,N,FERNWOOD RD,15,F,N,2474,CO,,GREYSWOOD RD,39.01828,-77.13331167
01,15,,05.01,07,02,,01,04,04,MCP1382001T,06.01,01-16-2015,08:24:00,55112,N,N,MONTGOMERY,UNK,01,09,29,US,,6.174,N,COLUMBIA PIKE,80,F,N,2925,CO,,INDUSTRIAL PKWY,39.056015,-76.97202
01,15,,01,07,02,1,01,01,00,MCP1382001Z,06.01,02-19-2015,13:54:00,55112,N,N,MONTGOMERY,UNK,01,00,629,CO,,0.49,E,FENTON ST,40,F,E,636,CO,,THAYER AVE,38.99263333,-77.02410667
01,15,,01,03,02,3,01,04,00,MCP13820020,06.01,02-25-2015,09:12:00,55112,N,N,MONTGOMERY,UNK,01,00,29,US,,3.54,N,COLUMBIA PIKE,180,F,N,,UU,,STRUC #15009 NORTHWEST BRANCH,39.03059167,-77.00551667
01,15,,01,03,02,1,01,04,00,MCP13820022,06.01,03-30-2015,08:30:00,55112,Y,N,MONTGOMERY,UNK,01,00,29,US,,3.81,N,COLUMBIA PIKE,120,F,N,7077,CO,,LOCKWOOD DR,39.03453,-77.00173667
03,15,,01,17,02,1,01,01,07,MCP13890006,06.01,01-14-2015,19:25:00,55114,Y,N,MONTGOMERY,UNK,09,00,138,CO,,3.05,E,NEEDWOOD RD,50,F,E,115,MD,,MUNCASTER MILL RD,39.13255695,-77.12166309
03,15,,02,02,02,1,01,01,00,MCP13890007,06.01,01-22-2015,19:15:00,55114,Y,N,MONTGOMERY,UNK,01,00,115,MD,,1.31,E,MUNCASTER MILL RD,0,F,E,1936,CO,,REDLAND RD,39.14546,-77.14381667
03,15,,02,03,01,2,01,04,00,MCP13890008,03,01-29-2015,22:19:00,54114,Y,N,MONTGOMERY,UNK,01,00,355,MD,,16.03,N,FREDERICK RD,0,F,N,424,MU,,WATKINS MILL RD,39.159455,-77.219435
03,15,,03,03,02,1,01,01,00,MCP13890009,06.01,03-22-2015,20:28:00,55114,N,N,MONTGOMERY,UNK,01,00,115,MD,,1.97,E,MUNCASTER MILL RD,25,F,E,4207,CO,,OLDE MILL RUN,39.14006333,-77.13406333
01,15,,01,17,02,2,01,04,08,MCP13970004,06.01,01-15-2015,11:06:00,55112,N,N,MONTGOMERY,UNK,09,00,7686,CO,,0.98,N,SENECA MEADOWS PKWY,300,F,N,,UU,,CROSSOVER,39.196185,-77.25936333
05.02,15,,02,88,01,,01,04,00,MCP13970005,02,01-22-2015,07:27:00,54114,Y,N,MONTGOMERY,UNK,03,03,118,MD,,7.08,N,GERMANTOWN RD,0,F,N,355,MD,,FREDERICK RD,39.19185667,-77.24314333
01,15,,01,88,03,1,01,01,00,MCP13970007,06.01,02-22-2015,11:05:00,55112,N,N,MONTGOMERY,UNK,02,00,6152,CO,,0,N,HUNTERS CHASE LA,50,F,N,,UU,,CUL DE SAC,39.25691417,-77.22324371
00,06,,03,03,02,1,01,01,00,DV00780005,06.01,03-30-2015,00:00:00,,N,N,WESTMINSTER,UNK,01,00,330,MU,,1.28,N,E MAIN ST,250,F,N,27,MD,,RAILROAD AVE,39.57423706,-76.99504137
03,06,,01,03,02,,01,01,00,DV00820009,06.01,02-01-2015,18:51:00,,Y,N,WESTMINSTER,UNK,01,00,625,MU,,0.35,S,WOODWARD RD,15,F,S,651,MU,,ENGLAR RD,39.58610835,-76.9870913
06.02,06,,00,07,00,1,01,01,00,DV0082000B,00,02-20-2015,17:18:00,,N,N,WESTMINSTER,UNK,02,00,332,MU,,1.53,N,W MAIN ST,25,F,N,434,MU,,PENNSYLVANIA AVE,39.57825399,-76.99910626
01,06,,00,03,02,1,01,01,00,DV01020001,06.01,01-05-2015,07:44:00,,N,N,WESTMINSTER,UNK,01,01,140,MD,,11.57,N,TANEYTOWN PIKE,15,F,N,90,OP,,WYNDWOOD DR,39.58764935,-77.02126265
01,06,,09.04,07,02,3,01,04,00,DV01020002,00,02-27-2015,10:39:00,,Y,N,WESTMINSTER,UNK,01,00,140,MD,,8,N,BALTIMORE BLVD,100,F,N,97,MD,,MALCOLM DR,39.56517278,-76.97543979
01,06,,02,03,01,1,01,01,00,DV01050004,06.01,01-22-2015,15:38:00,,Y,N,WESTMINSTER,UNK,01,01,97,MD,,19.02,N,LITTLESTOWN PIKE,0,F,N,325,MU,,MAGNA WAY,39.60276194,-76.99856043
03,06,,01,17,02,1,01,01,00,DV01050005,06.01,01-22-2015,17:53:00,,N,N,WESTMINSTER,UNK,03,00,305,MU,,0.6,N,LONG VALLEY RD,75,F,N,618,MU,,WINGED FOOT DR,39.56477578,-77.03007102
99,06,,01,99,03,1,01,01,00,DV01050007,08.04,02-17-2015,07:51:00,,N,N,WESTMINSTER,UNK,01,01,434,MU,,0.21,N,PENNSYLVANIA AVE,30,F,N,479,MU,,SCHOOLHOUSE AVE,39.58119987,-76.99896678
03,06,,03,03,02,,01,01,00,DV01050008,06.01,02-27-2015,18:55:00,,Y,N,WESTMINSTER,UNK,01,00,140,MD,,10.67,N,COLLEGE VIEW BLVD,75,F,N,31,MD,,NEW WINDSOR RD,39.58946833,-77.00589895
01,06,,02,05,03,,01,01,00,DV01050009,08.04,03-05-2015,09:49:00,,Y,N,WESTMINSTER,UNK,01,00,140,MD,,10.67,N,COLLEGE VIEW BLVD,0,F,N,31,MD,,NEW WINDSOR RD,39.58940218,-77.0061028
01,06,,08.04,88,03,1,01,01,00,DV0105000B,06.01,03-06-2015,12:43:00,,N,N,WESTMINSTER,UNK,01,00,540,MU,,1.58,W,UNIONTOWN RD,150,F,W,259,CO,,BELL RD,39.58141486,-77.03186274
01,06,,02,03,02,2,01,01,00,DV0105000C,06.01,03-10-2015,11:57:00,,Y,N,WESTMINSTER,UNK,01,00,140,MD,,9.62,N,BALTIMORE BLVD,0,F,N,651,MU,,ENGLAR RD,39.58443295,-76.99017048
01,06,,02,17,04,1,01,01,09,DV01160001,12.04,03-03-2015,16:46:00,,Y,N,WESTMINSTER,UNK,09,00,516,MU,,0,S,TUC RD,0,F,S,27,MD,,MANCHESTER RD,39.5773795,-76.9920373
01,06,,03,17,04,,88,04,04,DV01170005,06.01,01-15-2015,08:08:00,,N,N,WESTMINSTER,UNK,09,00,140,MD,,7.91,N,BALTIMORE BLVD,15,F,N,,UU,,SPUR FR MD 97,39.56377499,-76.97340131
01,06,,02,05,01,,01,03,00,DV01170006,08.04,01-21-2015,13:10:00,,Y,N,WESTMINSTER,UNK,01,00,140,MD,,11.06,N,TANEYTOWN PIKE,0,F,N,624,MU,,WMC DR,39.58735169,-77.01195002
06.02,06,,03,03,00,,01,04,00,DV01170007,06.01,02-08-2015,17:35:00,,Y,N,WESTMINSTER,UNK,01,00,140,MD,,8,N,BALTIMORE BLVD,20,F,N,97,MD,,MALCOLM DR,39.56443667,-76.97392702
01,06,,03,03,02,2,01,04,00,DV01170009,06.01,03-08-2015,14:25:00,,Y,N,WESTMINSTER,UNK,01,00,140,MD,,8.93,N,BALTIMORE BLVD,50,F,N,75,MU,,CENTER ST,39.57467535,-76.98445201
01,06,,02,10,02,,01,04,00,DV0117000B,07.01,03-25-2015,14:10:00,,Y,N,WESTMINSTER,UNK,01,00,140,MD,,8,N,BALTIMORE BLVD,0,F,N,335,MU,,MALCOLM DR,39.56458555,-76.97416306
00,06,,02,02,02,1,01,01,00,DV01190005,00,02-24-2015,08:32:00,,Y,N,WESTMINSTER,UNK,01,01,540,MU,,1.48,W,UNIONTOWN RD,0,F,W,508,MU,,TAHOMA FARM RD,39.58093526,-77.0285368
01,06,,01,88,03,1,88,01,00,DV01250005,00,03-07-2015,12:07:00,,N,N,WESTMINSTER,UNK,02,00,332,MU,,1.32,N,W MAIN ST,5,F,N,7020,MU,,ALLEY #2,39.57566771,-76.99640393
01,06,,00,03,02,2,01,04,00,DV01250006,06.01,03-08-2015,14:22:00,,N,N,WESTMINSTER,UNK,01,01,140,MD,,8.93,N,BALTIMORE BLVD,5,F,N,75,MU,,CENTER ST,39.57484902,-76.98481947
01,06,,01,03,01,3,01,04,00,DV01250007,07.01,03-26-2015,12:30:00,,N,N,WESTMINSTER,UNK,01,01,140,MD,,8.73,N,BALTIMORE BLVD,525,F,N,1402,CO,,RALPH ST,39.5739228,-76.98448956
01,06,,03,03,02,1,01,01,00,DV01260006,06.01,02-04-2015,13:15:00,,Y,N,WESTMINSTER,UNK,01,01,330,MU,,1.13,N,E MAIN ST,10,F,N,310,MU,,LONGWELL AVE,39.57352585,-76.99422598
01,06,,03,03,02,2,01,04,00,DV01260007,06.01,02-06-2015,13:39:00,,Y,N,WESTMINSTER,UNK,01,01,97,MD,,15.47,N,MALCOLM DR,50,F,N,,UU,,SPUR FR VILLAGE 140 SHOPPING CENTER,39.56396522,-76.97549343
01,06,,01,08,02,1,01,01,00,DV01260008,06.01,03-31-2015,11:50:00,,N,N,WESTMINSTER,UNK,02,00,332,MU,,1.53,N,W MAIN ST,100,F,N,434,MU,,PENNSYLVANIA AVE,39.57756556,-76.99840754
01,15,,08.04,11,02,1,01,01,00,MCP0036001S,06.01,01-13-2015,15:03:00,55112,N,N,MONTGOMERY,UNK,01,00,27,MD,,7.12,N,RIDGE RD,10,F,N,2597,CO,,TUNE AVE,39.29622833,-77.20399667
01,15,,01,07,02,1,01,01,00,MCP0036001T,06.01,01-13-2015,16:40:00,55114,N,N,MONTGOMERY,UNK,01,00,6226,OP,,0.416,S,TURTLE ROCK TERR,150,F,S,,UU,,FOREMAN BLVD,39.23334667,-77.26140833
01,15,,02,11,02,1,01,01,00,MCP0036001V,06.01,01-15-2015,13:12:00,54114,Y,N,MONTGOMERY,UNK,01,00,27,MD,,6.69,N,RIDGE RD,0,F,N,6135,CO,,HIGH CORNER ST,39.29009333,-77.20486833
01,15,,01,17,02,,01,01,11,MCP0036001W,06.01,01-23-2015,11:04:00,54112,N,N,MONTGOMERY,UNK,09,00,124,MD,,11.26,N,WOODFIELD RD,310,F,N,4621,CO,,GLENDALOUGH RD,39.21379167,-77.172325
01,15,,01,17,01,,01,01,10,MCP0036001X,07.01,02-09-2015,15:32:00,54112,N,N,MONTGOMERY,UNK,09,11,2,CO,,4.02,N,CLARKSBURG RD,800,F,N,11,CO,,PRICES DISTILLERY RD,39.292325,-77.26299667
01,15,,03,03,02,2,01,04,00,MCP0036001Y,06.01,02-13-2015,15:42:00,54114,Y,N,MONTGOMERY,UNK,01,01,118,MD,,6.78,N,GERMANTOWN RD,40,F,N,5029,OP,,OBSERVATION DR,39.190605,-77.24803333
01,15,,01,17,03,,01,01,11,MCP0036001Z,10.04,02-19-2015,16:09:00,54112,N,N,MONTGOMERY,UNK,16,09,11,CO,,1.27,W,PRICES DISTILLERY RD,700,F,W,2,CO,,CLARKSBURG RD,39.291775,-77.26616
01,15,,01,03,02,2,01,03,00,MCP00360020,06.01,02-23-2015,17:24:00,54122,N,N,MONTGOMERY,UNK,01,00,4556,CO,,1.42,S,FATHER HURLEY BLVD,75,F,S,5500,CO,,WISTERIA DR,39.18178833,-77.276645
06.02,15,,09.04,11,01,2,01,01,00,MCP00360021,03,03-03-2015,17:19:00,55114,N,N,MONTGOMERY,UNK,01,00,5500,CO,,1.61,W,WISTERIA DR,120,F,W,118,MD,,GERMANTOWN RD,39.17641,-77.26929167
01,15,,01,07,02,1,01,03,00,MCP00360023,06.01,03-09-2015,15:06:00,55124,Y,N,MONTGOMERY,UNK,01,00,27,MD,,0.54,N,RIDGE RD,70,F,N,27,CO,,BRINK RD,39.21047643,-77.23959446
01,15,,01,17,01,,01,01,10,MCP00360024,03,03-10-2015,15:42:00,54112,N,N,MONTGOMERY,UNK,09,00,108,MD,,10.719,E,OLNEY LAYTONSVILLE RD,100,F,E,,UU,,ENT TO BUSINESS,39.18097167,-77.10585333
01,15,,02,11,02,1,01,03,09,MCP00360025,06.01,03-16-2015,15:24:00,54114,Y,N,MONTGOMERY,UNK,01,09,119,MD,,6.83,N,GREAT SENECA HWY,0,F,N,,UU,,GROTTO LA,39.27357667,-77.16872333
01,15,,01,03,02,,01,03,00,MCP00360027,06.01,03-27-2015,15:47:00,45112,Y,N,MONTGOMERY,UNK,01,00,7402,CO,,0.45,S,RIDGE RD,80,F,S,6941,CO,,OBSERVATION DR,39.20236667,-77.25231167
01,15,,02,11,02,1,01,01,00,MCP1128003P,06.01,02-05-2015,14:44:00,54114,Y,N,MONTGOMERY,UNK,01,00,4122,CO,,0.215,W,MARINELLI RD,0,F,W,7678,CO,,CITADEL AVE,39.04779833,-77.10934
01,15,,02,03,02,,01,04,00,MCP1128003Q,06.01,02-12-2015,14:02:00,54114,Y,N,MONTGOMERY,UNK,01,00,185,MD,,2.71,N,CONNECTICUT AVE,0,F,N,495,RP,,RAMP 2 FR IS 495 WB TO MD 185 NB,39.00668667,-77.07876