LIGHT_CODE,COUNTY_NO,MUNI_CODE,JUNCTION_CODE,COLLISION_TYPE_CODE,SURF_COND_CODE,LANE_CODE,RD_COND_CODE,RD_DIV_CODE,FIX_OBJ_CODE,REPORT_NO,WEATHER_CODE,ACC_DATE,ACC_TIME,LOC_CODE,SIGNAL_FLAG,C_M_ZONE_FLAG,AGENCY_CODE,AREA_CODE,HARM_EVENT_CODE1,HARM_EVENT_CODE2,RTE_NO,ROUTE_TYPE_CODE,RTE_SUFFIX,LOG_MILE,LOGMILE_DIR_FLAG,MAINROAD_NAME,DISTANCE,FEET_MILES_FLAG,DISTANCE_DIR_FLAG,REFERENCE_NO,REFERENCE_TYPE_CODE,REFERENCE_SUFFIX,REFERENCE_ROAD_NAME,LATITUDE,LONGITUDE
01,15,,02,02,02,1,01,04,00,MCP1128003R,06.01,02-19-2015,09:01:00,55114,Y,N,MONTGOMERY,UNK,01,00,185,MD,,2.83,N,CONNECTICUT AVE,0,F,N,28,GV,,BEACH DR,39.00816833,-77.08008333
01,15,,00,03,02,2,01,04,00,MCP1128003S,06.01,03-13-2015,09:09:00,54114,N,N,MONTGOMERY,UNK,01,01,270,IS,,0.27,N,EISENHOWER MEMORIAL HWY,50,F,N,326,CO,,GROSVENOR LA,39.02348333,-77.107235
01,15,,02,03,02,2,01,04,00,MCP1128003T,06.01,03-16-2015,09:13:00,54114,Y,N,MONTGOMERY,UNK,01,00,4242,CO,,0.46,E,NICHOLSON LA,0,F,E,355,MD,,ROCKVILLE PIKE,39.04480167,-77.11122167
01,15,,02,17,00,1,01,01,00,MCP1128003V,06.01,03-23-2015,14:45:00,54114,Y,N,MONTGOMERY,UNK,03,00,1811,CO,,0.45,N,LONE OAK DR,0,F,N,1558,CO,,MONTAUK AVE,39.020085,-77.12848
01,15,,11.04,05,02,1,01,00,00,MCP1128003W,06.01,03-31-2015,07:40:00,55114,N,N,MONTGOMERY,UNK,01,00,385,CO,,0.81,S,WOODMONT AVE,50,F,S,357,CO,,EDGEMOOR LA,38.985585,-77.09664667
03,15,,02,17,02,1,01,01,06,MCP1145000C,06.01,02-15-2015,18:30:00,5511,N,N,MONTGOMERY,UNK,09,00,355,MD,,20.36,N,FREDERICK RD,0,F,N,27,CO,,BRINK RD,39.21396333,-77.24934333
03,15,,02,03,03,,00,01,00,MCP1145000D,08.04,02-16-2015,17:44:00,4511,N,N,MONTGOMERY,UNK,01,00,27,MD,,2.029,N,RIDGE RD,0,F,N,,UU,,LITTLE SENECA PKWY,39.23134333,-77.23768667
03,15,,02,05,02,1,01,01,00,MCP1145000F,06.01,03-07-2015,18:59:00,5411,N,N,MONTGOMERY,UNK,01,00,355,MD,,20.652,N,FREDERICK RD,0,F,N,,UU,,ENT TO GREENRIDGE BAPTIST CHURCH,39.21651667,-77.253695
03,15,,02,02,01,1,08,04,00,MCP1145000G,06.01,03-07-2015,00:00:00,5411,N,N,MONTGOMERY,UNK,01,00,7669,CO,,0.22,S,LITTLE SENECA PKWY,0,F,S,,UU,,NEWCUT RD.,39.23201,-77.24702167
01,15,,01,88,02,1,01,01,00,MCP1148000H,06.01,01-02-2015,08:22:00,5511,N,N,MONTGOMERY,UNK,01,00,187,MD,,0.17,N,OLD GEORGETOWN RD,50,F,N,385,CO,,WOODMONT AVE,38.98653667,-77.09755833
01,15,,02,11,02,2,01,01,00,MCP1148000J,06.01,01-31-2015,13:32:00,55112,Y,N,MONTGOMERY,UNK,01,00,187,MD,,0.26,N,OLD GEORGETOWN RD,0,F,N,5923,CO,,FAIRMONT AVE,38.98745667,-77.09790667
01,15,,02,11,02,,01,05.01,00,MCP1148000K,06.01,01-30-2015,08:31:00,54112,N,N,MONTGOMERY,UNK,01,00,187,MD,,0.51,N,OLD GEORGETOWN RD,0,F,N,1126,CO,,GLENBROOK RD,38.98943167,-77.101555
01,15,,01,88,02,2,01,01,00,MCP1148000L,07.01,02-14-2015,09:11:00,55112,N,N,MONTGOMERY,UNK,02,00,385,CO,,0.55,S,WOODMONT AVE,30,F,S,382,CO,,NORFOLK AVE,38.98779667,-77.095985
01,15,,01,88,03,2,01,01,00,MCP1148000P,08.04,02-26-2015,09:29:00,5512,N,N,MONTGOMERY,UNK,01,09,385,CO,,0.55,S,WOODMONT AVE,100,F,S,382,CO,,NORFOLK AVE,38.98744167,-77.096
01,15,,02,88,02,1,01,04,00,MCP1148000Q,06.01,02-27-2015,13:24:00,54112,Y,Y,MONTGOMERY,UNK,03,00,355,MD,,1.62,N,WISCONSIN AVE,0,F,N,410,MD,,MONTGOMERY AVE,38.98384333,-77.09389
01,15,,02,11,02,,01,03,00,MCP14530011,06.01,01-28-2015,07:30:00,54114,Y,N,MONTGOMERY,UNK,01,00,119,MD,,3.07,N,GREAT SENECA HWY,0,F,N,223,CO,,LONGDRAFT RD,39.13293167,-77.24446
01,15,,03,03,02,3,01,04,00,MCP14530012,06.01,02-05-2015,15:07:00,54114,Y,N,MONTGOMERY,UNK,01,00,212,CO,,3.23,N,SHADY GROVE RD,150,F,N,690,MU,,CHOKE CHERRY RD,39.11558,-77.18533333
01,15,,02,11,02,1,01,04,00,MCP14530013,06.01,02-11-2015,07:04:00,55114,Y,N,MONTGOMERY,UNK,01,00,424,MU,,0.18,N,WATKINS MILL RD,0,F,N,340,MU,,RUSSELL AVE,39.15995667,-77.21621833
01,15,,03,03,01,2,01,01,00,MCP14530015,06.01,02-18-2015,07:52:00,54114,Y,N,MONTGOMERY,UNK,01,01,77,MU,,1.29,E,E DIAMOND AVE,300,F,E,,UU,,SPUR TO RAILROAD ST,39.13941167,-77.18152167
01,15,,00,03,01,,01,04,00,MCP14530017,06.01,03-04-2015,08:19:00,54112,Y,N,MONTGOMERY,UNK,01,00,532,MU,,0.77,S,KENTLANDS BLVD,5,F,S,119,MD,,GREAT SENECA HWY,39.12338667,-77.23219833
01,15,,00,06,03,1,01,01,00,MCP14530018,08.04,03-05-2015,10:00:00,55122,N,N,MONTGOMERY,UNK,01,00,2,CO,,2.01,N,CLARKSBURG RD,25,F,N,5696,OP,,HYATTSTOWN MILL RD,39.2661939,-77.2807934
01,15,,03,03,02,1,01,01,00,MCP14530019,06.01,03-12-2015,15:14:00,54112,Y,N,MONTGOMERY,UNK,01,00,4139,CO,,1.38,S,WIGHTMAN RD,25,F,S,33,CO,,GOSHEN RD,39.186475,-77.18750833
01,15,,02,11,02,2,01,04,00,MCP1453001B,06.01,03-12-2015,16:21:00,55114,Y,N,MONTGOMERY,UNK,01,01,212,CO,,4.75,N,SHADY GROVE RD,0,F,N,200,RP,A,RAMP 6 FR SHADY GROVE RD EB TO MD200A SB,39.12978333,-77.16369
01,15,,03,03,02,4,01,04,00,MCP1453001C,07.01,03-24-2015,09:14:00,54114,Y,N,MONTGOMERY,UNK,01,01,124,MD,,3.79,N,MONTGOMERY VILLAGE AVE,75,F,N,340,MU,,RUSSELL AVE,39.154015,-77.21030167
01,15,,03,17,02,1,01,01,04,MCP1465000Z,06.01,01-05-2015,15:23:00,54112,N,N,MONTGOMERY,UNK,09,09,242,MU,,1.72,E,BALTIMORE RD,75,F,E,5862,OP,,ASHLEIGH WOODS CT,39.08786167,-77.11590667
01,15,,01,17,01,1,01,01,05,MCP14650010,06.01,01-07-2015,08:54:00,55112,N,N,MONTGOMERY,UNK,09,09,1936,CO,,1.04,S,REDLAND RD,0,F,S,,UU,,STRUC #M0056 MILL CREEK,39.131435,-77.14779
01,15,,00,03,01,1,01,01,00,MCP14650011,07.01,01-14-2015,09:05:00,54112,N,N,MONTGOMERY,UNK,02,00,5684,CO,,0,N,KELLY FARM DR,0,M,N,5683,CO,,POPLAR HILL RD,39.10957,-77.30996667
01,15,,01,17,02,1,01,01,00,MCP14650013,06.01,01-28-2015,11:11:00,54112,N,N,MONTGOMERY,UNK,11,00,780,CO,,4.02,S,TRAVILAH RD,0,M,S,53,CO,,GLEN RD,39.070275,-77.26214833
01,15,,02,08,01,1,00,01,00,MCP14650014,03,02-02-2015,08:48:00,55112,Y,N,MONTGOMERY,UNK,01,00,195,CO,,1.49,W,GLEN RD,0,F,W,196,CO,,S GLEN RD,39.04579833,-77.217175
05.02,15,,01,17,04,1,03,01,06,MCP14650015,07.01,02-04-2015,06:45:00,54112,N,N,MONTGOMERY,UNK,09,00,4148,CO,,2.73,S,WASCHE RD,0,M,S,281,CO,,WHITES FERRY RD,39.16213,-77.450165
01,15,,03,08,03,1,05,04,00,MCP14650017,07.01,02-17-2015,09:08:00,45112,Y,N,MONTGOMERY,UNK,01,00,355,MD,,12.62,N,FREDERICK RD,15,F,N,212,CO,,SHADY GROVE RD,39.12224,-77.1771
01,15,,01,99,02,,99,01,00,MCP14650018,06.01,02-09-2015,10:00:00,45122,N,N,MONTGOMERY,UNK,02,00,3338,CO,,0.175,N,LYTTONSVILLE PL,0,U,N,534,CO,,BROOKVILLE RD,39.13027167,-77.48868667
01,15,,03,08,03,3,05,04,00,MCP1465001B,08.04,03-05-2015,16:06:00,45112,Y,N,MONTGOMERY,UNK,01,00,212,CO,,2.7,N,SHADY GROVE RD,15,F,N,5162,CO,,CORPORATE BLVD,39.10744333,-77.18915333
01,15,,11.04,07,02,2,01,04,00,MCP1465001C,07.01,03-30-2015,11:13:00,54114,N,N,MONTGOMERY,UNK,01,00,144,CO,,1,E,MONTROSE RD,200,F,E,148,CO,,SEVEN LOCKS RD,39.05724667,-77.16036167
03,06,,01,17,04,1,01,04,04,DV01270003,08.04,01-07-2015,07:48:00,,N,N,WESTMINSTER,UNK,00,00,347,MU,,0,E,MARKET ST,300,F,E,335,MU,,MALCOLM DR,39.56529064,-76.96777672
01,06,,02,11,02,3,01,04,00,DV01270004,12.04,01-22-2015,09:36:00,,Y,N,WESTMINSTER,UNK,01,01,97,MD,,15.49,N,MALCOLM DR,0,F,N,130,OP,,NURSERY RD,39.56379153,-76.9761157
01,06,,03,11,02,3,01,04,00,DV01270006,07.01,01-07-2015,13:40:00,,Y,N,WESTMINSTER,UNK,01,01,97,MD,,15.61,N,MALCOLM DR,0,F,N,140,MD,,BALTIMORE BLVD,39.56444391,-76.97426096
01,06,,02,11,00,2,01,04,00,DV01270007,06.01,02-27-2015,12:51:00,,Y,N,WESTMINSTER,UNK,01,01,335,MU,,0,N,MALCOLM DR,0,F,N,140,MD,,BALTIMORE BLVD,39.56444287,-76.97425425
03,06,,01,03,02,2,01,04,00,DV01270008,06.01,03-29-2015,20:47:00,,Y,N,WESTMINSTER,UNK,01,01,140,MD,,7.59,N,BALTIMORE BLVD,200,F,N,347,MU,,MARKET ST,39.56077978,-76.96831986
03,06,,03,03,02,1,01,04,00,DV01280006,00,01-16-2015,18:10:00,,Y,N,WESTMINSTER,UNK,01,01,624,MU,,0.32,N,WMC DR,0,F,N,140,MD,,TANEYTOWN PIKE,39.58708711,-77.0117569
01,06,,02,03,01,2,01,01,04,DV01280007,00,03-20-2015,17:47:00,,N,N,WESTMINSTER,UNK,01,16,75,MU,,1.81,W,CENTER ST,0,F,W,85,MU,,CHARLES ST,39.56815023,-76.99529886
01,20,,02,11,02,1,01,01,00,DX01560001,06.01,03-10-2015,08:55:00,,Y,N,STMICHAELS,UNK,01,00,33,MD,,12.1,E,ST MICHAELS RD,0,F,E,145,OP,,MARTINGHAM DR,38.80165762,-76.23067617
06.02,20,,00,88,02,1,01,01,00,DX01590003,06.01,02-20-2015,17:37:00,,N,N,STMICHAELS,UNK,01,00,33,MD,,13.5,E,TALBOT ST,50,F,E,360,MU,,THOMPSON ST,38.78302644,-76.22340202
01,20,,00,17,03,1,01,01,08,DX01590004,08.04,02-26-2015,07:47:00,,N,N,STMICHAELS,UNK,09,00,33,MD,,12.53,E,TALBOT ST,300,F,E,70,CO,,YACHT CLUB RD,38.79727204,-76.22665823
03,15,,01,03,01,2,01,03,00,EA99310001,03,03-10-2015,19:49:00,5511,N,N,CHEVYCHASE,UNK,01,01,185,MD,,0.22,N,CONNECTICUT AVE,60,F,N,112,MU,,W LENOX ST,38.97137219,-77.07720816
03,15,,01,10,02,1,01,02,00,EA99350001,07.01,02-28-2015,22:37:00,,N,N,CHEVYCHASE,UNK,01,00,185,MD,E,0.02,W,CHEVY CHASE CIR,25,F,W,185,MD,E,CONNECTICUT AVE,38.96791362,-77.07688361
01,15,,01,88,02,1,01,01,00,EA99370001,06.01,01-20-2015,10:44:00,5511,N,N,CHEVYCHASE,UNK,02,00,220,MU,,0.12,S,SUMMERFIELD RD,150,F,S,,UU,,WASH DC LINE,38.97313843,-77.07114033
01,15,,01,07,02,2,01,04,00,EA99370002,06.01,02-03-2015,10:27:00,5511,N,N,CHEVYCHASE,UNK,01,01,185,MD,,0.09,N,CONNECTICUT AVE,50,F,N,70,MU,,W IRVING ST,38.96926912,-77.07754612
01,15,,01,88,02,2,01,04,00,EA99370003,06.01,03-13-2015,15:25:00,5511,N,N,CHEVYCHASE,UNK,01,00,185,MD,,0.4,N,CONNECTICUT AVE,10,F,N,180,MU,,OXFORD ST,38.97380675,-77.07709551
01,15,,00,08,02,2,01,04,00,EA99370004,06.01,03-18-2015,15:33:00,5511,N,N,CHEVYCHASE,UNK,01,00,185,MD,,0,N,CONNECTICUT AVE,10,F,N,185,MD,,CHEVY CHASE CIR,38.96829733,-77.07709551
01,15,,00,03,02,3,01,04,00,EA99370005,06.01,03-23-2015,08:41:00,5512,N,N,CHEVYCHASE,UNK,01,00,185,MD,,0.4,N,CONNECTICUT AVE,15,F,N,180,MU,,OXFORD ST,38.97396523,-77.07724571
01,15,,01,07,02,3,01,04,00,EA99410001,07.01,01-20-2015,07:32:00,5512,N,N,CHEVYCHASE,UNK,01,00,185,MD,,0.22,N,CONNECTICUT AVE,20,F,N,112,MU,,W LENOX ST,38.97120901,-77.07723297
01,15,,01,07,02,3,01,04,00,EA99410002,07.01,01-20-2015,07:49:00,5512,N,N,CHEVYCHASE,UNK,01,00,185,MD,,0.22,N,CONNECTICUT AVE,20,F,N,112,MU,,W LENOX ST,38.97120953,-77.07723632
03,15,,02,07,02,2,01,02,00,EA99430001,06.01,02-05-2015,22:25:00,5511,N,N,CHEVYCHASE,UNK,01,00,185,MD,E,0.02,W,CHEVY CHASE CIR,0,F,W,185,MD,E,CONNECTICUT AVE,38.96798661,-77.07692921
03,15,,02,11,02,1,01,01,00,EA99430002,06.01,03-21-2015,20:09:00,5511,Y,N,CHEVYCHASE,UNK,01,00,162,MU,,0.09,W,NEWLANDS ST #2,0,F,W,186,MD,,BROOKVILLE RD,38.97290592,-77.07416654
01,15,,03,07,02,3,01,02,00,EA99430003,07.01,03-31-2015,18:40:00,5511,N,N,CHEVYCHASE,UNK,01,00,185,MD,E,0,W,CHEVY CHASE CIR,10,F,W,,UU,E,WASH DC LINE,38.96792404,-77.07679778
03,15,,01,99,06.03,1,01,01,00,EA99460001,09.04,01-23-2015,00:00:00,5512,N,N,CHEVYCHASE,UNK,02,00,30,MU,,0.18,S,CENTER ST,0,M,S,90,MU,,KIRKSIDE DR,38.96376352,-77.0852454
00,15,,01,03,02,2,01,01,00,EA99460002,00,02-13-2015,16:55:00,5411,N,N,CHEVYCHASE,UNK,01,01,185,MD,,0.47,N,CONNECTICUT AVE,100,F,N,200,MU,,PRIMROSE ST,38.97505788,-77.07709551
03,15,,02,11,01,1,01,01,88,EA99460003,03,03-11-2015,07:15:00,5511,Y,N,CHEVYCHASE,UNK,01,09,186,MD,,0.47,N,BROOKVILLE RD,0,F,N,200,MU,,PRIMROSE ST,38.97477429,-77.07297564
01,15,,01,08,02,2,01,01,00,EA99460004,06.01,03-19-2015,18:36:00,,N,N,CHEVYCHASE,UNK,01,00,185,MD,,0.28,N,CONNECTICUT AVE,100,F,N,130,MU,,E MELROSE ST,38.97216773,-77.07706332
01,15,,00,10,02,2,01,02,00,EA99480001,05,02-05-2015,14:40:00,5511,N,N,CHEVYCHASE,UNK,01,00,185,MD,E,0.02,W,CHEVY CHASE CIR,10,F,W,185,MD,E,CONNECTICUT AVE,38.96800537,-77.07695603
01,15,,01,88,02,3,01,03,00,EA99480002,07.01,03-16-2015,09:01:00,5511,N,N,CHEVYCHASE,UNK,00,00,185,MD,,0.31,N,CONNECTICUT AVE,90,F,N,165,MU,,NEWLANDS ST #3,38.97560003,-77.07702041
01,15,,02,11,02,1,01,01,00,EA99480003,06.01,03-21-2015,12:23:00,5511,Y,N,CHEVYCHASE,UNK,01,01,186,MD,,0.19,N,BROOKVILLE RD,0,F,N,110,MU,,E LENOX ST,38.97117096,-77.07492828
03,07,,02,17,02,1,01,01,01,EC00210002,06.01,01-24-2015,19:20:00,,N,N,NORTHEAST,UNK,00,15,272,MD,,9.24,S,MAIN ST (SB COUPLET),0,F,S,240,MU,,WALLACE AVE,39.59824008,-75.94223142
05.02,07,,02,11,02,2,01,02,00,EC00230001,07.01,01-20-2015,07:00:00,,Y,N,NORTHEAST,UNK,01,00,196,CO,,0.01,E,IRISHTOWN RD,0,F,E,272,MD,,TURKEY POINT RD (NB COUPLET),39.59213056,-75.94138384
03,07,,01,03,02,1,01,01,00,EC00230002,06.01,03-12-2015,22:39:00,,N,N,NORTHEAST,UNK,02,00,138,MU,,0.13,N,MAHOGANY DR,250,F,N,235,MU,,TIMBERBROOK DR,39.61187089,-75.94518185
03,07,,01,03,01,1,00,02,00,EC00230003,03,03-13-2015,23:54:00,,N,N,NORTHEAST,UNK,02,02,272,MD,,9.24,S,MAIN ST (SB COUPLET),30,F,S,240,MU,,WALLACE AVE,39.59801688,-75.9422636
01,07,,00,17,01,1,00,01,04,EC00260001,03,03-14-2015,13:23:00,,N,N,NORTHEAST,UNK,09,10,755,OP,,0,E,MALLORY WAY,0,U,E,167,CO,,MECHANICS VALLEY RD,39.60785384,-75.93157768
07.88,07,,00,08,04,1,04,00,00,EC00280001,09.04,02-21-2015,21:26:00,,N,N,NORTHEAST,UNK,01,09,167,CO,,0.315,N,MECHANICS VALLEY RD,100,F,N,755,OP,,MALLORY WAY,39.60554766,-75.93475878
01,07,,02,11,03,1,01,03,00,EC00290001,08.04,01-06-2015,11:25:00,,Y,N,NORTHEAST,UNK,01,00,7,MD,C,4.87,N,E CECIL AVE,0,F,N,272,MD,C,MAIN ST (SB COUPLET),39.60107558,-75.94303608
01,06,,01,00,03,1,01,01,07,ED00140002,06.01,01-07-2015,16:18:00,,N,N,HAMPSTEAD,UNK,09,09,118,MU,,0.442,S,WILLOW ST,25,F,S,138,MU,,OXFORD LA,39.59925691,-76.85917139
01,06,,01,17,01,1,00,01,00,ED00210002,12.04,01-03-2015,11:15:00,6403,N,N,HAMPSTEAD,UNK,00,00,448,CO,,2.92,E,COON CLUB RD,300,F,E,456,CO,,WEAVER LA,39.57388972,-76.8865943
01,06,,03,17,04,1,01,01,00,ED00210003,12.04,01-03-2015,11:15:00,6403,N,N,HAMPSTEAD,UNK,00,00,448,CO,,2.92,E,COON CLUB RD,10,F,E,456,CO,,WEAVER LA,39.57387319,-76.88665867
01,15,,02,88,06.03,1,01,01,00,MCP11510027,07.01,01-07-2015,09:47:00,55114,Y,N,MONTGOMERY,UNK,01,00,118,MD,,5.42,N,GERMANTOWN RD,0,F,N,141,CO,,MIDDLEBROOK RD,39.17966667,-77.26795167
01,15,,05.01,17,01,,01,88,07,MCP11510028,06.01,01-23-2015,09:00:00,55112,N,N,MONTGOMERY,UNK,09,09,270,IS,,14.03,N,EISENHOWER MEMORIAL HWY,0,F,N,270,RP,,RAMP 1 FR IS 270 NB TO MIDDLEBROOK RD WB,39.17619,-77.24593333
01,15,,02,03,01,1,01,04,00,MCP11510029,03,02-02-2015,10:35:00,54114,Y,N,MONTGOMERY,UNK,01,00,119,MD,,6.04,N,GREAT SENECA HWY,0,F,N,117,MD,,CLOPPER RD,39.15842167,-77.27572667
01,15,,01,03,02,3,01,04,00,MCP1151002B,06.01,02-05-2015,07:15:00,55114,N,N,MONTGOMERY,UNK,01,00,117,MD,,7.81,E,CLOPPER RD,35,F,E,7155,CO,,KINGSVIEW VILLAGE AVE,39.160395,-77.27866333
01,15,,01,88,02,3,01,04,04,MCP1151002C,06.01,02-11-2015,07:45:00,54114,N,N,MONTGOMERY,UNK,03,09,355,MD,,17.11,N,FREDERICK RD,30,F,N,1718,CO,,HIGH POINT DR,39.16927333,-77.23471833
01,15,,02,11,02,1,01,04,00,MCP1151002F,06.01,02-19-2015,07:57:00,55114,Y,N,MONTGOMERY,UNK,01,00,117,MD,,7.46,E,CLOPPER RD,0,F,E,261,CO,,SCHAEFFER RD,39.16358833,-77.28454667
01,15,,88,88,04,1,01,01,00,MCP1151002G,06.01,02-27-2015,08:27:00,55112,N,N,MONTGOMERY,UNK,02,00,4872,OP,,0.04,S,KITCHEN HOUSE CT,175,F,S,4871,OP,,KITCHEN HOUSE WAY,39.15188667,-77.26653667
05.02,15,,02,11,02,1,01,01,00,MCP1151002H,07.01,03-03-2015,06:08:00,55114,Y,N,MONTGOMERY,UNK,01,00,3,CO,,3.88,E,BETHESDA CHURCH RD,0,F,E,124,MD,,WOODFIELD RD,39.28370167,-77.20228
01,15,,01,88,02,,01,04,00,MCP1151002J,06.01,03-09-2015,08:19:00,54112,N,N,MONTGOMERY,UNK,03,03,5430,CO,,0.59,N,CRYSTAL ROCK DR,100,F,N,118,MD,,GERMANTOWN RD,39.181835,-77.26275
01,15,,01,07,02,,01,04,00,MCP1151002K,06.01,03-09-2015,09:00:00,55112,N,N,MONTGOMERY,UNK,01,00,4556,CO,,1.03,S,FATHER HURLEY BLVD,40,F,S,4555,CO,,WYNNFIELD DR,39.18617667,-77.27376167
01,15,,02,11,02,1,01,01,00,MCP1151002M,07.01,03-24-2015,10:37:00,55114,Y,N,MONTGOMERY,UNK,01,00,117,MD,,6.67,E,CLOPPER RD,0,F,E,6603,CO,,RICHTER FARM RD,39.169895,-77.29660833
03,15,,03,03,02,1,01,04,00,MCP11520005,06.01,01-01-2015,00:30:00,,Y,N,MONTGOMERY,UNK,01,00,355,MD,,4.38,N,ROCKVILLE PIKE,0,F,N,326,CO,,GROSVENOR LA,39.02200107,-77.10267305
03,15,,10.04,17,04,1,05,01,02,MCP11520006,88,03-07-2015,00:32:00,55114,N,N,MONTGOMERY,UNK,09,00,441,CO,,0.14,S,STRATHMORE ST,20,F,S,191,MD,,BRADLEY BLVD,38.99420667,-77.05340833
03,15,,01,03,02,2,01,04,04,MCP11600004,06.01,01-29-2015,22:20:00,5511,N,N,MONTGOMERY,UNK,01,09,185,MD,,1.45,N,CONNECTICUT AVE,100,F,N,550,CO,,CLUB DR,38.98961667,-77.07713333
01,15,,01,17,04,1,88,04,11,MCP1417002B,08.04,01-06-2015,09:13:00,55112,N,N,MONTGOMERY,UNK,09,00,3727,CO,,1.08,N,MONTGOMERY VILLAGE AVE,400,F,N,4212,CO,,CLUB HOUSE RD,39.17589333,-77.20335
01,15,,02,02,02,2,01,04,11,MCP1417002C,06.01,01-09-2015,10:38:00,54114,N,N,MONTGOMERY,UNK,01,09,340,MU,,0.98,N,RUSSELL AVE,0,F,N,182,MU,,LAKE FOREST BLVD,39.15288333,-77.208785
01,15,,01,17,04,1,01,01,06,MCP1417002D,08.04,01-21-2015,15:17:00,55112,N,N,MONTGOMERY,UNK,09,00,6509,CO,,0.52,E,CYPRESS HILL DR,30,F,E,6578,CO,,ERIN TREE CT,39.172275,-77.14401833
01,15,,02,03,02,1,01,03,00,MCP1417002F,06.01,01-28-2015,16:07:00,54114,N,N,MONTGOMERY,UNK,01,00,3770,CO,,1.5,N,WATKINS MILL RD,0,F,N,3764,CO,,STEDWICK RD,39.175955,-77.21024667
01,15,,02,02,01,1,01,03,00,MCP1417002G,06.01,01-30-2015,07:35:00,55112,N,N,MONTGOMERY,UNK,01,00,115,MD,,1.97,E,MUNCASTER MILL RD,0,F,E,4207,CO,,OLDE MILL RUN,39.13975333,-77.13292167
01,15,,02,11,02,1,01,04,00,MCP1417002H,06.01,02-03-2015,09:46:00,54114,Y,N,MONTGOMERY,UNK,01,09,124,MD,,7.96,N,WOODFIELD RD,0,F,N,6509,CO,,CYPRESS HILL DR,39.17205167,-77.15246167
01,15,,03,07,01,3,01,04,11,MCP1417002J,03,02-09-2015,09:30:00,54112,Y,N,MONTGOMERY,UNK,01,09,212,CO,,3.95,N,SHADY GROVE RD,120,F,N,355,MD,,FREDERICK RD,39.12315221,-77.1767664
01,15,,02,02,01,2,01,04,00,MCP1417002K,07.01,02-10-2015,07:33:00,54114,Y,N,MONTGOMERY,UNK,01,00,124,MD,,0.81,N,QUINCE ORCHARD RD,0,F,N,223,CO,,LONGDRAFT RD,39.12661463,-77.24383235
01,15,,02,02,02,2,01,03,00,MCP1417002L,06.01,02-11-2015,15:22:00,54114,N,N,MONTGOMERY,UNK,01,00,885,CO,,0,E,RAILROAD ST,0,F,E,77,MU,,E DIAMOND AVE,39.13881333,-77.17957
01,15,,01,03,02,1,01,03,00,MCP1417002M,06.01,02-12-2015,09:11:00,54122,N,N,MONTGOMERY,UNK,01,00,124,MD,,7.35,N,WOODFIELD RD,200,F,N,6579,CO,,LINDBERGH DR,39.16152899,-77.1586132
01,15,,01,03,02,2,01,03,00,MCP1417002N,06.01,02-18-2015,08:08:00,54112,N,N,MONTGOMERY,UNK,01,00,117,MD,,11.08,E,CLOPPER RD,200,F,E,88,MU,,FIRSTFIELD RD,39.14529,-77.226995
01,15,,03,03,02,2,01,03,00,MCP1417002P,06.01,02-18-2015,13:01:00,54114,Y,N,MONTGOMERY,UNK,01,00,33,CO,,0.49,N,GOSHEN RD,60,F,N,124,MD,,MIDCOUNTY HWY,39.15716167,-77.19184333
05.02,15,,02,07,02,1,01,03,00,MCP1417002Q,06.01,02-18-2015,06:53:00,55114,Y,N,MONTGOMERY,UNK,01,00,117,MD,,10.79,E,CLOPPER RD,0,F,E,215,MU,,METROPOLITAN GROVE RD,39.14598359,-77.22824335
01,15,,01,17,88,2,05,04,11,MCP1417002R,06.01,02-19-2015,09:00:00,54112,N,N,MONTGOMERY,UNK,09,00,212,CO,,5.3,N,SHADY GROVE RD,200,F,N,3558,CO,,BRIARDALE RD,39.134987,-77.15661764
01,15,,03,03,02,2,01,04,00,MCP1417002S,06.01,02-24-2015,08:21:00,55112,Y,N,MONTGOMERY,UNK,01,00,270,IS,,11.97,N,EISENHOWER MEMORIAL HWY,75,F,N,,UU,,END C/D LANE (NB/L),39.14983178,-77.21467137
01,15,,02,03,02,,01,04,00,MCP1417002T,06.01,02-24-2015,12:54:00,55112,Y,N,MONTGOMERY,UNK,01,00,124,MD,,4.34,N,MIDCOUNTY HWY,0,F,N,3727,CO,,MONTGOMERY VILLAGE AVE,39.16009814,-77.20183969
01,15,,03,07,01,2,01,04,00,MCP1417002V,06.01,03-02-2015,10:14:00,55112,Y,N,MONTGOMERY,UNK,01,01,355,MD,,17.34,N,FREDERICK RD,30,F,N,3096,CO,,PLUMMER DR,39.17171879,-77.2361505
03,06,,02,88,03,1,88,01,00,ED00270004,08.04,02-16-2015,20:09:00,,Y,N,HAMPSTEAD,UNK,02,00,,,,,,HILLCREST AVENUE,0,F,,,,,MAIN STREET,39.60833326,-76.851511
01,06,,01,03,02,1,01,01,00,ED00270005,06.01,03-13-2015,08:11:00,,N,N,HAMPSTEAD,UNK,01,00,30,MD,BU,2.298,N,MAIN ST,300,F,N,482,MD,BU,HAMPSTEAD MEXICO RD,39.61226763,-76.85286283