LIGHT_CODE,COUNTY_NO,MUNI_CODE,JUNCTION_CODE,COLLISION_TYPE_CODE,SURF_COND_CODE,LANE_CODE,RD_COND_CODE,RD_DIV_CODE,FIX_OBJ_CODE,REPORT_NO,WEATHER_CODE,ACC_DATE,ACC_TIME,LOC_CODE,SIGNAL_FLAG,C_M_ZONE_FLAG,AGENCY_CODE,AREA_CODE,HARM_EVENT_CODE1,HARM_EVENT_CODE2,RTE_NO,ROUTE_TYPE_CODE,RTE_SUFFIX,LOG_MILE,LOGMILE_DIR_FLAG,MAINROAD_NAME,DISTANCE,FEET_MILES_FLAG,DISTANCE_DIR_FLAG,REFERENCE_NO,REFERENCE_TYPE_CODE,REFERENCE_SUFFIX,REFERENCE_ROAD_NAME,LATITUDE,LONGITUDE
01,15,,09.04,17,02,3,01,04,88,MCP1205000Y,06.01,02-28-2015,09:21:00,5411,N,N,MONTGOMERY,UNK,09,03,185,MD,,4.24,N,CONNECTICUT AVE,30,F,N,547,MD,,KNOWLES AVE,39.02763549,-77.07640886
05.02,15,,01,07,02,2,01,04,00,MCP1205000Z,06.01,03-09-2015,07:13:00,,N,N,MONTGOMERY,UNK,01,00,355,MD,,0.84,N,WISCONSIN AVE,20,F,N,427,CO,,MORGAN DR,38.97295597,-77.08973408
01,15,,02,02,02,1,08,04,00,MCP12120005,06.01,03-07-2015,11:48:00,55112,N,N,MONTGOMERY,UNK,88,01,7669,CO,,0.385,S,LITTLE SENECA PKWY,0,F,S,,UU,,CROSSOVER,39.23175167,-77.24695333
03,15,,02,11,02,2,01,04,00,MCP1213000H,06.01,01-22-2015,18:23:00,55114,Y,N,MONTGOMERY,UNK,01,09,182,MD,,0.71,N,LAYHILL RD,0,F,N,126,CO,,BRIGGS RD,39.06925667,-77.0457
01,15,,01,03,02,2,01,04,00,MCP1213000K,06.01,03-08-2015,16:00:00,55112,Y,N,MONTGOMERY,UNK,01,00,650,MD,,7.67,N,NEW HAMPSHIRE AVE,15,F,N,2801,CO,,MIDLAND RD,39.10459,-77.000635
01,22,,03,03,02,1,01,01,00,DE2182000F,06.01,01-28-2015,14:08:00,,Y,N,SALISBURY,UNK,01,00,2125,MU,,0,W,PEMBERTON DR,0,F,W,349,MD,,NANTICOKE RD,38.36902206,-75.61617672
01,22,,02,11,02,2,01,04,00,DE2182000G,06.01,01-28-2015,15:13:00,,Y,N,SALISBURY,UNK,01,10,740,MU,,0.2,S,DAVIS ST,0,F,S,50,US,BU,E SALISBURY PKWY,38.36790172,-75.58817714
05.02,22,,02,03,02,1,01,04,00,DE2182000H,00,02-11-2015,06:05:00,,Y,N,SALISBURY,UNK,01,00,465,MU,,0.12,N,CENTRE RD,0,F,N,13,US,,N SALISBURY BLVD,38.40240206,-75.56960754
01,22,,02,11,01,1,01,01,04,DE2182000J,03,03-20-2015,12:05:00,,Y,N,SALISBURY,UNK,01,09,3096,MU,,0.08,S,DICKERSON LA,0,F,S,2717,MU,,TROOPERS WAY,38.41879075,-75.56388639
01,22,,02,11,02,1,01,01,00,DE2182000K,06.01,03-25-2015,11:42:00,,Y,N,SALISBURY,UNK,01,00,1830,MU,,0.11,W,MONTICELLO AVE,0,F,W,1150,MU,,HANOVER ST,38.35301331,-75.60321093
05.02,22,,02,03,01,1,01,01,00,DE2182000L,03,03-30-2015,07:45:00,,Y,N,SALISBURY,UNK,01,00,349,MD,,22.32,E,NANTICOKE RD,0,F,E,50,US,,W SALISBURY PKWY,38.36952414,-75.61435148
01,22,,00,03,02,1,01,04,00,DE2184000D,06.01,02-25-2015,10:38:00,DE 8270,N,N,SALISBURY,UNK,01,00,50,US,BU,5.864,E,E SALISBURY PKWY,1,M,E,774,CO,BU,PHILLIP MORRIS DR,38.36573563,-75.55179834
06.02,22,,02,17,04,1,01,01,06,DE2184000G,06.01,02-20-2015,17:40:00,DE 8270,N,N,SALISBURY,UNK,09,09,2610,MU,,0.14,N,SPRING AVE,0,F,N,2280,MU,,PRINCETON AVE,38.34979294,-75.59197783
01,22,,02,17,03,1,01,01,09,DE2184000H,06.01,02-26-2015,12:15:00,DE 8270,N,N,SALISBURY,UNK,09,00,2155,MU,,0.18,S,PERRY DR,0,F,S,2645,MU,,SPRUELL DR,38.34293525,-75.59481025
03,22,,01,17,03,1,01,01,10,DE2184000J,06.01,03-07-2015,22:09:00,DE 8270,N,N,SALISBURY,UNK,09,00,1640,MU,,0.39,E,W MAIN ST,50,F,E,950,MU,,FIRST ST,38.36606371,-75.60882211
05.02,22,,02,02,02,3,01,04,00,DE2184000K,06.01,03-25-2015,07:49:00,DE 8270,Y,N,SALISBURY,UNK,01,00,50,US,BU,3.166,E,W SALISBURY PKWY,0,F,E,1780,MU,BU,MILL ST,38.36594594,-75.60336113
01,22,,00,08,02,2,01,01,00,DE2184000L,06.01,03-17-2015,15:04:00,DE 8270,N,N,SALISBURY,UNK,01,01,2600,MU,,0.76,E,SOUTH BLVD,50,F,E,2710,MU,,S TOWER DR,38.35338561,-75.59986353
01,22,,02,17,01,,00,01,17.10,DE2184000M,03,03-26-2015,12:20:00,DE 8270,Y,N,SALISBURY,UNK,09,00,775,MU,,0,N,N DIVISION ST,0,F,N,1632,MU,,E MAIN ST,38.36547486,-75.60050726
03,22,,01,17,04,2,01,01,08,DE21890004,12.04,01-14-2015,03:11:00,8270,N,N,SALISBURY,UNK,09,00,13,US,BU,5.64,N,N SALISBURY BLVD,100,F,N,520,MU,BU,E CHURCH ST,38.43121943,-75.56441948
01,22,,03,03,02,3,01,01,00,DE21890005,06.01,01-30-2015,16:26:00,8270,Y,N,SALISBURY,UNK,01,00,13,US,BU,5.27,N,S SALISBURY BLVD,100,F,N,415,MU,BU,E CARROLL ST,38.36294276,-75.59623718
01,22,,03,03,02,1,01,05.01,00,DE3104000C,06.01,03-16-2015,14:55:00,,N,N,SALISBURY,UNK,01,01,13,US,BU,5.27,N,S SALISBURY BLVD,0,F,N,415,MU,BU,E CARROLL ST,38.36317831,-75.59617281
03,22,,02,11,01,1,01,01,00,DE3111000F,03,01-03-2015,18:15:00,,Y,N,SALISBURY,UNK,01,00,466,MU,,1.25,W,CENTRE DR,0,F,W,1646,MU,,S MALL DR,38.39581527,-75.56414187
01,22,,03,03,01,1,00,01,00,DE3111000J,03,01-12-2015,15:06:00,,Y,N,SALISBURY,UNK,01,00,2720,MU,,0.91,S,TRUITT ST,10,F,S,50,US,,E SALISBURY PKWY,38.36896581,-75.58330894
01,22,,02,11,02,1,01,01,00,DE3111000K,06.01,01-17-2015,09:27:00,,Y,N,SALISBURY,UNK,01,00,350,MD,,0.92,E,MT HERMON RD,0,F,E,124,MU,,BEAGLIN PARK DR,38.36641491,-75.56640029
00,22,,01,03,04,1,01,01,00,DE3111000L,07.01,02-27-2015,10:28:00,,N,N,SALISBURY,UNK,01,00,13,US,BU,5.11,N,S SALISBURY BLVD,200,F,N,2830,MU,BU,E VINE ST,38.35964502,-75.59728861
01,22,,01,17,01,1,01,01,23.03,DE3111000M,03,03-01-2015,12:39:00,,N,N,SALISBURY,UNK,11,00,50,US,BU,4.699,E,E SALISBURY PKWY,300,F,E,,UU,BU,OUT CORP LMTS SALISBURY,38.37247341,-75.52466512
01,22,,02,11,02,2,00,01,00,DE3111000P,06.01,03-23-2015,09:32:00,,Y,N,SALISBURY,UNK,01,00,50,US,BU,4.295,E,E SALISBURY PKWY,0,F,E,2720,MU,BU,TRUITT ST,38.36873449,-75.5832392
01,22,,03,03,01,2,01,01,00,DE3111000Q,03,03-27-2015,14:14:00,,Y,N,SALISBURY,UNK,01,00,1780,MU,,0.49,S,MILL ST,5,F,S,1640,MU,,W MAIN ST,38.36521408,-75.60355961
00,22,,03,03,02,1,01,01,00,DE31130008,06.01,01-08-2015,14:40:00,,Y,N,SALISBURY,UNK,01,00,1900,MU,,0.68,E,NAYLOR ST,30,F,E,50,US,,E SALISBURY PKWY,38.19718009,-75.58319092
01,22,,01,02,01,1,03,01,00,DE31130009,03,03-04-2015,12:36:00,,N,N,SALISBURY,UNK,01,00,960,MU,,0.13,E,FITZWATER ST,25,F,E,950,MU,,FIRST ST,38.36360734,-75.61141849
01,15,,03,03,02,2,01,04,00,EJ7829000Z,07.01,01-20-2015,16:02:00,55112,Y,N,GAITHERSBURG,UNK,01,00,355,MD,,13.85,N,S FREDERICK RD,0,F,N,514,MU,,EDUCATION BLVD,39.13607167,-77.19245167
01,15,,03,03,02,1,01,01,00,EJ78290012,06.01,03-12-2015,17:59:00,55112,Y,N,GAITHERSBURG,UNK,01,00,77,MU,,0.53,E,E DIAMOND AVE,5,F,E,357,MU,,N SUMMIT AVE,39.14208167,-77.19163167
01,15,,03,11,99,1,01,01,00,EJ78290013,99,03-10-2015,07:40:00,55122,Y,N,GAITHERSBURG,UNK,01,00,376,MU,,0.35,W,TEACHERS WAY,1,F,W,,UU,,CUL DE SAC,39.14321333,-77.189785
01,15,,02,13,02,1,01,01,00,EJ78290015,06.01,03-30-2015,17:30:00,55122,Y,N,GAITHERSBURG,UNK,01,00,355,MD,,16.65,N,FREDERICK RD,0,F,N,221,CO,,GAME PRESERVE RD,39.16439,-77.2271
01,15,,02,11,02,1,01,01,04,EJ78290016,07.01,03-31-2015,18:10:00,54114,Y,N,GAITHERSBURG,UNK,01,09,677,MU,,0,N,WHETSTONE GLEN ST,0,F,N,135,MU,,GIRARD ST,39.149885,-77.18971
04,15,,02,11,00,3,01,04,00,EJ7833000J,06.01,01-15-2015,17:15:00,55114,Y,N,GAITHERSBURG,UNK,01,00,355,MD,,13,N,FREDERICK RD,0,F,N,3365,CO,,S WESTLAND DR,39.12648833,-77.18295667
03,15,,01,07,02,,01,03,00,EJ7833000K,06.01,03-12-2015,19:58:00,55112,N,N,GAITHERSBURG,UNK,01,00,355,MD,,14.86,N,FREDERICK RD,100,F,N,50,MU,,DALAMAR ST,39.14701667,-77.20529667
01,15,,02,02,02,3,01,04,00,EJ7837000C,06.01,01-02-2015,16:36:00,5411,Y,N,GAITHERSBURG,UNK,01,00,81,CO,,1.2,N,MUDDY BRANCH RD,0,F,N,211,CO,,DIAMONDBACK DR,39.11519,-77.21576
03,15,,00,03,02,2,01,04,05,EJ7837000D,06.01,01-18-2015,18:00:00,54124,N,N,GAITHERSBURG,UNK,01,09,355,MD,,14.35,N,S FREDERICK RD,200,F,N,,UU,,BEGIN BRIDGE,39.14052667,-77.19776833
03,15,,03,03,02,2,01,04,00,EJ7837000F,06.01,03-29-2015,20:10:00,55112,Y,N,GAITHERSBURG,UNK,01,01,355,MD,,15.19,N,FREDERICK RD,100,F,N,182,MU,,LAKE FOREST BLVD,39.15075833,-77.20995333
05.02,15,,01,17,04,,00,03,11,MCP0685000S,06.01,02-04-2015,06:48:00,55112,N,N,MONTGOMERY,UNK,09,00,205,MU,,0,N,AVERY RD,999,F,N,28,MD,,NORBECK RD,39.07713333,-77.07795333
01,15,,02,14,02,2,01,04,00,MCP0685000T,07.01,02-10-2015,15:00:00,54114,Y,N,MONTGOMERY,UNK,01,01,355,MD,,10.82,N,HUNGERFORD DR,0,F,N,740,MU,,COLLEGE PKWY,39.10330667,-77.156385
01,15,,03,03,02,2,01,04,00,MCP0685000V,06.01,02-24-2015,15:00:00,55122,Y,N,MONTGOMERY,UNK,01,01,212,CO,,4.95,N,SHADY GROVE RD,20,F,N,,UU,,BEGIN BRIDGE,39.13265333,-77.17062333
01,15,,02,11,02,1,01,01,00,MCP0685000X,06.01,03-23-2015,18:28:00,55112,Y,N,MONTGOMERY,UNK,01,00,3606,CO,,0.36,N,BAEDERWOOD LA,0,F,N,2733,CO,,BETHAYRES RD,39.13003333,-77.15502
03,15,,03,07,02,2,01,01,00,MCP0704000D,06.01,02-08-2015,17:54:00,55114,Y,N,MONTGOMERY,UNK,01,00,381,CO,,0.35,N,CORDELL AVE,12,F,N,355,MD,,WISCONSIN AVE,38.99098833,-77.09557
03,15,,00,17,01,1,01,01,00,MCP0704000F,03,02-09-2015,20:20:00,54114,N,N,MONTGOMERY,UNK,03,00,385,CO,,0.97,S,WOODMONT AVE,10,F,S,363,CO,,HAMPDEN LA,38.982665,-77.09581333
03,15,,01,07,02,2,01,04,00,MCP0704000G,06.01,02-27-2015,18:53:00,55112,Y,N,MONTGOMERY,UNK,01,00,355,MD,,1.95,N,WISCONSIN AVE,11,F,N,981,CO,,CHELTENHAM DR,38.98821667,-77.09463333
04,15,,01,17,02,1,01,01,00,MCP0730000J,06.01,01-18-2015,17:32:00,45132,N,N,MONTGOMERY,UNK,08,00,124,MD,,12.004,N,WOODFIELD RD,0,M,N,7575,CO,,AUGUSTA FARM LANE,39.22031834,-77.17507124
01,15,,01,88,02,3,01,03,08,MCP0730000K,06.01,01-23-2015,12:04:00,55112,Y,Y,MONTGOMERY,UNK,09,02,119,MD,,6.2,N,GREAT SENECA HWY,200,F,N,,UU,,AUTUMN MIST CIR,39.16176192,-77.27423787
01,15,,01,17,04,1,88,01,11,MCP0730000L,06.01,02-11-2015,07:25:00,55112,N,N,MONTGOMERY,UNK,09,00,6604,CO,,0,N,BLUNT RD,0,F,N,5562,CO,,SCENERY DR,39.186555,-77.23107167
04,15,,01,17,04,,01,03,10,MCP0730000M,06.01,03-10-2015,06:34:00,55112,N,N,MONTGOMERY,UNK,09,00,32,CO,,2.2,S,WARFIELD RD,350,F,S,6208,CO,,DOUBLELAND RD,39.19043333,-77.17373833
01,15,,02,03,02,1,01,04,00,MCP08330006,06.01,03-13-2015,16:15:00,54112,Y,N,MONTGOMERY,UNK,01,00,97,MD,,9.57,N,GEORGIA AVE,0,F,N,200,RP,,RAMP 8 FR MD 97 SB TO MD 200 WB,39.14965667,-77.067285
01,15,,01,07,02,1,01,04,00,MCP1220001T,06.01,01-05-2015,09:54:00,55112,N,N,MONTGOMERY,UNK,01,00,668,CO,,0.17,E,WAYNE AVE,200,F,E,29,US,,GEORGIA AVE,38.99472333,-77.0255
01,15,,02,03,02,3,01,04,00,MCP1220001V,00,01-05-2015,13:57:00,54122,Y,N,MONTGOMERY,UNK,01,00,390,MD,,0.85,N,16TH ST,0,F,N,1300,CO,,SECOND AVE,39.00311667,-77.04028667
01,15,,01,88,03,1,01,01,00,MCP1220001W,08.04,01-06-2015,13:40:00,55112,N,N,MONTGOMERY,UNK,02,00,588,CO,,0,W,GRACE CHURCH RD,75,F,W,97,MD,,GEORGIA AVE,39.00535,-77.03838167
01,15,,01,88,02,1,01,01,00,MCP1220001X,00,01-07-2015,15:00:00,55122,N,N,MONTGOMERY,UNK,02,00,395,CO,,0.21,E,MAPLE AVE,15,F,E,403,CO,,MARYLAND AVE,38.9919877,-77.09267378
01,15,,02,11,02,1,01,01,10,MCP1220001Y,07.01,01-20-2015,11:24:00,54114,Y,N,MONTGOMERY,UNK,01,01,97,MD,,1.155,N,GEORGIA AVE,0,F,N,1257,CO,,SEMINARY PL,39.01020833,-77.04081
01,15,,02,11,01,1,01,01,00,MCP1220001Z,08.04,01-26-2015,16:05:00,55114,Y,N,MONTGOMERY,UNK,01,00,621,CO,,0.04,E,E WAYNE AVE,0,F,E,757,CO,,MANCHESTER RD,38.99979833,-77.00981833
01,15,,01,06,02,1,01,01,00,MCP12200020,06.01,02-13-2015,08:53:00,55112,N,N,MONTGOMERY,UNK,01,00,6297,CO,,0.04,W,ANGELTON CT,0,M,W,5705,OP,,ANGLETON CT,39.08940333,-76.934115
01,15,,02,03,02,1,01,01,00,MCP12200021,06.01,02-19-2015,12:58:00,54114,Y,N,MONTGOMERY,UNK,01,00,629,CO,,0.9,E,FENTON ST,0,F,E,2424,CO,,KING ST,38.98715167,-77.02333833
01,15,,01,07,01,1,01,04,00,MCP12200022,06.01,02-23-2015,14:21:00,55112,N,N,MONTGOMERY,UNK,01,00,2925,CO,,0.02,S,INDUSTRIAL PKWY,50,F,S,2962,CO,,OLD COLUMBIA PIKE,39.05607333,-76.97098167
01,15,,09.04,88,03,1,01,01,00,MCP12200023,06.01,03-06-2015,09:13:00,55112,N,N,MONTGOMERY,UNK,02,00,613,CO,,0.36,S,COLUMBIA BLVD,75,F,S,97,MD,,GEORGIA AVE,39.00886667,-77.03961833
01,15,,01,99,01,,01,03,00,MCP12200024,03,03-25-2015,09:42:00,54112,N,N,MONTGOMERY,UNK,01,00,104,CO,,0.09,E,POWDER MILL RD,50,F,E,829,CO,,GREENACRES DR,39.02305,-76.97528667
01,15,,09.04,07,02,2,01,04,00,MCP12200025,07.01,03-30-2015,14:03:00,55112,N,N,MONTGOMERY,UNK,01,00,97,MD,,0.31,N,GEORGIA AVE,75,F,N,598,CO,,SPRING ST,38.99927167,-77.03168333
01,15,,03,03,02,3,01,04,00,MCP1221000V,06.01,01-13-2015,08:24:00,55114,Y,N,MONTGOMERY,UNK,01,01,211,CO,,0.35,E,DIAMONDBACK DR,100,F,E,6271,CO,,SAM EIG HWY,39.10887667,-77.21221
01,15,,02,02,01,2,01,01,00,MCP1221000W,07.01,02-10-2015,07:54:00,54114,Y,N,MONTGOMERY,UNK,01,00,124,MD,,2.91,N,QUINCE ORCHARD RD,0,F,N,88,MU,,FIRSTFIELD RD,39.14517167,-77.21985333
01,15,,03,03,02,3,01,04,00,MCP1221000X,06.01,02-11-2015,07:37:00,54112,Y,N,MONTGOMERY,UNK,01,01,117,MD,,11.16,E,CLOPPER RD,100,F,E,,UU,,ENT TO SHOPPING CENTER,39.14272,-77.22172
05.02,15,,01,07,02,3,01,04,00,MCP1221000Y,06.01,03-17-2015,07:05:00,55112,N,N,MONTGOMERY,UNK,01,01,124,MD,,3.56,N,QUINCE ORCHARD RD,200,F,N,,UU,,SPUR FR MD 355,39.15315833,-77.21148167
01,15,,01,03,02,1,01,04,00,MCP1221000Z,06.01,03-30-2015,07:45:00,55114,N,N,MONTGOMERY,UNK,01,00,3727,CO,,0.73,N,MONTGOMERY VILLAGE AVE,50,F,N,3764,CO,,STEDWICK RD,39.16913197,-77.20461845
01,15,,02,03,02,1,01,04,00,MCP12210010,06.01,03-31-2015,08:47:00,54114,Y,N,MONTGOMERY,UNK,01,01,119,MD,,2.57,N,GREAT SENECA HWY,0,F,N,124,MD,,QUINCE ORCHARD RD,39.12827667,-77.23745667
01,22,,02,11,01,3,01,03,00,DE3115000H,06.01,01-04-2015,13:04:00,,Y,N,SALISBURY,UNK,01,00,50,US,BU,4.295,E,E SALISBURY PKWY,0,F,E,2720,MU,BU,TRUITT ST,38.36867981,-75.58340549
05.02,22,,00,17,02,,01,04,08,DE3115000J,06.01,01-04-2015,16:46:00,,N,N,SALISBURY,UNK,10,00,50,US,,19.063,E,OCEAN GATEWAY,200,F,E,13,US,,SALISBURY BYPASS,38.36978174,-75.53543687
03,22,,02,11,01,2,01,01,00,DE3115000K,03,01-12-2015,18:38:00,,Y,N,SALISBURY,UNK,01,00,13,US,BU,5.27,N,S SALISBURY BLVD,0,F,N,415,MU,BU,E CARROLL ST,38.36317831,-75.59610844
03,22,,03,07,02,1,01,04,00,DE3115000L,06.01,02-14-2015,19:38:00,,N,N,SALISBURY,UNK,01,01,13,US,,12.65,N,N SALISBURY BLVD,75,F,N,1897,MU,,E NAYLOR MILL RD,38.40985207,-75.56784868
01,22,,01,01,02,1,01,01,04,DE31200009,07.01,01-06-2015,10:03:00,,N,N,SALISBURY,UNK,09,01,1331,MU,,0,E,E ISABELLA ST,20,F,E,775,MU,,N DIVISION ST,38.37115283,-75.59818983
01,22,,03,03,02,,01,02,00,DE3120000B,07.01,01-06-2015,12:09:00,,Y,N,SALISBURY,UNK,01,00,520,MU,,1.12,W,E CHURCH ST,20,F,W,13,US,,N SALISBURY BLVD,38.36730868,-75.59574366
01,22,,02,03,02,1,01,01,00,DE3160000R,06.01,01-02-2015,07:36:00,,Y,N,SALISBURY,UNK,01,00,13,US,BU,5.47,N,N SALISBURY BLVD,0,F,N,1632,MU,BU,E MAIN ST,38.36583658,-75.59552908
03,22,,01,88,02,1,01,01,00,DE3160000S,06.01,01-22-2015,19:56:00,,N,N,SALISBURY,UNK,08,00,2160,MU,,0.22,W,PHILADELPHIA AVE,120,F,W,930,MU,,FERNDALE RD,38.37406314,-75.59677362
01,22,,02,03,02,2,01,01,00,DE3160000T,06.01,01-27-2015,13:57:00,,Y,N,SALISBURY,UNK,01,00,13,US,BU,4.17,N,S SALISBURY BLVD,0,F,N,631,MU,BU,W COLLEGE AVE,38.34860657,-75.60206831
03,22,,01,17,01,1,01,01,00,DE3160000V,03,02-10-2015,01:52:00,,N,N,SALISBURY,UNK,03,00,760,MU,,1,S,DELAWARE AVE,200,F,S,321,MU,,BURTON AVE #2,38.36920134,-75.60945913
03,22,,02,88,02,,01,04,00,DE3160000W,06.01,02-13-2015,18:05:00,,Y,N,SALISBURY,UNK,01,00,13,US,,12.65,N,N SALISBURY BLVD,0,F,N,416,CO,,NAYLOR MILL RD,38.41002021,-75.56761265
01,22,,01,88,01,1,01,01,00,DE3160000Y,06.01,02-23-2015,08:31:00,,N,N,SALISBURY,UNK,01,00,775,MU,,0.55,N,N DIVISION ST,50,F,N,3040,MU,,WILSON ST,38.37265005,-75.59669852
03,22,,00,17,03,1,05,01,11,DE3160000Z,08.04,03-05-2015,17:35:00,,N,N,SALISBURY,UNK,16,09,416,CO,,0.92,W,NAYLOR MILL RD,25,F,W,1085,MU,,GODDARD PKWY,38.4072963,-75.58413506
03,22,,01,01,01,2,01,01,00,DE31750009,88,01-04-2015,18:49:00,,N,N,SALISBURY,UNK,02,01,2880,MU,,0,S,WALSTON AVE,150,F,S,520,MU,,E CHURCH ST,38.37209809,-75.58230981
03,22,,03,17,02,1,01,01,88,DE3175000B,05,01-07-2015,18:36:00,,N,N,SALISBURY,UNK,03,00,124,MU,,3.41,S,BEAGLIN PARK DR,15,F,S,2525,MU,,S SCHUMAKER DR,38.35196371,-75.57366371
01,22,,02,17,99,3,01,04,88,DE3175000H,06.01,02-13-2015,09:57:00,,Y,N,SALISBURY,UNK,09,00,50,US,BU,3.341,E,E SALISBURY PKWY,0,F,E,775,MU,BU,N DIVISION ST,38.36656798,-75.60015187
01,22,,03,01,88,1,01,04,00,DE3175000J,05,02-15-2015,17:02:00,,Y,N,SALISBURY,UNK,01,00,346,MD,,0,E,E MAIN ST,25,F,E,50,US,,E SALISBURY PKWY,38.36875837,-75.58167547
01,22,,03,17,02,2,01,01,88,DE3175000M,06.01,03-13-2015,08:03:00,,N,N,SALISBURY,UNK,09,00,1895,MU,,0.18,W,NAYLOR MILL RD,5,F,W,1945,MU,,NORTHGATE DR,38.40987417,-75.57077497
03,15,,03,02,01,1,01,04,04,EJ7840000C,03,01-03-2015,21:16:00,55112,Y,N,GAITHERSBURG,UNK,01,09,81,CO,,2.77,N,MUDDY BRANCH RD,0,F,N,61,MU,,W DEER PARK RD,39.134775,-77.20564333
03,15,,02,02,02,1,01,04,00,EJ7840000D,00,03-02-2015,20:50:00,55112,Y,N,GAITHERSBURG,UNK,01,00,117,MD,,11.45,E,W DIAMOND AVE,0,F,E,23,MU,,BUREAU DR,39.14198667,-77.21806
03,15,,03,12,02,1,01,01,00,EJ78430003,06.01,01-19-2015,21:06:00,55122,N,N,GAITHERSBURG,UNK,01,00,77,MU,,0.53,E,E DIAMOND AVE,20,F,E,357,MU,,N SUMMIT AVE,39.14220667,-77.19356333
03,15,,02,17,03,1,01,04,04,EJ78430005,08.04,02-14-2015,20:57:00,55114,Y,N,GAITHERSBURG,UNK,09,09,124,MD,,4.92,N,MIDCOUNTY HWY,0,F,N,33,CO,,GOSHEN RD,39.15782,-77.19179333
07.88,15,,01,15,04,1,88,04,05,EJ78440005,05,02-14-2015,23:47:00,54114,N,N,GAITHERSBURG,UNK,01,00,124,MD,,5.372,N,MIDCOUNTY HWY,0,M,N,648,MU,,HIDDEN FOREST DR,39.15448333,-77.17975333
03,15,,00,06,02,1,01,01,00,EJ78440006,06.01,02-28-2015,22:50:00,55122,Y,N,GAITHERSBURG,UNK,01,00,376,MU,,0.35,W,TEACHERS WAY,15,F,W,,UU,,N SUMMIT AVE.,39.14317833,-77.19277333
06.02,15,,02,02,02,1,01,04,00,EJ7846000N,06.01,02-06-2015,17:54:00,54114,Y,N,GAITHERSBURG,UNK,01,00,23,MU,,0,N,BUREAU DR,0,F,N,117,MD,,W DIAMOND AVE,39.11492,-77.21622
03,15,,09.04,13,01,1,01,03,00,EJ7846000P,06.01,03-07-2015,18:32:00,55114,Y,N,GAITHERSBURG,UNK,01,00,340,MU,,0.78,N,RUSSELL AVE,100,F,N,273,MU,,ODENDHAL AVE,39.149565,-77.20528333
01,15,,02,14,02,,01,03,00,EJ7846000Q,06.01,03-12-2015,17:39:00,54112,Y,N,GAITHERSBURG,UNK,01,00,355,MD,,14.77,N,FREDERICK RD,0,F,N,240,MU,,MONTGOMERY AVE,39.14573667,-77.20360333
01,15,,08.04,13,02,1,01,04,00,EJ7846000R,06.01,03-13-2015,17:52:00,55112,Y,N,GAITHERSBURG,UNK,01,00,88,MU,,0.9,W,FIRSTFIELD RD,75,F,W,124,MD,,QUINCE ORCHARD RD,39.14542167,-77.22151167
01,15,,01,17,02,1,01,01,10,MCP08330007,06.01,03-15-2015,18:43:00,54114,N,N,MONTGOMERY,UNK,09,10,28,MD,,29.6,E,NORBECK RD,300,F,E,5910,CO,,WHITEHAVEN RD,39.12090167,-77.03909
03,15,,02,11,02,,01,04,00,MCP08520002,06.01,02-13-2015,18:55:00,5411-4,Y,N,MONTGOMERY,UNK,01,00,355,MD,,11.84,N,FREDERICK RD,0,F,N,2533,MU,,REDLAND BLVD,39.11553167,-77.16623167
01,15,,02,02,02,1,01,01,00,MCP0872000C,00,02-13-2015,13:45:00,55114,Y,N,MONTGOMERY,UNK,01,00,29,US,,1.04,N,COLESVILLE RD,0,F,N,598,CO,,SPRING ST,38.99885167,-77.02595667
01,15,,05.01,03,02,,01,02,00,MCP0872000D,00,02-18-2015,11:52:00,54114,Y,N,MONTGOMERY,UNK,01,00,495,IS,,10.57,E,CAPITAL BELTWAY,0,F,E,495,RP,,RAMP 2 FR IS 495 WB TO MD 97 NB,39.01412667,-77.04192667
01,15,,03,17,01,,01,04,88,MCP09340002,03,01-04-2015,12:25:00,55112,N,N,MONTGOMERY,UNK,09,09,2934,MU,,0.53,N,TOWER OAKS BLVD,100,F,N,2468,MU,,PRESERVE PKWY,39.05939,-77.15418667
01,15,,01,88,04,,04,00,00,MCP0936000J,07.01,01-06-2015,12:53:00,,N,N,MONTGOMERY,UNK,01,00,480,CO,,0.04,W,BROOKVIEW DR,35,F,W,1157,CO,,WORTHINGTON DR,38.95761333,-77.106605
99,15,,00,99,02,,01,00,00,MCP0936000K,06.01,01-01-2015,10:00:00,,N,N,MONTGOMERY,UNK,02,02,4223,CO,,0,N,ROCKLEDGE DR,0,U,N,837,CO,,FERNWOOD RD,39.03354167,-77.14755333
01,15,,09.04,11,01,1,01,01,00,MCP0936000L,03,01-12-2015,15:13:00,55114,N,N,MONTGOMERY,UNK,01,00,614,MD,,0,N,GOLDSBORO RD,75,F,N,4690,CO,,MACARTHUR BLVD,38.96916333,-77.13812833
01,15,,01,08,02,3,01,04,00,MCP0936000M,06.01,01-13-2015,10:39:00,55112,Y,N,MONTGOMERY,UNK,01,00,981,CO,,0.38,W,CHELTENHAM DR,25,F,W,355,MD,,WISCONSIN AVE,38.98844,-77.09504333
01,15,,01,03,02,4,01,04,00,MCP0936000N,06.01,01-15-2015,08:20:00,55112,Y,N,MONTGOMERY,UNK,01,00,4132,CO,,0.128,N,E JEFFERSON ST,0,F,N,6197,OP,,MONTROSE PKWY,39.05030167,-77.12606167