LIGHT_CODE,COUNTY_NO,MUNI_CODE,JUNCTION_CODE,COLLISION_TYPE_CODE,SURF_COND_CODE,LANE_CODE,RD_COND_CODE,RD_DIV_CODE,FIX_OBJ_CODE,REPORT_NO,WEATHER_CODE,ACC_DATE,ACC_TIME,LOC_CODE,SIGNAL_FLAG,C_M_ZONE_FLAG,AGENCY_CODE,AREA_CODE,HARM_EVENT_CODE1,HARM_EVENT_CODE2,RTE_NO,ROUTE_TYPE_CODE,RTE_SUFFIX,LOG_MILE,LOGMILE_DIR_FLAG,MAINROAD_NAME,DISTANCE,FEET_MILES_FLAG,DISTANCE_DIR_FLAG,REFERENCE_NO,REFERENCE_TYPE_CODE,REFERENCE_SUFFIX,REFERENCE_ROAD_NAME,LATITUDE,LONGITUDE
03,15,,02,02,02,3,01,04,00,EJ7853000G,06.01,02-01-2015,20:07:00,54114,Y,N,GAITHERSBURG,UNK,01,00,119,MD,,2.57,N,GREAT SENECA HWY,0,F,N,124,MD,,QUINCE ORCHARD RD,39.128255,-77.2378
01,15,,01,03,03,1,88,04,00,EJ7853000H,08.04,02-21-2015,15:46:00,55112,Y,N,GAITHERSBURG,UNK,01,00,305,MU,,0,W,QUINCE ORCHARD BLVD,8,F,W,88,MU,,FIRSTFIELD RD,39.14176667,-77.22482333
01,15,,02,11,04,3,01,04,00,EJ7853000J,03,03-01-2015,17:22:00,54114,Y,N,GAITHERSBURG,UNK,01,00,119,MD,,3.07,N,GREAT SENECA HWY,0,F,N,223,CO,,LONGDRAFT RD,39.13295333,-77.24496167
01,15,,01,03,02,3,01,03,00,EJ7853000K,06.01,03-09-2015,08:43:00,55112,Y,N,GAITHERSBURG,UNK,01,00,124,MD,,2.73,N,QUINCE ORCHARD RD,50,F,N,117,MD,,W DIAMOND AVE,39.14320028,-77.22061515
01,15,,01,03,02,2,01,03,00,EJ7853000L,06.01,03-31-2015,16:26:00,55122,Y,N,GAITHERSBURG,UNK,01,00,33,CO,,1.31,N,GOSHEN RD,70,F,N,3726,CO,,CENTERWAY RD,39.16750667,-77.19151167
03,15,,03,13,02,1,01,04,00,EJ7854000C,06.01,01-19-2015,20:30:00,55112,N,N,GAITHERSBURG,UNK,01,01,273,MU,,0.65,W,ODENDHAL AVE,1000,F,W,340,MU,,RUSSELL AVE,39.15185,-77.20053167
03,15,,02,11,02,2,01,04,00,EJ7854000D,06.01,02-26-2015,22:42:00,54114,Y,N,GAITHERSBURG,UNK,01,01,5221,CO,,0,S,MIDCOUNTY HWY,0,F,S,124,MD,,WOODFIELD RD,39.150715,-77.174305
07.88,15,,01,01,02,,01,01,05,EJ7854000F,00,03-24-2015,04:00:00,55122,N,N,GAITHERSBURG,UNK,02,02,379,MU,,0.34,E,TRAVIS AVE,300,F,E,392,MU,,TRAVIS LA,39.16293,-77.21893667
01,21,,02,00,02,2,01,01,00,EK58120001,07.01,03-24-2015,16:21:00,,Y,N,BOONSBORO,UNK,01,00,40,US,AL,9.967,E,N MAIN ST,0,F,E,110,MU,AL,ORCHARD DR,39.50963651,-77.65372753
01,21,,02,03,02,2,01,01,00,EK58120002,07.01,03-25-2015,17:46:00,,Y,N,BOONSBORO,UNK,01,00,40,US,AL,9.75,E,N MAIN ST,0,F,E,66,MD,AL,MAPLE AVE,39.51261634,-77.65572309
01,21,,00,09,02,1,01,01,00,EK58130001,06.01,03-09-2015,13:49:00,,N,N,BOONSBORO,UNK,01,01,40,US,AL,10.64,E,S MAIN ST,100,F,E,90,MU,AL,MOUSETOWN RD,39.50721944,-77.65583038
01,15,,02,17,06.03,2,00,04,00,MCP0961000N,06.01,02-18-2015,07:21:00,54114,N,N,MONTGOMERY,UNK,03,00,4119,CO,,0.27,S,LOST KNIFE RD,0,F,S,4120,CO,,CONTOUR RD,39.15461,-77.20116833
04,15,,01,17,04,1,00,01,05,MCP10150009,00,03-18-2015,07:54:00,55112,N,N,MONTGOMERY,UNK,09,11,3,CO,,0.96,E,BETHESDA CHURCH RD,0,F,E,,UU,,STRUC #M0197 BENNETT CREEK,39.30501477,-77.24058151
03,15,,01,07,02,1,01,03,00,MCP13230005,06.01,01-19-2015,17:49:00,,N,N,MONTGOMERY,UNK,02,00,643,CO,,0,N,ROEDER RD,15,F,N,629,CO,,FENTON ST,38.99754667,-77.026
03,15,,02,11,03,2,01,04,00,MCP1334001M,08.04,01-06-2015,05:03:00,55112,Y,N,MONTGOMERY,UNK,01,00,212,CO,,4.67,N,SHADY GROVE RD,0,F,N,4991,CO,,CRABBS BRANCH WAY,39.12862875,-77.16749668
03,15,,03,03,03,3,01,04,00,MCP1334001N,08.04,01-06-2015,06:08:00,55112,Y,N,MONTGOMERY,UNK,01,00,28,MD,,19.17,E,KEY WEST AVE,0,F,E,,UU,,SPUR FR MEDICAL CENTER DR,39.10522145,-77.19616413
01,15,,01,03,02,1,01,04,00,MCP1334001Q,06.01,01-28-2015,09:36:00,55112,N,Y,MONTGOMERY,UNK,01,00,119,MD,,1.706,N,GREAT SENECA HWY,600,F,N,605,MU,,LAKELANDS DR,39.12110464,-77.22609758
01,15,,01,07,01,2,01,03,00,MCP1334001R,03,02-09-2015,09:00:00,55112,N,N,MONTGOMERY,UNK,01,00,33,CO,,0.65,N,GOSHEN RD,30,F,N,37,CO,,EMORY GROVE RD,39.15993176,-77.19206572
03,15,,01,17,04,1,01,03,11,MCP1334001S,12.04,02-10-2015,05:15:00,55112,N,N,MONTGOMERY,UNK,09,09,5931,CO,,0.36,E,ROTHBURY DR,300,F,E,33,CO,,GOSHEN RD,39.18544667,-77.18914167
01,15,,02,02,02,2,01,04,00,MCP1334001T,06.01,02-13-2015,11:18:00,54114,N,N,MONTGOMERY,UNK,01,00,81,CO,,2.9,N,MUDDY BRANCH RD,0,F,N,,UU,,KING JAMES WAY,39.13660144,-77.20576644
01,15,,01,07,01,1,01,01,00,MCP1334001V,06.01,02-18-2015,11:41:00,55112,N,N,MONTGOMERY,UNK,01,00,4212,CO,,0.26,E,CLUB HOUSE RD,25,F,E,3727,CO,,MONTGOMERY VILLAGE AVE,39.17480167,-77.204355
03,15,,02,03,02,3,01,04,00,MCP1334001W,06.01,02-19-2015,05:49:00,55114,Y,N,MONTGOMERY,UNK,01,00,212,CO,,3.46,N,SHADY GROVE RD,0,F,N,213,CO,,GAITHER RD,39.11766667,-77.18360667
01,15,,01,07,02,3,01,04,00,MCP1334001Y,06.01,02-24-2015,07:47:00,55112,N,N,MONTGOMERY,UNK,01,00,355,MD,,16.89,N,FREDERICK RD,50,F,N,5215,CO,,WHEATFIELD DR,39.16793667,-77.23138
01,15,,02,02,02,1,01,04,00,MCP1334001Z,06.01,02-24-2015,15:19:00,54112,Y,N,MONTGOMERY,UNK,01,00,4139,CO,,1.02,S,WIGHTMAN RD,0,F,S,6725,CO,,PLEASANT RIDGE DR,39.19060552,-77.19197989
01,15,,02,02,02,3,01,04,00,MCP13340020,06.01,02-27-2015,12:20:00,55114,Y,N,MONTGOMERY,UNK,01,00,124,MD,,4.16,N,MONTGOMERY VILLAGE AVE,0,F,N,4863,CO,,CHRISTOPHER AVE,39.15827833,-77.204535
01,15,,01,07,03,1,01,04,00,MCP13340021,08.04,03-05-2015,12:24:00,55112,N,N,MONTGOMERY,UNK,01,00,61,MU,,0.38,E,W DEER PARK RD,25,F,E,15,MU,,BRIGHTON DR,39.13101167,-77.20173667
03,15,,02,11,02,2,01,04,00,MCP13340022,06.01,03-19-2015,05:02:00,54114,Y,N,MONTGOMERY,UNK,01,00,355,MD,,15.19,N,FREDERICK RD,0,F,N,182,MU,,LAKE FOREST BLVD,39.15008139,-77.20884562
01,15,,02,02,02,1,01,01,00,MCP13340024,07.01,03-24-2015,11:09:00,54114,N,N,MONTGOMERY,UNK,01,00,6708,CO,,0,S,KARDWRIGHT CT,0,F,S,6876,CO,,CAPEHART DR,39.16976167,-77.215665
01,15,,03,17,02,1,01,03,22.03,MCP13340025,07.01,03-30-2015,09:38:00,54112,N,N,MONTGOMERY,UNK,09,00,223,CO,,0.44,N,LONGDRAFT RD,25,F,N,119,MD,,GREAT SENECA HWY,39.13373667,-77.24464
01,16,,01,07,02,1,01,88,00,DJ01030007,06.01,03-26-2015,17:07:00,,Y,N,SEATPLEASANT,UNK,01,00,366,CO,,0,S,ADDISON RD,100,F,S,704,MD,,MARTIN LUTHER KING JR HWY,38.89618502,-76.90809488
01,16,,01,11,02,2,01,01,00,DJ01050007,06.01,01-01-2015,15:41:00,,N,N,SEATPLEASANT,UNK,01,00,366,CO,,0.77,S,ADDISON RD,10,F,S,10,MU,,ADAK ST,38.88749622,-76.89825118
03,16,,03,11,01,3,01,04,04,DJ01050008,03,01-23-2015,22:35:00,0320,Y,N,SEATPLEASANT,UNK,01,00,214,MD,,0.68,E,E CAPITOL ST,10,F,E,,UU,,ENT TO ADDISON PLAZA SHOPPING CENTER,38.88694922,-76.90167636
01,16,,01,03,01,1,01,01,00,DJ0105000B,06.01,02-18-2015,16:20:00,,N,N,SEATPLEASANT,UNK,01,00,366,CO,,0.22,S,ADDISON RD,5,F,S,80,MU,,EADS ST,38.894321,-76.903968
04,16,,06.01,11,04,1,00,04,00,DJ0105000C,07.01,02-24-2015,22:25:00,0323,Y,N,SEATPLEASANT,UNK,01,00,214,MD,,0.49,E,E CAPITOL ST,0,F,E,3889,CO,,YACHT PL,38.88754632,-76.90498888
01,16,,03,09,04,1,00,01,10,DJ01100001,10.04,02-26-2015,08:52:00,,N,N,SEATPLEASANT,UNK,09,01,366,CO,,0.42,S,ADDISON RD,10,F,S,60,MU,,CROWN ST,38.89177603,-76.90188289
06.02,16,,01,03,02,,01,02,00,DJ01160002,06.01,01-31-2015,17:30:00,,N,N,SEATPLEASANT,UNK,01,00,10,MU,,0.27,E,ADAK ST,100,F,E,409,OP,,SOPER LA,38.8883689,-76.89514518
06.02,16,,01,01,02,,01,01,00,DJ01160003,06.01,01-31-2015,17:20:00,,N,N,SEATPLEASANT,UNK,01,00,60,MU,,0.32,N,CROWN ST,30,F,N,9692,MU,,69TH ST,38.89162572,-76.90215111
03,16,,02,11,01,1,01,04,00,DJ01210003,03,02-09-2015,17:46:00,,Y,N,SEATPLEASANT,UNK,01,00,704,MD,,0.14,E,MARTIN LUTHER KING JR HWY,0,F,E,120,MU,,FOOTE ST,38.89535836,-76.90891027
05.02,06,,01,07,02,,01,04,00,DL05610003,06.01,03-10-2015,08:33:00,20151371,N,N,SYKESVILLE,UNK,01,01,32,MD,,1.122,N,SYKESVILLE RD,400,F,N,851,MD,,SPRINGFIELD AVE,39.37471523,-76.96422815
04,06,,01,17,02,1,03,00,06,DL15910006,07.01,02-01-2015,01:45:00,20150589,N,N,SYKESVILLE,UNK,09,11,240,MU,,0.06,W,OKLAHOMA AVE,50,F,W,210,MU,,NORWOOD AVE,39.36463786,-76.97109461
01,06,,00,88,02,,00,01,00,DL15910007,06.01,02-04-2015,13:50:00,20150000,N,N,SYKESVILLE,UNK,02,00,851,MD,,0.1,N,MAIN ST,0,U,N,247,MU,,SANDOSKY RD,39.36532632,-76.96930289
04,06,,01,17,04,1,01,01,11,DL23830003,09.04,01-11-2015,23:50:00,20150233,N,N,SYKESVILLE,UNK,09,00,6,SR,,0.67,N,BUTTERCUP RD,500,F,N,7,SR,,5TH ST,39.37773401,-76.95980787
01,06,,02,17,04,1,01,04,04,DL23830004,06.01,02-11-2015,08:22:00,20150789,N,N,SYKESVILLE,UNK,09,09,851,MD,,0.906,N,SPRINGFIELD AVE,0,F,N,278,MU,,THIRD AVE,39.3758929,-76.96819782
01,06,,01,17,02,1,01,01,18.88,DL23830005,07.01,03-25-2015,19:10:00,20151720,N,N,SYKESVILLE,UNK,09,00,260,MU,,0.25,W,SECOND AVE,25,F,W,6,MU,,AUTUMN SKY CT,39.37058493,-76.97465658
01,15,,02,88,02,1,01,03,00,DM82070007,06.01,02-08-2015,14:20:00,55112,Y,N,TAKOMA,UNK,01,00,410,MD,,5.2,E,PHILADELPHIA AVE,0,F,E,1095,MU,,PHILADELPHIA AVE,38.981855,-77.01021333
01,15,,02,02,02,1,01,04,00,DM82700002,06.01,03-29-2015,09:15:00,8T3/807,Y,N,TAKOMA,UNK,01,00,650,MD,,0.94,N,NEW HAMPSHIRE AVE,0,F,N,810,MU,,KIRKLYNN AVE,38.98735333,-76.98796333
03,21,,01,06,00,1,01,01,00,EK58200001,06.01,03-07-2015,19:00:00,,N,N,BOONSBORO,UNK,01,01,40,US,AL,10.12,E,N MAIN ST,30,F,E,70,MU,AL,LAKIN AVE,39.50762712,-77.65270829
01,23,,88,07,02,,01,88,00,EL03470002,07.01,01-21-2015,10:53:00,,N,N,SNOWHILL,UNK,02,00,12,MD,,12.81,N,WASHINGTON ST,0,F,N,420,MU,,WILLOW ST,38.17820218,-75.39382696
01,23,,09.04,01,02,,01,01,00,EL03470003,06.01,02-13-2015,17:14:00,,N,N,SNOWHILL,UNK,01,00,113,US,BU,3.16,N,E MARKET ST,50,F,N,,UU,,ENT TO BUSINESS,38.18741558,-75.37829161
01,23,,02,01,04,1,01,01,00,EL03470005,06.01,02-24-2015,07:53:00,,N,N,SNOWHILL,UNK,01,00,113,US,BU,3.31,N,E MARKET ST,0,F,N,360,MU,,TIMMONS ST,38.18117927,-75.38645625
01,23,,03,11,02,,01,01,00,EL03620002,06.01,02-06-2015,08:40:00,,Y,N,SNOWHILL,UNK,01,00,113,US,BU,2.85,N,E MARKET ST,0,F,N,12,MD,BU,WASHINGTON ST,38.17706782,-75.39299011
01,23,,01,17,02,1,01,01,10,EL03620003,06.01,03-17-2015,18:03:00,,N,N,SNOWHILL,UNK,09,00,270,MU,,0,N,PEARL ST,100,F,N,113,US,,W MARKET ST,38.17685697,-75.39342999
01,23,,01,00,02,1,01,01,88,EL03620004,06.01,03-17-2015,11:12:00,,N,N,SNOWHILL,UNK,09,00,12,MD,,12.24,N,CHURCH ST,100,F,N,210,MU,,IRONSHIRE ST,38.17191447,-75.39333344
01,05,,01,17,01,1,01,01,02,EP01420001,03,03-04-2015,12:37:00,,N,N,DENTON,UNK,09,00,9020,MU,,1.1,N,SECOND ST,25,F,N,170,MU,,MARKET ST,38.88603058,-75.8326149
01,05,,01,00,02,2,01,02,00,EP01690001,06.01,02-25-2015,16:50:00,N/A,N,N,DENTON,UNK,18,00,404,MD,,7.43,E,SHORE HWY,500,F,E,313,MD,,GREENSBORO RD,38.89310377,-75.81418276
05.02,05,,02,11,03,1,00,04,05,EP01820002,08.04,01-06-2015,07:22:00,,N,N,DENTON,UNK,01,09,404,MD,,9.87,E,SHORE HWY,0,F,E,404,MD,,DEEP SHORE RD,38.86657778,-75.82403183
01,05,,02,13,02,1,01,02,00,EP01820003,06.01,01-10-2015,11:20:00,,N,N,DENTON,UNK,01,00,404,MD,BU,1.33,E,FRANKLIN ST (EB COUPLET),0,F,E,9010,MU,BU,1ST ST,38.88573829,-75.83446026
03,05,,01,03,02,1,01,01,00,EP01820004,06.01,02-06-2015,18:03:00,,Y,N,DENTON,UNK,01,00,138,MU,,0,E,LEGION RD,100,F,E,404,MD,,SHORE HWY,38.87546542,-75.82538366
01,06,,01,03,02,1,01,01,00,ES00340001,06.01,01-20-2015,15:08:00,,N,N,TANEYTOWN,UNK,01,00,140,MD,,20.41,N,E BALTIMORE ST,250,F,N,108,MU,,FAIRGROUND AVE,39.65101665,-77.16101646
01,06,,02,03,02,1,01,01,00,ES00500003,06.01,01-17-2015,16:23:00,,N,N,TANEYTOWN,UNK,01,00,140,MD,,21.87,N,W BALTIMORE ST,0,F,N,4,CO,,HARNEY RD,39.66366249,-77.18156219
01,06,,03,03,02,1,01,01,00,ES00590002,06.01,02-25-2015,12:47:00,,Y,N,TANEYTOWN,UNK,01,00,140,MD,,20.01,N,TANEYTOWN PIKE,0,U,N,,UU,,BEGIN ROUNDABOUT,39.64818733,-77.15449333
03,06,,01,88,02,,01,01,00,ES00610002,06.01,02-10-2015,21:29:00,,N,N,TANEYTOWN,UNK,02,00,210,MU,,0.57,S,TREVANION RD,300,F,S,132,MU,,GRAND DR,39.64968254,-77.17082262
01,05,,01,17,03,,01,01,10,ET72110002,08.04,01-21-2015,16:00:00,,N,N,GREENSBORO,UNK,09,00,45,MU,,0.3,N,CEDAR LA,500,F,N,210,MU,,SCHOOL ST,38.98157175,-75.81040621
01,05,,02,11,02,2,01,01,00,FA01500001,06.01,02-19-2015,07:56:00,055,Y,N,FEDERALSBURG,UNK,01,01,315,MD,,1.03,E,E CENTRAL AVE,0,F,E,182,MU,,S MAIN ST,38.69421903,-75.77369213
01,05,,02,05,01,1,01,03,00,FA01720004,07.01,03-25-2015,11:30:00,,N,N,FEDERALSBURG,UNK,01,01,315,MD,,0.15,E,BLOOMINGDALE AVE,0,F,E,148,MU,,HAYMAN DR,38.6965804,-75.78669816
04,06,,01,88,02,1,01,01,00,FD02420003,06.01,02-11-2015,20:20:00,,N,N,MANCHESTER,UNK,02,02,,,,,,3064 MAIN STREET,25,F,,,,,HIGH STREET,39.66598739,-76.88791394
03,06,,02,03,03,1,01,01,00,FD02430004,10.04,02-21-2015,19:03:00,,N,N,MANCHESTER,UNK,01,00,231,MU,,0,N,HALLIE AVE,0,F,N,71,MU,,FRIDINGER MILL RD,39.6735851,-76.89423323
01,15,,02,07,01,2,01,04,00,MCP1017000P,03,01-12-2015,15:45:00,55124,Y,N,MONTGOMERY,UNK,01,00,410,MD,,0,E,MONTGOMERY AVE,0,F,E,367,CO,,MONTGOMERY LA (BACK),38.98474924,-77.09399343
01,15,,03,03,02,3,03,02,00,MCP1017000Q,06.01,01-28-2015,07:50:00,55114,Y,N,MONTGOMERY,UNK,01,00,410,MD,,6.105,W,EAST WEST HWY (W/B COUPLET),10,M,W,4454,CO,,PEARL ST,38.98518667,-77.09079333
01,15,,09.04,12,01,1,01,04,04,MCP1017000S,06.01,02-18-2015,15:01:00,54114,N,N,MONTGOMERY,UNK,01,09,355,MD,,2.26,N,WISCONSIN AVE,75,F,N,352,CO,,BATTERY LA,38.992315,-77.09596833
01,15,,01,17,04,,01,01,11,MCP1020000L,06.01,01-13-2015,09:30:00,55112,N,N,MONTGOMERY,UNK,09,00,15,CO,,3.013,S,STRINGTOWN RD,250,F,S,,UU,,SUTLER SQUARE TERR,39.23948333,-77.27165
01,15,,02,13,01,1,01,04,00,MCP1020000M,08.04,01-21-2015,11:16:00,54114,N,N,MONTGOMERY,UNK,01,00,355,MD,,17.62,N,FREDERICK RD,0,F,N,5562,CO,,SCENERY DR,39.17565,-77.23816833
01,15,,01,17,01,,01,01,10,MCP1020000N,06.01,01-27-2015,07:27:00,54114,N,N,MONTGOMERY,UNK,09,00,5502,CO,,1.8,S,WARING STATION RD,150,F,S,117,MD,,CLOPPER RD,39.15747667,-77.25336333
01,15,,03,03,02,1,01,01,00,MCP1020000P,06.01,02-05-2015,14:49:00,45112,N,N,MONTGOMERY,UNK,01,00,6164,OP,,0,N,WOODFIELD RD EXT,50,F,N,108,MD,,MAIN ST,39.28845833,-77.201125
01,15,,02,02,02,,01,01,00,MCP1020000Q,06.01,02-11-2015,09:18:00,55114,Y,N,MONTGOMERY,UNK,01,00,27,MD,,2.17,N,RIDGE RD,0,F,N,20,CO,,SKYLARK RD,39.23346167,-77.23777333
01,15,,01,17,04,1,01,01,06,MCP1020000R,06.01,03-02-2015,07:14:00,55112,N,N,MONTGOMERY,UNK,09,11,108,MD,,2.654,E,DAMASCUS RD,200,F,E,,UU,,ENT TO TRI-COUNTY BAPTIST CHURCH,39.34040333,-77.183245
03,15,,02,11,02,2,01,04,00,MCP10210005,06.01,01-01-2015,02:33:00,5411,Y,N,MONTGOMERY,UNK,01,00,355,MD,,18.65,N,FREDERICK RD,0,F,N,6055,CO,,OXBRIDGE DR,39.18999667,-77.24158
04,15,,01,17,04,,01,01,06,MCP10210006,08.04,02-14-2015,20:28:00,54112,N,N,MONTGOMERY,UNK,09,09,117,MD,,6.105,E,CLOPPER RD,200,F,E,,UU,,ENT TO CAMP SENECA PARK,39.17898833,-77.30137167
01,15,,03,03,00,2,01,04,00,MCP1342000F,06.01,01-09-2015,14:08:00,55112,N,N,MONTGOMERY,UNK,01,00,6271,CO,,0,N,SAM EIG HWY,10,F,N,119,MD,,GREAT SENECA HWY,39.10887667,-77.21252333
05.02,15,,02,02,02,1,01,04,00,MCP1342000G,06.01,01-23-2015,07:05:00,54114,Y,N,MONTGOMERY,UNK,01,00,28,MD,,15.78,E,DARNESTOWN RD,0,F,E,,UU,,ENT TO POTOMAC VALLEY SHOPPING CTR,39.11727333,-77.25114667
01,15,,01,03,01,1,01,04,00,MCP1342000J,06.01,03-07-2015,14:25:00,55112,N,N,MONTGOMERY,UNK,01,00,81,CO,,2.9,N,MUDDY BRANCH RD,100,F,N,5881,CO,,HARMONY HALL RD,39.13684667,-77.205525
07.88,15,,01,17,01,1,01,01,06,MCP13540007,00,03-20-2015,23:49:00,54112,N,N,MONTGOMERY,UNK,11,09,2603,CO,,5.17,E,RIVER RD,1,M,E,1015,CO,,PARTNERSHIP RD,39.08303167,-77.36671
01,15,,02,11,02,2,01,04,00,MCP13580002,07.01,01-02-2015,15:15:00,55114,Y,N,MONTGOMERY,UNK,01,00,355,MD,,19.26,N,FREDERICK RD,0,F,N,6136,CO,,SHAKESPEARE BLVD,39.19819,-77.244775
03,15,,03,11,00,2,01,01,00,MCP13580003,06.01,01-07-2015,19:16:00,54114,Y,N,MONTGOMERY,UNK,01,00,5500,CO,,1.83,W,WISTERIA DR,75,F,W,7064,CO,,WATERS RD,39.17907,-77.27371667
01,15,,02,02,02,1,01,04,08,MCP13580004,06.01,02-06-2015,14:46:00,55114,Y,N,MONTGOMERY,UNK,01,09,141,CO,,0.39,E,MIDDLEBROOK RD,0,F,E,7337,CO,,CENTURY BLVD,39.18046167,-77.26880167
01,15,,01,17,00,,01,01,08,DM83380002,06.01,03-31-2015,07:41:00,55112,N,N,TAKOMA,UNK,09,00,280,MU,,0.02,E,COLUMBIA AVE,500,F,E,1100,MU,,PINE AVE,38.975421,-77.008301
01,16,,03,11,02,1,01,03,09,DM83390001,06.01,03-17-2015,18:38:00,808,N,N,TAKOMA,UNK,01,01,410,MD,,0.1,E,EAST WEST HWY,5,F,E,703,CO,,RED TOP RD,38.97545824,-76.99254692
01,15,,03,03,02,1,01,01,00,DM83390002,06.01,03-26-2015,17:31:00,,N,N,TAKOMA,UNK,01,00,690,MU,,0.4,E,HOLTON LA,500,F,E,,UU,,ROAD END,38.98569995,-76.98625445
01,15,,02,88,06.03,1,01,04,00,DM8360000C,06.01,02-17-2015,11:19:00,,N,N,TAKOMA,UNK,02,02,850,MU,,0,S,LAUREL AVE,0,F,S,195,MD,,CARROLL AVE,38.97423667,-77.01273667
01,15,,00,10,02,,01,04,00,DM8374000C,06.01,02-25-2015,08:26:00,55112,Y,N,TAKOMA,UNK,01,01,650,MD,,1.04,N,NEW HAMPSHIRE AVE,10,F,N,193,MD,,UNIVERSITY BLVD,38.98831167,-76.98757167
01,15,,03,11,02,3,01,04,00,DM8374000F,06.01,03-26-2015,16:39:00,,Y,N,TAKOMA,UNK,01,01,650,MD,,0.65,N,NEW HAMPSHIRE AVE,0,F,N,970,MU,,MERWOOD DR,38.98300833,-76.98813833
03,15,,03,03,04,,00,04,00,DM83760002,08.04,02-15-2015,00:01:00,5511-2,Y,N,TAKOMA,UNK,01,00,650,MD,,0.52,N,NEW HAMPSHIRE AVE,5,F,N,550,MU,,GLENSIDE DR,38.98176,-76.98894
03,15,,01,99,02,1,01,88,00,DM83760003,06.01,02-15-2015,21:19:00,5511-2,N,N,TAKOMA,UNK,01,00,850,MU,,0,S,LAUREL AVE,35,F,S,195,MD,,CARROLL AVE,38.97426667,-77.01259333
03,16,,01,17,04,1,01,04,04,DM83760004,00,02-15-2015,02:45:00,5511-2,N,N,TAKOMA,UNK,88,00,650,MD,,0.51,N,NEW HAMPSHIRE AVE,20,F,N,1120,MU,,PRINCE GEORGES AVE,38.97250167,-76.99731167
01,15,,00,07,02,2,01,04,00,DM83760005,00,02-28-2015,16:50:00,55114,Y,N,TAKOMA,UNK,01,00,650,MD,,0.65,N,NEW HAMPSHIRE AVE,50,F,N,970,MU,,MERWOOD DR,38.98293667,-76.988395
01,15,,03,07,02,1,01,01,00,DM83770005,06.01,02-11-2015,12:38:00,55112,N,N,TAKOMA,UNK,02,00,390,MU,,0.48,E,ELM AVE,5,F,E,1352,MU,,WOODLAND AVE,38.97445734,-77.00114608
01,15,,01,88,02,,01,01,00,DM83780004,06.01,03-16-2015,16:47:00,,N,N,TAKOMA,UNK,02,00,860,MU,,0.27,N,LEE AVE,100,F,N,930,MU,,MAPLE AVE,38.98183667,-77.00744
01,15,,02,11,01,1,01,01,00,DM83780005,03,03-26-2015,09:18:00,55122,Y,N,TAKOMA,UNK,01,00,870,MU,,0.21,S,LINCOLN AVE,0,F,S,195,MD,,CARROLL AVE,38.98212667,-77.00316833
03,15,,01,03,04,,00,04,00,DM83860007,10.04,02-15-2015,02:24:00,5411,N,N,TAKOMA,UNK,01,00,195,MD,,1.79,N,CARROLL AVE,25,F,N,960,MU,,MERRIMAC DR,38.99201272,-76.99284196
05.02,15,,01,07,02,1,01,01,00,DM83860008,07.01,03-19-2015,17:21:00,5511,N,N,TAKOMA,UNK,02,00,787,MD,,0,N,FLOWER AVE,25,F,N,195,MD,,CARROLL AVE,38.98514333,-76.99866667
03,15,,02,17,03,1,01,01,10,DM8388000C,08.04,01-07-2015,17:15:00,55112,N,N,TAKOMA,UNK,09,00,195,MD,,1.61,N,CARROLL AVE,0,F,N,1320,MU,,WILDWOOD DR,38.98975333,-76.99354167
01,15,,02,11,02,3,01,04,00,DM8388000D,06.01,01-17-2015,09:46:00,55112,Y,N,TAKOMA,UNK,01,00,650,MD,,0.83,N,NEW HAMPSHIRE AVE,0,F,N,690,MU,,HOLTON LA,38.98589,-76.98795
01,15,,02,07,01,1,01,01,00,DM8388000F,03,01-18-2015,12:39:00,55112,Y,N,TAKOMA,UNK,02,00,195,MD,,0.12,N,CARROLL AVE,0,F,N,1310,MU,,WESTMORELAND AVE,38.97495779,-77.01164961
01,15,,02,03,04,,01,01,04,DM8388000G,05,02-15-2015,08:07:00,55112,N,N,TAKOMA,UNK,01,09,410,MD,,6.31,E,ETHAN ALLEN AVE,0,F,E,,UU,,PRINCE GEORGES CO/L,38.98112167,-77.017065
03,15,,01,03,01,2,01,04,00,DM8388000H,03,03-11-2015,00:39:00,28124,N,N,TAKOMA,UNK,01,00,650,MD,,0.65,N,NEW HAMPSHIRE AVE,30,F,N,970,MU,,MERWOOD DR,39.17234,-76.519245
01,15,,02,03,02,3,01,04,00,DM84210006,06.01,01-02-2015,12:24:00,54112,Y,N,TAKOMA,UNK,01,00,650,MD,,0,N,NEW HAMPSHIRE AVE,0,F,N,410,MD,,EAST WEST HWY (PG CO),38.97541667,-76.99311
01,15,,02,17,02,1,01,01,10,DM84210007,07.01,01-21-2015,10:33:00,55112,N,N,TAKOMA,UNK,09,00,787,MD,,0.18,N,FLOWER AVE,0,F,N,735,CO,,DIVISION ST,38.98698667,-77.00012167
03,15,,02,02,01,,01,03,00,DM84210008,03,03-04-2015,22:26:00,54112,N,N,TAKOMA,UNK,01,00,195,MD,,1.066,N,CARROLL AVE,0,F,N,,UU,,WASHINGTON ADVENTIST HOSPITAL,38.98408206,-76.99956894