LIGHT_CODE,COUNTY_NO,MUNI_CODE,JUNCTION_CODE,COLLISION_TYPE_CODE,SURF_COND_CODE,LANE_CODE,RD_COND_CODE,RD_DIV_CODE,FIX_OBJ_CODE,REPORT_NO,WEATHER_CODE,ACC_DATE,ACC_TIME,LOC_CODE,SIGNAL_FLAG,C_M_ZONE_FLAG,AGENCY_CODE,AREA_CODE,HARM_EVENT_CODE1,HARM_EVENT_CODE2,RTE_NO,ROUTE_TYPE_CODE,RTE_SUFFIX,LOG_MILE,LOGMILE_DIR_FLAG,MAINROAD_NAME,DISTANCE,FEET_MILES_FLAG,DISTANCE_DIR_FLAG,REFERENCE_NO,REFERENCE_TYPE_CODE,REFERENCE_SUFFIX,REFERENCE_ROAD_NAME,LATITUDE,LONGITUDE
03,22,,01,99,02,1,01,01,00,GPDM510005,06.01,02-28-2015,13:33:00,,N,N,DELMAR,UNK,02,01,110,MU,,0.13,E,E PINE ST,100,F,E,9020,MU,,S SECOND ST,38.4522759,-75.57583362
01,22,,01,17,04,1,01,04,05,GPDM510006,12.04,03-01-2015,10:41:00,,N,N,DELMAR,UNK,09,00,13,US,,15.65,N,OCEAN HWY,0,F,N,527,CO,,PINE ST,38.45207635,-75.5587399
01,15,,01,03,01,3,01,04,00,MCP2251000N,06.01,01-23-2015,08:42:00,54112,N,N,MONTGOMERY,UNK,01,00,1659,CO,,3.97,E,RANDOLPH RD,40,F,E,1114,CO,,GLENALLAN AVE,39.05730667,-77.07290167
01,15,,01,01,02,1,01,01,11,MCP2251000P,06.01,02-11-2015,08:07:00,54112,N,N,MONTGOMERY,UNK,09,00,137,CO,,1.24,W,EMORY LA,200,F,W,5585,CO,,MONTY CT,39.12193833,-77.09373333
01,15,,02,01,03,2,01,01,00,MCP2251000Q,08.04,02-17-2015,08:46:00,54112,Y,N,MONTGOMERY,UNK,01,00,72,CO,,1.397,W,NORWOOD RD,0,F,W,7445,CO,,NORBECK RD,39.11886167,-77.02138
01,15,,02,11,01,1,01,01,00,MCP2251000R,06.01,02-19-2015,11:13:00,55114,Y,N,MONTGOMERY,UNK,01,00,3915,CO,,0.21,S,BLOOMFIELD RD,0,F,S,3916,CO,,WILLOW GROVE RD,39.16893,-77.07767
01,15,,02,06,01,1,01,01,00,MCP2251000S,06.01,03-07-2015,10:53:00,55114,Y,N,MONTGOMERY,UNK,01,00,4297,CO,,0.19,S,SPARTAN RD,0,F,S,4550,CO,,BUEHLER RD,39.14995667,-77.06322333
04,15,,01,01,02,1,01,01,10,MCP2251000T,06.01,03-22-2015,06:39:00,55114,N,N,MONTGOMERY,UNK,09,00,650,MD,,11,N,NEW HAMPSHIRE AVE,900,F,N,198,MD,,SPENCERVILLE RD,39.12301167,-76.98885167
05.02,15,,03,03,02,3,01,03,00,MCP2252000P,06.01,02-06-2015,06:43:00,55112,Y,N,MONTGOMERY,UNK,01,01,1936,CO,,2.05,S,REDLAND RD,100,F,S,4991,CO,,CRABBS BRANCH WAY,39.12075,-77.158075
01,15,,02,04,02,,01,04,00,MCP2252000Q,06.01,02-10-2015,14:17:00,54112,Y,N,MONTGOMERY,UNK,01,01,355,MD,,12.62,N,FREDERICK RD,0,F,N,212,CO,,SHADY GROVE RD,39.12220833,-77.17731833
01,15,,01,07,02,1,01,03,00,MCP2252000R,06.01,02-12-2015,14:04:00,55122,N,N,MONTGOMERY,UNK,01,01,272,MU,,0.75,E,BEALL AVE #2,100,F,E,3151,MU,,N WASHINGTON ST,39.0867032,-77.15290546
01,15,,09.04,08,02,4,01,03,88,MCP2252000S,06.01,02-20-2015,12:28:00,55112,N,N,MONTGOMERY,UNK,01,01,4991,CO,,1.53,S,CRABBS BRANCH WAY,200,F,S,5052,CO,,INDIANOLA DR,39.112855,-77.15626167
01,15,,05.01,09,02,,01,04,00,MCP2252000T,06.01,03-29-2015,14:29:00,55112,Y,N,MONTGOMERY,UNK,01,00,370,RP,,0.055,S,RAMP 10 FR RAMP 9 TO SHADY GROVE RD NB,5,F,S,212,CO,,SHADY GROVE RD,39.13086667,-77.16110833
01,15,,03,06,01,1,01,04,00,MCP22540004,03,01-04-2015,14:28:00,5411,Y,N,MONTGOMERY,UNK,01,01,4556,CO,,0.14,S,FATHER HURLEY BLVD,0,F,S,270,RP,,RAMP 5 FR RAMP 8 TO FATHER HURLEY BLVD,39.19891,-77.26088667
01,15,,02,05,02,1,01,01,00,MCP22540005,06.01,01-11-2015,14:57:00,,N,N,MONTGOMERY,UNK,01,00,355,MD,,20.36,N,FREDERICK RD,0,F,N,27,CO,,BRINK RD,39.21372333,-77.24886333
01,15,,02,04,00,,01,01,00,MCP22560008,00,01-07-2015,08:37:00,54112,Y,N,MONTGOMERY,UNK,01,01,237,CO,,5.56,E,BARNESVILLE RD,0,F,E,,UU,,SPUR FR BARNESVILLE RD TO MD 117,39.18434,-77.31249833
05.02,15,,01,17,03,1,01,01,10,MCP22560009,06.01,01-08-2015,06:39:00,54112,N,N,MONTGOMERY,UNK,09,00,109,MD,,2.41,N,BEALLSVILLE RD,1,F,N,28,MD,,DARNESTOWN RD,39.16170667,-77.41910333
01,15,,00,11,02,1,01,03,04,MCP2256000C,06.01,02-28-2015,14:08:00,54114,N,N,MONTGOMERY,UNK,01,11,4763,CO,,1.64,S,MATENY RD,300,F,S,119,MD,,GREAT SENECA HWY,39.14683,-77.272395
01,15,,00,03,02,1,01,01,00,MCP2256000D,07.01,03-16-2015,08:40:00,45112,N,N,MONTGOMERY,UNK,01,01,355,MD,,20.57,N,FREDERICK RD,5,F,N,231,CO,,WEST OLD BALTIMORE RD,39.21533167,-77.25075667
03,15,,02,02,02,,01,04,00,MCP2260000H,00,01-02-2015,18:39:00,55114,Y,N,MONTGOMERY,UNK,01,00,355,MD,,8,N,ROCKVILLE PIKE,0,F,N,,UU,,ENT TO BEST BUY,39.06973833,-77.13053667
03,15,,00,88,01,1,01,04,00,MCP2260000K,09.04,01-23-2015,18:44:00,54114,N,N,MONTGOMERY,UNK,01,00,355,MD,,7.57,N,ROCKVILLE PIKE,20,F,N,,UU,,CONGRESSIONAL LA,39.06338,-77.125165
03,15,,02,02,02,1,01,01,00,MCP23800005,06.01,02-09-2015,18:39:00,5411,Y,N,MONTGOMERY,UNK,01,00,558,CO,,0.04,W,LINDEN LA,0,F,W,1300,CO,,SECOND AVE,39.009035,-77.04393167
01,15,,01,10,02,1,01,00,00,MCP23810001,06.01,03-03-2015,12:30:00,55114,N,N,MONTGOMERY,UNK,02,00,6607,CO,,0.1,E,MINSTREL TUNE DR,40,F,E,6608,CO,,SOVEREIGN CT,39.18097567,-77.23261267
03,15,,02,88,02,,01,01,00,MCP2384000Q,00,01-08-2015,18:00:00,54112,Y,N,MONTGOMERY,UNK,03,00,90,MU,,0.11,N,THE HILLS PLAZA,0,F,N,51,MU,,S PARK AVE,38.9633631,-77.08818913
03,15,,02,88,02,1,01,01,00,MCP2384000T,06.01,02-24-2015,18:45:00,55122,Y,N,MONTGOMERY,UNK,03,00,507,CO,,1.01,S,SANGAMORE RD,0,F,S,2639,CO,,SENTINEL RD,38.95055333,-77.12055167
03,15,,01,03,02,1,01,01,00,MCP2384000V,06.01,03-07-2015,19:32:00,55114,N,N,MONTGOMERY,UNK,02,02,4690,CO,,6.85,N,MACARTHUR BLVD,0,M,N,188,CO,,BRICKYARD RD,38.980377,-77.21139
03,15,,02,11,01,1,01,01,00,MCP23850005,07.01,01-12-2015,22:27:00,54114,Y,N,MONTGOMERY,UNK,01,00,6220,OP,,1.1,E,NEWCUT RD,0,F,E,,UU,,LITTLE SENECA PKWY,39.23199,-77.24697
03,15,,02,11,02,1,01,04,04,MCP23850006,06.01,02-13-2015,21:41:00,55114,Y,N,MONTGOMERY,UNK,01,00,7574,CO,,1.76,E,SNOWDEN FARM PKWY,0,F,E,,UU,,FOREMAN BLVD,39.23177,-77.25864167
04,15,,01,03,01,1,01,01,11,MCP23850007,00,03-20-2015,23:49:00,45112,N,N,MONTGOMERY,UNK,10,00,109,MD,,11.87,N,OLD HUNDRED RD,0,M,N,355,MD,,FREDERICK RD,39.27968833,-77.32039
03,15,,02,14,02,,01,03,00,MCP2386000H,06.01,01-08-2015,17:16:00,55112,Y,N,MONTGOMERY,UNK,01,00,320,MD,,0.92,N,PINEY BRANCH RD,0,F,N,744,CO,,SUNNYSIDE RD,38.99005,-77.01121333
01,15,,01,03,02,1,01,01,00,MCP23880009,06.01,01-24-2015,16:58:00,55124,Y,N,MONTGOMERY,UNK,01,00,3076,CO,,0.42,E,DOVER RD,20,F,E,3815,CO,,E GUDE DR,39.09966,-77.140025
01,15,,00,03,02,1,01,01,00,MCP2388000B,00,02-26-2015,15:29:00,55124,Y,N,MONTGOMERY,UNK,01,00,1659,CO,,0,E,RANDOLPH RD,0,F,E,153,CO,,MAPLE AVE,39.096975,-77.19243667
03,15,,01,07,02,2,01,04,00,MCP2607000T,06.01,02-13-2015,22:14:00,55224,N,N,MONTGOMERY,UNK,01,00,212,CO,,5.3,N,SHADY GROVE RD,20,F,N,3558,CO,,BRIARDALE RD,39.13359833,-77.15822333
01,15,,02,02,01,1,01,03,00,MCP2607000W,06.01,03-06-2015,17:37:00,54114,Y,N,MONTGOMERY,UNK,01,01,124,MD,,6.62,N,WOODFIELD RD,0,F,N,5189,CO,,FLOWER HILL WAY,39.15649,-77.16519333
01,15,,01,88,02,1,01,01,00,MCP2608000M,06.01,01-16-2015,15:56:00,55112,N,N,MONTGOMERY,UNK,01,00,4677,CO,,0.18,E,MEDICAL PARK DR,200,F,E,,UU,,FLOWERING TREE TERR,39.02399333,-77.041335
03,15,,01,03,02,1,01,04,00,MCP2608000N,06.01,01-16-2015,17:56:00,55122,N,N,MONTGOMERY,UNK,01,00,390,MD,,0.3,N,16TH ST,0,M,N,598,CO,,SPRING ST,38.99839,-77.03823833
03,15,,02,11,00,1,01,01,00,MCP2608000P,06.01,01-27-2015,17:37:00,55114,N,N,MONTGOMERY,UNK,01,00,390,MD,,0.3,N,16TH ST,0,F,N,598,CO,,SPRING ST,38.99784833,-77.03829
03,15,,01,17,02,1,01,01,08,MCP2608000Q,06.01,02-05-2015,18:15:00,55112,N,N,MONTGOMERY,UNK,09,00,621,CO,,0.04,E,E WAYNE AVE,100,F,E,757,CO,,MANCHESTER RD,38.99974167,-77.00941167
03,15,,01,03,02,1,01,04,00,MCP2608000S,06.01,02-20-2015,19:08:00,55112,N,N,MONTGOMERY,UNK,01,00,495,IS,,11.88,E,CAPITAL BELTWAY,0,M,E,,UU,,EXIT #30,39.00092667,-77.02937833
01,15,,01,07,02,2,01,04,00,MCP2608000T,06.01,02-25-2015,16:19:00,55122,N,N,MONTGOMERY,UNK,01,00,29,US,,2.72,N,COLESVILLE RD,150,F,N,193,MD,,UNIVERSITY BLVD E,39.01708,-77.015765
03,15,,02,03,02,3,01,04,00,MCP2608000X,06.01,03-30-2015,20:32:00,55124,Y,N,MONTGOMERY,UNK,01,00,97,MD,,0.31,N,GEORGIA AVE,0,F,N,598,CO,,SPRING ST,38.99881667,-77.03062333
01,15,,02,09,02,1,01,04,00,MCP2610000C,06.01,02-28-2015,16:35:00,55114,N,N,MONTGOMERY,UNK,01,00,410,MU,,0.355,N,WASHINGTONIAN BLVD,0,F,N,,UU,,ENT. TO SODHEXO,39.14966333,-77.23354
03,15,,02,11,02,1,01,01,00,MCP2611000F,06.01,01-18-2015,19:08:00,54114,Y,N,MONTGOMERY,UNK,01,88,4359,CO,,0.67,S,CHERRY HILL RD,0,F,S,5082,OP,,CALVERTON BLVD,39.07837167,-76.94370333
03,15,,01,03,02,2,01,04,00,MCP2611000G,06.01,02-20-2015,21:40:00,54114,N,N,MONTGOMERY,UNK,00,01,29,US,,7.25,N,COLUMBIA PIKE,5,F,N,101,CO,,MUSGROVE RD,39.06821341,-76.96191072
03,15,,02,11,03,1,00,01,00,MCP2611000H,12.04,03-01-2015,19:14:00,54112,N,N,MONTGOMERY,UNK,02,00,7072,CO,,0.65,N,OLD COLUMBIA PIKE,0,F,N,,UU,,CARRIAGE HOUSE TERR,39.0491856,-76.9795622
01,15,,01,09,02,1,01,01,00,MCP2611000K,06.01,03-18-2015,16:11:00,55114,N,N,MONTGOMERY,UNK,01,00,3480,CO,,0.48,N,GALWAY DR,500,F,N,3483,CO,,KILKENNY ST,39.06343333,-76.94503167
03,15,,01,17,01,1,01,01,00,MCP20030007,06.01,01-27-2015,23:45:00,45132,N,N,MONTGOMERY,UNK,08,00,1177,CO,,1.18,S,DEWEY RD,25,F,S,1191,CO,,GARRETT PARK RD,39.04341333,-77.08563333
03,15,,01,03,02,1,01,01,00,MCP20030008,06.01,03-29-2015,01:03:00,55122,N,N,MONTGOMERY,UNK,01,00,1677,CO,,0.78,N,BUSHEY DR,25,F,N,2667,CO,,BARBARA RD,39.06474812,-77.08017468
06.02,15,,02,88,02,,01,01,00,MCP2008000M,07.01,01-14-2015,17:17:00,54122,Y,N,MONTGOMERY,UNK,03,00,507,CO,,1.14,S,SANGAMORE RD,0,F,S,1234,CO,,BROOKES LA,38.94900833,-77.12020333
03,15,,05.01,07,02,3,01,04,00,MCP2008000N,06.01,01-16-2015,19:39:00,55112,N,N,MONTGOMERY,UNK,01,00,270,IS,Y,0,N,NO NAME,500,F,N,495,IS,,CAPITAL BELTWAY,39.00734333,-77.15306333
03,15,,01,07,01,2,01,04,00,MCP2008000P,06.01,01-29-2015,21:22:00,55112,N,N,MONTGOMERY,UNK,01,00,355,MD,,2.04,N,WISCONSIN AVE,100,F,N,398,CO,,CHASE AVE,38.99025333,-77.09537167
03,15,,02,11,02,,01,01,00,MCP2008000Q,06.01,02-06-2015,19:08:00,54114,Y,N,MONTGOMERY,UNK,01,00,355,CO,,0.08,S,FAIRFAX RD,0,F,S,188,MD,,WILSON LA,38.987145,-77.10541167
03,15,,01,03,03,,01,04,00,MCP2008000R,08.04,02-14-2015,22:45:00,44114,N,N,MONTGOMERY,UNK,02,00,190,MD,,13.83,E,RIVER RD,250,F,E,614,MD,,GOLDSBORO RD,38.972095,-77.12034333
03,15,,01,03,02,,01,01,00,MCP2008000V,06.01,02-26-2015,21:52:00,45112,N,N,MONTGOMERY,UNK,01,00,324,CO,,0.39,W,BEECH AVE,90,F,W,187,MD,,OLD GEORGETOWN RD,39.01004333,-77.11488
03,15,,02,11,02,1,01,04,00,MCP2008000W,06.01,03-02-2015,18:36:00,55114,Y,N,MONTGOMERY,UNK,01,00,190,MD,,14.63,E,RIVER RD,0,F,E,4425,CO,,WESTBARD AVE,38.96823167,-77.10864833
03,15,,02,17,02,,01,04,08,MCP2008000X,06.01,03-19-2015,19:12:00,55112,Y,N,MONTGOMERY,UNK,09,09,355,MD,,1.62,N,WISCONSIN AVE,0,F,N,410,MD,,MONTGOMERY AVE,38.9847826,-77.09426165
01,15,,01,88,02,2,01,04,00,MCP2008000Y,06.01,03-30-2015,16:25:00,54122,N,N,MONTGOMERY,UNK,03,00,355,MD,,1.36,N,WISCONSIN AVE,50,F,N,6134,CO,,LELAND ST,38.97980167,-77.09194667
00,15,,01,03,02,2,01,03,00,MCP2008000Z,06.01,03-30-2015,17:26:00,55114,Y,N,MONTGOMERY,UNK,01,01,355,MD,,2.73,N,ROCKVILLE PIKE,70,F,N,37,GV,,SOUTH DR,38.99945889,-77.09675074
01,15,,02,01,02,1,01,01,00,MCP2010000W,06.01,02-12-2015,13:21:00,55124,Y,N,MONTGOMERY,UNK,01,00,164,CO,,1.49,W,TUCKERMAN LA,0,F,W,6197,CO,,SUGARBUSH LA,39.03191102,-77.11797237
05.02,15,,02,11,04,2,01,04,00,MCP2010000X,12.04,03-05-2015,06:56:00,55122,Y,N,MONTGOMERY,UNK,01,00,4242,CO,,0.46,E,NICHOLSON LA,0,F,E,355,MD,,ROCKVILLE PIKE,39.04467833,-77.111325
01,15,,02,11,02,2,01,01,00,MCP20130006,06.01,02-22-2015,15:11:00,54114,Y,N,MONTGOMERY,UNK,01,00,4991,CO,,1.53,S,CRABBS BRANCH WAY,0,F,S,5052,CO,,INDIANOLA DR,39.11455,-77.156845
01,15,,01,17,04,2,01,04,04,MCP20130008,12.04,03-01-2015,16:31:00,54112,N,N,MONTGOMERY,UNK,09,09,6197,OP,,0,E,MONTROSE PKWY,1,M,E,6196,OP,,MONTROSE RD,39.05101833,-77.13313833
06.02,15,,03,03,02,1,01,01,00,MCP2015000C,06.01,01-16-2015,17:26:00,54114,N,N,MONTGOMERY,UNK,01,01,117,MD,,9.22,E,CLOPPER RD,300,F,E,5502,CO,,WARING STATION RD,39.15411833,-77.25232833
03,15,,02,17,03,1,01,01,00,MCP2015000D,08.04,01-26-2015,19:02:00,54142,Y,N,MONTGOMERY,UNK,03,00,117,MD,,8.55,E,CLOPPER RD,0,F,E,4763,CO,,MATENY RD,39.15640667,-77.26634833
01,15,,01,17,02,2,01,01,09,MCP22740007,06.01,01-15-2015,10:20:00,5411,N,N,MONTGOMERY,UNK,09,09,3283,CO,,1.78,N,AIRPARK RD,600,F,N,124,MD,,WOODFIELD RD,39.167905,-77.15201
01,15,,02,02,02,2,01,01,00,MCP22740008,07.01,03-21-2015,11:27:00,54112,Y,N,MONTGOMERY,UNK,01,00,4140,CO,,1.83,S,SNOUFFERS SCHOOL RD,0,F,S,4838,CO,,BONANZA WAY,39.166515,-77.17077333
01,15,,02,11,02,2,01,01,00,MCP2278000J,00,03-21-2015,10:25:00,55111,Y,N,MONTGOMERY,UNK,01,00,191,MD,,1.35,N,BRADLEY BLVD,0,F,N,148,CO,,SEVEN LOCKS RD,39.0118313,-77.16017962
06.02,15,,02,11,02,1,01,04,00,MCP22860009,06.01,01-28-2015,17:37:00,55112,Y,N,MONTGOMERY,UNK,01,00,2405,MU,,1.105,N,PICCARD DR,0,F,N,1190,MU,,GAITHER RD,39.115155,-77.17829333
01,15,,02,11,01,1,01,01,00,MCP22880004,08.04,01-21-2015,14:27:00,55114,Y,N,MONTGOMERY,UNK,01,00,551,CO,,0.43,W,GLENDALE RD,0,F,W,410,MD,,EAST WEST HWY,38.988345,-77.07525833
01,15,,01,88,02,1,01,03,88,MCP22880005,06.01,02-14-2015,13:31:00,55112,N,N,MONTGOMERY,UNK,02,02,307,CO,,0.69,E,SUMMIT AVE,100,F,E,319,CO,,CEDAR LA,39.02306798,-77.08127975
01,15,,02,03,02,1,01,01,00,MCP22900007,07.01,01-07-2015,15:00:00,54114,N,N,MONTGOMERY,UNK,01,00,164,CO,,4.22,W,TUCKERMAN LA,0,F,W,2996,CO,,DEBORAH DR,39.04108667,-77.16456
01,15,,01,17,01,1,01,03,08,MCP22900008,03,03-14-2015,08:02:00,55114,N,N,MONTGOMERY,UNK,09,00,144,CO,,0.65,E,MONTROSE RD,300,F,E,3231,CO,,WHITES FORD WAY,39.05584,-77.17546
01,15,,01,88,02,2,01,03,04,MCP23930007,06.01,01-31-2015,13:02:00,55114,N,N,MONTGOMERY,UNK,09,02,668,CO,,0.8,E,WAYNE AVE,300,F,E,7074,CO,,DALE DR,38.99977573,-77.01443911
01,15,,02,17,04,1,00,04,08,MCP23930008,06.01,02-15-2015,11:22:00,55112,N,N,MONTGOMERY,UNK,09,09,97,MD,,0.21,N,GEORGIA AVE,0,F,N,599,CO,,FENWICK LA,38.99825821,-77.03068256
01,15,,02,11,02,1,01,04,00,MCP23930009,06.01,03-09-2015,11:15:00,55122,Y,N,MONTGOMERY,UNK,01,00,410,MD,,3.48,E,EAST WEST HWY,0,F,E,390,MD,,16TH ST,38.99454559,-77.0361945
01,15,,01,03,02,4,03,04,00,MCP2393000B,06.01,03-30-2015,09:29:00,55114,N,N,MONTGOMERY,UNK,01,00,97,MD,,1.51,N,GEORGIA AVE,20,F,N,495,RP,,RAMP 2 FR IS 495 WB TO MD 97 NB,39.01452601,-77.04217851
01,15,,88,17,01,1,01,02,04,MCP2394000V,06.01,01-04-2015,12:26:00,55112,N,N,MONTGOMERY,UNK,09,09,270,IS,,4.1,N,EISENHOWER MEMORIAL HWY,0,F,N,270,RP,,RAMP 5 FR IS 270 SB TO MD 927 EB,39.05882167,-77.15065833
01,15,,88,17,01,1,00,02,04,MCP2394000W,06.01,01-04-2015,12:26:00,55112,N,N,MONTGOMERY,UNK,09,09,270,IS,,3.9,N,EISENHOWER MEMORIAL HWY,0,F,N,270,RP,,RAMP 4 FR IS 270 NB TO MONTROSE RD EB,39.05891,-77.15057667
03,15,,03,03,01,6,01,04,00,MCP2394000X,06.01,01-18-2015,22:54:00,45112,Y,N,MONTGOMERY,UNK,01,01,212,CO,,3.95,N,SHADY GROVE RD,0,F,N,355,MD,,FREDERICK RD,39.12289418,-77.17763543
06.02,15,,88,09,00,2,99,99,00,MCP2394000Y,06.01,01-28-2015,18:29:00,55122,N,N,MONTGOMERY,UNK,01,01,320,MD,,2.34,N,PINEY BRANCH RD,0,F,N,725,CO,,CARROLL AVE,39.10106333,-77.18997
01,15,,88,07,02,1,00,01,00,MCP23940010,06.01,02-25-2015,16:50:00,55112,N,N,MONTGOMERY,UNK,01,01,3300,CO,,0,N,POSTOAK RD,0,F,N,164,CO,,TUCKERMAN LA,39.04517167,-77.17979333
03,15,,02,11,01,,01,01,00,MCP23940011,03,03-04-2015,18:48:00,55112,N,N,MONTGOMERY,UNK,01,01,3241,CO,,1.34,S,TWINBROOK PKWY,0,F,S,2410,MU,,PIER DR,39.126325,-77.24033333
06.02,15,,01,01,03,1,01,01,00,MCP2396000K,07.01,01-06-2015,16:28:00,54124,N,N,MONTGOMERY,UNK,02,00,1421,CO,,0.43,W,GOODHILL RD,50,F,W,1590,CO,,EVERTON ST,39.06088,-77.07201333
01,15,,00,11,02,2,01,03,00,MCP2396000L,06.01,01-09-2015,13:32:00,55112,N,N,MONTGOMERY,UNK,01,00,185,MD,,7.87,N,CONNECTICUT AVE,0,F,N,,UU,,ENT TO ASPEN HILLS SHOPPING CTR,39.078135,-77.08086833
01,15,,02,11,01,1,01,03,00,MCP2396000M,07.01,03-04-2015,09:03:00,54114,Y,N,MONTGOMERY,UNK,01,00,1659,CO,,2.95,E,RANDOLPH RD,0,F,E,4337,CO,,LINDELL ST,39.05918167,-77.06229333
01,15,,00,11,01,1,01,03,00,MCP2396000N,07.01,03-15-2015,13:39:00,54114,N,N,MONTGOMERY,UNK,01,00,1659,CO,,2.04,E,RANDOLPH RD,0,F,E,1677,CO,,BUSHEY DR,39.05752833,-77.07620333
03,15,,02,02,01,3,01,04,00,MCP2612000P,09.04,01-23-2015,18:09:00,54112,N,N,MONTGOMERY,UNK,01,00,97,MD,,5.94,N,GEORGIA AVE,0,F,N,1906,CO,,MAY ST,39.07223667,-77.065315
03,15,,01,03,02,3,01,04,00,MCP2612000Q,06.01,02-27-2015,21:33:00,54112,N,N,MONTGOMERY,UNK,01,00,1659,CO,,1.53,E,RANDOLPH RD,30,F,E,6621,CO,,CHARLES RD,39.054205,-77.08644333
01,15,,02,03,02,1,01,04,00,MCP2617000G,06.01,03-02-2015,15:53:00,54114,Y,N,MONTGOMERY,UNK,01,00,97,MD,,6.42,N,GEORGIA AVE,0,F,N,128,CO,,HEWITT AVE,39.07745,-77.070625
04,15,,02,17,02,1,01,01,07,MCP2617000H,06.01,03-03-2015,02:40:00,55124,N,N,MONTGOMERY,UNK,09,00,1418,CO,,0.08,W,DALEWOOD DR,0,F,W,1817,CO,,BLUHILL RD,39.06268167,-77.06530667
03,15,,02,11,02,2,01,04,00,MCP2617000J,06.01,03-17-2015,22:22:00,55114,Y,N,MONTGOMERY,UNK,01,00,1659,CO,,2.45,E,RANDOLPH RD,0,F,E,1421,CO,,GOODHILL RD,39.05815833,-77.07112833
01,15,,01,17,02,1,01,01,11,MCP2617000K,06.01,03-18-2015,14:23:00,55112,N,N,MONTGOMERY,UNK,99,00,108,MD,,15.486,E,OLNEY SANDY SPRING RD,300,F,E,,UU,,ENT TO SHERWOOD ELEMENTARY SCHOOL,39.14694167,-77.03784667
01,15,,02,11,02,3,01,04,00,MCP2617000L,06.01,03-24-2015,14:03:00,54114,Y,N,MONTGOMERY,UNK,01,00,182,MD,,2.295,N,LAYHILL RD,0,F,N,,UU,,ENT TO LAYHILL SHOPPING CENTER,39.09250833,-77.04513333
01,15,,03,03,02,1,01,01,00,MCP2617000M,07.01,03-25-2015,15:28:00,54114,N,N,MONTGOMERY,UNK,01,00,95,CO,,1.83,E,BRIGGS CHANEY RD,30,F,E,79,CO,,PEACH ORCHARD RD,39.09514333,-76.96920667
01,15,,03,12,02,3,01,04,00,MCP2617000N,07.01,03-27-2015,15:03:00,54114,N,N,MONTGOMERY,UNK,01,01,97,MD,,3.27,N,GEORGIA AVE,300,F,N,864,CO,,REEDIE DR,39.03758833,-77.05034667
01,15,,02,03,02,3,01,01,00,MCP2617000P,06.01,03-27-2015,17:55:00,54114,Y,N,MONTGOMERY,UNK,01,00,185,MD,,6.75,N,CONNECTICUT AVE,0,F,N,1564,CO,,WELLER RD,39.06243833,-77.07355333
03,15,,01,17,03,1,01,04,08,MCP2015000F,08.04,02-16-2015,19:13:00,54112,N,N,MONTGOMERY,UNK,09,00,5430,CO,,0.96,N,CRYSTAL ROCK DR,60,F,N,7063,CO,,AIRCRAFT DR,39.18663667,-77.26415833
03,15,,03,11,02,1,01,01,00,MCP2015000G,00,02-23-2015,18:19:00,55114,Y,N,MONTGOMERY,UNK,01,01,117,MD,,6.53,E,CLOPPER RD,0,F,E,7452,CO,,FESTIVAL WAY,39.17156,-77.29785167
01,15,,02,08,02,2,01,03,00,MCP2016000F,00,02-07-2015,14:05:00,55112,Y,N,MONTGOMERY,UNK,01,00,213,CO,,0.54,E,GAITHER RD,0,F,E,212,CO,,SHADY GROVE RD,39.11740667,-77.18398667
01,15,,02,11,02,2,01,03,00,MCP2016000G,06.01,03-31-2015,08:11:00,55112,Y,N,MONTGOMERY,UNK,01,00,3815,CO,,1.88,E,E GUDE DR,0,F,E,4991,CO,,CRABBS BRANCH WAY,39.12122,-77.15830167
01,15,,02,03,02,2,01,04,00,MCP2016000H,06.01,03-31-2015,09:30:00,55112,Y,N,MONTGOMERY,UNK,01,01,28,MD,,24.09,E,NORBECK RD,0,F,E,1295,MU,,E GUDE DR,39.08991333,-77.12995667
03,15,,03,03,03,,01,04,00,MCP2022000C,08.04,02-14-2015,19:20:00,44112,Y,N,MONTGOMERY,UNK,01,00,166,CO,,0.55,W,DEMOCRACY BLVD,10,F,W,837,CO,,FERNWOOD RD,39.02194167,-77.135485
01,15,,01,01,02,1,01,01,00,MCP2031000B,06.01,03-08-2015,13:01:00,54114,N,N,MONTGOMERY,UNK,01,00,27,MD,,8.75,N,RIDGE RD,0,M,N,80,MD,,KEMPTOWN RD,39.322815,-77.19736
01,15,,01,17,02,3,01,04,04,MCP2039000S,07.01,01-25-2015,08:14:00,55114,N,N,MONTGOMERY,UNK,00,09,97,MD,,8.25,N,GEORGIA AVE,50,F,N,3385,CO,,ROSSMOOR BLVD,39.10232413,-77.07733154
01,15,,01,88,04,1,05,01,00,MCP2039000T,10.04,02-15-2015,08:02:00,,N,N,MONTGOMERY,UNK,01,01,142,CO,,0.58,N,ASPEN HILL RD,75,F,N,1691,CO,,GLASGOW DR,39.07323167,-77.09583333
01,15,,02,02,02,3,01,04,00,MCP23980008,06.01,02-24-2015,15:18:00,55112,Y,N,MONTGOMERY,UNK,01,00,212,CO,,4.67,N,SHADY GROVE RD,0,F,N,4991,CO,,CRABBS BRANCH WAY,39.12881185,-77.16758251