LIGHT_CODE,COUNTY_NO,MUNI_CODE,JUNCTION_CODE,COLLISION_TYPE_CODE,SURF_COND_CODE,LANE_CODE,RD_COND_CODE,RD_DIV_CODE,FIX_OBJ_CODE,REPORT_NO,WEATHER_CODE,ACC_DATE,ACC_TIME,LOC_CODE,SIGNAL_FLAG,C_M_ZONE_FLAG,AGENCY_CODE,AREA_CODE,HARM_EVENT_CODE1,HARM_EVENT_CODE2,RTE_NO,ROUTE_TYPE_CODE,RTE_SUFFIX,LOG_MILE,LOGMILE_DIR_FLAG,MAINROAD_NAME,DISTANCE,FEET_MILES_FLAG,DISTANCE_DIR_FLAG,REFERENCE_NO,REFERENCE_TYPE_CODE,REFERENCE_SUFFIX,REFERENCE_ROAD_NAME,LATITUDE,LONGITUDE
01,15,,01,03,03,1,01,01,00,MCP2504000J,08.04,02-21-2015,16:48:00,55112,N,N,MONTGOMERY,UNK,02,00,6978,CO,,0.5,W,BALD CYPRESS DR,75,F,W,,UU,,LAMBERTINA LA,39.08528,-77.20618
03,15,,01,17,01,1,01,01,10,MCP2635001N,03,01-03-2015,21:05:00,55112,N,N,MONTGOMERY,UNK,09,09,146,CO,,0.67,N,PRINCE PHILIP DR,20,F,N,4293,CO,,BUEHLER RD,39.14424833,-77.058465
04,15,,03,03,02,1,01,01,00,MCP2635001P,06.01,01-14-2015,17:23:00,45112,N,N,MONTGOMERY,UNK,01,00,97,MD,,17.02,N,GEORGIA AVE,300,F,N,650,MD,,DAMASCUS RD,39.22264333,-77.05952167
03,15,,02,02,02,1,01,04,04,MCP2635001R,06.01,02-20-2015,20:02:00,55114,Y,N,MONTGOMERY,UNK,01,09,28,MD,,29.88,E,NORBECK RD,0,F,E,182,MD,,LAYHILL RD,39.120425,-77.034075
01,15,,02,02,02,2,01,04,06,MCP2635001T,06.01,03-08-2015,16:34:00,54114,N,N,MONTGOMERY,UNK,01,09,97,MD,,10.91,N,GEORGIA AVE,0,F,N,3367,CO,,CHERRY VALLEY DR,39.13921833,-77.06851167
01,15,,01,17,02,1,01,01,23.03,MCP2635001V,06.01,03-21-2015,14:44:00,55114,N,N,MONTGOMERY,UNK,15,00,108,MD,,11.151,E,OLNEY LAYTONSVILLE RD,250,F,E,7388,CO,,WICKHAM RD,39.17462833,-77.09831833
01,15,,02,11,01,1,01,04,00,MCP2637000J,03,02-02-2015,10:24:00,54112,Y,N,MONTGOMERY,UNK,01,00,28,MD,,17.59,E,DARNESTOWN RD,0,F,E,521,MU,,ARGOSY DR,39.103375,-77.22388833
05.02,15,,01,09,02,1,05,03,00,MCP2637000K,07.01,03-01-2015,06:39:00,45132,N,N,MONTGOMERY,UNK,08,00,277,CO,,1.39,N,RIVER RD,2,M,N,279,CO,,ELMER SCHOOL RD,39.12764667,-77.50251532
03,15,,02,03,02,2,01,03,00,MCP2638000H,06.01,01-01-2015,18:00:00,55114,Y,N,MONTGOMERY,UNK,01,01,1592,CO,,1.97,S,PARKLAND DR,0,F,S,586,MD,,VEIRS MILL RD,39.06199,-77.09178
03,15,,02,02,01,,01,04,00,MCP2638000J,09.04,01-23-2015,20:04:00,55112,Y,N,MONTGOMERY,UNK,01,01,2722,CO,,1.42,W,BEL PRE RD,0,F,W,4092,CO,,CONNECTICUT AVE,39.091835,-77.070345
03,15,,02,11,02,3,01,04,00,MCP2638000K,06.01,02-01-2015,18:31:00,55112,Y,N,MONTGOMERY,UNK,01,01,185,MD,,7.04,N,CONNECTICUT AVE,0,F,N,1679,CO,,ATHERTON DR,39.06720167,-77.07492333
03,15,,03,17,02,1,01,88,04,MCP2638000L,00,02-09-2015,18:36:00,55114,N,N,MONTGOMERY,UNK,09,09,6328,CO,,0.46,S,WINTERGATE DR,0,F,S,,UU,,ROUNDABOUT,39.107665,-77.05338833
01,15,,03,03,00,1,01,04,00,MCP2638000M,06.01,03-11-2015,16:34:00,55112,N,N,MONTGOMERY,UNK,01,00,28,MD,,25.04,E,NORBECK RD,200,F,E,4560,CO,,BALTIMORE RD,39.094435,-77.11491
03,15,,00,88,02,3,01,04,05,MCP2638000N,06.01,03-11-2015,19:38:00,55112,N,N,MONTGOMERY,UNK,01,09,586,MD,,3.02,E,VEIRS MILL RD,0,F,E,2011,CO,,TURKEY BRANCH PKWY,39.06003,-77.08907333
03,15,,02,03,02,2,01,04,00,MCP2639000K,06.01,01-30-2015,22:41:00,55124,Y,N,MONTGOMERY,UNK,01,00,97,MD,,3.58,N,GEORGIA AVE,0,F,N,1138,CO,,BLUERIDGE AVE,39.04313667,-77.051785
03,15,,01,03,03,3,01,04,00,MCP2639000L,08.04,02-14-2015,22:40:00,45112,N,N,MONTGOMERY,UNK,01,00,97,MD,,2.05,N,GEORGIA AVE,50,M,N,790,CO,,DEXTER AVE,39.022575,-77.045255
03,15,,02,11,00,2,01,04,00,MCP2639000M,06.01,02-28-2015,20:46:00,55114,Y,N,MONTGOMERY,UNK,01,00,97,MD,,2.3,N,GEORGIA AVE,0,F,N,793,CO,,DENNIS AVE,39.02510333,-77.046155
03,15,,01,02,02,1,01,01,04,MCP2639000N,06.01,03-19-2015,00:32:00,55122,N,N,MONTGOMERY,UNK,02,09,293,CO,,0.18,W,PLYERS MILL RD,90,F,W,856,CO,,BUCKNELL DR,39.030585,-77.04604833
01,15,,01,03,02,2,01,01,00,MCP2048000G,06.01,03-30-2015,17:25:00,,N,N,MONTGOMERY,UNK,01,00,929,MD,B,0.11,S,CHERRY HILL RD,400,F,S,929,MD,D,PROSPERITY DR,39.06114,-76.95756833
03,15,,01,17,02,1,01,04,04,MCP20530001,06.01,01-28-2015,06:44:00,55112,N,N,MONTGOMERY,UNK,09,00,212,CO,,5.92,N,SHADY GROVE RD,100,F,N,5221,CO,,MIDCOUNTY HWY,39.139935,-77.15242167
01,15,,01,17,01,1,01,04,08,MCP20590015,07.01,01-04-2015,14:14:00,55112,N,N,MONTGOMERY,UNK,09,00,6197,OP,,0,E,MONTROSE PKWY,750,F,E,6196,OP,,MONTROSE RD,39.05119667,-77.13385167
01,15,,03,03,02,1,01,04,00,MCP20590017,06.01,01-17-2015,10:28:00,54112,Y,N,MONTGOMERY,UNK,01,00,355,MD,,3.68,N,ROCKVILLE PIKE,200,F,N,2127,CO,,ALTA VISTA RD,39.01355167,-77.09900833
01,15,,01,03,02,2,01,03,00,MCP20590018,06.01,01-19-2015,14:57:00,54114,N,N,MONTGOMERY,UNK,01,00,355,MD,,3.11,N,ROCKVILLE PIKE,35,F,N,40,GV,,NORTH DR,39.004555,-77.09739
01,15,,01,03,01,3,01,04,00,MCP20590019,03,01-24-2015,11:41:00,54112,N,N,MONTGOMERY,UNK,01,00,495,IS,,7.36,E,CAPITAL BELTWAY,1,F,E,319,CO,,CEDAR LA,39.00743333,-77.08596667
01,15,,02,02,02,3,01,04,00,MCP2059001B,07.01,01-25-2015,12:02:00,55114,Y,N,MONTGOMERY,UNK,01,00,185,MD,,4.24,N,CONNECTICUT AVE,0,F,N,200,MU,,KNOWLES AVE,39.02768,-77.07646
05.02,15,,02,02,88,1,01,04,00,MCP2059001C,06.01,01-30-2015,07:04:00,55114,Y,N,MONTGOMERY,UNK,01,00,185,MD,,1.95,N,CONNECTICUT AVE,0,F,N,542,CO,,MANOR RD,38.99617667,-77.07702833
01,15,,01,03,02,4,01,04,00,MCP2059001D,06.01,02-05-2015,15:13:00,5411,N,N,MONTGOMERY,UNK,01,00,185,MD,,2.54,N,CONNECTICUT AVE,500,F,N,495,RP,,RAMP 4 FR MD 185 NB TO IS 495 EB,39.00285,-77.077245
01,15,,01,03,02,3,01,04,00,MCP2059001F,06.01,02-06-2015,09:56:00,55112,N,N,MONTGOMERY,UNK,01,00,185,MD,,5.63,N,CONNECTICUT AVE,150,F,N,2713,CO,,ADAMS DR,39.04690167,-77.07596667
05.02,15,,01,07,02,,01,04,00,MCP2059001G,07.01,02-11-2015,06:53:00,55114,N,N,MONTGOMERY,UNK,01,01,185,MD,,2.34,N,CONNECTICUT AVE,35,F,N,2294,CO,,MONTROSE DR,39.00156,-77.077305
01,15,,01,03,01,2,01,03,00,MCP2059001K,07.01,02-20-2015,10:01:00,54112,N,N,MONTGOMERY,UNK,01,00,355,MD,,3.11,N,ROCKVILLE PIKE,25,F,N,40,GV,,NORTH DR,39.00467824,-77.09735155
01,15,,01,03,01,1,01,03,00,MCP2059001M,07.01,03-11-2015,09:05:00,55114,N,N,MONTGOMERY,UNK,02,02,319,CO,,2.06,E,CEDAR LA,150,F,E,2852,CO,,DRESDEN ST,39.02125833,-77.08533833
01,15,,02,11,02,1,01,03,00,MCP2059001N,06.01,03-12-2015,09:48:00,55114,Y,N,MONTGOMERY,UNK,01,00,537,CO,,0.15,E,JONES BRIDGE RD,0,F,E,988,CO,,GLENBROOK PKWY,38.99695333,-77.09387667
03,15,,02,17,03,3,01,04,88,MCP24250043,08.04,01-06-2015,12:13:00,55112,Y,N,MONTGOMERY,UNK,09,10,650,MD,,2.68,N,NEW HAMPSHIRE AVE,0,F,N,4542,CO,,ADELPHI RD,39.01226833,-76.978565
01,15,,01,07,03,1,01,01,00,MCP24250044,06.01,01-06-2015,13:40:00,55112,N,N,MONTGOMERY,UNK,02,00,743,CO,,0,E,PARKSIDE RD,300,F,E,320,MD,,PINEY BRANCH RD,38.98855333,-77.01053167
01,15,,01,07,04,1,01,01,00,MCP24250045,06.01,01-07-2015,08:03:00,55112,N,N,MONTGOMERY,UNK,02,00,653,CO,,0.33,N,RICHMOND AVE,75,F,N,663,CO,,WOODBURY DR,38.98875833,-77.021705
01,15,,01,07,00,1,00,01,00,MCP24250046,06.01,01-07-2015,09:23:00,55112,N,Y,MONTGOMERY,UNK,01,00,193,MD,,4.99,E,UNIVERSITY BLVD E,10,F,E,495,RP,,RAMP 4 FR MD 193 NB TO IS 495 EB,39.01461833,-77.004725
01,15,,02,03,02,1,01,04,00,MCP24250047,06.01,01-13-2015,11:54:00,54114,Y,N,MONTGOMERY,UNK,01,01,2925,CO,,0,S,INDUSTRIAL PKWY,0,F,S,29,US,,COLUMBIA PIKE,39.05608,-76.97126
03,15,,01,88,02,1,01,01,00,MCP24250048,06.01,01-14-2015,18:48:00,54144,N,N,MONTGOMERY,UNK,03,00,109,CO,,0.56,N,LOCKWOOD DR,10,F,N,4533,CO,,OAK LEAF DR,39.03840333,-76.994445
01,15,,01,07,01,1,01,01,00,MCP24250049,08.04,01-21-2015,13:49:00,55112,N,N,MONTGOMERY,UNK,02,00,749,CO,,0.06,S,BOULDER LA,15,F,S,,UU,,SPUR TO SUNNYSIDE RD,38.98885,-77.00916833
01,15,,11.04,02,02,1,01,01,00,MCP2425004B,06.01,01-27-2015,12:21:00,54114,N,N,MONTGOMERY,UNK,01,10,98,CO,,1.5,N,FAIRLAND RD,30,F,N,2609,CO,,COLEFAIR DR,39.07686,-76.96862833
00,15,,02,07,02,,01,04,00,MCP2425004C,06.01,01-29-2015,10:45:00,55112,N,N,MONTGOMERY,UNK,01,00,97,MD,,1.81,N,GEORGIA AVE,0,F,N,1739,CO,,TILTON DR,39.018465,-77.04317167
01,15,,02,11,02,,01,04,04,MCP2425004D,06.01,01-29-2015,13:00:00,55114,Y,N,MONTGOMERY,UNK,09,01,2925,CO,,0,S,INDUSTRIAL PKWY,0,F,S,29,US,,COLUMBIA PIKE,39.05593,-76.97080833
03,15,,09.04,03,02,1,01,02,00,MCP2425004F,06.01,02-05-2015,06:45:00,55112,N,N,MONTGOMERY,UNK,01,00,193,MD,,4.26,E,UNIVERSITY BLVD W,20,F,E,698,CO,,SUTHERLAND RD,39.02098,-77.013285
01,15,,01,03,02,1,01,04,00,MCP2425004G,06.01,02-06-2015,08:12:00,55114,N,N,MONTGOMERY,UNK,01,00,29,US,,2.87,N,COLESVILLE RD,20,F,N,,UU,,SPUR TO WOODMOOR CIR,39.02220167,-77.01170833
01,15,,01,07,02,3,01,04,16.05,MCP2425004H,06.01,02-11-2015,10:18:00,55112,N,N,MONTGOMERY,UNK,01,09,495,IS,,10.25,E,CAPITAL BELTWAY,100,F,E,495,RP,,RAMP 8 FR MD 97 SB TO IS 495 WB,39.01363333,-77.04562667
01,15,,02,17,02,1,01,01,00,MCP2425004K,06.01,02-25-2015,11:35:00,55122,Y,N,MONTGOMERY,UNK,03,00,913,CO,,0,N,FLOWER AVE,0,F,N,320,MD,,PINEY BRANCH RD,38.997945,-77.00392333
01,15,,02,11,02,,01,03,00,MCP2425004M,06.01,03-17-2015,13:24:00,54114,Y,N,MONTGOMERY,UNK,01,00,95,CO,,3.42,E,BRIGGS CHANEY RD,0,F,E,,UU,,ENT TO BRIGGS CHANEY OUTLETS,39.08197294,-76.94708347
01,15,,09.04,11,02,2,01,03,00,MCP2425004N,06.01,03-19-2015,12:43:00,54114,N,N,MONTGOMERY,UNK,01,00,320,MD,,2.29,N,PINEY BRANCH RD,50,F,N,5795,OP,,KODIAK DR,38.99974833,-76.992025
01,15,,01,03,01,2,01,04,00,MCP2425004Q,03,03-25-2015,09:37:00,54114,N,N,MONTGOMERY,UNK,01,00,29,US,,4.09,N,COLUMBIA PIKE,200,F,N,868,CO,,BURNT MILLS AVE,39.0354696,-77.00089931
01,15,,09.04,11,02,1,01,01,00,MCP2425004R,06.01,03-30-2015,08:05:00,54114,Y,N,MONTGOMERY,UNK,01,00,668,CO,,0.8,E,WAYNE AVE,25,F,E,7074,CO,,DALE DR,38.99931833,-77.01651833
01,15,,09.04,12,02,3,01,01,00,MCP2433000F,06.01,02-09-2015,09:07:00,54112,N,N,MONTGOMERY,UNK,01,00,193,MD,,3.73,E,UNIVERSITY BLVD W,200,F,E,793,CO,,DENNIS AVE,39.02654365,-77.02047944
01,15,,01,88,02,2,01,04,00,MCP2436000P,06.01,01-23-2015,15:40:00,55122,N,N,MONTGOMERY,UNK,01,01,29,US,,8.46,N,COLUMBIA PIKE,500,F,N,95,CO,,BRIGGS CHANEY RD,39.085615,-76.94635167
01,15,,03,88,02,1,01,01,00,MCP2436000Q,06.01,03-17-2015,16:20:00,54112,N,N,MONTGOMERY,UNK,01,00,4093,CO,,0.66,N,CASTLE BLVD,20,F,N,,UU,,ROAD END,39.089775,-76.93861
01,15,,01,13,02,1,01,01,00,MCP25080008,07.01,03-31-2015,18:23:00,5511,Y,N,MONTGOMERY,UNK,01,00,5500,CO,,1.61,W,WISTERIA DR,200,F,W,118,MD,,GERMANTOWN RD,39.177755,-77.27031333
04,15,,01,17,00,,06,04,04,MCP2509000H,00,02-03-2015,23:30:00,,N,N,MONTGOMERY,UNK,09,00,410,MD,,4.02,E,EAST WEST HWY,50,F,E,649,CO,,BLAIR MILL RD,38.989275,-77.028291
01,15,,01,09,03,1,01,02,00,MCP2511000D,08.04,01-06-2015,07:46:00,54112,N,N,MONTGOMERY,UNK,01,00,3727,CO,,1.84,N,MONTGOMERY VILLAGE AVE,100,F,N,6648,CO,,MEADOWCROFT LA,39.184525,-77.19888333
03,15,,00,17,04,2,01,04,04,MCP26490006,06.01,02-15-2015,23:13:00,54112,N,N,MONTGOMERY,UNK,15,09,118,MD,,6.15,N,GERMANTOWN RD,10,F,N,270,RP,,RAMP 7 FR MD 118 WB TO IS 270 SB,39.18343,-77.25717333
03,15,,01,02,02,1,01,03,00,MCP26500007,06.01,02-08-2015,21:48:00,55114,N,N,MONTGOMERY,UNK,01,00,110,MU,,0.08,E,TULANE AVE,150,F,E,4690,CO,,MACARTHUR BLVD,38.96522167,-77.13800667
03,15,,02,11,02,1,01,04,00,MCP2651000D,06.01,01-10-2015,21:50:00,55114,Y,N,MONTGOMERY,UNK,01,00,198,MD,,2.31,E,SPENCERVILLE RD,0,F,E,84,CO,,KRUHM RD,39.11080667,-76.94912
03,15,,02,11,02,2,01,04,00,MCP2651000F,06.01,01-25-2015,00:20:00,54114,Y,N,MONTGOMERY,UNK,01,00,29,US,,5.11,N,COLUMBIA PIKE,0,F,N,112,CO,,STEWART LA,39.04644667,-76.98700833
03,15,,01,17,01,1,01,04,04,MCP2653000B,03,01-24-2015,01:31:00,45112,N,N,MONTGOMERY,UNK,09,00,913,CO,,0,N,FLOWER AVE,30,F,N,320,MD,,PINEY BRANCH RD,38.99838328,-77.00360298
03,15,,01,06,02,1,01,03,00,MCP2653000C,06.01,02-01-2015,00:19:00,54114,N,N,MONTGOMERY,UNK,01,00,320,MD,,1.9,N,PINEY BRANCH RD,20,F,N,734,CO,,GARLAND AVE,38.999095,-76.99853167
03,15,,01,07,04,1,01,03,00,MCP2653000D,06.01,02-19-2015,03:34:00,55114,N,N,MONTGOMERY,UNK,02,00,627,OP,,0,N,CARROLL AVE,200,F,N,320,MD,,PINEY BRANCH RD,38.99929833,-76.99077
01,15,,03,03,02,1,01,01,00,MCP2654000M,06.01,01-27-2015,17:05:00,54114,Y,N,MONTGOMERY,UNK,01,01,320,MD,,1,N,PINEY BRANCH RD,50,F,N,748,CO,,PARK VALLEY RD,38.99097036,-77.01036215
01,15,,03,07,01,1,01,04,00,MCP2064000F,06.01,01-06-2015,15:17:00,55114,Y,N,MONTGOMERY,UNK,01,00,97,MD,,4.28,N,GEORGIA AVE,10,F,N,282,CO,,SHOREFIELD RD,39.05289167,-77.05030667
01,15,,01,05,02,1,01,00,00,MCP2072000D,06.01,02-04-2015,11:29:00,5521,Y,N,MONTGOMERY,UNK,01,00,118,MD,,7.08,N,GERMANTOWN RD,100,F,N,355,MD,,FREDERICK RD,39.33575792,-76.96540833
01,15,,02,10,02,,01,01,00,MCP20760004,06.01,01-08-2015,14:47:00,55112,Y,N,MONTGOMERY,UNK,01,00,95,CO,,3.51,E,BRIGGS CHANEY RD,0,F,E,4093,CO,,CASTLE BLVD,39.07849833,-76.94382167
01,15,,01,07,02,3,01,04,13,MCP20760005,06.01,01-30-2015,12:05:00,54112,N,N,MONTGOMERY,UNK,09,01,29,US,,8.033,N,COLUMBIA PIKE,0,F,N,,UU,,EXIT #16 (MD 200),39.07897333,-76.95196
01,15,,02,11,01,2,01,01,00,MCP20760006,06.01,02-27-2015,14:15:00,55114,Y,N,MONTGOMERY,UNK,01,00,95,CO,,3.355,E,BRIGGS CHANEY RD,0,F,E,29,RP,,RAMP 2 FR BRIGGS CHANEY RD TO US 29 NB,39.07918833,-76.944165
04,15,,01,08,01,2,01,04,00,MCP20760007,06.01,03-10-2015,06:28:00,54114,N,N,MONTGOMERY,UNK,01,00,29,US,A,0,N,COLUMBIA PIKE,1,M,N,198,MD,A,SANDY SPRING RD,39.12657302,-76.92288995
03,15,,02,02,02,1,01,03,00,MCP20760008,06.01,03-18-2015,06:38:00,54114,Y,N,MONTGOMERY,UNK,01,01,95,CO,,3.124,E,BRIGGS CHANEY RD,0,F,E,,UU,,CROSSOVER,39.08419833,-76.95004167
01,15,,11.04,03,01,1,01,01,00,MCP2077000P,03,01-03-2015,13:36:00,55112,N,N,MONTGOMERY,UNK,01,00,97,MD,,13.29,N,GEORGIA AVE,50,F,N,3937,CO,,GOLD MINE RD,39.17111167,-77.05931167
01,15,,03,03,02,2,01,04,00,MCP2077000Q,06.01,02-03-2015,12:20:00,55122,Y,N,MONTGOMERY,UNK,01,00,193,MD,,4.71,E,UNIVERSITY BLVD E,25,F,E,755,CO,,WILLIAMSBURG DR,39.017115,-77.00634833
01,15,,02,02,02,,01,00,00,MCP2077000R,00,02-12-2015,15:55:00,54112,N,N,MONTGOMERY,UNK,01,00,586,MD,,5.43,E,VEIRS MILL RD,0,F,E,866,CO,,ENNALLS AVE,39.039449,-77.054174
01,15,,03,03,03,,01,03,00,MCP2077000S,08.04,01-06-2015,08:00:00,45112,Y,N,MONTGOMERY,UNK,01,01,185,MD,,5.92,N,CONNECTICUT AVE,25,F,N,586,MD,,VEIRS MILL RD,39.052285,-77.074806
03,15,,01,17,02,,01,04,11,MCP20800005,06.01,02-11-2015,22:47:00,55114,N,N,MONTGOMERY,UNK,09,09,97,MD,,2.18,N,GEORGIA AVE,10,F,N,4677,CO,,MEDICAL PARK DR,39.02405167,-77.04566833
03,15,,02,02,02,,01,00,00,MCP20800006,06.01,03-29-2015,01:57:00,54112,Y,N,MONTGOMERY,UNK,01,00,97,MD,,2.3,N,GEORGIA AVE,0,F,N,793,CO,,DENNIS AVE,39.025465,-77.04625167
03,15,,03,03,02,1,01,04,00,MCP20820006,06.01,01-09-2015,23:42:00,5511,N,N,MONTGOMERY,UNK,01,00,99,CO,,1.51,E,E RANDOLPH RD,400,F,E,3467,CO,,LAURIE DR,39.06549667,-76.97958833
01,15,,02,02,02,1,01,03,00,MCP2437000P,07.01,01-07-2015,14:50:00,54114,N,N,MONTGOMERY,UNK,01,00,1659,CO,,2.45,E,RANDOLPH RD,0,F,E,1421,CO,,GOODHILL RD,39.05829333,-77.07119833
01,15,,02,11,02,2,01,03,06,MCP2437000Q,06.01,01-09-2015,11:00:00,54114,Y,N,MONTGOMERY,UNK,01,09,1659,CO,,2.45,E,RANDOLPH RD,0,F,E,1421,CO,,GOODHILL RD,39.05821667,-77.07141833
05.02,15,,01,03,01,2,01,03,00,MCP2437000R,07.01,01-22-2015,07:15:00,54114,N,N,MONTGOMERY,UNK,01,00,2722,CO,,1,W,BEL PRE RD,0,M,W,3105,CO,,HOMECREST RD,39.091325,-77.0661
01,15,,06.01,17,06.03,,01,03,04,MCP2437000S,07.01,01-27-2015,08:54:00,55114,N,N,MONTGOMERY,UNK,09,00,97,MD,,6.64,N,GEORGIA AVE,0,F,N,,UU,,DIRECTIONAL CROSSOVER,39.07981667,-77.07363333
01,15,,02,11,02,3,01,03,00,MCP2437000T,06.01,02-03-2015,14:53:00,55114,N,N,MONTGOMERY,UNK,01,00,97,MD,,6.5,N,GEORGIA AVE,0,F,N,2062,CO,,RALPH RD,39.07832333,-77.07200667
01,15,,02,11,02,1,01,01,00,MCP2437000W,06.01,02-25-2015,07:37:00,54114,Y,N,MONTGOMERY,UNK,01,00,1564,CO,,1.36,S,WELLER RD,0,F,S,1679,CO,,ATHERTON DR,39.06246667,-77.07536667
03,15,,02,11,02,5,01,04,04,MCP24380005,06.01,01-07-2015,21:28:00,54112,Y,N,MONTGOMERY,UNK,01,00,29,US,,7.68,N,COLUMBIA PIKE,0,F,N,98,CO,,FAIRLAND RD,39.07278667,-76.955695
04,15,,01,01,03,1,01,01,00,MCP24380006,07.01,01-26-2015,18:51:00,55112,N,N,MONTGOMERY,UNK,01,00,2222,CO,,0.26,N,MONTCLAIR DR,300,F,N,3115,CO,,EASTBOURNE PL,39.06158167,-76.986665
06.02,15,,03,03,06.03,1,01,04,00,MCP24380008,12.04,01-29-2015,17:36:00,54112,N,N,MONTGOMERY,UNK,01,00,650,MD,,5.32,N,NEW HAMPSHIRE AVE,50,F,N,1495,CO,,MILESTONE DR,39.04605667,-76.99242333
01,15,,00,03,02,1,01,04,00,MCP2438000B,06.01,03-27-2015,17:07:00,,N,N,MONTGOMERY,UNK,01,00,29,US,,5.585,N,COLUMBIA PIKE,500,F,N,,UU,,BEGIN BRIDGE,39.04985167,-76.98150333
04,15,,00,00,02,1,01,01,00,MCP2439000D,06.01,01-01-2015,18:00:00,54142,N,N,MONTGOMERY,UNK,03,00,4120,CO,,0.17,N,CONTOUR RD,25,F,N,6873,CO,,HORIZON RUN RD,39.1552397,-77.197752
01,15,,05.01,03,02,,01,04,00,MCP2439000F,06.01,02-13-2015,16:54:00,54112,Y,N,MONTGOMERY,UNK,01,00,212,CO,,3.95,N,SHADY GROVE RD,10,F,N,355,MD,,FREDERICK RD,39.1225779,-77.1780324
06.02,15,,00,03,02,4,01,04,00,MCP2444000N,06.01,01-13-2015,17:20:00,55112,N,N,MONTGOMERY,UNK,01,00,185,MD,,2.62,N,CONNECTICUT AVE,999,F,N,495,IS,,CAPITAL BELTWAY,39.19242,-77.27029167
01,15,,01,03,02,1,01,01,00,MCP2444000P,06.01,01-15-2015,16:08:00,54112,N,N,MONTGOMERY,UNK,01,00,125,CO,,0.45,N,PARKLAWN DR,600,F,N,1659,CO,,RANDOLPH RD,39.19022167,-77.272925
01,15,,02,01,02,,01,01,00,MCP2444000Q,06.01,03-26-2015,17:02:00,55114,N,N,MONTGOMERY,UNK,01,00,3239,CO,,0.398,N,EXECUTIVE BLVD,0,F,N,4242,CO,,NICHOLSON LA,39.04554333,-77.11661167
03,15,,02,11,01,1,01,01,00,MCP25120012,07.01,01-21-2015,19:01:00,55112,Y,N,MONTGOMERY,UNK,01,00,124,MD,,2.73,N,QUINCE ORCHARD RD,0,F,N,117,MD,,W DIAMOND AVE,39.142545,-77.220885
06.02,15,,01,09,02,1,01,04,00,MCP2514000P,06.01,01-29-2015,06:57:00,55114,N,N,MONTGOMERY,UNK,01,00,650,MD,,2.68,N,NEW HAMPSHIRE AVE,20,F,N,4542,CO,,ADELPHI RD,39.04392167,-76.99162667
01,15,,02,02,01,3,01,04,00,MCP2514000Q,06.01,03-07-2015,11:54:00,55112,N,N,MONTGOMERY,UNK,01,00,193,MD,,5.4,E,UNIVERSITY BLVD E,0,F,E,762,CO,,E MELBOURNE AVE,39.01007,-76.99939833
03,15,,00,03,02,1,01,03,00,MCP2514000R,06.01,03-20-2015,20:18:00,55122,N,N,MONTGOMERY,UNK,01,00,109,CO,,0.17,N,LOCKWOOD DR,10,F,N,2507,CO,,MEADOWHILL RD,39.04835833,-76.99143333
03,15,,02,11,02,1,01,04,00,MCP25150002,00,02-01-2015,01:44:00,,Y,N,MONTGOMERY,UNK,01,00,97,MD,,0,N,GEORGIA AVE,0,F,N,29,US,,COLESVILLE RD,38.99747833,-77.02955167
04,15,,01,17,01,,01,01,18.88,MCP2518000F,06.01,01-22-2015,02:20:00,55112,N,N,MONTGOMERY,UNK,09,09,28,CO,,0.83,S,HUNTMASTER RD,100,F,S,5209,CO,,FOXLAIR RD,39.214805,-77.19555
03,15,,02,17,06.03,,01,01,04,MCP2518000H,02,02-02-2015,06:05:00,55112,N,N,MONTGOMERY,UNK,09,09,4554,CO,,0.144,W,VALLEY PARK DR,0,F,W,,UU,,CANVAS BACK WAY,39.15080667,-77.17420833
01,15,,01,01,04,1,01,01,05,MCP2518000J,06.01,03-09-2015,07:51:00,54112,N,N,MONTGOMERY,UNK,01,09,54,CO,,3.17,E,SUNDOWN RD,1,M,E,64,CO,,ZION RD,39.21933667,-77.09875833
01,15,,03,01,02,1,01,01,00,MCP2518000K,06.01,03-15-2015,12:21:00,54114,N,N,MONTGOMERY,UNK,01,00,355,MD,,20.36,N,FREDERICK RD,5,F,N,27,CO,,BRINK RD,39.21387333,-77.24928167
01,15,,02,08,02,1,01,04,00,MCP2639000P,06.01,03-23-2015,18:25:00,55112,Y,N,MONTGOMERY,UNK,01,00,97,MD,,2.78,N,GEORGIA AVE,0,F,N,290,CO,,WINDHAM LA,39.03233333,-77.04853
03,15,,03,03,02,2,01,01,00,MCP2640000G,06.01,01-11-2015,19:35:00,55112,Y,N,MONTGOMERY,UNK,01,01,29,US,,0,N,GEORGIA AVE,100,F,N,,UU,,NW EASTERN AVE (DC MAINT),38.98498833,-77.02660333
01,15,,03,88,01,1,01,04,00,MCP2640000H,03,01-12-2015,14:31:00,55112,Y,N,MONTGOMERY,UNK,01,01,650,MD,,6.27,N,NEW HAMPSHIRE AVE,5,F,N,2006,CO,,VALLEY BROOK DR,39.05857931,-76.99771285
01,15,,01,07,01,2,01,04,00,MCP26430007,03,01-12-2015,15:11:00,55122,N,N,MONTGOMERY,UNK,01,00,650,MD,,3.23,N,NEW HAMPSHIRE AVE,0,F,N,495,IS,,CAPITAL BELTWAY,39.01916833,-76.97669667
03,15,,02,02,02,,01,04,00,MCP26440002,00,01-15-2015,18:36:00,55114,Y,N,MONTGOMERY,UNK,01,00,355,MD,,9.32,N,ROCKVILLE PIKE,0,F,N,1410,MU,,CHURCH ST,39.08348033,-77.1468544