LIGHT_CODE,COUNTY_NO,MUNI_CODE,JUNCTION_CODE,COLLISION_TYPE_CODE,SURF_COND_CODE,LANE_CODE,RD_COND_CODE,RD_DIV_CODE,FIX_OBJ_CODE,REPORT_NO,WEATHER_CODE,ACC_DATE,ACC_TIME,LOC_CODE,SIGNAL_FLAG,C_M_ZONE_FLAG,AGENCY_CODE,AREA_CODE,HARM_EVENT_CODE1,HARM_EVENT_CODE2,RTE_NO,ROUTE_TYPE_CODE,RTE_SUFFIX,LOG_MILE,LOGMILE_DIR_FLAG,MAINROAD_NAME,DISTANCE,FEET_MILES_FLAG,DISTANCE_DIR_FLAG,REFERENCE_NO,REFERENCE_TYPE_CODE,REFERENCE_SUFFIX,REFERENCE_ROAD_NAME,LATITUDE,LONGITUDE
03,15,,02,09,02,3,01,04,00,MCP26440003,06.01,02-10-2015,22:49:00,45112,Y,N,MONTGOMERY,UNK,01,00,355,MD,,12.62,N,FREDERICK RD,0,F,N,212,CO,,SHADY GROVE RD,39.12248634,-77.17756033
03,15,,03,09,02,2,01,04,00,MCP2645000C,06.01,02-21-2015,04:00:00,54112,Y,N,MONTGOMERY,UNK,01,00,97,MD,,1.46,N,GEORGIA AVE,15,F,N,495,RP,,RAMP 1 FR MD 97 NB TO IS 495 WB,39.01391167,-77.042195
07.88,15,,02,03,03,1,01,01,00,MCP26460009,08.04,01-26-2015,19:56:00,44112,Y,N,MONTGOMERY,UNK,01,00,124,CO,,0.16,E,ARCOLA AVE,0,F,E,1131,CO,,GALT AVE,39.05752,-77.04986833
03,15,,02,02,02,2,01,03,00,MCP20820007,00,01-10-2015,22:55:00,5511,Y,N,MONTGOMERY,UNK,00,00,650,MD,,9.73,N,NEW HAMPSHIRE AVE,0,F,N,72,CO,,NORWOOD RD,39.10611227,-77.00152159
07.88,15,,02,03,01,2,01,04,00,MCP20820008,03,02-09-2015,21:40:00,55114,Y,N,MONTGOMERY,UNK,01,01,72,CO,,1.397,W,NORWOOD RD,0,F,W,7445,CO,,NORBECK RD,39.11898333,-77.02099
03,15,,01,17,02,2,01,01,11,MCP2085000D,06.01,02-17-2015,21:46:00,55112,N,N,MONTGOMERY,UNK,09,00,5082,OP,,0,E,CALVERTON BLVD,0,M,E,4359,CO,,CHERRY HILL RD,39.052975,-76.95317833
06.02,15,,02,03,02,2,01,04,00,MCP2446000R,07.01,01-23-2015,16:36:00,55114,Y,N,MONTGOMERY,UNK,01,00,4556,CO,,0.47,S,FATHER HURLEY BLVD,0,F,S,5430,CO,,CRYSTAL ROCK DR,39.193518,-77.270119
99,15,,01,17,02,1,01,03,09,MCP2446000S,06.01,02-02-2015,20:42:00,55122,N,N,MONTGOMERY,UNK,09,00,5500,CO,,0.11,W,WISTERIA DR,50,F,W,,UU,,WHITE SANDS DR,39.161907,-77.25182
01,15,,00,03,03,1,88,01,00,MCP2446000V,08.04,02-21-2015,16:15:00,55112,Y,N,MONTGOMERY,UNK,01,00,6377,CO,,0.51,N,GERMANTOWN RD,0,F,N,5562,CO,,SCENERY DR,39.19218,-77.23344
01,15,,02,02,02,1,01,04,04,MCP2446000W,00,02-28-2015,16:37:00,54112,Y,N,MONTGOMERY,UNK,01,09,141,CO,,0.39,E,MIDDLEBROOK RD,0,F,E,7337,CO,,CENTURY BLVD,39.180219,-77.268522
03,15,,02,03,01,1,01,04,00,MCP2446000X,03,03-26-2015,19:19:00,54112,Y,N,MONTGOMERY,UNK,01,01,117,MD,,8.06,E,CLOPPER RD,0,F,E,119,MD,,GREAT SENECA HWY,39.158766,-77.275257
03,15,,00,17,01,1,01,04,04,MCP2446000Z,07.01,03-31-2015,20:13:00,,Y,N,MONTGOMERY,UNK,09,00,118,MD,,5.97,N,GERMANTOWN RD,0,F,N,270,RP,,RAMP 8 FR IS 270 SB TO MD 118 WB,39.184308,-77.254816
01,15,,02,03,02,2,01,02,00,MCP24500008,06.01,02-02-2015,14:47:00,54112,Y,N,MONTGOMERY,UNK,01,00,650,MD,,3.46,N,NEW HAMPSHIRE AVE,0,F,N,104,CO,,POWDER MILL RD,39.02183833,-76.97746
01,15,,01,03,06.03,1,99,02,00,MCP24500009,06.01,03-06-2015,12:32:00,55112,N,N,MONTGOMERY,UNK,01,00,193,MD,,4.15,E,UNIVERSITY BLVD W,300,F,E,699,CO,,LORAIN AVE,39.02014333,-77.01356667
01,15,,02,02,01,2,01,04,00,MCP2455000L,06.01,01-22-2015,11:07:00,55114,Y,N,MONTGOMERY,UNK,01,00,355,MD,,11.84,N,FREDERICK RD,0,F,N,2533,MU,,REDLAND BLVD,39.11551333,-77.16595833
01,15,,01,03,02,2,01,04,00,MCP2455000M,06.01,01-22-2015,11:43:00,55112,N,N,MONTGOMERY,UNK,01,00,355,MD,,11.51,N,FREDERICK RD,25,F,N,3173,MU,,WATKINS POND BLVD,39.112308,-77.161891
05.02,15,,02,05,01,,01,01,05,MCP2455000N,07.01,02-09-2015,07:08:00,55112,N,N,MONTGOMERY,UNK,01,09,1936,CO,,1.38,S,REDLAND RD,0,F,S,3560,CO,,GRANDE VISTA DR,39.12726667,-77.14997333
01,15,,03,03,04,3,88,04,00,MCP2455000P,06.01,02-15-2015,08:45:00,55112,Y,N,MONTGOMERY,UNK,01,00,355,MD,,12.03,N,FREDERICK RD,0,F,N,1555,MU,,KING FARM BLVD,39.117242,-77.16899
01,15,,02,11,02,3,01,01,00,MCP2456000D,06.01,01-01-2015,13:19:00,55112,Y,N,MONTGOMERY,UNK,01,00,650,MD,,2.68,N,NEW HAMPSHIRE AVE,0,F,N,1302,CO,,DILSTON RD,39.01151833,-76.97914167
01,15,,01,03,02,3,01,04,00,MCP2456000G,06.01,01-17-2015,13:53:00,55112,N,N,MONTGOMERY,UNK,01,00,650,MD,,3.01,N,NEW HAMPSHIRE AVE,100,F,N,495,RP,,RAMP 4 FR MD 650 NB TO IS 495 EB,39.01571167,-76.97757667
01,15,,08.04,11,02,1,01,01,00,MCP2456000J,06.01,02-06-2015,11:25:00,55112,N,N,MONTGOMERY,UNK,02,02,932,CO,,0.03,N,KIMES ST,75,F,N,,UU,,ROAD END,39.006515,-76.99664333
01,15,,08.04,07,02,,00,88,02,MCP2456000K,06.01,02-06-2015,11:36:00,55312,N,N,MONTGOMERY,UNK,02,09,1630,CO,,0.04,S,KIMES ST,75,F,S,,UU,,ROAD END,39.006515,-76.99664333
01,15,,02,03,02,2,01,04,00,MCP2456000L,06.01,03-18-2015,08:58:00,54112,Y,N,MONTGOMERY,UNK,01,01,650,MD,,2.68,N,NEW HAMPSHIRE AVE,0,F,N,1302,CO,,DILSTON RD,39.01144667,-76.97959667
03,15,,02,17,02,1,01,88,11,MCP25260009,06.01,01-05-2015,18:09:00,54114,Y,N,MONTGOMERY,UNK,09,00,90,MU,,1.88,S,CATTAIL RD,0,F,S,75,MU,,DR WALLING RD,39.14602,-77.407165
03,15,,00,07,00,1,01,01,00,MCP25270004,00,02-06-2015,19:01:00,5511,N,N,MONTGOMERY,UNK,02,00,53,MU,,0.23,S,BOOTH ST,50,F,S,532,MU,,KENTLANDS BLVD,39.12450682,-77.23987877
03,15,,03,03,02,1,01,04,09,MCP25270005,00,02-06-2015,22:22:00,5511,N,N,MONTGOMERY,UNK,09,01,119,MD,,0.6,N,GREAT SENECA HWY,50,F,N,,UU,,SPUR FR SAM EIG HWY,39.10905106,-77.21296549
04,15,,02,03,01,1,01,01,00,MCP25270006,06.01,02-18-2015,18:37:00,5512,N,N,MONTGOMERY,UNK,01,00,117,MD,,9.22,E,CLOPPER RD,0,F,E,5502,CO,,WARING STATION RD,39.154135,-77.25426833
01,15,,05.01,03,02,,01,04,00,MCP25270007,06.01,02-27-2015,16:18:00,5411,N,N,MONTGOMERY,UNK,01,00,270,RP,,0,S,RAMP 7 FR IS 370 WB TO IS 270 SB,5,F,S,370,IS,,NO NAME,39.12122167,-77.2013
01,15,,00,03,01,2,01,04,00,MCP25310002,09.04,02-16-2015,16:14:00,55114,N,N,MONTGOMERY,UNK,01,00,6271,CO,,0,N,SAM EIG HWY,300,F,N,119,MD,,GREAT SENECA HWY,39.11072167,-77.21155167
01,15,,02,11,02,1,01,04,00,MCP25310003,06.01,03-24-2015,18:19:00,54112,Y,N,MONTGOMERY,UNK,01,00,7009,CO,,0,E,DARNESTOWN RD,0,F,E,28,MD,,KEY WEST AVE,39.10048667,-77.213755
03,15,,01,17,02,1,01,03,04,MCP25320009,06.01,02-21-2015,02:59:00,55122,N,N,MONTGOMERY,UNK,09,00,7077,CO,,0,N,LOCKWOOD DR,25,F,N,29,US,,COLUMBIA PIKE,39.03357667,-77.001685
03,15,,03,03,02,,01,04,00,MCP2534000G,06.01,01-27-2015,21:35:00,55122,Y,N,MONTGOMERY,UNK,01,00,650,MD,,2.68,N,NEW HAMPSHIRE AVE,10,F,N,1302,CO,,DILSTON RD,39.01143833,-76.97887667
03,15,,01,03,04,1,01,01,00,MCP2534000J,05,02-15-2015,02:45:00,55114,N,N,MONTGOMERY,UNK,01,01,193,MD,,4.8,E,UNIVERSITY BLVD E,30,F,E,754,CO,,WHITESTONE RD,39.01587,-77.005535
03,15,,01,07,01,3,01,04,00,MCP2534000K,06.01,03-02-2015,02:40:00,55124,N,N,MONTGOMERY,UNK,01,00,193,MD,,6.15,E,UNIVERSITY BLVD E,50,F,E,320,MD,,PINEY BRANCH RD,38.99980167,-76.99534333
03,15,,01,88,02,1,01,01,00,MCP2534000L,06.01,03-13-2015,03:50:00,55114,N,N,MONTGOMERY,UNK,02,02,2739,CO,,0.1,S,STONEYHILL DR,0,M,S,2741,CO,,PINEDALE DR,39.03279833,-76.99994667
07.88,15,,01,17,02,,01,04,02,MCP25360006,00,01-01-2015,05:07:00,55114,N,N,MONTGOMERY,UNK,00,00,586,MD,,5.43,E,VEIRS MILL RD,200,F,E,866,CO,,ENNALLS AVE,39.03859,-77.05289667
03,15,,01,17,04,1,88,01,88,MCP25360007,06.01,02-15-2015,11:25:00,,N,N,MONTGOMERY,UNK,09,00,2254,CO,,0.12,S,CADDINGTON AVE,30,F,S,2415,CO,,PLAYFORD LA,39.03698631,-77.01600552
03,15,,02,13,02,1,08,04,00,MCP2539000B,07.01,01-15-2015,02:04:00,54114,Y,Y,MONTGOMERY,UNK,01,00,355,MD,,1.62,N,WISCONSIN AVE,0,F,N,410,MD,,MONTGOMERY AVE,38.98389167,-77.09188333
03,15,,01,03,02,,01,01,00,MCP2539000C,07.01,03-29-2015,18:45:00,55122,N,N,MONTGOMERY,UNK,01,00,378,CO,,0,W,RUGBY AVE,20,F,W,385,CO,,WOODMONT AVE,38.98995167,-77.09685167
03,15,,02,11,01,1,01,04,88,MCP1475000F,03,02-09-2015,19:03:00,54114,Y,N,MONTGOMERY,UNK,01,09,3727,CO,,0.11,N,MONTGOMERY VILLAGE AVE,0,F,N,6860,CO,,LAKE SHORE DR,39.161505,-77.20177833
01,15,,03,04,02,3,01,88,00,MCP14770003,06.01,01-02-2015,11:43:00,45114,Y,N,MONTGOMERY,UNK,01,00,7072,CO,,0.27,N,OLD COLUMBIA PIKE,5,F,N,7078,CO,,NO NAME,39.04505269,-76.98669434
01,15,,03,03,02,1,01,03,00,MCP14770005,06.01,01-05-2015,14:59:00,54114,N,N,MONTGOMERY,UNK,01,00,93,CO,,2.43,N,GREENCASTLE RD,0,F,N,,UU,,PRINCE GEORGES CO/L,39.06148833,-76.96162333
04,15,,03,03,02,3,01,04,00,MCP1500000B,06.01,01-10-2015,18:15:00,55114,Y,N,MONTGOMERY,UNK,01,00,29,US,,5.188,N,COLUMBIA PIKE,300,F,N,7078,CO,,NO NAME,39.04810167,-76.98475167
01,15,,03,03,02,2,01,03,00,MCP1500000C,06.01,02-07-2015,17:32:00,54112,Y,N,MONTGOMERY,UNK,01,00,650,MD,,7.35,N,NEW HAMPSHIRE AVE,30,F,N,2563,CO,,WOLF DR,39.073555,-77.00274667
04,15,,01,03,04,3,01,03,00,MCP1500000D,09.04,02-14-2015,23:00:00,55122,N,N,MONTGOMERY,UNK,01,00,193,MD,,6.34,E,UNIVERSITY BLVD E,100,F,E,2185,CO,,SEEK LA,38.99664333,-76.993515
03,15,,03,01,02,,01,01,00,MCP1500000F,06.01,03-06-2015,20:42:00,54112,Y,N,MONTGOMERY,UNK,01,00,103,CO,,0.55,E,CALVERTON BLVD,5,F,E,3480,CO,,GALWAY DR,39.05625833,-76.944465
01,15,,03,03,02,1,01,01,00,MCP1501000F,06.01,01-16-2015,08:35:00,54112,Y,N,MONTGOMERY,UNK,01,01,6377,CO,,0.227,N,GERMANTOWN RD,1,F,N,,UU,,SHAKESPEARE BLVD,39.19290052,-77.23855376
01,15,,03,03,02,2,01,04,00,MCP1501000G,06.01,01-22-2015,14:25:00,54114,Y,N,MONTGOMERY,UNK,01,01,4556,CO,,1.42,S,FATHER HURLEY BLVD,1,F,S,5500,CO,,WISTERIA DR,39.18141644,-77.27621198
01,15,,03,03,02,2,01,04,00,MCP1501000H,06.01,01-31-2015,12:02:00,55114,Y,N,MONTGOMERY,UNK,01,00,355,MD,,18.02,N,FREDERICK RD,1,F,N,141,CO,,MIDDLEBROOK RD,39.19231846,-77.24270582
01,15,,01,03,02,1,01,04,00,MCP1501000J,06.01,02-16-2015,12:57:00,54112,N,N,MONTGOMERY,UNK,01,01,27,MD,,0.54,N,RIDGE RD,100,F,N,27,CO,,BRINK RD,39.20816537,-77.24098921
01,15,,01,06,01,1,01,01,00,MCP1502000B,06.01,01-23-2015,08:08:00,5411,N,N,MONTGOMERY,UNK,01,00,115,MD,,2.73,E,MUNCASTER MILL RD,0,M,E,135,CO,,BOWIE MILL RD,39.13566167,-77.12469667
01,15,,02,17,02,1,01,01,05,MCP1502000C,06.01,01-31-2015,08:58:00,5511,Y,N,MONTGOMERY,UNK,09,10,885,CO,,0.12,E,RAILROAD ST,0,F,E,3138,CO,,E DEER PARK DR,39.13797,-77.17918
01,15,,00,03,02,1,01,01,00,MCP1502000D,06.01,03-31-2015,09:24:00,5411,N,N,MONTGOMERY,UNK,01,01,115,MD,,1.31,E,MUNCASTER MILL RD,150,F,E,1936,CO,,REDLAND RD,39.14532,-77.143335
01,15,,03,88,02,1,01,04,04,MCP20940044,06.01,01-23-2015,11:06:00,55114,Y,N,MONTGOMERY,UNK,01,01,187,MD,,4.04,N,OLD GEORGETOWN RD,100,F,N,164,CO,,TUCKERMAN LA,39.0341,-77.12526
01,15,,02,11,02,1,01,04,00,MCP20940045,06.01,01-28-2015,07:37:00,54114,Y,N,MONTGOMERY,UNK,01,00,927,MD,A,1.01,E,MONTROSE PKWY,0,F,E,5017,CO,A,HOYA ST,39.05180833,-77.11867667
01,15,,01,03,02,2,03,04,00,MCP20940046,06.01,01-28-2015,08:10:00,54112,N,N,MONTGOMERY,UNK,01,01,187,MD,,2.44,N,OLD GEORGETOWN RD,20,F,N,1039,CO,,RYLAND DR,39.26965333,-77.21713667
01,15,,03,03,02,2,01,02,00,MCP20940047,06.01,02-03-2015,12:50:00,55114,Y,Y,MONTGOMERY,UNK,01,00,367,CO,,0.07,E,MONTGOMERY LA,30,F,E,366,CO,,EAST LA,38.98357167,-77.09541667
01,15,,01,08,02,4,01,04,04,MCP20940048,06.01,02-13-2015,09:12:00,55114,N,N,MONTGOMERY,UNK,01,09,495,IS,,6.8,E,CAPITAL BELTWAY,30,F,E,495,RP,,RAMP 2 FR IS 495 WB TO MD 355 NB,39.017055,-77.09983833
01,15,,01,02,04,1,01,01,00,MCP20940049,06.01,02-25-2015,08:15:00,55114,N,N,MONTGOMERY,UNK,01,00,4690,CO,,1.71,N,MACARTHUR BLVD,30,F,N,506,CO,,WALHONDING RD,38.96444333,-77.138115
01,15,,02,17,01,,01,01,04,MCP2094004B,03,03-20-2015,13:57:00,54114,Y,N,MONTGOMERY,UNK,09,09,4122,CO,,0.215,W,MARINELLI RD,0,F,W,,UU,,CITADEL AVE,39.04744167,-77.109255
01,15,,01,06,02,1,01,01,00,MCP2094004C,06.01,03-23-2015,09:16:00,55112,N,N,MONTGOMERY,UNK,02,00,394,CO,,0.09,E,ROSEDALE AVE,50,F,E,406,CO,,TILBURY ST,38.992965,-77.09149167
01,15,,01,03,01,1,01,02,05,MCP2094004D,03,03-26-2015,10:16:00,54114,N,N,MONTGOMERY,UNK,01,01,495,IS,X,0.2,N,CABIN JOHN PKWY,20,F,N,4690,CO,X,MACARTHUR BLVD,38.97220667,-77.14834667
03,15,,01,03,02,2,01,04,00,MCP2094004F,06.01,03-30-2015,06:28:00,54114,N,N,MONTGOMERY,UNK,01,00,355,MD,,2.94,N,ROCKVILLE PIKE,200,F,N,38,GV,,WILSON DR,39.00347667,-77.097165
01,15,,02,02,02,1,01,01,00,MCP2291000Y,06.01,01-05-2015,16:45:00,55112,N,N,MONTGOMERY,UNK,01,00,534,CO,,0.53,S,BROOKVILLE RD,0,F,S,,UU,,ENT ARMY MED CTR,39.00262833,-77.05224167
01,15,,02,17,02,,01,04,04,MCP2291000Z,06.01,01-17-2015,16:09:00,54112,N,N,MONTGOMERY,UNK,09,09,185,MD,,1.69,N,CONNECTICUT AVE,0,F,N,,UU,,DIRECTIONAL CROSSOVER,38.99104333,-77.076995
03,15,,01,03,01,3,01,04,00,MCP22910010,08.04,02-18-2015,18:02:00,54114,N,N,MONTGOMERY,UNK,01,00,355,MD,,1.14,N,WISCONSIN AVE,250,F,N,191,MD,,BRADLEY LA,38.97651667,-77.09027
03,15,,03,07,02,2,01,04,00,MCP22910011,06.01,02-24-2015,18:51:00,55112,N,N,MONTGOMERY,UNK,01,00,449,CO,,0.07,E,WISCONSIN CIR,5,F,E,,UU,,WASH DC LINE,38.99597833,-77.074925
01,15,,01,03,02,1,01,01,00,MCP22910012,06.01,03-17-2015,17:58:00,54114,N,N,MONTGOMERY,UNK,01,00,410,MD,,1.22,E,EAST WEST HWY,30,F,E,546,CO,,CYPRESS PL,39.16934667,-77.264415
01,15,,02,88,02,2,01,04,00,MCP25410009,07.01,02-16-2015,11:30:00,55122,N,N,MONTGOMERY,UNK,01,01,97,MD,,3.1,N,GEORGIA AVE,0,F,N,1579,CO,,PRICHARD RD,39.03662667,-77.04985833
01,15,,05.01,03,02,,01,88,00,MCP25450002,06.01,02-05-2015,14:35:00,,Y,N,MONTGOMERY,UNK,01,00,185,MD,,5.92,N,CONNECTICUT AVE,0,F,N,586,MD,,VEIRS MILL RD,39.05116167,-77.07456667
03,15,,02,03,02,1,01,04,00,MCP2546000P,06.01,01-15-2015,18:23:00,5511,Y,N,MONTGOMERY,UNK,01,00,182,MD,,1.11,N,LAYHILL RD,0,F,N,4349,CO,,HATHAWAY DR,39.07498,-77.04576667
03,15,,01,03,02,2,01,01,00,MCP2546000Q,06.01,01-20-2015,19:12:00,5411,N,N,MONTGOMERY,UNK,01,00,2722,CO,,0.49,W,BEL PRE RD,50,F,W,3405,CO,,RIPPLING BROOK DR,39.09037,-77.05321833
03,15,,01,17,02,3,01,04,00,MCP2546000R,06.01,02-11-2015,22:07:00,5414,N,N,MONTGOMERY,UNK,04,00,97,MD,,7.28,N,GEORGIA AVE,750,F,N,5407,OP,,CHESTERWOOD DR,39.089775,-77.07976
01,15,,02,88,02,,01,01,00,MCP2546000S,06.01,03-22-2015,15:19:00,5411,N,N,MONTGOMERY,UNK,02,11,3906,CO,,0.05,S,BEAVERWOOD LA,0,F,S,3905,CO,,BURNING BUSH LA,39.09025167,-77.05908667
01,15,,01,88,02,,01,01,00,MCP2546000T,06.01,03-23-2015,15:38:00,5511,N,N,MONTGOMERY,UNK,02,00,1673,CO,,0.37,N,REGINA DR,200,F,N,1672,CO,,NORDEN DR,39.07537833,-77.06251833
03,15,,02,02,02,3,01,04,08,MCP2546000V,06.01,03-29-2015,19:43:00,5411,Y,N,MONTGOMERY,UNK,01,09,97,MD,,6.42,N,GEORGIA AVE,0,F,N,128,CO,,HEWITT AVE,39.077505,-77.070525
01,15,,01,07,02,2,01,04,00,MCP1505000B,05,01-07-2015,15:33:00,55122,N,N,MONTGOMERY,UNK,01,00,212,CO,,4.91,N,SHADY GROVE RD,0,F,N,200,RP,,RAMP 5 FR MD200A SB TO SHADY GROVE RD EB,39.138229,-77.153466
03,15,,02,17,01,1,01,04,00,MCP1505000C,12.04,02-09-2015,20:32:00,54142,Y,N,MONTGOMERY,UNK,03,00,7402,CO,,0.45,S,RIDGE RD,0,F,S,6941,CO,,OBSERVATION DR,39.201185,-77.253145
01,15,,02,02,02,,01,01,00,MCP1512000F,06.01,03-09-2015,16:57:00,55112,Y,N,MONTGOMERY,UNK,01,00,124,MD,,3.14,N,QUINCE ORCHARD RD,0,F,N,,UU,,ENT TO PARK & RIDE,39.14785167,-77.21788167
03,15,,02,02,02,3,01,04,00,MCP15150005,07.01,01-22-2015,18:28:00,54112,Y,N,MONTGOMERY,UNK,01,01,28,MD,,15.78,E,DARNESTOWN RD,0,F,E,,UU,,ENT TO POTOMAC VALLEY SHOPPING CTR,39.11764,-77.251045
01,15,,01,01,04,,01,01,23.03,MCP1522000C,12.04,01-03-2015,08:11:00,,N,N,MONTGOMERY,UNK,01,09,27,CO,,2.43,E,BRINK RD,0,M,E,5930,CO,,BLUNT RD,39.20348333,-77.205755
01,15,,02,17,01,2,01,01,04,MCP1522000D,02,01-18-2015,11:12:00,55112,Y,N,MONTGOMERY,UNK,09,09,124,MD,,17.03,N,WOODFIELD RD,0,F,N,108,MD,,MAIN ST,39.287825,-77.202
01,15,,02,11,01,1,01,01,00,MCP1522000F,06.01,03-11-2015,08:14:00,55112,N,N,MONTGOMERY,UNK,01,00,27,MD,,5.8,N,RIDGE RD,0,F,N,2926,CO,,DAMASCUS MANOR RD,39.28001667,-77.211155
03,15,,05.01,17,03,,00,02,04,MCP20970003,06.01,03-07-2015,00:30:00,55112,Y,N,MONTGOMERY,UNK,09,00,495,RP,,0,S,RAMP 8 FR MD 187 SB TO IS 495 WB,20,F,S,187,MD,,OLD GEORGETOWN RD,39.01648167,-77.11996333
01,15,,02,02,02,1,01,01,00,MCP21020008,06.01,03-29-2015,14:29:00,54112,N,N,MONTGOMERY,UNK,01,00,,,,0,U,11160 VEIRS MILL RD (PARKING LOT),0,F,U,,,,WHEATON PLAZA RING ROAD,39.03982667,-77.05571
01,15,,03,03,02,1,01,04,00,MCP2107000B,06.01,01-16-2015,12:42:00,55112,Y,N,MONTGOMERY,UNK,01,00,99,CO,,2.19,E,E RANDOLPH RD,50,F,E,929,MD,,E RANDOLPH RD (AHEAD),39.06375833,-76.96712167
01,15,,01,17,02,1,01,04,05,MCP2107000C,07.01,02-28-2015,10:13:00,55112,Y,N,MONTGOMERY,UNK,09,00,29,US,,7.25,N,COLUMBIA PIKE,75,F,N,101,CO,,MUSGROVE RD,39.06816167,-76.95902833
01,15,,02,11,02,1,01,04,00,MCP2107000D,00,03-26-2015,09:17:00,54114,N,N,MONTGOMERY,UNK,01,01,650,MD,,5.66,N,NEW HAMPSHIRE AVE,0,F,N,2710,CO,,NORA DR,39.05072,-76.99332833
03,15,,01,03,00,,01,04,00,MCP21080005,00,03-21-2015,02:23:00,5511,N,N,MONTGOMERY,UNK,01,00,270,IS,,8.39,N,EISENHOWER MEMORIAL HWY,300,F,N,212,CO,,SHADY GROVE RD,39.10766167,-77.183995
03,15,,02,02,02,,01,00,00,MCP2110000C,00,01-09-2015,19:32:00,54114,Y,N,MONTGOMERY,UNK,01,00,212,CO,,6.22,N,SHADY GROVE RD,0,F,N,3275,CO,,MILL RUN DR,39.14517,-77.14998833
01,15,,03,11,02,3,01,04,00,MCP2110000D,06.01,02-15-2015,15:37:00,54112,Y,N,MONTGOMERY,UNK,01,00,212,CO,,6.22,N,SHADY GROVE RD,0,F,N,3275,CO,,MILL RUN DR,39.04100167,-77.14343333
06.02,15,,02,02,01,,00,00,00,MCP2110000F,03,03-31-2015,19:07:00,,Y,N,MONTGOMERY,UNK,01,00,115,MD,,1.31,E,MUNCASTER MILL RD,0,F,E,62,CO,,MUNCASTER RD,39.14556333,-77.1442
01,15,,02,02,00,2,01,03,00,MCP2298003S,06.01,01-02-2015,15:17:00,54114,Y,N,MONTGOMERY,UNK,01,00,118,MD,,6.52,N,GERMANTOWN RD,0,F,N,4603,CO,,GOLDENROD LA,39.1885017,-77.25150347
04,15,,02,17,02,1,01,03,04,MCP2298003T,06.01,01-05-2015,17:57:00,55112,N,N,MONTGOMERY,UNK,09,00,124,MD,,12.56,N,WOODFIELD RD,0,F,N,3594,CO,,DEANNA DR,39.23079667,-77.178455
07.88,15,,02,11,02,1,01,04,00,MCP2298003V,06.01,01-05-2015,19:29:00,54112,Y,N,MONTGOMERY,UNK,01,00,119,MD,,5.79,N,GREAT SENECA HWY,0,F,N,7156,CO,,LEAMAN FARM RD,39.15578046,-77.27678061
07.88,15,,03,03,02,2,01,04,00,MCP2298003W,10.04,01-07-2015,18:08:00,54112,Y,N,MONTGOMERY,UNK,01,00,118,MD,,5.73,N,GERMANTOWN RD,200,F,N,5228,OP,,CRYSTAL ROCK DR,39.18151167,-77.26134667
01,15,,01,88,03,1,05,01,00,MCP2298003X,10.04,01-08-2015,15:11:00,55112,N,N,MONTGOMERY,UNK,01,00,11,CO,,1.27,W,PRICES DISTILLERY RD,1,M,W,2,CO,,CLARKSBURG RD,39.29829167,-77.27607667
04,15,,00,01,04,1,04,03,00,MCP2298003Y,06.01,01-08-2015,18:20:00,55112,N,N,MONTGOMERY,UNK,01,00,54,CO,,0.18,E,SUNDOWN RD,1,M,E,9020,MU,,SECOND ST,39.21395833,-77.12908833
03,15,,03,03,02,1,01,04,00,MCP2298003Z,06.01,01-09-2015,18:53:00,54112,Y,N,MONTGOMERY,UNK,01,00,141,CO,,0.94,E,MIDDLEBROOK RD,100,F,E,119,MD,,GREAT SENECA HWY,39.17499333,-77.25953833
01,15,,03,03,02,1,01,04,00,MCP22980040,06.01,01-15-2015,16:28:00,55112,N,N,MONTGOMERY,UNK,01,00,141,CO,,0.39,E,MIDDLEBROOK RD,0,F,E,7337,CO,,CENTURY BLVD,39.18081167,-77.26907333
07.88,15,,05.01,03,02,,01,04,00,MCP22980042,06.01,01-15-2015,19:17:00,55112,N,N,MONTGOMERY,UNK,01,00,270,IS,,15.46,N,EISENHOWER MEMORIAL HWY,50,F,N,270,RP,,RAMP 4 FR IS 270 NB TO RIDGE RD EB,39.1952786,-77.26047277
01,15,,00,17,02,1,01,01,10,MCP22980043,07.01,01-20-2015,16:19:00,55114,N,N,MONTGOMERY,UNK,09,00,56,CO,,2.91,W,GRIFFITH RD,0,M,W,108,MD,,LAYTONSVILLE RD,39.22397833,-77.14006167
01,15,,02,11,02,2,01,03,00,MCP22980044,07.01,01-23-2015,16:39:00,5411,Y,N,MONTGOMERY,UNK,01,00,117,MD,,8.64,E,CLOPPER RD,0,F,E,3063,CO,,CINNAMON DR,39.1561382,-77.26454973
01,15,,03,07,02,3,01,04,04,MCP22980045,06.01,01-27-2015,15:44:00,55112,Y,N,MONTGOMERY,UNK,01,09,27,MD,,0.02,N,RIDGE RD,5,F,N,,UU,,SPUR FR MD 355,39.20455731,-77.24557847
01,15,,02,03,02,,01,04,00,MCP22980046,06.01,01-30-2015,15:51:00,54112,Y,N,MONTGOMERY,UNK,01,00,27,MD,,0,N,RIDGE RD,0,F,N,355,MD,,FREDERICK RD,39.20445833,-77.24614667
01,15,,00,09,02,1,01,03,00,MCP22980047,06.01,02-05-2015,16:11:00,55112,N,N,MONTGOMERY,UNK,01,00,355,MD,,22.9,N,FREDERICK RD,50,F,N,2,CO,,CLARKSBURG RD,39.23962,-77.28067667