LIGHT_CODE,COUNTY_NO,MUNI_CODE,JUNCTION_CODE,COLLISION_TYPE_CODE,SURF_COND_CODE,LANE_CODE,RD_COND_CODE,RD_DIV_CODE,FIX_OBJ_CODE,REPORT_NO,WEATHER_CODE,ACC_DATE,ACC_TIME,LOC_CODE,SIGNAL_FLAG,C_M_ZONE_FLAG,AGENCY_CODE,AREA_CODE,HARM_EVENT_CODE1,HARM_EVENT_CODE2,RTE_NO,ROUTE_TYPE_CODE,RTE_SUFFIX,LOG_MILE,LOGMILE_DIR_FLAG,MAINROAD_NAME,DISTANCE,FEET_MILES_FLAG,DISTANCE_DIR_FLAG,REFERENCE_NO,REFERENCE_TYPE_CODE,REFERENCE_SUFFIX,REFERENCE_ROAD_NAME,LATITUDE,LONGITUDE
01,15,,02,02,02,,01,03,00,MCP22980048,07.01,02-10-2015,08:19:00,54112,Y,N,MONTGOMERY,UNK,01,00,108,MD,,9.46,E,OLNEY LAYTONSVILLE RD,0,F,E,5076,CO,,FIELDCREST RD,39.18916694,-77.12063313
03,15,,00,03,02,2,01,04,00,MCP22980049,00,02-09-2015,17:58:00,54112,N,N,MONTGOMERY,UNK,01,01,270,IS,,14.74,N,EISENHOWER MEMORIAL HWY,0,F,N,118,MD,,GERMANTOWN RD,39.18432714,-77.25447536
01,15,,03,03,01,2,01,04,00,MCP2298004B,03,02-09-2015,11:33:00,55112,Y,N,MONTGOMERY,UNK,01,00,355,MD,,19.26,N,FREDERICK RD,75,F,N,6136,CO,,SHAKESPEARE BLVD,39.1984049,-77.24502325
01,15,,02,02,02,4,01,04,00,MCP2298004D,06.01,02-12-2015,14:29:00,55112,Y,N,MONTGOMERY,UNK,01,00,118,MD,,6.52,N,GERMANTOWN RD,0,F,N,7686,CO,,SENECA MEADOWS PKWY,39.18873333,-77.25175167
01,15,,02,88,02,,01,03,00,MCP2298004F,06.01,02-12-2015,15:33:00,54142,Y,N,MONTGOMERY,UNK,03,00,4556,CO,,1.03,S,FATHER HURLEY BLVD,0,F,S,4555,CO,,WYNNFIELD DR,39.186365,-77.27426167
01,15,,02,14,02,1,01,04,09,MCP2298004K,06.01,02-23-2015,11:58:00,54112,Y,N,MONTGOMERY,UNK,01,09,355,MD,,20,N,FREDERICK RD,0,F,N,6515,CO,,MILESTONE MANOR LA,39.20883043,-77.24715829
01,15,,03,03,02,,01,04,00,MCP2298004L,06.01,02-20-2015,14:35:00,55112,Y,N,MONTGOMERY,UNK,01,00,118,MD,,5.73,N,GERMANTOWN RD,15,F,N,5430,CO,,CRYSTAL ROCK DR,39.18097567,-77.26247907
03,15,,01,03,02,4,01,04,00,MCP1550000V,06.01,01-16-2015,18:15:00,55112,N,N,MONTGOMERY,UNK,01,00,495,IS,,8.24,E,CAPITAL BELTWAY,1,M,E,185,MD,,CONNECTICUT AVE,39.00582,-77.07316833
03,15,,03,11,02,1,01,01,00,MCP1550000W,07.01,02-02-2015,17:34:00,54112,Y,N,MONTGOMERY,UNK,01,00,547,MD,,1.72,E,KNOWLES AVE,0,F,E,60,MU,,DETRICK AVE,39.02772333,-77.07788
03,15,,01,17,03,2,01,03,88,MCP1550000X,08.04,02-14-2015,21:16:00,55112,N,N,MONTGOMERY,UNK,09,00,410,MD,,3.12,E,EAST WEST HWY,100,F,E,611,OP,,ROSEMARY HILLS RD,38.984405,-77.09167167
01,15,,01,03,02,1,01,01,00,MCP1550000Y,06.01,02-15-2015,16:09:00,55112,N,N,MONTGOMERY,UNK,01,00,192,MD,,1.49,E,CAPITOL VIEW AVE,20,F,E,533,CO,,STONEYBROOK DR,39.02105833,-77.06184
01,15,,01,07,02,2,01,04,00,MCP1550000Z,06.01,03-16-2015,15:57:00,55112,N,N,MONTGOMERY,UNK,01,00,390,MD,,0.16,N,16TH ST,100,F,N,410,MD,,EAST WEST HWY,38.99515333,-77.03624333
01,15,,01,07,02,1,01,04,00,MCP15500010,06.01,03-27-2015,17:07:00,55112,N,N,MONTGOMERY,UNK,01,00,355,MD,,2.55,N,ROCKVILLE PIKE,300,F,N,537,CO,,JONES BRIDGE RD,38.99596833,-77.096405
03,15,,02,11,02,2,01,04,00,MCP21160016,06.01,01-07-2015,18:11:00,54114,Y,N,MONTGOMERY,UNK,01,01,355,MD,,11.51,N,FREDERICK RD,0,F,N,5052,CO,,INDIANOLA DR,39.112343,-77.161846
03,15,,02,17,02,2,01,04,04,MCP21160017,06.01,01-08-2015,18:34:00,45112,Y,N,MONTGOMERY,UNK,09,09,2593,MU,,1.76,W,WOOTTON PKWY,0,F,W,2730,MU,,SEVEN LOCKS RD,39.066836,-77.161665
01,15,,01,17,02,1,01,03,00,MCP2116001B,06.01,01-13-2015,09:17:00,54144,N,Y,MONTGOMERY,UNK,03,00,242,MU,,1.73,E,BALTIMORE RD,500,F,E,4560,CO,,BALTIMORE RD (AHEAD),39.09107,-77.114849
01,15,,02,11,02,1,01,04,00,MCP2116001C,06.01,01-16-2015,10:55:00,54114,Y,N,MONTGOMERY,UNK,01,01,355,MD,,10.82,N,HUNGERFORD DR,0,F,N,740,MU,,COLLEGE PKWY,39.103414,-77.155925
01,15,,08.04,03,01,1,01,01,00,MCP2116001D,06.01,01-23-2015,08:11:00,55114,N,N,MONTGOMERY,UNK,01,00,202,CO,,1.34,E,ESWORTHY RD,500,F,E,199,CO,,QUERY MILL RD,39.072175,-77.28535167
01,15,,00,17,09.88,1,01,01,06,MCP2116001F,07.01,01-27-2015,08:18:00,54112,N,N,MONTGOMERY,UNK,16,11,190,MD,,2.7,E,RIVER RD,1,M,E,5596,CO,,MAIDENS BOWER DR,39.06361833,-77.29734833
01,15,,00,03,02,1,01,02,00,MCP2116001G,06.01,01-29-2015,07:37:00,55112,N,N,MONTGOMERY,UNK,01,00,270,IS,,7.97,N,EISENHOWER MEMORIAL HWY,500,F,N,,UU,,SPUR TO C/D LANE (SB/L),39.106023,-77.183314
01,15,,02,03,02,2,01,04,00,MCP2116001H,06.01,02-10-2015,12:36:00,54114,Y,N,MONTGOMERY,UNK,01,00,144,CO,,1,E,MONTROSE RD,0,F,E,148,CO,,SEVEN LOCKS RD,39.057156,-77.161429
01,15,,11.04,11,02,1,01,01,00,MCP2116001J,06.01,02-12-2015,07:25:00,55114,N,N,MONTGOMERY,UNK,01,00,3300,CO,,0,N,POSTOAK RD,350,F,N,164,CO,,TUCKERMAN LA,39.045342,-77.179614
01,15,,02,03,02,1,01,01,00,MCP2116001K,06.01,02-13-2015,08:43:00,55114,N,N,MONTGOMERY,UNK,01,00,195,CO,,0.43,W,GLEN RD,0,F,W,3708,CO,,AMBLESIDE DR,39.04701167,-77.1997
01,15,,01,07,01,1,00,01,00,MCP2116001L,06.01,02-17-2015,15:52:00,55114,N,N,MONTGOMERY,UNK,01,00,1659,CO,,0.78,E,RANDOLPH RD,100,F,E,2043,CO,,HUNTERS LA,39.05379,-77.09829167
01,15,,02,11,02,2,01,04,00,MCP2116001M,06.01,02-18-2015,16:06:00,54114,N,N,MONTGOMERY,UNK,01,00,28,MD,,17.59,E,DARNESTOWN RD,0,F,E,210,CO,,DUFIEF MILL RD,39.10305667,-77.22397667
01,15,,03,03,02,1,01,04,00,MCP2116001N,06.01,02-19-2015,14:48:00,54114,Y,N,MONTGOMERY,UNK,01,00,355,MD,,11.51,N,FREDERICK RD,250,F,N,5052,CO,,INDIANOLA DR,39.112291,-77.161846
01,15,,01,03,02,1,01,04,00,MCP2116001P,06.01,02-23-2015,09:51:00,55114,N,N,MONTGOMERY,UNK,01,00,3815,CO,,1.66,E,E GUDE DR,50,F,E,,UU,,STRUC #M0131 METRO R/R,39.10661333,-77.15599833
01,15,,02,17,01,1,01,01,09,MCP2116001Q,07.01,03-11-2015,09:22:00,55112,N,N,MONTGOMERY,UNK,09,10,189,MD,,2.18,N,FALLS RD,0,F,N,2310,CO,,MARSEILLE DR,39.04387167,-77.19253333
01,15,,02,03,02,1,01,01,00,MCP2116001R,06.01,03-17-2015,16:31:00,55114,Y,N,MONTGOMERY,UNK,01,00,189,MD,,3.34,N,FALLS RD,0,F,N,144,CO,,MONTROSE RD,39.05651833,-77.17905667
01,15,,02,03,02,1,01,01,00,MCP2116001S,07.01,03-26-2015,09:09:00,55112,N,N,MONTGOMERY,UNK,01,00,790,MU,,0.53,E,CRABB AVE,0,F,E,1750,MU,,LONGWOOD DR,39.089718,-77.138927
01,15,,01,17,01,1,01,01,11,MCP21210006,10.04,01-14-2015,08:06:00,55112,Y,N,MONTGOMERY,UNK,09,00,107,MD,,2.45,E,WHITES FERRY RD,1,M,E,1015,CO,,PARTNERSHIP RD,39.12474,-77.37426167
01,15,,01,17,01,1,05,01,11,MCP21210007,08.04,01-14-2015,12:57:00,55112,N,N,MONTGOMERY,UNK,09,00,1015,CO,,0,S,PARTNERSHIP RD,0,M,S,107,MD,,WHITES FERRY RD,39.12682167,-77.383135
06.02,15,,01,17,04,1,01,01,11,MCP21210008,06.01,01-15-2015,08:40:00,54112,N,N,MONTGOMERY,UNK,09,00,28,MD,,5.4,E,DARNESTOWN RD,1,M,E,256,CO,,JERUSALEM RD,39.17423333,-77.4044
03,15,,02,88,02,1,01,03,00,MCP21340008,06.01,01-05-2015,17:55:00,53142,Y,N,MONTGOMERY,UNK,03,00,586,MD,,2.85,E,VEIRS MILL RD,0,F,E,1592,CO,,PARKLAND DR,39.06151591,-77.09187984
04,15,,00,17,01,1,88,01,00,MCP2298004M,08.04,02-20-2015,18:19:00,45132,N,N,MONTGOMERY,UNK,08,00,117,MD,,5.05,E,BARNESVILLE RD,10,F,E,,UU,,ENT TO MEDICAL OFFICE,39.18470136,-77.31413841
99,15,,00,17,03,,01,00,00,MCP2298004N,06.01,02-23-2015,16:55:00,45122,N,N,MONTGOMERY,UNK,02,00,7623,CO,,0,E,WATERFORD HILLS BLVD,0,F,E,,,,BUCKINGHAM WAY,39.17801493,-77.27828264
01,15,,02,17,02,1,01,01,88,MCP2298004P,06.01,02-23-2015,16:10:00,55112,N,N,MONTGOMERY,UNK,15,00,6203,CO,,0.25,W,ROSEWOOD MANOR LA,0,F,W,6408,CO,,ROSETHORN AVE,39.19004423,-77.15088308
01,15,,10.04,06,02,1,01,01,00,MCP2298004Q,06.01,02-24-2015,14:41:00,55112,N,N,MONTGOMERY,UNK,01,01,7337,CO,,0.084,N,CENTURY BLVD,100,F,N,7338,CO,,TOWN COMMONS BLVD,39.18126167,-77.266725
01,15,,00,17,02,3,01,04,08,MCP2298004R,06.01,02-27-2015,12:18:00,55112,N,N,MONTGOMERY,UNK,09,00,7402,CO,,0.45,S,RIDGE RD,0,M,S,6941,CO,,OBSERVATION DR,39.20121667,-77.25557333
01,15,,02,14,02,2,01,04,00,MCP2298004S,06.01,02-27-2015,13:26:00,55112,Y,N,MONTGOMERY,UNK,01,00,119,MD,,5.79,N,GREAT SENECA HWY,0,F,N,7156,CO,,LEAMAN FARM RD,39.15576382,-77.27672696
01,15,,01,03,03,1,01,01,00,MCP2298004T,08.04,03-05-2015,14:36:00,55112,N,N,MONTGOMERY,UNK,01,00,5500,CO,,1.54,W,WISTERIA DR,0,M,W,5376,CO,,WALTER JOHNSON RD,39.1757028,-77.26795077
01,15,,03,03,02,2,01,04,00,MCP2298004X,06.01,03-18-2015,13:53:00,55112,Y,N,MONTGOMERY,UNK,01,00,4556,CO,,1.42,S,FATHER HURLEY BLVD,0,F,S,5500,CO,,WISTERIA DR,39.20473833,-77.24565167
01,15,,02,03,02,1,01,01,00,MCP2298004Y,06.01,03-18-2015,16:20:00,55112,N,N,MONTGOMERY,UNK,01,00,108,MD,,3.84,E,DAMASCUS RD,0,F,E,401,CO,,CHROME MINE RD,39.26211241,-77.14951649
06.02,15,,02,12,02,1,01,04,00,MCP2298004Z,06.01,03-23-2015,19:28:00,54114,Y,N,MONTGOMERY,UNK,01,00,355,MD,,18.65,N,FREDERICK RD,0,F,N,6055,CO,,OXBRIDGE DR,39.18973667,-77.24154333
01,15,,03,03,02,1,01,04,00,MCP22980050,07.01,03-24-2015,13:00:00,55112,Y,N,MONTGOMERY,UNK,01,00,118,MD,,5.73,N,GERMANTOWN RD,500,F,N,5228,OP,,CRYSTAL ROCK DR,39.18176833,-77.26103
01,15,,00,17,02,1,03,01,05,MCP22980051,00,03-24-2015,16:57:00,54112,N,N,MONTGOMERY,UNK,09,00,267,CO,,2.29,S,DAVIS MILL RD,50,F,S,30,CO,,WILDCAT RD,39.21764667,-77.214495
01,15,,01,03,02,3,01,04,00,MCP22980052,00,03-20-2015,18:01:00,55112,N,N,MONTGOMERY,UNK,02,01,355,MD,,17.78,N,FREDERICK RD,15,F,N,2195,CO,,ARCHDALE RD,39.17751799,-77.2383821
04,15,,01,17,02,1,01,01,00,MCP23000002,06.01,01-01-2015,02:00:00,45132,N,N,MONTGOMERY,UNK,88,00,136,CO,,1.81,N,CASHELL RD,10,F,N,4201,CO,,BETTSWOOD DR,39.148678,-77.093848
03,15,,02,17,02,1,01,01,04,MCP23050009,06.01,01-03-2015,01:12:00,55114,N,N,MONTGOMERY,UNK,16,09,1524,CO,,0,N,LAVEROCK CT,0,F,N,845,CO,,LAVEROCK LA,38.97714305,-77.14206934
03,15,,03,03,02,1,01,01,00,MCP2305000B,06.01,01-15-2015,23:35:00,55114,Y,N,MONTGOMERY,UNK,01,00,191,MD,,1.35,N,BRADLEY BLVD,10,F,N,148,CO,,SEVEN LOCKS RD,39.01193967,-77.16002941
03,15,,02,03,02,1,01,01,00,MCP2305000C,06.01,03-09-2015,21:16:00,55112,N,N,MONTGOMERY,UNK,01,01,164,CO,,2.977,W,TUCKERMAN LA,0,F,W,7438,CO,,DAYBREAK CT,39.03805333,-77.14357167
04,15,,01,17,01,1,00,04,09,MCP23110007,03,03-05-2015,00:05:00,55112,N,N,MONTGOMERY,UNK,09,00,61,MU,,0.47,E,W DEER PARK RD,200,F,E,85,MU,,DUVALL LA,39.12922798,-77.20127106
03,15,,00,17,04,1,01,04,11,MCP25490047,03,01-12-2015,05:49:00,55112,N,N,MONTGOMERY,UNK,09,09,166,CO,,2.17,W,DEMOCRACY BLVD,100,F,W,4231,CO,,DEMOCRACY LA,39.09857667,-77.204515
05.02,15,,02,02,01,1,01,04,00,MCP25490048,00,01-23-2015,07:15:00,54114,N,N,MONTGOMERY,UNK,05,00,185,MD,,0.99,N,CONNECTICUT AVE,0,F,N,71,MU,,THORNAPPLE ST,39.21237333,-77.14266
01,15,,02,07,01,3,01,04,00,MCP25490049,07.01,01-27-2015,08:41:00,55114,Y,N,MONTGOMERY,UNK,01,00,355,MD,,2.26,N,WISCONSIN AVE,0,F,N,394,CO,,ROSEDALE AVE,38.99210667,-77.095515
01,15,,02,03,02,1,01,01,00,MCP2549004B,06.01,01-28-2015,08:02:00,55112,N,N,MONTGOMERY,UNK,01,00,547,MD,,1.29,E,KNOWLES AVE,0,F,E,2081,CO,,HOWARD AVE,39.03046167,-77.08524
03,15,,01,17,02,,01,01,08,MCP2549004C,06.01,02-01-2015,03:51:00,55112,N,N,MONTGOMERY,UNK,09,00,451,CO,,0.53,N,WILLARD AVE,50,F,N,10,MU,,FRIENDSHIP BLVD,38.96246333,-77.09116167
01,15,,02,03,02,3,01,01,00,MCP2549004D,06.01,03-19-2015,11:50:00,55114,Y,N,MONTGOMERY,UNK,01,01,4242,CO,,0.46,E,NICHOLSON LA,0,F,E,355,MD,,ROCKVILLE PIKE,39.044985,-77.11112667
01,15,,02,07,02,2,01,01,08,MCP2549004F,06.01,03-30-2015,13:05:00,54114,Y,N,MONTGOMERY,UNK,01,09,3239,CO,,0.398,N,EXECUTIVE BLVD,0,F,N,4242,CO,,NICHOLSON LA,39.04530333,-77.11686667
01,15,,02,88,03,2,01,01,00,MCP2552000G,08.04,03-05-2015,16:30:00,45112,Y,N,MONTGOMERY,UNK,88,00,3815,CO,,1.88,E,E GUDE DR,0,F,E,4991,CO,,CRABBS BRANCH WAY,39.10653686,-77.15230465
04,15,,01,03,02,1,01,88,00,MCP25560005,06.01,01-14-2015,18:39:00,55114,Y,N,MONTGOMERY,UNK,01,01,119,MD,,0.8,N,GREAT SENECA HWY,300,F,N,81,CO,,MUDDY BRANCH RD,39.10981696,-77.21560478
01,15,,01,03,02,1,01,04,00,MCP25560006,06.01,02-24-2015,17:40:00,54114,Y,N,MONTGOMERY,UNK,01,01,61,MU,,0.47,E,W DEER PARK RD,30,F,E,85,MU,,DUVALL LA,39.14105333,-77.20810833
04,15,,01,03,02,2,01,02,00,MCP25560007,06.01,02-27-2015,19:06:00,55112,N,N,MONTGOMERY,UNK,01,00,270,IS,,8.39,N,EISENHOWER MEMORIAL HWY,250,F,N,212,CO,,SHADY GROVE RD,39.11301365,-77.18968391
01,15,,01,17,01,1,01,88,05,MCP25560008,06.01,03-06-2015,17:33:00,55112,N,N,MONTGOMERY,UNK,09,09,23,MU,,0,N,BUREAU DR,100,F,N,117,MD,,W DIAMOND AVE,39.14026667,-77.21820667
05.02,15,,02,11,02,3,01,04,00,MCP2559000B,06.01,01-01-2015,07:35:00,54114,Y,N,MONTGOMERY,UNK,01,00,6271,CO,,0.56,N,SAM EIG HWY,0,F,N,6067,CO,,FIELDS RD,39.11606167,-77.20774167
01,15,,01,03,01,1,01,04,00,MCP15530018,08.04,01-26-2015,12:01:00,55114,N,N,MONTGOMERY,UNK,01,00,650,MD,,6,N,NEW HAMPSHIRE AVE,0,F,N,113,CO,,JACKSON RD,39.05507333,-76.99529333
01,15,,01,88,03,1,01,01,00,MCP15530019,08.04,01-26-2015,14:53:00,54144,N,N,MONTGOMERY,UNK,03,00,117,CO,,0,W,ELDRID DR,200,F,W,2793,CO,,JOHNSON AVE,39.066665,-76.99651167
03,15,,03,03,04,2,01,01,00,MCP1554000F,08.04,01-07-2015,17:46:00,5511-2,Y,N,MONTGOMERY,UNK,01,00,115,MD,,2.73,E,MUNCASTER MILL RD,75,F,E,135,CO,,BOWIE MILL RD,39.13311667,-77.12175667
01,15,,01,07,02,2,01,03,00,MCP1554000G,06.01,01-15-2015,15:00:00,5512-2,N,N,MONTGOMERY,UNK,02,00,138,CO,,0.34,E,NEEDWOOD RD,2,F,E,,UU,,WHITE CLIFF TERR,39.1274,-77.15923167
01,15,,02,11,02,2,01,04,00,MCP1555000K,07.01,02-25-2015,13:09:00,55114,Y,N,MONTGOMERY,UNK,01,00,198,MD,,4.75,E,SANDY SPRING RD,0,F,E,90,CO,,RIDING STABLE RD,39.10555863,-76.91062689
01,15,,02,88,02,1,01,01,00,MCP15630012,06.01,03-08-2015,18:00:00,55122,Y,N,MONTGOMERY,UNK,02,00,80,MU,,0.05,S,MEADOW LA,0,F,S,30,MU,,BLACKTHORN ST,38.98705095,-77.07964897
01,15,,01,03,02,4,01,04,00,MCP15630013,06.01,03-09-2015,16:27:00,54114,N,N,MONTGOMERY,UNK,01,00,185,MD,,2.54,N,CONNECTICUT AVE,100,F,N,495,RP,,RAMP 4 FR MD 185 NB TO IS 495 EB,39.00261055,-77.07698822
01,15,,01,08,02,3,01,04,00,MCP21460005,06.01,02-11-2015,14:21:00,5511,N,N,MONTGOMERY,UNK,01,00,193,MD,,3.083,E,UNIVERSITY BLVD W,0,F,E,,UU,,ENT TO NORTHWOOD HIGH SCHOOL,39.05794,-77.048645
07.88,15,,03,03,02,,01,01,00,MCP21590004,06.01,03-31-2015,22:09:00,45112,Y,N,MONTGOMERY,UNK,01,00,629,CO,,0.79,E,FENTON ST,15,F,E,661,CO,,PHILADELPHIA AVE,38.9879516,-77.02391267
03,15,,02,11,02,1,01,03,00,MCP2162000T,06.01,02-08-2015,19:19:00,55114,Y,N,MONTGOMERY,UNK,01,00,126,CO,,0.33,E,BRIGGS RD,0,F,E,182,MD,,LAYHILL RD,39.0692,-77.045785
04,15,,01,88,04,1,01,01,00,MCP2162000V,08.04,02-14-2015,20:05:00,74142,N,N,MONTGOMERY,UNK,03,00,108,MD,,15.519,E,OLNEY SANDY SPRING RD,50,F,E,,UU,,ENT TO SHARP ST UNITED METHODIST CHURCH,39.14660833,-77.039365
01,15,,01,17,04,1,01,01,88,MCP2162000W,06.01,02-15-2015,15:26:00,55112,N,N,MONTGOMERY,UNK,88,00,7548,CO,,0,N,ALEXANDER MANOR DR,400,F,N,145,CO,,EDNOR RD,39.12925833,-77.01668
01,15,,02,11,02,2,01,04,00,MCP2162000X,06.01,03-19-2015,16:24:00,54114,Y,N,MONTGOMERY,UNK,01,00,182,MD,,2.23,N,LAYHILL RD,0,F,N,2722,CO,,BEL PRE RD,39.09054333,-77.04482167
03,15,,01,17,02,1,01,01,11,MCP21670008,06.01,02-06-2015,18:41:00,54112,N,N,MONTGOMERY,UNK,09,00,189,CO,,0,S,OAKLYN DR,0,M,S,7068,CO,,FALLS RD,39.00618167,-77.21697667
03,15,,01,03,00,3,01,04,04,MCP21670009,06.01,03-07-2015,01:30:00,45122,N,N,MONTGOMERY,UNK,01,01,355,MD,,2.94,N,ROCKVILLE PIKE,200,F,N,38,GV,,WILSON DR,39.00073,-77.09686667
01,15,,02,02,02,1,01,01,00,MCP23290008,06.01,01-08-2015,14:35:00,54114,Y,N,MONTGOMERY,UNK,01,00,124,MD,,6.62,N,WOODFIELD RD,0,F,N,5189,CO,,FLOWER HILL WAY,39.15606167,-77.16529833
01,15,,01,07,02,1,01,01,00,MCP2329000B,06.01,02-03-2015,09:50:00,55122,N,N,MONTGOMERY,UNK,01,00,3283,CO,,0.988,N,AIRPARK RD,0,M,N,7466,CO,,ANTARES DR,39.16145,-77.14553833
01,15,,01,03,02,3,01,04,00,MCP2329000C,07.01,02-16-2015,14:14:00,55112,Y,N,MONTGOMERY,UNK,01,01,355,MD,,12.79,N,FREDERICK RD,200,F,N,277,MU,,ONEILL DR,39.12479667,-77.18126667
01,15,,01,88,02,1,01,01,00,MCP2329000D,07.01,02-16-2015,15:08:00,55112,N,N,MONTGOMERY,UNK,02,00,6121,OP,,0.389,N,CALABAR DR,20,F,N,,UU,,IRONCLAD CT,39.15029333,-77.164185
01,15,,01,03,02,1,01,04,00,MCP2330000D,06.01,03-24-2015,16:02:00,55112,N,N,MONTGOMERY,UNK,01,00,185,MD,,6.15,N,CONNECTICUT AVE,100,F,N,1426,CO,,CAREY ST,39.05400667,-77.074255
01,15,,03,03,02,2,01,04,00,MCP23320003,06.01,02-13-2015,16:58:00,55112,Y,N,MONTGOMERY,UNK,01,00,97,MD,,4.28,N,GEORGIA AVE,300,F,N,282,CO,,SHOREFIELD RD,39.05326812,-77.05092788
01,15,,02,11,03,3,01,01,00,MCP2339000R,06.01,01-06-2015,15:59:00,55112,Y,N,MONTGOMERY,UNK,01,00,586,MD,,4.26,E,VEIRS MILL RD,0,F,E,1423,CO,,VALLEYWOOD DR,39.05056333,-77.07270333
01,15,,02,17,01,1,01,01,11,MCP2339000S,03,03-10-2015,17:07:00,55112,Y,N,MONTGOMERY,UNK,09,00,137,CO,,0,W,EMORY LA,0,F,W,97,MD,,GEORGIA AVE,39.12618333,-77.07166167
01,15,,01,03,02,1,01,01,00,MCP2339000T,06.01,03-19-2015,17:58:00,55114,N,N,MONTGOMERY,UNK,01,00,97,MD,,10.656,N,GEORGIA AVE,0,F,N,,UU,,CHURCH OF CHRIST AT OLNEY,39.135255,-77.06955
01,15,,02,11,02,2,01,01,00,MCP23440002,06.01,01-30-2015,13:56:00,5511,Y,N,MONTGOMERY,UNK,01,00,2963,CO,,0.09,N,TECH RD,0,F,N,4552,CO,,OLD COLUMBIA PIKE,39.05753272,-76.96818307
03,15,,00,17,04,1,88,01,06,MCP23450004,08.04,02-22-2015,02:54:00,55112,N,N,MONTGOMERY,UNK,00,00,,,,,,PRAIRE LANDING WAY,0,F,,,,,DARNESTOWN ROAD,39.09949333,-77.21682667
01,15,,03,07,03,1,01,01,00,MCP2559000C,06.01,01-11-2015,12:06:00,45112,N,N,MONTGOMERY,UNK,01,00,553,MU,,0,E,GATESTONE ST,250,F,E,212,MU,,MAIN ST,39.11929667,-77.23037667
01,15,,01,07,02,1,01,01,00,MCP2559000D,07.01,01-19-2015,14:22:00,5512,N,N,MONTGOMERY,UNK,01,00,212,MU,,0.08,S,MAIN ST,50,F,S,211,MU,,MIDTOWN RD,39.12227667,-77.23871167
01,15,,03,03,02,1,01,88,00,MCP2559000F,06.01,02-24-2015,08:59:00,54114,Y,N,MONTGOMERY,UNK,01,01,6271,CO,,0.41,N,SAM EIG HWY,0,F,N,211,CO,,DIAMONDBACK DR,39.11433776,-77.20969319
03,15,,02,17,02,1,01,04,04,MCP2560000C,06.01,02-19-2015,20:59:00,4511,Y,N,MONTGOMERY,UNK,09,00,118,MD,,5.73,N,GERMANTOWN RD,0,F,N,5430,CO,,CRYSTAL ROCK DR,39.18114,-77.26193833
03,15,,02,11,02,2,01,88,00,MCP25650019,06.01,01-05-2015,17:51:00,55112,Y,N,MONTGOMERY,UNK,01,00,4242,CO,,0.2,E,NICHOLSON LA,0,F,E,3239,CO,,EXECUTIVE BLVD,39.04503,-77.11671
03,15,,01,03,02,2,01,01,00,MCP2565001B,06.01,01-24-2015,19:32:00,54114,N,N,MONTGOMERY,UNK,01,00,355,MD,,5.57,N,ROCKVILLE PIKE,0,F,N,556,OP,,HILLERY WAY,39.03907667,-77.108985
01,15,,01,11,02,,01,05.01,00,MCP2565001C,07.01,01-29-2015,15:50:00,55112,N,N,MONTGOMERY,UNK,01,00,1659,CO,,0.19,E,RANDOLPH RD,75,F,E,,UU,,R/R #CSX 140 494 G,39.05342333,-77.10917667
01,15,,00,03,02,2,01,01,00,MCP2565001D,06.01,02-05-2015,16:50:00,55114,N,N,MONTGOMERY,UNK,01,00,190,MD,,15.57,E,RIVER RD,10,F,E,453,CO,,SARATOGA AVE,38.95966333,-77.09595333
03,15,,01,03,02,1,01,01,00,MCP2565001F,06.01,02-05-2015,18:45:00,55114,N,N,MONTGOMERY,UNK,01,00,187,MD,,2.7,N,OLD GEORGETOWN RD,5,F,N,,UU,,CROSSOVER,39.01827667,-77.12054667
01,15,,01,03,02,1,01,01,00,MCP2565001G,06.01,02-11-2015,15:55:00,54114,N,N,MONTGOMERY,UNK,01,00,187,MD,,2.19,N,OLD GEORGETOWN RD,75,F,N,324,CO,,BEECH AVE,39.010465,-77.11511333
03,15,,00,03,02,1,01,01,00,MCP2565001H,06.01,02-11-2015,18:52:00,55112,N,N,MONTGOMERY,UNK,01,00,355,MD,,2.45,N,ROCKVILLE PIKE,150,F,N,988,CO,,GLENBROOK PKWY,39.04647833,-77.11269667
01,15,,03,09,02,1,00,01,00,MCP2565001J,06.01,02-13-2015,16:51:00,55112,N,N,MONTGOMERY,UNK,01,00,164,CO,,1.7,W,TUCKERMAN LA,10,F,W,5642,CO,,GLOXINIA DR,39.03328833,-77.12155
01,15,,00,08,02,3,01,01,00,MCP2565001K,06.01,02-24-2015,16:39:00,55112,N,N,MONTGOMERY,UNK,01,00,187,MD,,2.75,N,OLD GEORGETOWN RD,40,F,N,495,RP,,RAMP 2 FR IS 495 WB TO MD 187 NB,39.01794667,-77.12035333
03,15,,02,04,02,3,01,01,00,MCP2565001L,00,02-25-2015,18:45:00,55112,Y,N,MONTGOMERY,UNK,01,00,164,CO,,1.7,W,TUCKERMAN LA,0,F,W,5642,CO,,GLOXINIA DR,39.03304333,-77.12125833
03,15,,03,88,01,2,01,01,00,MCP2565001M,03,03-10-2015,19:45:00,54142,Y,N,MONTGOMERY,UNK,03,00,4122,CO,,0.41,W,MARINELLI RD,5,F,W,355,MD,,ROCKVILLE PIKE,39.04713,-77.11299667