LIGHT_CODE,COUNTY_NO,MUNI_CODE,JUNCTION_CODE,COLLISION_TYPE_CODE,SURF_COND_CODE,LANE_CODE,RD_COND_CODE,RD_DIV_CODE,FIX_OBJ_CODE,REPORT_NO,WEATHER_CODE,ACC_DATE,ACC_TIME,LOC_CODE,SIGNAL_FLAG,C_M_ZONE_FLAG,AGENCY_CODE,AREA_CODE,HARM_EVENT_CODE1,HARM_EVENT_CODE2,RTE_NO,ROUTE_TYPE_CODE,RTE_SUFFIX,LOG_MILE,LOGMILE_DIR_FLAG,MAINROAD_NAME,DISTANCE,FEET_MILES_FLAG,DISTANCE_DIR_FLAG,REFERENCE_NO,REFERENCE_TYPE_CODE,REFERENCE_SUFFIX,REFERENCE_ROAD_NAME,LATITUDE,LONGITUDE
01,15,,01,05,04,1,01,05.01,05,MCP1564000G,12.04,01-03-2015,08:16:00,55112,N,N,MONTGOMERY,UNK,01,01,650,MD,,15.49,N,NEW HAMPSHIRE AVE,0,M,N,363,OP,,WINDSWEPT LA,39.17473667,-77.02249167
01,15,,01,09,02,1,01,01,00,MCP1564000H,06.01,01-15-2015,10:01:00,55114,N,N,MONTGOMERY,UNK,01,00,95,CO,,1.68,E,BRIGGS CHANEY RD,0,M,E,2724,CO,,STURTEVANT RD,39.09584,-76.96983833
01,15,,03,03,02,1,01,04,00,MCP1564000J,06.01,01-23-2015,11:38:00,55112,Y,N,MONTGOMERY,UNK,01,00,108,MD,,14.79,E,OLNEY SANDY SPRING RD,0,M,E,182,MD,,DR BIRD RD,39.14415,-77.04482
05.02,15,,01,02,01,1,01,01,00,MCP1564000K,03,03-27-2015,07:19:00,55114,N,N,MONTGOMERY,UNK,01,00,97,MD,,17.02,N,GEORGIA AVE,20,F,N,650,MD,,DAMASCUS RD,39.22115667,-77.05987833
01,15,,02,11,02,1,01,01,00,MCP15650011,06.01,02-05-2015,07:29:00,54112,N,N,MONTGOMERY,UNK,01,02,863,CO,,0,N,CLARIDGE RD,0,F,N,,,,CLARIDGE CT,39.051605,-77.06634
01,15,,01,17,03,1,00,01,10,MCP15660008,06.01,02-19-2015,17:08:00,55114,N,N,MONTGOMERY,UNK,09,00,273,CO,,2.01,S,W WILLARD RD,0,M,S,275,CO,,W OFFUTT RD,39.12160405,-77.42389441
04,15,,01,17,02,1,01,01,00,MCP15680001,00,01-21-2015,00:45:00,4513,N,N,MONTGOMERY,UNK,08,00,28,MD,,7.93,E,DARNESTOWN RD,1,M,E,117,MD,,BUCKLODGE RD,39.1477,-77.3568
04,15,,01,17,04,,88,01,06,MCP15680002,05,02-02-2015,20:10:00,5411,N,N,MONTGOMERY,UNK,09,09,107,MD,,4.6,E,WHITES FERRY RD,0,M,E,269,CO,,SUGARLAND RD,39.12802,-77.349086
04,15,,01,17,04,,01,01,11,MCP15680004,06.01,03-02-2015,20:10:00,54112,N,N,MONTGOMERY,UNK,09,00,28,MD,,11,E,DARNESTOWN RD,1,M,E,6906,CO,,BELLINGHAM DR,39.125592,-77.328553
01,15,,02,11,02,3,01,04,00,MCP15690003,07.01,02-01-2015,15:00:00,55114,Y,N,MONTGOMERY,UNK,01,00,212,CO,,4.67,N,SHADY GROVE RD,0,F,N,4991,CO,,CRABBS BRANCH WAY,39.12883,-77.16786167
01,15,,09.04,12,02,1,01,04,00,MCP15700001,06.01,02-08-2015,12:21:00,55114,N,N,MONTGOMERY,UNK,01,00,1659,CO,,1.76,E,RANDOLPH RD,200,F,E,586,MD,,VEIRS MILL RD,39.05682667,-77.08149167
00,15,,00,01,01,1,01,01,88,MCP2177000B,02,01-04-2015,07:19:00,55122,N,N,MONTGOMERY,UNK,01,09,53,CO,,3.41,W,GLEN RD,100,F,W,5760,CO,,SQUIRES CT,39.04710167,-77.22706
01,15,,02,09,02,1,01,04,00,MCP2177000C,06.01,02-12-2015,13:21:00,,Y,N,MONTGOMERY,UNK,01,00,125,CO,,0.45,N,PARKLAWN DR,0,F,N,1659,CO,,RANDOLPH RD,39.05409333,-77.10668833
01,15,,01,03,02,2,01,04,00,MCP2177000D,06.01,02-18-2015,08:28:00,55112,Y,N,MONTGOMERY,UNK,01,01,355,MD,,11.07,N,FREDERICK RD,650,F,N,1297,MU,,W GUDE DR,39.108555,-77.15974167
01,15,,02,02,01,1,01,01,00,MCP2181000C,03,01-03-2015,12:00:00,55114,Y,N,MONTGOMERY,UNK,01,00,164,CO,,5.78,W,TUCKERMAN LA,0,F,W,189,MD,,FALLS RD,39.05003833,-77.18844667
03,15,,05.01,17,03,,88,04,05,MCP2181000D,08.04,02-17-2015,05:44:00,45112,N,N,MONTGOMERY,UNK,09,00,370,IS,,1.15,E,NO NAME,0,F,E,370,RP,,RAMP 9 FR IS 370 EB TO SHADY GROVE RD,39.13097,-77.17030333
99,15,,01,99,02,1,01,01,00,MCP2181000G,06.01,03-20-2015,08:47:00,55122,N,N,MONTGOMERY,UNK,02,00,3535,CO,,0,N,HOUNDS WAY,10,F,N,,UU,,CUL DE SAC,39.04086333,-77.145835
01,15,,01,02,02,,01,01,11,MCP21870006,06.01,01-16-2015,09:14:00,54112,N,N,MONTGOMERY,UNK,01,10,124,CO,,1.41,E,ARCOLA AVE,50,F,E,123,CO,,KEMP MILL RD,39.04524667,-77.03145833
01,15,,02,03,01,1,01,01,00,MCP21870008,07.01,03-04-2015,08:58:00,54112,N,N,MONTGOMERY,UNK,02,02,293,CO,,1.1,W,PLYERS MILL RD,0,F,W,294,CO,,MAYBROOK PL,39.02940333,-77.06163833
01,15,,01,03,00,2,01,04,00,MCP2191000D,06.01,03-08-2015,15:10:00,,N,N,MONTGOMERY,UNK,01,00,193,MD,,0,E,UNIVERSITY BLVD W,40,F,E,185,MD,,CONNECTICUT AVE,39.03255167,-77.074015
01,15,,02,11,01,1,01,01,00,MCP2192000T,07.01,01-04-2015,13:02:00,54112,Y,N,MONTGOMERY,UNK,01,00,7074,CO,,1.67,E,DALE DR,0,F,E,659,CO,,MANSFIELD RD,38.99657167,-77.01590833
01,15,,00,88,01,2,01,01,00,MCP2192000V,06.01,01-23-2015,09:08:00,55112,N,N,MONTGOMERY,UNK,01,00,410,MD,,3.48,E,EAST WEST HWY,999,F,E,390,MD,,16TH ST,38.99538667,-77.03878
01,15,,01,09,01,,01,01,00,MCP2192000W,07.01,01-27-2015,10:22:00,55112,N,N,MONTGOMERY,UNK,01,00,668,CO,,0.17,E,WAYNE AVE,700,F,E,29,US,,GEORGIA AVE,38.99520833,-77.02494833
01,15,,01,03,02,1,01,01,04,MCP2192000X,06.01,02-04-2015,09:51:00,55114,Y,N,MONTGOMERY,UNK,01,09,320,MD,,1.04,N,PINEY BRANCH RD,50,F,N,746,CO,,WESSEX RD,38.99223,-77.00991
01,15,,00,11,02,1,01,01,00,MCP2192000Z,06.01,02-18-2015,08:16:00,55122,N,N,MONTGOMERY,UNK,01,00,410,MD,,4.02,E,EAST WEST HWY,300,F,E,649,CO,,BLAIR MILL RD,38.99158667,-77.03032167
01,15,,01,03,02,3,01,04,00,MCP21920010,06.01,03-03-2015,09:12:00,55112,N,N,MONTGOMERY,UNK,01,01,97,MD,,2.65,N,GEORGIA AVE,200,F,N,293,CO,,PLYERS MILL RD,39.02773333,-77.04708
01,15,,02,11,02,1,01,04,00,MCP21920011,06.01,03-22-2015,11:43:00,54114,Y,N,MONTGOMERY,UNK,01,01,97,MD,,0,N,GEORGIA AVE,0,F,N,29,US,,COLESVILLE RD,38.99595833,-77.02868
04,15,,03,03,02,1,01,03,00,MCP23460001,06.01,01-02-2015,17:45:00,55112,Y,N,MONTGOMERY,UNK,01,00,355,MD,,21.73,N,FREDERICK RD,300,F,N,7332,CO,,FOREMAN BLVD,39.22689833,-77.26457
03,15,,02,01,00,2,01,04,00,MCP23470007,00,01-17-2015,19:03:00,55112,Y,N,MONTGOMERY,UNK,01,00,29,US,,7.68,N,COLUMBIA PIKE,0,F,N,98,CO,,FAIRLAND RD,39.07282167,-76.95575333
03,15,,03,17,01,3,01,03,88,MCP2348000M,88,01-21-2015,19:30:00,54144,Y,N,MONTGOMERY,UNK,09,03,193,MD,,2.42,E,UNIVERSITY BLVD W,20,F,E,1270,CO,,INWOOD AVE,39.03602,-77.03609333
01,15,,00,17,02,,01,88,00,MCP2348000N,06.01,02-03-2015,16:07:00,54242,N,N,MONTGOMERY,UNK,03,00,586,MD,,5.78,E,VEIRS MILL RD,30,F,E,97,MD,,GEORGIA AVE,39.0375,-77.05092667
01,15,,03,03,02,3,01,03,00,MCP2348000P,06.01,02-11-2015,13:45:00,54114,Y,N,MONTGOMERY,UNK,01,00,97,MD,,3.86,N,GEORGIA AVE,5,F,N,124,CO,,ARCOLA AVE,39.04679667,-77.051895
01,15,,05.01,08,02,2,01,01,00,MCP2348000Q,06.01,02-12-2015,15:15:00,55122,N,N,MONTGOMERY,UNK,01,00,97,MD,,1.268,N,GEORGIA AVE,5,F,N,1926,CO,,FLORA LA,39.01138113,-77.0408535
03,15,,01,88,01,,01,00,00,MCP2348000R,00,02-18-2015,20:22:00,55222,N,N,MONTGOMERY,UNK,02,02,586,MD,,5.55,E,VEIRS MILL RD,100,F,E,,UU,,ENT TO WHEATON PLAZA,39.03680833,-77.05126667
01,15,,03,03,02,1,01,01,00,MCP2348000T,06.01,03-13-2015,15:56:00,55114,N,N,MONTGOMERY,UNK,02,00,1173,CO,,0.75,S,AMHERST AVE,20,F,S,1579,CO,,PRICHARD RD,39.0364363,-77.04832077
01,15,,02,03,02,3,01,03,00,MCP2348000V,06.01,03-22-2015,18:57:00,54114,N,N,MONTGOMERY,UNK,01,00,193,MD,,1.54,E,UNIVERSITY BLVD W,0,F,E,4346,CO,,ELKIN ST,39.04151667,-77.05050833
01,15,,03,03,02,2,01,03,00,MCP2348000W,06.01,03-23-2015,16:13:00,55114,N,N,MONTGOMERY,UNK,01,00,586,MD,,4.16,E,VEIRS MILL RD,10,F,E,1420,CO,,CENTERHILL ST,39.05059,-77.07300333
01,15,,02,11,01,2,01,04,00,MCP23490009,02,01-22-2015,08:10:00,55112,Y,N,MONTGOMERY,UNK,01,00,7686,CO,,0.86,N,SENECA MEADOWS PKWY,0,F,N,,UU,,CROSSOVER,39.19720667,-77.25785333
01,15,,03,03,02,,01,88,00,MCP2349000B,06.01,02-02-2015,13:00:00,55122,Y,N,MONTGOMERY,UNK,01,00,355,MD,,18.84,N,FREDERICK RD,0,F,N,,UU,,SPUR TO MD 118,39.1922852,-77.24337101
01,15,,03,17,01,6,01,04,09,MCP2349000C,00,03-27-2015,07:39:00,54114,N,N,MONTGOMERY,UNK,09,09,355,MD,,17.82,N,FREDERICK RD,5,F,N,,UU,,ENT TO FOX CHAPEL CENTER,39.17838087,-77.23822117
01,15,,06.01,11,02,3,01,04,00,MCP2565001N,07.01,03-13-2015,15:45:00,55112,N,N,MONTGOMERY,UNK,01,00,3386,CO,,0.62,N,ROCK SPRING DR,428,F,N,187,MD,,OLD GEORGETOWN RD,39.02653333,-77.128575
01,15,,01,17,02,1,01,01,11,MCP2565001P,06.01,03-19-2015,17:19:00,55112,N,N,MONTGOMERY,UNK,09,00,148,CO,,2.57,N,SEVEN LOCKS RD,382,F,N,1826,CO,,ROSEHILL DR,39.01054,-77.16020333
01,15,,02,03,02,2,01,01,00,MCP2565001Q,06.01,03-21-2015,14:15:00,55112,N,N,MONTGOMERY,UNK,01,00,451,CO,,0.58,N,WILLARD AVE,0,F,N,90,MU,,THE HILLS PLAZA,38.96186149,-77.08797455
03,15,,01,03,02,2,01,04,00,MCP25670009,00,02-27-2015,19:07:00,54114,N,N,MONTGOMERY,UNK,01,00,495,IS,,2.37,E,CAPITAL BELTWAY,1,M,E,190,MD,,RIVER RD,38.99643667,-77.158135
03,15,,03,03,02,,01,04,00,MCP2569000D,07.01,02-20-2015,22:53:00,55114,Y,N,MONTGOMERY,UNK,01,00,537,CO,,1.13,E,JONES BRIDGE RD,25,F,E,185,MD,,CONNECTICUT AVE,38.99981833,-77.07759
03,15,,03,11,01,1,01,04,00,MCP2569000F,03,03-27-2015,03:26:00,55114,Y,N,MONTGOMERY,UNK,01,00,355,MD,,3.83,N,ROCKVILLE PIKE,20,F,N,2275,CO,,POOKS HILL RD,39.01448833,-77.09970833
04,15,,11.04,17,02,1,01,88,10,MCP25720004,06.01,03-25-2015,21:13:00,4531-2,N,N,MONTGOMERY,UNK,09,00,27,CO,,2.7,E,BRINK RD,200,F,E,4139,CO,,WIGHTMAN RD,39.200951,-77.199227
03,15,,01,03,01,1,01,01,00,MCP2582000L,03,01-04-2015,00:06:00,55112,N,N,MONTGOMERY,UNK,01,00,142,CO,,1.25,N,ASPEN HILL RD,50,F,N,1592,CO,,PARKLAND DR,39.07910798,-77.08763123
03,15,,01,03,02,1,01,03,00,MCP2582000M,06.01,01-11-2015,03:27:00,55112,N,N,MONTGOMERY,UNK,01,00,586,MD,,2.85,E,VEIRS MILL RD,200,F,E,1592,CO,,PARKLAND DR,39.06075,-77.09064833
03,15,,01,88,06.03,1,05,01,00,MCP2582000N,06.01,03-08-2015,23:57:00,45112,N,N,MONTGOMERY,UNK,02,00,1897,CO,,0.29,E,RENN ST,50,F,E,2202,CO,,EASTLAND ST,39.08221667,-77.089335
01,15,,01,07,02,1,01,04,00,MCP15750020,06.01,01-08-2015,12:48:00,54122,N,N,MONTGOMERY,UNK,01,00,355,MD,,12.03,N,FREDERICK RD,500,F,N,1555,MU,,KING FARM BLVD,39.11691667,-77.16829667
01,15,,08.04,17,01,1,01,03,06,MCP15750021,03,01-12-2015,12:55:00,55112,N,N,MONTGOMERY,UNK,09,00,281,CO,,4.12,E,WHITES FERRY RD,400,F,E,4148,CO,,WASCHE RD,39.15833167,-77.45110667
03,15,,09.04,02,01,3,01,03,00,MCP15750022,03,01-12-2015,18:35:00,55122,N,N,MONTGOMERY,UNK,01,00,4121,CO,,0.68,N,NEBEL ST,50,F,N,1659,CO,,RANDOLPH RD,39.052985,-77.11074833
03,15,,02,02,02,2,01,03,00,MCP15750023,06.01,01-15-2015,18:53:00,55114,Y,N,MONTGOMERY,UNK,01,00,4991,CO,,1.06,S,CRABBS BRANCH WAY,0,F,S,1936,CO,,REDLAND RD,39.12095667,-77.15877
01,15,,03,06,01,1,01,03,06,MCP15750024,08.04,01-26-2015,11:55:00,54114,N,N,MONTGOMERY,UNK,01,01,210,CO,,1.74,N,DUFIEF MILL RD,10,F,N,4203,CO,,DUFIEF DR,39.09771333,-77.22856
01,15,,09.04,03,01,1,01,03,00,MCP15750025,03,02-02-2015,09:16:00,54114,N,N,MONTGOMERY,UNK,01,01,780,CO,,0.36,S,TRAVILAH RD,200,F,S,2305,CO,,NOLAN DR,39.092145,-77.21101333
01,15,,02,02,02,2,01,03,00,MCP15750026,06.01,02-03-2015,07:58:00,54114,N,N,MONTGOMERY,UNK,01,00,4991,CO,,2.085,S,CRABBS BRANCH WAY,0,F,S,,UU,,STANDISH PL,39.10790167,-77.15248167
01,15,,01,03,02,2,01,04,00,MCP15750027,06.01,02-06-2015,08:16:00,54112,N,N,MONTGOMERY,UNK,01,00,3241,CO,,1.81,S,TWINBROOK PKWY,50,F,S,3234,CO,,PARKLAWN DR,39.061435,-77.115955
01,15,,01,88,88,1,01,03,00,MCP15750029,06.01,03-09-2015,12:23:00,45112,N,N,MONTGOMERY,UNK,02,00,3150,MU,,0.26,N,S WASHINGTON ST,15,F,N,3080,MU,,VINSON ST,39.08213333,-77.15275333
01,15,,01,01,02,1,01,03,07,MCP1575002D,06.01,03-23-2015,16:42:00,54114,N,N,MONTGOMERY,UNK,01,09,189,MD,,2.71,N,FALLS RD,600,F,N,164,CO,,TUCKERMAN LA,39.0492855,-77.18873978
05.02,15,,01,88,01,2,01,04,00,MCP21950003,09.04,01-26-2015,06:20:00,55112,N,N,MONTGOMERY,UNK,12,00,,,,,,WEST MONTGOMERY AVE,150,F,,,,,RT 270 S/B,39.10179333,-77.19578667
01,15,,02,02,01,2,01,01,00,MCP21950004,03,03-14-2015,08:15:00,55114,Y,N,MONTGOMERY,UNK,01,00,212,CO,,1.61,N,SHADY GROVE RD,0,F,N,7009,CO,,DARNESTOWN RD,39.29901167,-77.20146333
01,15,,02,13,02,2,01,04,00,MCP21950005,06.01,03-31-2015,11:49:00,54114,Y,N,MONTGOMERY,UNK,01,00,144,CO,,1,E,MONTROSE RD,0,F,E,148,CO,,SEVEN LOCKS RD,39.0595082,-77.16138124
03,15,,02,07,01,1,01,04,00,MCP2198000R,03,01-03-2015,18:24:00,55124,N,N,MONTGOMERY,UNK,01,00,424,MU,,0,N,WATKINS MILL RD,0,F,N,355,MD,,FREDERICK RD,39.15959333,-77.227645
03,15,,02,03,02,1,01,04,00,MCP2198000S,06.01,01-15-2015,21:49:00,45114,Y,N,MONTGOMERY,UNK,01,00,355,MD,,16.28,N,FREDERICK RD,0,F,N,379,MU,,TRAVIS AVE,39.16123,-77.22244667
03,15,,01,03,01,1,01,01,00,MCP2198000T,08.04,01-28-2015,19:35:00,55124,N,N,MONTGOMERY,UNK,01,01,124,MD,,6.781,N,WOODFIELD RD,500,F,N,,UU,,ENT TO SHOPPING CENTER,39.15538833,-77.20918
03,15,,00,07,02,4,01,04,00,MCP2198000V,06.01,02-03-2015,19:00:00,55112,N,N,MONTGOMERY,UNK,01,00,370,IS,,0.76,E,NO NAME,500,F,E,270,RP,,RAMP 2 FR IS 370 WB TO IS 270 NB,39.12326833,-77.19157333
01,15,,01,17,02,,01,01,11,MCP21990002,06.01,01-01-2015,15:19:00,55124,N,N,MONTGOMERY,UNK,09,00,15,CO,,1.38,S,STRINGTOWN RD,300,F,S,13,CO,,KINGSLEY RD,39.24990228,-77.25665331
01,15,,01,06,02,1,01,01,00,MCP21990003,07.01,03-25-2015,10:14:00,55112,N,N,MONTGOMERY,UNK,01,00,27,MD,,2.7,N,RIDGE RD,500,F,N,267,CO,,DAVIS MILL RD,39.23834,-77.23542167
03,15,,02,03,02,2,01,04,00,MCP2201000B,06.01,02-09-2015,18:45:00,54114,N,N,MONTGOMERY,UNK,01,00,193,MD,,5.06,E,UNIVERSITY BLVD E,0,F,E,706,CO,,INDIAN SPRING DR,39.0134819,-77.00358152
03,15,,01,11,01,3,01,04,00,MCP2201000C,12.04,03-04-2015,20:21:00,54142,Y,N,MONTGOMERY,UNK,03,00,668,CO,,0.1,E,WAYNE AVE,100,F,E,669,CO,,DIXON AVE,38.99446429,-77.02791452
03,15,,02,05,02,1,01,04,00,MCP2201000D,06.01,03-17-2015,21:11:00,55114,N,N,MONTGOMERY,UNK,01,01,97,MD,,1.89,N,GEORGIA AVE,0,F,N,1805,CO,,BELVEDERE BLVD,39.01943376,-77.04425454
01,15,,01,08,02,3,01,01,00,MCP2201000F,06.01,03-19-2015,15:07:00,55114,Y,N,MONTGOMERY,UNK,01,00,29,US,,1.74,N,COLESVILLE RD,100,F,N,7,GV,,SLIGO CREEK PKWY,39.00770462,-77.01997519
01,15,,01,03,02,,01,04,00,MCP2203000L,06.01,01-23-2015,13:48:00,54114,Y,N,MONTGOMERY,UNK,01,00,193,MD,,3,E,UNIVERSITY BLVD W,15,F,E,124,CO,,ARCOLA AVE,39.03580167,-77.026365
03,15,,03,11,02,3,01,04,00,MCP2203000M,00,02-01-2015,06:55:00,54144,N,N,MONTGOMERY,UNK,03,00,97,MD,,3.1,N,GEORGIA AVE,6,F,N,1579,CO,,PRICHARD RD,39.03660833,-77.05022833
01,15,,03,03,01,1,01,01,00,MCP2353000V,07.01,02-23-2015,10:19:00,45112,N,N,MONTGOMERY,UNK,01,01,4086,CO,,0,W,HERITAGE HILLS DR,0,F,W,97,MD,,GEORGIA AVE,39.16886167,-77.06013167
01,15,,01,17,00,1,01,03,22.03,MCP2353000W,06.01,02-28-2015,08:09:00,5511,N,N,MONTGOMERY,UNK,09,09,72,CO,,0.65,W,NORWOOD RD,500,F,W,74,CO,,HOLLY GROVE RD,39.08559333,-77.04589667
01,15,,01,01,04,1,88,01,00,MCP2353000X,07.01,03-10-2015,07:38:00,5511,N,N,MONTGOMERY,UNK,01,00,63,CO,,1.94,E,BROOKEVILLE RD,999,F,E,4085,CO,,GRAYHEAVEN MANOR RD,39.18238333,-77.067525
01,15,,02,11,02,3,01,04,04,MCP2353000Y,07.01,03-10-2015,09:49:00,5411,N,N,MONTGOMERY,UNK,01,09,1659,CO,,4.18,E,RANDOLPH RD,0,F,E,3615,CO,,HEURICH RD,39.06277167,-77.04183333
03,15,,01,17,03,1,01,01,04,MCP2354000D,08.04,01-06-2015,04:40:00,55112,N,N,MONTGOMERY,UNK,10,00,125,CO,,0,N,PARKLAWN DR,900,F,N,1913,CO,,BOILING BROOK PKWY,39.04799333,-77.10178167
01,15,,02,03,04,2,01,04,00,MCP2357000N,06.01,02-15-2015,09:51:00,54124,N,N,MONTGOMERY,UNK,01,00,97,MD,,2.02,N,GEORGIA AVE,0,F,N,957,CO,,AUGUST DR,39.02188333,-77.04500833
01,15,,00,03,01,2,01,01,00,MCP2357000P,07.01,03-04-2015,12:57:00,,N,N,MONTGOMERY,UNK,01,01,97,MD,,1.268,N,GEORGIA AVE,150,F,N,1926,CO,,FLORA LA,39.01045667,-77.040625
01,15,,01,03,02,2,00,04,00,MCP2357000Q,06.01,03-18-2015,12:48:00,54114,N,Y,MONTGOMERY,UNK,01,00,97,MD,,2.02,N,GEORGIA AVE,100,F,N,957,CO,,AUGUST DR,39.021305,-77.04453
01,15,,01,03,01,1,01,01,00,MCP2357000R,07.01,03-25-2015,11:03:00,,N,N,MONTGOMERY,UNK,01,00,592,CO,,0.11,N,FIRST AVE,500,F,N,598,CO,,SPRING ST,38.99886667,-77.0319
01,15,,00,88,02,2,01,04,00,MCP2357000T,06.01,03-25-2015,14:42:00,55112,N,N,MONTGOMERY,UNK,01,00,7073,CO,,0.91,E,SEMINARY RD,500,F,E,1299,CO,,COLUMBIA BLVD,39.00847167,-77.04070667
01,15,,02,17,01,1,01,01,05,MCP2358000N,08.04,01-26-2015,11:02:00,54112,Y,N,MONTGOMERY,UNK,09,00,190,MD,,13.55,E,RIVER RD,0,F,E,1279,CO,,WHITTIER BLVD,39.02344833,-77.14320333
01,15,,01,17,03,1,01,01,04,MCP2358000P,08.04,02-21-2015,11:01:00,55112,N,N,MONTGOMERY,UNK,09,00,189,CO,,2.04,S,OAKLYN DR,200,F,S,6186,CO,,BEMAN WOODS WAY,38.992555,-77.194591
01,15,,02,11,02,3,01,01,00,MCP2358000R,06.01,03-08-2015,15:27:00,54112,Y,N,MONTGOMERY,UNK,01,00,187,MD,,2.64,N,OLD GEORGETOWN RD,0,F,N,495,IS,,CAPITAL BELTWAY,39.01643,-77.119898
01,15,,03,07,02,,01,04,00,MCP25830007,06.01,01-01-2015,11:58:00,55112,Y,N,MONTGOMERY,UNK,01,00,4991,CO,,1.06,S,CRABBS BRANCH WAY,100,F,S,1936,CO,,REDLAND RD,39.12141333,-77.15914167
05.02,15,,03,03,03,2,01,04,00,MCP25830008,08.04,01-06-2015,06:53:00,55112,Y,N,MONTGOMERY,UNK,01,00,28,MD,,24.46,E,NORBECK RD,500,F,E,205,MU,,AVERY RD,39.09328174,-77.12193131
01,15,,02,06,03,2,01,04,00,MCP25830009,08.04,01-06-2015,10:56:00,55114,Y,N,MONTGOMERY,UNK,01,00,586,MD,,1,E,VEIRS MILL RD,0,F,E,140,MU,,ARDENNES AVE,39.076025,-77.11978167
03,15,,00,07,02,1,01,01,00,MCP2584000B,06.01,03-30-2015,22:23:00,54112,N,N,MONTGOMERY,UNK,02,00,20,CO,,1.086,S,SKYLARK RD,20,F,S,7697,CO,,SERVICEBERRY DR,39.234,-77.24324667
01,15,,02,88,00,1,01,01,00,MCP2584000C,00,03-31-2015,08:00:00,54142,Y,N,MONTGOMERY,UNK,03,00,141,CO,,1.04,E,MIDDLEBROOK RD,0,F,E,,UU,,CROSSRIDGE DR,39.17508833,-77.25742
03,15,,05.01,17,01,,01,04,06,MCP2586000Z,03,01-18-2015,19:24:00,55114,N,N,MONTGOMERY,UNK,16,00,29,US,,11.706,N,COLUMBIA PIKE,0,M,N,29,RP,,RAMP 2 FR DUSTIN RD TO US 29 NB,39.125105,-76.92387667
01,15,,03,88,02,1,01,01,00,MCP25860010,06.01,03-17-2015,17:57:00,55114,N,N,MONTGOMERY,UNK,01,00,4552,CO,,3.81,N,OLD COLUMBIA PIKE,10,F,N,6487,CO,,BRIARCLIFF MANOR WAY,38.99746,-77.10978167
01,15,,02,03,02,1,01,01,00,MCP25860011,06.01,03-24-2015,16:58:00,55114,N,N,MONTGOMERY,UNK,01,00,98,CO,,1.72,N,FAIRLAND RD,0,F,N,6569,CO,,FAIRLAND PARK DR,39.07811333,-76.96369333
03,15,,02,88,01,2,01,04,00,MCP25860012,03,03-31-2015,21:13:00,54112,Y,N,MONTGOMERY,UNK,03,00,95,CO,,3.17,E,BRIGGS CHANEY RD,0,F,E,4552,CO,,OLD COLUMBIA PIKE,39.08486833,-76.95204167
01,15,,01,17,02,2,01,03,04,MCP2588000M,06.01,01-23-2015,08:15:00,55322,N,N,MONTGOMERY,UNK,09,09,1114,CO,,0,E,GLENALLAN AVE,100,F,E,97,MD,,GEORGIA AVE,39.06372,-77.05400833
01,15,,03,02,02,1,01,04,00,MCP2588000N,00,02-06-2015,12:30:00,5411,N,N,MONTGOMERY,UNK,01,00,97,MD,,6.5,N,GEORGIA AVE,7,F,N,2062,CO,,RALPH RD,39.078195,-77.07160667
01,15,,01,03,01,1,01,03,00,MCP2588000P,08.04,03-11-2015,11:00:00,5411,N,N,MONTGOMERY,UNK,01,00,2722,CO,,0.49,W,BEL PRE RD,15,F,W,3405,CO,,RIPPLING BROOK DR,39.09040167,-77.05392
01,15,,01,88,02,3,01,04,00,MCP2588000Q,06.01,03-13-2015,08:19:00,5411,N,N,MONTGOMERY,UNK,01,00,97,MD,,4.81,N,GEORGIA AVE,5,F,N,182,MD,,LAYHILL RD,39.06013,-77.05112833
01,15,,09.04,11,02,1,01,01,00,MCP1580002B,06.01,01-05-2015,13:18:00,55114,N,N,MONTGOMERY,UNK,01,00,7009,CO,,0.17,E,DARNESTOWN RD,0,F,E,,UU,,PHYSICIANS LA (ENT MED CTR),39.09955167,-77.21219833
01,15,,02,88,03,,88,01,00,MCP1580002C,08.04,01-06-2015,10:08:00,55112,Y,N,MONTGOMERY,UNK,01,00,115,MD,,2.73,E,MUNCASTER MILL RD,0,F,E,135,CO,,BOWIE MILL RD,39.13438,-77.12299
05.02,15,,01,17,03,1,01,01,11,MCP1580002D,08.04,01-14-2015,07:05:00,55112,N,N,MONTGOMERY,UNK,09,00,32,CO,,2.2,S,WARFIELD RD,900,F,S,6208,CO,,DOUBLELAND RD,39.19072333,-77.173945
01,15,,02,03,01,1,01,04,00,MCP1580002F,07.01,01-21-2015,07:42:00,55112,Y,N,MONTGOMERY,UNK,01,00,212,CO,,3.95,N,SHADY GROVE RD,0,F,N,355,MD,,FREDERICK RD,39.12308,-77.177225
01,15,,03,03,01,,01,02,00,MCP1580002G,08.04,01-26-2015,09:02:00,55112,Y,N,MONTGOMERY,UNK,01,00,355,MD,,15.45,N,FREDERICK RD,0,F,N,,UU,,SPUR TO MD 124,39.152865,-77.21267
01,15,,01,09,01,1,01,01,00,MCP1580002H,07.01,02-02-2015,10:12:00,54114,N,N,MONTGOMERY,UNK,01,00,33,CO,,2.44,N,GOSHEN RD,100,F,N,5931,CO,,ROTHBURY DR,39.18497167,-77.18751167