LIGHT_CODE,COUNTY_NO,MUNI_CODE,JUNCTION_CODE,COLLISION_TYPE_CODE,SURF_COND_CODE,LANE_CODE,RD_COND_CODE,RD_DIV_CODE,FIX_OBJ_CODE,REPORT_NO,WEATHER_CODE,ACC_DATE,ACC_TIME,LOC_CODE,SIGNAL_FLAG,C_M_ZONE_FLAG,AGENCY_CODE,AREA_CODE,HARM_EVENT_CODE1,HARM_EVENT_CODE2,RTE_NO,ROUTE_TYPE_CODE,RTE_SUFFIX,LOG_MILE,LOGMILE_DIR_FLAG,MAINROAD_NAME,DISTANCE,FEET_MILES_FLAG,DISTANCE_DIR_FLAG,REFERENCE_NO,REFERENCE_TYPE_CODE,REFERENCE_SUFFIX,REFERENCE_ROAD_NAME,LATITUDE,LONGITUDE
01,15,,00,03,02,1,01,88,00,MCP26030005,06.01,02-20-2015,09:23:00,55114,N,N,MONTGOMERY,UNK,01,00,3727,CO,,0.11,N,MONTGOMERY VILLAGE AVE,300,F,N,6703,CO,,WALKERS CHOICE RD,39.16316333,-77.20309667
01,15,,00,03,03,3,00,88,00,MCP26030006,09.04,03-01-2015,12:33:00,55112,N,N,MONTGOMERY,UNK,01,00,355,MD,,16.65,N,FREDERICK RD,200,F,N,221,CO,,GAME PRESERVE RD,39.16711667,-77.22953333
01,15,,01,03,01,2,01,04,00,MCP1619000R,06.01,03-06-2015,10:41:00,55114,N,N,MONTGOMERY,UNK,01,00,185,MD,,0.9,N,CONNECTICUT AVE,10,F,N,80,MU,,TAYLOR ST,38.98100833,-77.077125
01,15,,01,88,03,1,01,04,00,MCP1619000S,06.01,03-06-2015,12:38:00,55112,N,N,MONTGOMERY,UNK,02,00,1703,CO,,0,E,HOMEWOOD PKWY,0,M,E,1351,CO,,DRUMM AVE,39.0286,-77.062925
01,15,,02,04,01,3,00,04,00,MCP1619000T,06.01,03-06-2015,15:16:00,55114,Y,N,MONTGOMERY,UNK,01,00,185,MD,,4.24,N,CONNECTICUT AVE,0,F,N,547,MD,,KNOWLES AVE,39.027585,-77.07665833
01,15,,02,11,02,1,01,04,00,MCP1619000V,06.01,03-19-2015,11:49:00,55114,Y,N,MONTGOMERY,UNK,01,00,185,MD,,1.56,N,CONNECTICUT AVE,0,F,N,548,CO,,DUNLOP ST,38.99035667,-77.07720167
03,15,,00,17,04,1,05,00,11,MCP20000006,06.01,02-19-2015,22:49:00,54114,N,N,MONTGOMERY,UNK,11,10,2765,CO,,0,E,MT VERNON AVE,200,F,E,124,MD,,WOODFIELD RD,39.28343833,-77.2009
01,15,,01,01,06.03,1,01,01,05,MCP20010006,00,03-09-2015,07:39:00,5311,N,N,MONTGOMERY,UNK,01,09,28,MD,,2.1,E,DARNESTOWN RD,1,M,E,253,CO,,MARTINSBURG RD,39.19824172,-77.4290657
04,15,,01,03,02,4,01,88,00,MCP2244000C,07.01,02-13-2015,18:06:00,55112,N,N,MONTGOMERY,UNK,01,00,495,IS,,13.19,E,CAPITAL BELTWAY,500,F,E,,UU,,END BRIDGE,39.01892529,-76.98829293
01,15,,02,03,02,2,01,88,00,MCP2244000D,06.01,03-18-2015,15:21:00,55114,Y,Y,MONTGOMERY,UNK,01,01,29,US,,3.88,N,COLUMBIA PIKE,0,F,N,109,CO,,LOCKWOOD DR,39.03404,-77.00260667
03,15,,01,17,02,2,01,04,10,MCP2246000B,06.01,01-17-2015,20:47:00,55112,N,N,MONTGOMERY,UNK,09,09,598,CO,,0.39,W,SPRING ST,300,F,W,2248,CO,,ALTON PKWY,39.00061333,-77.03006
06.02,15,,01,03,02,3,01,01,00,MCP2246000D,06.01,02-02-2015,17:29:00,54112,N,N,MONTGOMERY,UNK,01,00,97,MD,,1.268,N,GEORGIA AVE,0,F,N,1926,CO,,FLORA LA,39.00874667,-77.03991333
03,15,,03,12,02,2,01,04,04,MCP2247000R,06.01,01-15-2015,20:46:00,54112,Y,N,MONTGOMERY,UNK,01,16,99,CO,,2.19,E,E RANDOLPH RD,30,F,E,929,MD,A,E RANDOLPH RD (AHEAD),39.063705,-76.966365
06.02,15,,03,13,02,2,01,04,00,MCP2247000S,06.01,01-20-2015,17:01:00,54114,N,N,MONTGOMERY,UNK,01,00,198,MD,,4,E,SANDY SPRING RD,20,F,E,3363,CO,,DINO DR,39.10895949,-76.92294359
03,15,,05.01,17,02,,01,04,05,MCP2247000T,06.01,03-08-2015,20:51:00,55114,N,N,MONTGOMERY,UNK,09,09,29,US,,8.18,N,COLUMBIA PIKE,0,F,N,200,RP,,RAMP 5 FR US 29 SB TO MD 200 EB,39.07901833,-76.95198
05.02,15,,01,17,04,1,01,00,10,MCP22500006,12.04,01-12-2015,08:25:00,55112,N,N,MONTGOMERY,UNK,09,09,253,CO,,0,N,MARTINSBURG RD,2,M,N,281,CO,,WHITES FERRY RD,39.17160167,-77.46568
01,15,,01,17,03,1,88,01,10,MCP22500009,06.01,02-19-2015,12:18:00,54112,N,N,MONTGOMERY,UNK,09,00,28,MD,,7.93,E,DARNESTOWN RD,975,F,E,117,MD,,BUCKLODGE RD,39.14374167,-77.357485
06.02,15,,02,11,01,1,01,03,00,MCP2905000V,03,01-03-2015,17:16:00,55114,Y,U,MONTGOMERY,UNK,01,00,362,CO,,0.32,S,ARLINGTON RD,0,F,S,363,CO,,HAMPDEN LA,38.98269,-77.09853333
03,15,,01,03,02,2,01,01,00,MCP2905000W,06.01,01-30-2015,18:30:00,55112,N,N,MONTGOMERY,UNK,01,00,355,MD,,3.22,N,ROCKVILLE PIKE,200,F,N,319,CO,,CEDAR LA,39.007745,-77.09769
01,15,,01,11,02,2,01,04,00,MCP2905000X,06.01,02-04-2015,17:15:00,55112,N,N,MONTGOMERY,UNK,01,00,3239,CO,,0.67,N,EXECUTIVE BLVD,600,F,N,187,MD,,OLD GEORGETOWN RD,39.04878333,-77.12251167
03,15,,03,02,02,2,01,04,00,MCP2905000Y,06.01,02-06-2015,18:45:00,55114,Y,N,MONTGOMERY,UNK,01,00,187,MD,,2.44,N,OLD GEORGETOWN RD,0,F,N,1039,CO,,RYLAND DR,39.01293167,-77.117455
01,15,,02,07,02,1,01,00,04,MCP2905000Z,06.01,02-10-2015,15:22:00,55114,Y,N,MONTGOMERY,UNK,01,09,837,CO,,0.54,N,FERNWOOD RD,0,F,N,167,CO,,GREENTREE RD,39.00542667,-77.13299
03,15,,01,07,02,1,01,04,00,MCP2906000L,06.01,01-25-2015,01:52:00,55112,N,N,MONTGOMERY,UNK,02,00,396,MU,,0.1,N,TSCHIFFELY SQUARE RD,500,F,N,235,MU,,KENT GARDENS CIR,39.11815167,-77.24523167
03,15,,00,11,01,1,01,01,00,MCP2906000M,12.04,02-02-2015,01:04:00,55211,N,N,MONTGOMERY,UNK,01,01,117,MD,,11.08,E,CLOPPER RD,0,M,E,88,MU,,FIRSTFIELD RD,39.14383267,-77.22331882
03,15,,00,06,02,1,99,01,00,MCP2906000N,06.01,02-25-2015,22:19:00,54122,N,N,MONTGOMERY,UNK,01,01,221,CO,,0,N,GAME PRESERVE RD,50,F,N,117,MD,,CLOPPER RD,39.150925,-77.24384667
03,15,,01,03,01,2,01,01,00,MCP2907000V,03,01-24-2015,03:53:00,55124,Y,N,MONTGOMERY,UNK,01,00,185,MD,,1.38,N,CONNECTICUT AVE,2,F,N,410,MD,,EAST WEST HWY,38.98772,-77.07708333
03,15,,01,88,02,1,01,00,00,MCP2907000W,06.01,01-25-2015,21:04:00,54144,Y,N,MONTGOMERY,UNK,03,00,369,CO,,0,W,ELM ST,0,F,W,355,MD,,WISCONSIN AVE,38.98287833,-77.09362
03,15,,01,88,04,1,01,02,00,MCP2907000X,08.04,02-21-2015,23:05:00,55112,N,N,MONTGOMERY,UNK,01,00,1098,CO,,0,N,DEVIN PL,0,F,N,4465,CO,,DRUMM AVE,39.03479667,-77.06151333
01,15,,01,17,02,1,01,04,09,MCP2908000R,06.01,01-09-2015,14:54:00,55112,N,N,MONTGOMERY,UNK,09,00,29,US,,3.32,N,COLESVILLE RD,500,F,N,877,CO,,CRESTMOOR DR,39.03036167,-77.00565
03,15,,01,17,01,2,01,03,10,MCP2909000L,07.01,03-03-2015,00:27:00,55114,N,N,MONTGOMERY,UNK,16,09,410,MD,,2.54,E,EAST WEST HWY,500,F,E,535,CO,,GRUBB RD,38.99428918,-77.0511961
03,15,,01,17,02,1,01,04,09,MCP2909000M,06.01,03-29-2015,04:33:00,55122,N,N,MONTGOMERY,UNK,16,09,185,MD,,2.93,N,CONNECTICUT AVE,120,F,N,2119,CO,,CULVER ST,39.00978833,-77.08095
03,15,,01,88,01,1,06,02,00,MCP2692000L,03,01-26-2015,01:27:00,55112,N,N,MONTGOMERY,UNK,02,00,1604,CO,,0.15,N,FREELAND RD,250,F,N,1960,CO,,GRENOBLE DR,39.07021833,-77.09024
03,15,,00,01,02,1,01,01,00,MCP2692000N,06.01,02-01-2015,00:55:00,55124,N,N,MONTGOMERY,UNK,02,02,1906,CO,,0.18,W,MAY ST,200,F,W,1343,CO,,HOLDRIDGE RD,39.07258227,-77.06875384
03,15,,02,07,02,2,01,04,00,MCP2693000J,06.01,01-05-2015,18:57:00,45112,N,N,MONTGOMERY,UNK,02,00,586,MD,,2.85,E,VEIRS MILL RD,0,F,E,1592,CO,,PARKLAND DR,39.06146333,-77.09179
01,15,,01,17,03,1,01,01,10,MCP2693000K,12.04,01-26-2015,16:25:00,54112,N,N,MONTGOMERY,UNK,09,00,198,MD,,1.11,E,SPENCERVILLE RD,50,F,E,80,CO,,THOMPSON RD,39.117465,-76.97016833
01,15,,02,03,02,4,01,04,00,MCP2693000L,06.01,01-30-2015,16:13:00,54112,Y,N,MONTGOMERY,UNK,01,00,1659,CO,,2.28,E,RANDOLPH RD,0,F,E,185,MD,,CONNECTICUT AVE,39.05679333,-77.07368667
01,15,,02,17,02,1,01,04,00,MCP2693000M,06.01,02-13-2015,16:00:00,54144,Y,N,MONTGOMERY,UNK,03,00,97,MD,,4.28,N,GEORGIA AVE,0,F,N,282,CO,,SHOREFIELD RD,39.05347833,-77.05083
04,15,,01,03,03,1,01,04,00,MCP2693000N,10.04,02-15-2015,00:00:00,54142,N,N,MONTGOMERY,UNK,03,01,1592,CO,,1.56,S,PARKLAND DR,50,F,S,1598,CO,,FALCON ST,39.06751667,-77.08864833
01,15,,01,06,03,1,00,01,00,MCP2693000P,08.04,02-21-2015,14:30:00,45112,N,N,MONTGOMERY,UNK,01,00,650,MD,,17.34,N,NEW HAMPSHIRE AVE,0,F,N,4146,CO,,GREENBRIDGE RD,39.198995,-77.02418167
03,15,,01,06,03,1,01,01,00,MCP2693000Q,08.04,03-05-2015,18:30:00,55124,N,N,MONTGOMERY,UNK,01,00,1892,CO,,0,N,DUMBARTON DR,300,F,N,1600,CO,,VANDALIA DR,39.072765,-77.083495
03,15,,02,12,02,2,01,03,00,MCP26940011,06.01,01-13-2015,21:45:00,55112,Y,N,MONTGOMERY,UNK,01,00,1659,CO,,0.14,E,RANDOLPH RD,0,F,E,4121,CO,,NEBEL ST,39.05319333,-77.11086833
01,15,,02,02,02,3,01,03,00,MCP26940013,06.01,01-20-2015,15:45:00,55112,N,N,MONTGOMERY,UNK,01,00,187,MD,,2.07,N,OLD GEORGETOWN RD,0,F,N,320,CO,,SPRUCE TREE AVE,39.00873167,-77.11336667
06.02,15,,01,03,02,1,01,01,00,MCP26940014,06.01,02-07-2015,17:54:00,54112,N,N,MONTGOMERY,UNK,02,00,2467,CO,,0.71,S,SCHUYLKILL RD,25,F,S,2736,CO,,ROCK RD,39.038885,-77.08985833
03,15,,01,07,02,4,02,04,00,MCP26940015,06.01,02-23-2015,18:25:00,55112,N,N,MONTGOMERY,UNK,01,00,355,MD,,5.68,N,ROCKVILLE PIKE,5,F,N,,UU,,ENT TO WHITE FLINT MALL,39.04251167,-77.11066167
01,15,,01,17,02,2,01,04,04,MCP26940016,06.01,03-07-2015,17:45:00,55112,N,N,MONTGOMERY,UNK,09,00,6197,OP,,1.01,E,MONTROSE PKWY,300,F,E,5017,CO,,HOYA ST,39.05243333,-77.11711667
01,15,,00,05,01,1,00,01,11,MCP2770000G,07.01,01-04-2015,11:28:00,54112,N,N,MONTGOMERY,UNK,01,09,27,CO,,4.12,E,BRINK RD,500,F,E,28,CO,,HUNTMASTER RD,39.20785667,-77.18080333
01,15,,02,03,00,,01,04,00,MCP2770000H,06.01,01-11-2015,15:52:00,55112,Y,N,MONTGOMERY,UNK,01,00,212,CO,,5.92,N,SHADY GROVE RD,0,F,N,5221,CO,,MIDCOUNTY HWY,39.14049,-77.15233667
01,15,,00,07,02,1,01,03,00,MCP2770000J,06.01,03-11-2015,18:03:00,55124,N,N,MONTGOMERY,UNK,01,00,115,MD,,1.02,E,MUNCASTER MILL RD,50,F,E,212,CO,,SHADY GROVE RD,39.14920333,-77.14731167
03,15,,01,02,03,1,01,01,00,MCP27710009,08.04,01-26-2015,23:10:00,54112,N,N,MONTGOMERY,UNK,01,00,115,MD,,2.31,E,MUNCASTER MILL RD,0,F,E,,UU,,STRUC #15015 ROCK CREEK,39.14003333,-77.13374
07.88,15,,03,01,03,,01,03,00,MCP2771000B,08.04,01-27-2015,05:27:00,55112,Y,N,MONTGOMERY,UNK,01,00,4991,CO,,0.31,S,CRABBS BRANCH WAY,0,F,S,212,CO,,SHADY GROVE RD,39.129205,-77.16765
03,15,,02,17,01,1,00,04,04,MCP2771000C,06.01,03-07-2015,06:35:00,54114,Y,N,MONTGOMERY,UNK,09,00,37,CO,,0.35,N,EMORY GROVE RD,0,F,N,124,MD,,WOODFIELD RD,39.15225915,-77.17252851
04,15,,01,03,02,1,01,03,00,MCP2771000F,06.01,03-27-2015,22:42:00,55112,N,N,MONTGOMERY,UNK,01,00,115,MD,,1.02,E,MUNCASTER MILL RD,0,M,E,,UU,,CROSSOVER,39.15051,-77.14904167
03,15,,03,17,03,,01,04,04,MCP2772000P,08.04,01-06-2015,05:30:00,44112,Y,N,MONTGOMERY,UNK,09,00,188,MD,,0.9,E,WILSON LA,0,F,E,190,MD,,RIVER RD,38.98384,-77.13771833
03,15,,02,11,01,1,01,01,00,MCP2772000Q,06.01,01-07-2015,03:17:00,54112,Y,N,MONTGOMERY,UNK,01,00,4223,CO,,0.751,N,ROCKLEDGE DR,0,F,N,3386,CO,,ROCK SPRING DR,39.02705167,-77.13238
03,15,,00,17,02,4,01,04,09,MCP2772000R,06.01,03-08-2015,04:56:00,55112,Y,N,MONTGOMERY,UNK,09,09,185,MD,,2.22,N,CONNECTICUT AVE,20,F,N,537,CO,,JONES BRIDGE RD,39.00021167,-77.076785
01,15,,03,03,00,2,01,04,00,MCP27730011,06.01,01-10-2015,14:37:00,55122,Y,N,MONTGOMERY,UNK,01,00,29,US,,0.61,N,GEORGIA AVE,5,F,N,7683,CO,,BONIFANT ST,38.99349,-77.02656833
01,15,,00,11,00,1,01,01,08,MCP27730012,06.01,01-11-2015,12:23:00,54112,N,N,MONTGOMERY,UNK,01,09,4592,CO,,0.14,E,SLIGO AVE,50,F,E,629,CO,,FENTON ST,38.99037333,-77.022985
01,15,,00,03,04,3,00,04,00,MCP27730013,05,02-15-2015,09:59:00,55112,N,N,MONTGOMERY,UNK,01,00,193,MD,,4.03,E,UNIVERSITY BLVD W,350,F,E,675,CO,,BRUNETT AVE,39.02371,-77.01771833
01,15,,00,03,04,2,01,04,00,MCP27730014,05,02-15-2015,10:14:00,55112,N,N,MONTGOMERY,UNK,01,00,193,MD,,4.03,E,UNIVERSITY BLVD W,500,F,E,675,CO,,BRUNETT AVE,39.023755,-77.01750333
03,15,,02,88,01,1,01,01,00,MCP27730015,12.04,02-22-2015,06:48:00,55112,Y,N,MONTGOMERY,UNK,01,00,746,CO,,0.19,S,WESSEX RD,0,F,S,,UU,,SPUR TO SLIGO AVE,38.99149333,-77.01003
01,15,,00,11,01,3,01,01,00,MCP27730016,07.01,02-23-2015,08:39:00,55111,N,N,MONTGOMERY,UNK,01,00,29,US,,0.13,N,GEORGIA AVE,0,F,N,1297,CO,,KING ST,38.98666333,-77.02654
01,15,,02,03,01,3,01,03,00,MCP27730017,03,03-10-2015,12:03:00,55114,Y,N,MONTGOMERY,UNK,01,00,29,US,,1.74,N,COLESVILLE RD,0,F,N,7,GV,,SLIGO CREEK PKWY,39.00766667,-77.02014667
03,15,,02,17,01,3,00,02,04,MCP2829001B,03,01-26-2015,01:54:00,28124,N,N,MONTGOMERY,UNK,09,00,193,MD,,4.408,E,UNIVERSITY BLVD E,0,F,E,,UU,,MONTGOMERY BLAIR HIGH SCHOOL,39.0197,-77.013445
01,15,,03,03,06.03,1,01,01,06,MCP28300013,06.01,01-07-2015,14:49:00,55114,Y,N,MONTGOMERY,UNK,01,16,390,OP,,0,N,ATTLEBORO RD,10,M,N,72,CO,,NORWOOD RD,39.11561667,-77.016835
01,15,,01,03,02,1,01,01,00,MCP28300014,06.01,01-17-2015,08:58:00,55112,N,N,MONTGOMERY,UNK,01,00,99,CO,,1.51,E,E RANDOLPH RD,300,F,E,3467,CO,,LAURIE DR,39.06575333,-76.97805333
88,15,,01,03,03,1,01,01,00,MCP28300016,08.04,01-26-2015,09:52:00,54112,Y,N,MONTGOMERY,UNK,01,00,161,CO,,2.6,S,GOOD HOPE RD,50,F,S,650,MD,,NEW HAMPSHIRE AVE,39.09600667,-77.00125667
01,15,,02,03,02,2,01,02,00,MCP28300017,06.01,02-03-2015,08:58:00,55114,N,N,MONTGOMERY,UNK,01,00,650,MD,,9.73,N,NEW HAMPSHIRE AVE,0,F,N,72,CO,,NORWOOD RD,39.10594167,-77.00122333
01,15,,01,17,00,2,01,04,00,MCP28300018,06.01,02-07-2015,08:35:00,5411-4,N,N,MONTGOMERY,UNK,11,00,182,MD,,1.73,N,LAYHILL RD,300,F,N,3663,CO,,POST LA,39.083405,-77.04656
88,15,,02,88,02,1,01,01,00,MCP28300019,07.01,02-09-2015,11:19:00,5414-2,Y,N,MONTGOMERY,UNK,03,00,1114,CO,,0.63,E,GLENALLAN AVE,0,F,E,1659,CO,,RANDOLPH RD,39.06076833,-77.04522833
01,15,,01,17,04,1,01,01,11,MCP2830001B,06.01,03-09-2015,08:20:00,54112,N,N,MONTGOMERY,UNK,09,11,182,MD,,3.6,N,LAYHILL RD,200,F,N,2000,CO,,GAYFIELDS DR,38.66493,-77.03251333
01,15,,01,88,01,,01,88,04,MCP2830001C,06.01,03-11-2015,15:07:00,54114,N,N,MONTGOMERY,UNK,01,09,4996,OP,,0,E,JACQUELINE CT,100,F,E,5166,CO,,HOBART DR,39.078555,-76.98308333
01,15,,02,11,01,1,01,04,00,MCP2831000N,00,02-17-2015,17:16:00,54114,Y,N,MONTGOMERY,UNK,01,00,4556,CO,,0.14,S,FATHER HURLEY BLVD,0,F,S,270,RP,,RAMP 5 FR RAMP 8 TO FATHER HURLEY BLVD,39.19657833,-77.26543667
01,15,,03,03,01,,01,04,00,MCP2831000P,03,03-10-2015,18:31:00,54112,Y,N,MONTGOMERY,UNK,01,00,4556,CO,,1.19,S,FATHER HURLEY BLVD,10,F,S,141,CO,,MIDDLEBROOK RD,39.18433333,-77.27368667
01,15,,02,03,01,2,01,04,00,MCP2910000Z,03,01-03-2015,14:51:00,55112,Y,N,MONTGOMERY,UNK,01,00,29,US,,1.85,N,COLESVILLE RD,0,F,N,7075,CO,,FRANKLIN AVE,39.00902167,-77.01836667
01,15,,01,17,02,1,01,01,07,MCP29100010,06.01,01-15-2015,11:44:00,55322,N,N,MONTGOMERY,UNK,09,00,4552,CO,,2.3,N,OLD COLUMBIA PIKE,30,F,N,95,CO,,BRIGGS CHANEY RD,39.08381667,-76.95159
00,15,,01,03,02,1,01,04,00,MCP29100011,00,02-03-2015,10:59:00,55112,N,N,MONTGOMERY,UNK,01,00,97,MD,,1.61,N,GEORGIA AVE,20,F,N,697,CO,,FOREST GLEN RD,39.015867,-77.042799
01,15,,01,03,01,1,01,01,00,MCP29100012,00,02-10-2015,08:39:00,55114,N,N,MONTGOMERY,UNK,01,01,192,MD,,2.14,E,FOREST GLEN RD,50,F,E,7073,CO,,SEMINARY RD,39.01548667,-77.05538333
01,15,,02,02,02,1,01,01,00,MCP29100013,06.01,02-18-2015,12:24:00,55114,Y,N,MONTGOMERY,UNK,01,00,697,CO,,0.06,E,FOREST GLEN RD,0,F,E,1263,CO,,WOODLAND DR,39.01575833,-77.04201667
01,15,,02,11,01,3,01,04,00,MCP29100014,03,02-26-2015,10:53:00,54114,Y,N,MONTGOMERY,UNK,01,01,97,MD,,2.05,N,GEORGIA AVE,0,F,N,790,CO,,DEXTER AVE,39.02227333,-77.045375
01,15,,05.01,03,02,,01,04,00,MCP29100015,06.01,03-07-2015,12:13:00,54114,N,N,MONTGOMERY,UNK,01,01,495,RP,,0,W,RAMP 2 FR IS 495 WB TO MD 97 NB,10,F,W,495,IS,,CAPITAL BELTWAY,39.01349833,-77.03860333
01,15,,01,07,02,,00,01,00,MCP29100016,06.01,03-15-2015,14:42:00,55122,Y,N,MONTGOMERY,UNK,01,00,29,US,,0.18,N,GEORGIA AVE,0,F,N,1296,CO,,13TH ST,38.98790333,-77.02712333
01,15,,01,03,02,4,01,04,00,MCP29100017,06.01,03-29-2015,10:36:00,55114,Y,N,MONTGOMERY,UNK,01,00,97,MD,,1.46,N,GEORGIA AVE,20,F,N,495,RP,,RAMP 1 FR MD 97 NB TO IS 495 WB,39.014055,-77.04238
01,15,,03,07,02,,01,01,00,MCP2912000L,06.01,02-05-2015,13:50:00,55122,Y,N,MONTGOMERY,UNK,01,00,185,MD,,1.38,N,CONNECTICUT AVE,10,F,N,410,MD,,EAST WEST HWY,38.98722667,-77.07725667
01,15,,00,03,01,2,01,04,00,MCP2912000M,06.01,02-17-2015,14:53:00,55112,Y,N,MONTGOMERY,UNK,01,00,355,MD,,4.38,N,ROCKVILLE PIKE,5,F,N,326,CO,,GROSVENOR LA,39.02238333,-77.10279833
01,15,,00,07,02,1,01,01,00,MCP2912000N,06.01,02-19-2015,09:21:00,55112,N,N,MONTGOMERY,UNK,01,00,860,CO,,0.06,S,MICHIGAN AVE,10,F,S,591,CO,,PENNSYLVANIA AVE,39.00222667,-77.04796
01,15,,01,07,01,,01,01,00,MCP2912000Q,03,03-10-2015,11:37:00,55112,N,N,MONTGOMERY,UNK,01,00,614,MD,,1.62,N,GOLDSBORO RD,430,F,N,2133,CO,,RADNOR RD,38.97561667,-77.11053333
03,15,,00,88,00,,00,04,00,MCP2914000S,06.01,01-16-2015,17:20:00,55112,N,N,MONTGOMERY,UNK,01,00,650,MD,,3.46,N,NEW HAMPSHIRE AVE,25,M,N,104,CO,,POWDER MILL RD,39.02187604,-76.97736561
03,15,,02,11,01,1,01,04,00,MCP2914000T,03,01-23-2015,20:27:00,55114,Y,N,MONTGOMERY,UNK,01,00,4547,CO,,0.18,S,SOUTHAMPTON DR,0,F,S,1305,CO,,BEACON RD,39.00617061,-76.98458076
01,15,,00,03,00,1,00,01,00,MCP2914000V,06.01,01-24-2015,15:47:00,55114,N,N,MONTGOMERY,UNK,01,00,1636,CO,,0,N,GLENVILLE RD,100,F,N,934,CO,,LANGLEY DR,39.00049278,-76.99661851
03,15,,02,05,02,1,01,04,00,MCP2914000W,06.01,02-09-2015,18:44:00,54114,N,N,MONTGOMERY,UNK,01,00,4542,CO,,0.07,E,ADELPHI RD,0,F,E,1947,CO,,SIERRA ST,39.01114771,-76.97767138
00,15,,00,03,00,2,01,04,00,MCP2914000X,06.01,02-27-2015,18:02:00,55122,N,N,MONTGOMERY,UNK,01,00,650,MD,,2.96,N,NEW HAMPSHIRE AVE,0,U,N,1385,CO,,OAKVIEW DR,39.01233149,-76.97854042
01,15,,00,08,00,1,01,01,00,MCP2914000Y,06.01,03-12-2015,18:27:00,55122,Y,N,MONTGOMERY,UNK,01,00,2962,CO,,0.86,N,OLD COLUMBIA PIKE,5,F,N,6022,CO,,PROSPERITY DR (AHEAD),39.05752127,-76.96814954
03,15,,00,88,00,1,01,04,07,MCP2914000Z,06.01,03-20-2015,19:39:00,54114,Y,N,MONTGOMERY,UNK,01,09,650,MD,,2.68,N,NEW HAMPSHIRE AVE,0,F,N,1302,CO,,DILSTON RD,39.01148117,-76.97905004
01,15,,00,03,02,1,00,04,00,MCP29140010,06.01,03-26-2015,17:05:00,54112,N,N,MONTGOMERY,UNK,01,01,650,MD,,3.01,N,NEW HAMPSHIRE AVE,10,F,N,495,RP,,RAMP 4 FR MD 650 NB TO IS 495 EB,39.01608278,-76.97748899
01,15,,01,17,04,1,01,01,10,MCP2698000L,03,01-12-2015,11:20:00,55112,N,N,MONTGOMERY,UNK,09,00,28,MD,,29.32,E,NORBECK RD,100,F,E,4789,CO,,BARN RIDGE DR,39.11969667,-77.04256333
01,15,,01,03,02,1,01,01,00,MCP2698000M,06.01,01-25-2015,12:09:00,55114,N,N,MONTGOMERY,UNK,01,00,4089,CO,,0.18,N,OLNEY MILL RD,70,F,N,3991,CO,,DIMONA DR,39.17452176,-77.0646286
05.02,15,,00,03,02,1,01,01,00,MCP2698000P,06.01,03-19-2015,07:36:00,55122,N,N,MONTGOMERY,UNK,01,00,130,CO,,2.67,S,BATCHELLORS FOREST RD,700,F,S,97,MD,,GEORGIA AVE,39.23219167,-77.28189667
01,15,,01,03,01,2,01,04,00,MCP2698000Q,03,03-25-2015,09:31:00,54114,N,N,MONTGOMERY,UNK,01,00,1659,CO,,4.87,E,RANDOLPH RD,10,F,E,123,CO,,KEMP MILL RD,39.06647667,-77.030685
03,15,,03,11,03,1,00,01,00,MCP2699000G,08.04,01-06-2015,05:42:00,55112,Y,N,MONTGOMERY,UNK,01,00,3234,CO,,0.11,E,PARKLAWN DR,5,F,E,3241,CO,,TWINBROOK PKWY,39.06165333,-77.11600167
03,15,,02,03,01,1,01,01,00,MCP27740011,03,01-03-2015,22:33:00,55114,Y,N,MONTGOMERY,UNK,01,00,97,MD,,1.51,N,GEORGIA AVE,0,F,N,495,RP,,RAMP 2 FR IS 495 WB TO MD 97 NB,39.01240667,-77.04156
03,15,,02,11,02,1,01,01,00,MCP27740012,06.01,01-18-2015,03:12:00,55114,N,N,MONTGOMERY,UNK,01,00,4592,CO,,0.14,E,SLIGO AVE,0,F,E,629,CO,,FENTON ST,38.99024833,-77.02417333
03,15,,01,07,02,1,01,01,00,MCP27740013,00,01-25-2015,03:15:00,55114,N,N,MONTGOMERY,UNK,02,00,787,MD,,0.86,N,FLOWER AVE,30,F,N,943,CO,,DOMER AVE,38.996675,-77.00329667
03,15,,02,11,02,1,01,01,00,MCP2776000N,06.01,01-03-2015,01:05:00,54114,Y,N,MONTGOMERY,UNK,01,00,108,MD,,16.57,E,ASHTON RD,0,F,E,650,MD,,NEW HAMPSHIRE AVE,39.14939833,-77.01228333
03,15,,02,11,02,1,01,04,00,MCP2776000Q,06.01,01-21-2015,02:02:00,55114,Y,N,MONTGOMERY,UNK,01,00,28,MD,,27.09,E,NORBECK RD,0,F,E,115,MD,,MUNCASTER MILL RD,39.10900167,-77.08009167
04,15,,01,17,02,1,01,01,11,MCP2776000S,06.01,02-17-2015,23:52:00,55112,N,N,MONTGOMERY,UNK,88,00,108,MD,,10.86,E,OLNEY LAYTONSVILLE RD,75,F,E,64,CO,,ZION RD,39.177555,-77.10107333
03,15,,02,01,02,1,01,01,11,MCP2776000T,06.01,03-22-2015,22:00:00,55112,N,N,MONTGOMERY,UNK,10,00,146,CO,,0.26,N,PRINCE PHILIP DR,0,F,N,5702,CO,,MENDEN FARM DR,39.14028,-77.06462833