LIGHT_CODE,COUNTY_NO,MUNI_CODE,JUNCTION_CODE,COLLISION_TYPE_CODE,SURF_COND_CODE,LANE_CODE,RD_COND_CODE,RD_DIV_CODE,FIX_OBJ_CODE,REPORT_NO,WEATHER_CODE,ACC_DATE,ACC_TIME,LOC_CODE,SIGNAL_FLAG,C_M_ZONE_FLAG,AGENCY_CODE,AREA_CODE,HARM_EVENT_CODE1,HARM_EVENT_CODE2,RTE_NO,ROUTE_TYPE_CODE,RTE_SUFFIX,LOG_MILE,LOGMILE_DIR_FLAG,MAINROAD_NAME,DISTANCE,FEET_MILES_FLAG,DISTANCE_DIR_FLAG,REFERENCE_NO,REFERENCE_TYPE_CODE,REFERENCE_SUFFIX,REFERENCE_ROAD_NAME,LATITUDE,LONGITUDE
03,15,,01,17,04,,01,04,04,MCP2717000Y,06.01,01-31-2015,00:00:00,54114,N,N,MONTGOMERY,UNK,10,09,650,MD,,8.431,N,NEW HAMPSHIRE AVE,1,M,N,200,RP,,RAMP 3 FR MD 200 EB TO MD 650 NB,39.09184333,-77.00012667
03,15,,02,11,02,2,01,04,00,MCP2717000Z,06.01,02-12-2015,22:13:00,55114,Y,N,MONTGOMERY,UNK,01,00,29,US,,7.25,N,COLUMBIA PIKE,0,F,N,101,CO,,MUSGROVE RD,39.067925,-76.95965833
03,15,,02,12,04,2,01,04,00,MCP27170010,06.01,02-17-2015,23:06:00,55114,N,N,MONTGOMERY,UNK,01,00,95,CO,,3.97,E,BRIGGS CHANEY RD,0,F,E,5363,CO,,ASTON MANOR DR,39.07582833,-76.94105
03,15,,01,17,04,,01,01,05,MCP27170011,06.01,02-20-2015,00:47:00,55114,N,N,MONTGOMERY,UNK,09,00,198,MD,,2.93,E,SPENCERVILLE RD,0,M,E,85,CO,,SANTINI RD,39.10653167,-76.94250833
03,15,,02,17,01,,01,01,00,MCP27170012,03,03-11-2015,00:30:00,55324,Y,N,MONTGOMERY,UNK,16,00,2954,CO,,0,W,SOLMAR DR,0,F,W,2952,CO,,FAIRRIDGE DR,39.07833667,-76.96551333
03,15,,02,88,02,,01,01,88,MCP27170013,06.01,03-19-2015,04:30:00,54142,N,N,MONTGOMERY,UNK,03,00,95,CO,,4.79,E,BRIGGS CHANEY RD,0,F,E,98,CO,,FAIRLAND RD,38.99762833,-77.10989333
06.02,15,,02,03,01,3,01,04,00,MCP27170014,03,03-31-2015,22:00:00,54114,Y,N,MONTGOMERY,UNK,01,00,650,MD,,8.97,N,NEW HAMPSHIRE AVE,0,F,N,161,CO,,GOOD HOPE RD,39.11053333,-76.93282333
01,15,,00,88,04,3,01,04,00,MCP2718000V,06.01,01-09-2015,16:03:00,55112,N,N,MONTGOMERY,UNK,01,00,3815,CO,,2.77,E,E GUDE DR,0,M,E,3076,CO,,DOVER RD,39.10029833,-77.14032333
03,15,,02,02,02,,01,04,88,MCP2718000X,06.01,02-07-2015,19:32:00,54114,Y,N,MONTGOMERY,UNK,01,09,355,MD,,6.89,N,ROCKVILLE PIKE,0,F,N,3046,CO,,BOU AVE,39.05641167,-77.11944167
01,15,,00,88,02,2,01,00,00,MCP2718000Y,06.01,02-07-2015,16:25:00,55114,N,N,MONTGOMERY,UNK,01,00,140,CO,,1.28,W,SOUTHLAWN LA,0,M,W,3815,CO,,E GUDE DR,39.09781,-77.136355
04,15,,00,03,01,1,00,00,00,MCP27180010,06.01,03-08-2015,21:53:00,55124,N,N,MONTGOMERY,UNK,02,00,1970,MU,,0.04,S,MARSHALL AVE,0,M,S,630,MU,,CEDAR LA,39.07979167,-77.12078
01,15,,00,88,02,2,00,99,00,MCP27180011,06.01,03-16-2015,16:45:00,55112,N,U,MONTGOMERY,UNK,88,00,1659,CO,,2.45,E,RANDOLPH RD,0,M,E,1421,CO,,GOODHILL RD,39.05834,-77.07112
01,15,,02,88,03,1,88,01,00,MCP2719000B,06.01,03-06-2015,10:22:00,55112,Y,N,MONTGOMERY,UNK,01,00,3914,CO,,0,S,MT OLNEY LA,0,F,S,4089,CO,,OLNEY MILL RD,39.17189667,-77.08042167
03,15,,02,17,01,,01,01,10,MCP2719000C,03,03-14-2015,07:02:00,55112,Y,N,MONTGOMERY,UNK,09,09,126,CO,,0.33,E,BRIGGS RD,0,F,E,182,MD,,LAYHILL RD,39.06910167,-77.04619833
01,15,,01,03,01,1,01,03,00,MCP2719000D,12.04,03-20-2015,10:55:00,54112,N,N,MONTGOMERY,UNK,01,00,6992,CO,,0,N,LAUGHLIN LA,10,F,N,28,MD,,NORBECK RD,39.115315,-77.05198
03,15,,01,17,02,3,01,04,04,MCP2786000H,06.01,01-01-2015,02:24:00,55122,N,N,MONTGOMERY,UNK,09,09,650,MD,,6.88,N,NEW HAMPSHIRE AVE,50,F,N,1501,CO,,THOMAS DR,39.06647167,-77.00112
03,15,,05.01,04,04,,01,02,00,MCP2786000J,06.01,01-06-2015,23:49:00,54114,Y,N,MONTGOMERY,UNK,01,00,200,RP,,0,S,RAMP 10 FR US 29 SB TO FAIRLAND RD WB,0,F,S,29,US,,COLUMBIA PIKE,39.07662,-76.95762667
04,15,,08.04,17,00,1,03,01,18.88,MCP2786000K,06.01,02-09-2015,01:05:00,45112,N,N,MONTGOMERY,UNK,09,00,91,CO,,0,S,MCKNEW RD,200,F,S,198,MD,,SANDY SPRING RD,39.10527667,-76.919635
03,15,,02,03,03,,01,04,00,MCP2786000L,10.04,02-14-2015,22:28:00,54114,N,N,MONTGOMERY,UNK,01,00,198,MD,,4.75,E,SANDY SPRING RD,0,F,E,90,CO,,RIDING STABLE RD,39.10527,-76.91074333
03,15,,02,11,04,2,01,04,00,MCP2786000M,07.01,02-15-2015,01:09:00,55114,N,N,MONTGOMERY,UNK,01,00,193,MD,,6.69,E,UNIVERSITY BLVD E,0,F,E,1289,CO,,MERRIMAC DR,38.99286833,-76.99135333
04,15,,00,17,02,2,01,04,00,MCP2786000N,06.01,03-22-2015,04:37:00,55132,N,N,MONTGOMERY,UNK,08,00,29,US,A,0.92,N,COLUMBIA PIKE,200,F,N,929,MD,A,DUSTIN RD,39.12127111,-76.92609787
03,15,,03,03,02,1,01,04,00,MCP2788000D,06.01,01-03-2015,01:33:00,55112,Y,N,MONTGOMERY,UNK,01,00,586,MD,,5.36,E,VEIRS MILL RD,5,F,E,193,MD,,UNIVERSITY BLVD W,39.05821833,-77.04869333
03,15,,01,01,02,,01,01,00,MCP2788000F,06.01,02-05-2015,22:28:00,55124,N,N,MONTGOMERY,UNK,02,02,1421,CO,,0.55,W,GOODHILL RD,20,F,W,1683,CO,,GREENLY ST,39.060995,-77.07177
03,15,,02,11,01,,01,04,17.10,MCP2788000G,03,02-10-2015,02:03:00,55112,Y,N,MONTGOMERY,UNK,01,09,185,MD,,6.75,N,CONNECTICUT AVE,0,F,N,1564,CO,,WELLER RD,39.06337833,-77.07312
03,15,,02,17,01,3,01,04,00,MCP2789000K,03,01-23-2015,20:10:00,54142,Y,N,MONTGOMERY,UNK,03,00,384,MD,,0.53,E,COLESVILLE RD,0,F,E,97,MD,,GEORGIA AVE,38.99734667,-77.029575
03,15,,01,17,00,2,01,04,00,MCP2789000L,06.01,02-06-2015,20:37:00,54144,N,N,MONTGOMERY,UNK,03,00,668,CO,,0.17,E,WAYNE AVE,250,F,E,29,US,,GEORGIA AVE,38.99484667,-77.02573167
01,15,,01,03,00,3,01,01,00,MCP2789000M,06.01,02-19-2015,17:06:00,55112,Y,N,MONTGOMERY,UNK,01,01,29,US,,1.51,N,COLESVILLE RD,100,F,N,7074,CO,,DALE DR,39.00714667,-77.01820667
01,15,,03,03,02,2,01,01,00,MCP2789000P,00,02-25-2015,16:00:00,54112,Y,N,MONTGOMERY,UNK,01,00,668,CO,,0.31,E,WAYNE AVE,25,F,E,629,CO,,FENTON ST,38.99504167,-77.02445167
03,15,,00,03,02,1,01,04,00,MCP2789000Q,06.01,02-27-2015,18:17:00,54112,N,N,MONTGOMERY,UNK,01,01,29,US,,1.74,N,COLESVILLE RD,500,F,N,7,GV,,SLIGO CREEK PKWY,39.008545,-77.01883333
03,15,,00,03,01,1,01,04,00,MCP2789000R,03,03-13-2015,22:08:00,55112,N,N,MONTGOMERY,UNK,01,01,97,MD,,0,N,GEORGIA AVE,100,F,N,29,US,,COLESVILLE RD,38.99656333,-77.02877833
03,15,,02,11,02,,01,04,00,MCP2851000V,06.01,02-20-2015,20:30:00,55112,Y,N,MONTGOMERY,UNK,01,01,141,CO,,0.17,E,MIDDLEBROOK RD,0,F,E,5143,CO,,LOCBURY DR,39.183015,-77.27065833
01,15,,02,02,01,1,01,03,10,MCP2851000W,03,03-04-2015,16:39:00,55124,N,N,MONTGOMERY,UNK,01,09,4556,CO,,1.19,S,FATHER HURLEY BLVD,0,F,S,141,CO,,MIDDLEBROOK RD,39.184365,-77.2732
03,15,,02,02,01,1,01,03,00,MCP2851000X,03,03-04-2015,20:01:00,55112,N,N,MONTGOMERY,UNK,01,01,5500,CO,,1.83,W,WISTERIA DR,0,F,W,7064,CO,,WATERS RD,39.179225,-77.273425
01,15,,02,11,02,1,01,04,00,MCP2851000Y,06.01,03-30-2015,15:49:00,55112,N,N,MONTGOMERY,UNK,01,01,355,MD,,18.81,N,FREDERICK RD,0,F,N,118,MD,,GERMANTOWN RD,39.19263167,-77.243015
03,15,,02,13,02,1,01,01,08,MCP2852000M,06.01,01-25-2015,23:02:00,54114,N,N,MONTGOMERY,UNK,01,09,124,MD,,15.58,N,WOODFIELD RD,0,F,N,4104,CO,,MOYER RD,39.26664333,-77.20499333
03,15,,88,17,01,,01,01,04,MCP2852000N,02,03-11-2015,01:40:00,55114,N,N,MONTGOMERY,UNK,09,16,121,MD,A,0.11,N,CLARKSBURG RD,0,F,N,6340,CO,A,GATEWAY CENTER DR,39.23386535,-77.28311062
07.88,15,,01,03,02,1,01,02,00,MCP2853000S,06.01,01-20-2015,18:00:00,55122,Y,N,MONTGOMERY,UNK,01,00,495,IS,,10.44,E,CAPITAL BELTWAY,20,F,E,97,MD,,GEORGIA AVE,39.01400083,-77.04171717
03,15,,01,03,01,1,01,88,00,MCP2853000V,03,03-04-2015,22:08:00,54112,N,N,MONTGOMERY,UNK,01,02,2514,CO,,0.06,S,CURRAN RD,0,U,S,1654,CO,,E FRANKLIN AVE,39.01171459,-76.99831367
01,15,,01,88,02,2,00,04,00,MCP2853000W,06.01,03-15-2015,15:52:00,55112,N,N,MONTGOMERY,UNK,01,00,320,MD,,1.98,N,PINEY BRANCH RD,30,F,N,941,CO,,BARRON ST,38.99902531,-76.99759483
01,15,,02,11,02,3,01,04,00,MCP2853000X,06.01,03-30-2015,16:23:00,54112,N,N,MONTGOMERY,UNK,01,00,193,MD,,6.02,E,UNIVERSITY BLVD E,0,F,E,934,CO,,LANGLEY DR,39.001125,-76.99561833
01,15,,01,03,02,2,01,01,00,MCP2855000Q,06.01,01-23-2015,08:46:00,55112,N,N,MONTGOMERY,UNK,01,01,28,MD,,15.7,E,DARNESTOWN RD,250,F,E,124,MD,,QUINCE ORCHARD RD,39.11684167,-77.249645
03,15,,00,03,02,1,01,01,00,MCP2857000S,06.01,02-06-2015,06:45:00,55114,N,N,MONTGOMERY,UNK,01,00,117,MD,,10.23,E,CLOPPER RD,0,M,E,223,CO,,LONGDRAFT RD,39.148,-77.23610167
01,15,,00,01,04,1,01,04,11,MCP2857000T,06.01,02-15-2015,08:42:00,54112,N,N,MONTGOMERY,UNK,01,09,124,MD,,4.55,N,MIDCOUNTY HWY,100,F,N,6863,CO,,PIER POINT PL,39.15914333,-77.19789833
01,15,,00,02,02,,01,01,00,MCP2857000W,06.01,03-18-2015,12:28:00,55114,Y,N,MONTGOMERY,UNK,01,00,5077,CO,,0,E,GREEN RUN WAY,0,F,E,33,CO,,GOSHEN RD,39.18531,-77.18745
05.02,15,,02,17,03,1,01,00,04,MCP9106000C,08.04,01-06-2015,08:59:00,45112,Y,N,MONTGOMERY,UNK,09,00,4556,CO,,0.64,S,FATHER HURLEY BLVD,0,F,S,5080,CO,,WATERS LANDING DR,39.191955,-77.27165167
01,15,,03,08,04,5,01,04,04,MCP9106000D,06.01,02-15-2015,11:11:00,55112,Y,N,MONTGOMERY,UNK,01,09,7402,CO,,0.45,S,RIDGE RD,100,F,S,6941,CO,,OBSERVATION DR,39.20144333,-77.25389
01,15,,02,03,02,2,01,04,00,MCP9106000F,06.01,02-28-2015,14:17:00,55112,Y,N,MONTGOMERY,UNK,01,00,141,CO,,0.94,E,MIDDLEBROOK RD,0,F,E,119,MD,,GREAT SENECA HWY,39.17501,-77.26007667
06.02,15,,02,17,02,1,01,01,06,MCP91100007,06.01,03-24-2015,17:12:00,54112,N,N,MONTGOMERY,UNK,09,00,109,MD,,11.18,N,OLD HUNDRED RD,0,F,N,238,CO,,PEACH TREE RD,39.27728333,-77.32661
01,15,,02,04,02,2,01,04,00,MCP91100008,06.01,03-29-2015,18:54:00,55112,Y,N,MONTGOMERY,UNK,01,00,119,MD,,7.19,N,GREAT SENECA HWY,0,F,N,5500,CO,,WISTERIA DR,39.17093,-77.26283167
01,15,,01,03,02,2,03,04,00,MCP91120018,06.01,01-13-2015,08:20:00,55112,N,N,MONTGOMERY,UNK,01,00,97,MD,,4.25,N,GEORGIA AVE,75,F,N,1156,CO,,WEISMAN RD,39.05252833,-77.05120167
01,15,,02,11,02,2,01,04,00,MCP9112001B,06.01,02-24-2015,10:38:00,45114,Y,N,MONTGOMERY,UNK,01,00,650,MD,,7.53,N,NEW HAMPSHIRE AVE,0,F,N,1659,CO,,RANDOLPH RD,39.07597667,-77.00205833
01,15,,01,06,04,1,01,01,00,MCP9112001C,07.01,03-03-2015,07:00:00,55112,N,N,MONTGOMERY,UNK,01,00,69,CO,,1.71,W,BROOKE RD,0,M,W,7679,CO,,MEADOWSWEET DR,39.15656167,-77.03467667
01,15,,02,02,02,1,01,01,00,MCP9112001F,06.01,03-12-2015,08:50:00,54114,Y,N,MONTGOMERY,UNK,01,00,650,MD,,13.5,N,NEW HAMPSHIRE AVE,0,F,N,108,MD,,ASHTON RD,39.14926833,-77.012215
05.02,15,,01,01,02,1,08,01,00,MCP9112001G,06.01,03-17-2015,06:55:00,55112,N,N,MONTGOMERY,UNK,01,00,71,CO,,1.01,S,TUCKER LA,0,M,S,4681,CO,,EDNOR VIEW TERR,39.15457,-76.981595
01,15,,11.04,08,02,1,01,01,00,MCP9112001H,06.01,03-24-2015,09:20:00,55112,N,N,MONTGOMERY,UNK,02,00,2068,CO,,0.13,N,LYDIA ST,185,F,N,2213,CO,,GALVEZ ST,39.07623333,-77.07691667
01,15,,01,03,02,1,01,01,00,MCP9113000H,06.01,01-05-2015,16:32:00,54114,N,N,MONTGOMERY,UNK,01,01,97,MD,,15.41,N,GEORGIA AVE,1,M,N,60,CO,,GREGG RD,39.20656,-77.063575
01,15,,01,88,02,1,01,01,18.88,MCP9113000J,06.01,01-07-2015,14:59:00,55112,N,N,MONTGOMERY,UNK,02,09,3367,CO,,1.54,W,CHERRY VALLEY DR,30,F,W,4189,CO,,RAMS HEAD CT,39.13303833,-77.09410833
01,15,,03,88,01,1,01,01,00,MCP9113000K,08.04,01-26-2015,15:32:00,55112,N,N,MONTGOMERY,UNK,01,00,2724,CO,,0.28,S,STURTEVANT RD,0,F,S,6921,CO,,SEATTLE AVE,39.09631,-76.97184667
01,15,,03,03,01,2,01,04,00,MCP9113000L,06.01,02-15-2015,16:00:00,55112,Y,N,MONTGOMERY,UNK,01,00,108,MD,,13.52,E,OLNEY SANDY SPRING RD,50,F,E,,UU,,VILLAGE CENTER DR,39.152135,-77.06439167
01,15,,02,88,02,1,01,01,00,MCP9113000M,06.01,03-24-2015,18:49:00,55122,N,N,MONTGOMERY,UNK,01,00,136,CO,,1.1,N,CASHELL RD,0,F,N,5152,CO,,HINES RD,39.13955,-77.09050333
03,15,,02,11,02,1,01,01,00,MCP2720000Q,06.01,01-14-2015,19:35:00,54112,Y,N,MONTGOMERY,UNK,01,00,1564,CO,,1.18,S,WELLER RD,0,F,S,1421,CO,,GOODHILL RD,39.06355167,-77.072385
01,15,,02,11,02,1,01,04,00,MCP2720000R,06.01,01-15-2015,16:11:00,55114,Y,N,MONTGOMERY,UNK,01,00,97,MD,,4.81,N,GEORGIA AVE,0,F,N,1151,CO,,JUDSON RD,39.06044667,-77.051115
03,15,,02,11,02,1,01,04,00,MCP2720000S,06.01,01-27-2015,18:54:00,54114,Y,N,MONTGOMERY,UNK,01,01,28,MD,,25.21,E,NORBECK RD,0,F,E,3377,CO,,BAUER DR,39.09598333,-77.10977333
07.88,15,,03,07,02,3,01,04,00,MCP2720000T,06.01,02-03-2015,18:42:00,55114,N,N,MONTGOMERY,UNK,01,00,586,MD,,3.02,E,VEIRS MILL RD,0,F,E,2011,CO,,TURKEY BRANCH PKWY,39.05967,-77.08852833
07.88,15,,00,07,02,1,01,01,00,MCP2720000V,06.01,02-11-2015,20:21:00,55112,N,N,MONTGOMERY,UNK,01,00,3377,CO,,1.38,W,BAUER DR,330,F,W,3024,CO,,RUSSETT RD,39.090105,-77.10638667
03,15,,02,11,02,1,01,01,00,MCP2720000W,06.01,02-12-2015,22:37:00,55122,N,N,MONTGOMERY,UNK,01,00,4092,CO,,0.31,N,CONNECTICUT AVE,0,F,N,4075,CO,,GRAND PRE RD,39.08679667,-77.073845
01,15,,01,03,02,1,01,01,00,MCP2720000X,06.01,02-19-2015,16:22:00,55112,N,N,MONTGOMERY,UNK,01,00,142,CO,,1.25,N,ASPEN HILL RD,200,F,N,1592,CO,,PARKLAND DR,39.07909667,-77.08793833
07.88,15,,01,03,02,1,01,04,00,MCP2720000Y,06.01,02-19-2015,19:00:00,55114,N,Y,MONTGOMERY,UNK,01,00,1592,CO,,1.56,S,PARKLAND DR,100,F,S,1598,CO,,FALCON ST,39.066245,-77.08871167
01,15,,01,07,02,2,01,04,00,MCP2720000Z,06.01,03-07-2015,11:10:00,55122,N,N,MONTGOMERY,UNK,01,00,185,MD,,4.4,N,CONNECTICUT AVE,200,F,N,192,MD,,PLYERS MILL RD,39.03003582,-77.07570076
01,15,,00,03,03,1,00,04,00,MCP2722000R,08.04,01-06-2015,08:02:00,54122,N,N,MONTGOMERY,UNK,01,01,97,MD,,7.1,N,GEORGIA AVE,5,F,N,,UU,,ENT TO BUSINESS,39.08506,-77.07855333
01,15,,01,01,00,1,01,01,00,MCP2722000S,06.01,01-23-2015,08:30:00,54114,N,N,MONTGOMERY,UNK,01,00,4349,CO,,0.19,N,HATHAWAY DR,30,F,N,1564,CO,,WELLER RD,39.06604,-77.06288833
03,15,,02,11,02,3,01,04,00,MCP2722000T,00,02-01-2015,06:00:00,54114,Y,N,MONTGOMERY,UNK,01,01,185,MD,,6.32,N,CONNECTICUT AVE,0,F,N,1659,CO,,RANDOLPH RD,39.05708388,-77.07381248
01,15,,01,03,02,2,01,04,00,MCP2722000V,07.01,02-01-2015,12:39:00,54114,N,N,MONTGOMERY,UNK,01,00,586,MD,,2.565,E,VEIRS MILL RD,50,F,E,,UU,,CROSSOVER,39.06452667,-77.09694833
07.88,15,,02,11,02,1,01,01,00,MCP2722000Z,07.01,03-24-2015,07:12:00,55112,Y,N,MONTGOMERY,UNK,01,00,1677,CO,,0.39,N,BUSHEY DR,0,F,N,1589,CO,,ELBY ST,39.05967667,-77.07709
04,15,,01,17,02,1,01,01,17.10,MCP2723000G,06.01,01-01-2015,05:33:00,55112,N,N,MONTGOMERY,UNK,10,00,650,MD,,12.57,N,NEW HAMPSHIRE AVE,150,F,N,71,CO,,TUCKER LA,39.15642833,-77.19240667
05.02,15,,01,17,04,1,01,01,08,MCP2723000H,09.04,01-18-2015,07:50:00,54112,N,N,MONTGOMERY,UNK,09,00,108,MD,,17.77,E,ASHTON RD,900,F,E,2773,CO,,ASHLAND DR,39.15985,-76.9817
01,15,,01,11,04,1,01,01,09,MCP2723000J,12.04,03-01-2015,12:15:00,54114,N,N,MONTGOMERY,UNK,01,00,72,CO,,1.397,W,NORWOOD RD,600,F,W,7445,CO,,NORBECK RD,39.11969167,-77.018465
01,15,,01,02,02,1,01,01,00,MCP2723000K,06.01,03-12-2015,13:40:00,55112,N,N,MONTGOMERY,UNK,01,00,650,MD,,14.36,N,NEW HAMPSHIRE AVE,400,F,N,4792,CO,,ASHCROFT CT,39.156545,-77.193285
01,15,,00,88,02,,01,04,00,MCP27240009,06.01,01-09-2015,11:48:00,5511-4,Y,N,MONTGOMERY,UNK,01,01,320,MD,,2.09,N,PINEY BRANCH RD,0,F,N,193,MD,,UNIVERSITY BLVD E,38.99948167,-76.99542667
01,15,,01,88,01,1,01,03,00,MCP2724000B,07.01,01-27-2015,11:25:00,55114,N,N,MONTGOMERY,UNK,01,01,725,CO,,0.43,N,CARROLL AVE,500,F,N,320,MD,,PINEY BRANCH RD,38.99890833,-76.99076167
01,15,,00,88,04,1,01,04,00,MCP2724000C,07.01,02-10-2015,07:17:00,55114,Y,N,MONTGOMERY,UNK,01,01,29,US,,3.77,N,COLUMBIA PIKE,500,F,N,2742,CO,,HILLWOOD DR,39.03213667,-77.00414667
03,15,,02,03,02,2,01,04,00,MCP2790000J,06.01,02-19-2015,23:54:00,45114,Y,N,MONTGOMERY,UNK,01,01,118,MD,,7.08,N,GERMANTOWN RD,0,F,N,355,MD,,FREDERICK RD,39.19202833,-77.243195
03,15,,01,17,02,1,01,01,08,MCP2790000K,06.01,03-21-2015,04:15:00,5522,N,N,MONTGOMERY,UNK,09,09,5029,OP,,0,N,OBSERVATION DR,1,M,N,118,MD,,GERMANTOWN RD,39.19735667,-77.26345333
03,15,,08.04,88,01,1,01,00,00,MCP2791000Y,06.01,01-04-2015,22:40:00,55214,N,N,MONTGOMERY,UNK,02,02,93,CO,,1.33,N,GREENCASTLE RD,2,M,N,5628,CO,,TURBRIDGE DR,39.092495,-76.92835833
01,15,,02,88,06.03,2,01,04,00,MCP27910010,12.04,01-26-2015,16:26:00,5512,Y,N,MONTGOMERY,UNK,01,01,598,CO,,0.65,W,SPRING ST,0,F,W,1300,CO,,SECOND AVE,38.99784131,-77.03448057
01,15,,02,03,02,1,01,01,00,MCP27910011,06.01,01-28-2015,17:03:00,5511,N,N,MONTGOMERY,UNK,01,01,94,CO,,0.47,W,ROBEY RD,0,F,W,,UU,,ROBEY TER,39.083245,-76.93806833
01,15,,00,03,02,1,01,01,00,MCP27910012,06.01,02-05-2015,15:38:00,55112,N,Y,MONTGOMERY,UNK,01,01,4552,CO,,1.21,N,OLD COLUMBIA PIKE,200,F,N,4915,CO,,FALLING CREEK RD,39.07054,-76.96123667
01,15,,02,11,02,1,01,01,00,MCP27910013,06.01,02-12-2015,16:22:00,5411,Y,N,MONTGOMERY,UNK,01,01,929,MD,D,0,S,PROSPERITY DR,0,F,S,929,MD,D,CHERRY HILL RD,39.05755167,-76.96835667
01,15,,00,03,02,3,01,04,00,MCP27910015,06.01,02-25-2015,16:16:00,5411,N,N,MONTGOMERY,UNK,01,01,650,MD,,7.15,N,NEW HAMPSHIRE AVE,100,F,N,3820,CO,,CANNON RD,39.07058,-77.003225
04,15,,00,17,02,1,01,04,00,MCP27910016,06.01,03-08-2015,20:15:00,55132,N,N,MONTGOMERY,UNK,08,08,29,US,,5.11,N,COLUMBIA PIKE,500,F,N,112,CO,,STEWART LA,39.04921,-76.98280167
03,15,,01,17,02,1,01,01,00,MCP27920007,06.01,01-06-2015,02:29:00,45132,N,N,MONTGOMERY,UNK,08,08,121,MD,,3.78,N,CLARKSBURG RD,500,F,N,270,RP,,RAMP 7 FR MD 121 WB TO IS 270 SB,39.225745,-77.291885
04,15,,02,03,02,1,01,04,00,MCP27920008,00,02-05-2015,23:47:00,45112,N,N,MONTGOMERY,UNK,01,01,270,IS,,19.73,N,EISENHOWER MEMORIAL HWY,0,F,N,200,CO,,COMUS RD,39.25204333,-77.30174333
03,15,,02,03,01,3,01,04,00,MCP2792000B,06.01,03-07-2015,00:50:00,54142,N,N,MONTGOMERY,UNK,03,00,355,MD,,17.62,N,FREDERICK RD,0,F,N,4897,CO,,GUNNERS BRANCH RD,39.17533667,-77.23818667
03,15,,02,11,02,,01,04,00,MCP2792000C,06.01,03-21-2015,20:30:00,54142,Y,N,MONTGOMERY,UNK,03,00,305,MU,,0,W,QUINCE ORCHARD BLVD,0,F,W,88,MU,,FIRSTFIELD RD,39.141885,-77.224545
06.02,15,,02,02,02,,01,04,00,MCP2859000L,06.01,01-02-2015,16:58:00,55112,Y,N,MONTGOMERY,UNK,01,00,340,MU,,0.98,N,RUSSELL AVE,0,F,N,182,MU,,LAKE FOREST BLVD,39.15145333,-77.20727667
03,15,,01,03,01,2,01,01,00,MCP2859000M,07.01,01-04-2015,17:16:00,55112,N,N,MONTGOMERY,UNK,01,00,4140,CO,,0,S,SNOUFFERS SCHOOL RD,50,F,S,33,CO,,GOSHEN RD,39.18728167,-77.18571333
01,15,,02,14,02,,01,04,00,MCP2859000Q,07.01,02-16-2015,10:26:00,54114,Y,N,MONTGOMERY,UNK,01,00,212,CO,,2.85,N,SHADY GROVE RD,0,F,N,270,RP,,RAMP 5 FR IS 270 SB TO SHADY GROVE RD,39.10946731,-77.18824625
01,15,,01,88,02,,01,01,00,MCP2859000R,06.01,02-23-2015,13:07:00,55242,N,N,MONTGOMERY,UNK,03,00,85,MU,,0.14,W,DUVALL LA,300,F,W,61,MU,,W DEER PARK RD,39.12917181,-77.20271677
01,15,,02,11,02,1,01,01,00,MCP2859000S,06.01,02-24-2015,09:14:00,55112,Y,N,MONTGOMERY,UNK,01,00,9,MU,,0.04,S,BICKERSTAFF WAY,0,F,S,347,MU,,SHARPSTEAD LA,39.11469333,-77.211905
01,15,,88,88,02,1,01,88,00,MCP2859000V,06.01,03-15-2015,10:15:00,55222,N,N,MONTGOMERY,UNK,02,00,6869,CO,,0.05,S,FIFESHIRE DR,100,F,S,,UU,,FIFESHIRE CT,39.15522306,-77.1945253
01,15,,01,02,01,1,01,01,00,MCP2861000Q,07.01,01-04-2015,16:13:00,55114,N,N,MONTGOMERY,UNK,01,01,4690,CO,,1.91,N,MACARTHUR BLVD,20,F,N,1250,CO,,MOHICAN RD,38.99000167,-77.095405
03,15,,01,11,01,1,01,01,00,MCP2861000R,03,01-12-2015,17:38:00,54114,Y,N,MONTGOMERY,UNK,01,00,3239,CO,,0.118,N,EXECUTIVE BLVD,0,F,N,5041,CO,,WOODGLEN DR,39.04363,-77.11342333
01,15,,01,09,01,1,01,01,00,MCP2861000S,07.01,01-18-2015,15:44:00,54114,N,N,MONTGOMERY,UNK,01,01,4242,CO,,0.81,E,NICHOLSON LA,50,F,E,,UU,,SPUR FR NEBEL ST,39.04487167,-77.10639833
03,15,,01,11,02,3,01,04,00,MCP2861000T,06.01,01-28-2015,19:17:00,55114,Y,N,MONTGOMERY,UNK,01,01,355,MD,,1.36,N,WISCONSIN AVE,0,F,N,385,CO,,WOODMONT AVE,38.98001167,-77.09215667
01,15,,02,88,02,2,01,04,00,MCP2861000V,06.01,02-03-2015,16:01:00,54114,Y,N,MONTGOMERY,UNK,01,01,355,MD,,6.36,N,ROCKVILLE PIKE,0,F,N,7220,CO,,OLD GEORGETOWN RD,39.04916886,-77.11398125
88,15,,00,03,03,2,01,01,00,MCP2862000N,08.04,01-06-2015,07:35:00,55112,N,N,MONTGOMERY,UNK,01,00,3241,CO,,0.92,S,TWINBROOK PKWY,500,F,S,586,MD,,VEIRS MILL RD,39.07027833,-77.11380833
88,15,,00,07,03,2,01,01,00,MCP2862000P,08.04,01-06-2015,07:55:00,55112,N,N,MONTGOMERY,UNK,01,00,3241,CO,,0.92,S,TWINBROOK PKWY,500,F,S,586,MD,,VEIRS MILL RD,39.070375,-77.11388