LIGHT_CODE,COUNTY_NO,MUNI_CODE,JUNCTION_CODE,COLLISION_TYPE_CODE,SURF_COND_CODE,LANE_CODE,RD_COND_CODE,RD_DIV_CODE,FIX_OBJ_CODE,REPORT_NO,WEATHER_CODE,ACC_DATE,ACC_TIME,LOC_CODE,SIGNAL_FLAG,C_M_ZONE_FLAG,AGENCY_CODE,AREA_CODE,HARM_EVENT_CODE1,HARM_EVENT_CODE2,RTE_NO,ROUTE_TYPE_CODE,RTE_SUFFIX,LOG_MILE,LOGMILE_DIR_FLAG,MAINROAD_NAME,DISTANCE,FEET_MILES_FLAG,DISTANCE_DIR_FLAG,REFERENCE_NO,REFERENCE_TYPE_CODE,REFERENCE_SUFFIX,REFERENCE_ROAD_NAME,LATITUDE,LONGITUDE
01,15,,05.01,03,02,,01,02,00,MCP2880000V,06.01,02-03-2015,12:44:00,54112,Y,N,MONTGOMERY,UNK,01,00,270,RP,,0.25,E,RAMP 4 FR IS 270 NB TO MD 124 EB,100,F,E,124,MD,,QUINCE ORCHARD RD,39.14855167,-77.21494167
01,15,,01,01,03,1,88,01,00,MCP2880000W,06.01,02-18-2015,08:57:00,55112,N,N,MONTGOMERY,UNK,01,00,7651,CO,,0.035,W,HIDDEN PONDS WAY,300,F,W,7652,CO,,HIDDEN PONDS CT,39.12267833,-77.26137833
01,15,,01,03,05,2,03,05.01,00,MCP2880000Y,06.01,03-13-2015,14:07:00,55112,N,N,MONTGOMERY,UNK,01,00,6067,CO,,0.11,W,FIELDS RD,300,F,W,550,MU,,CASE ST,39.11308667,-77.19877333
01,15,,01,11,04,1,88,01,00,MCP2881000S,08.04,01-06-2015,11:55:00,55112,N,N,MONTGOMERY,UNK,01,00,5215,CO,,0,N,WHEATFIELD DR,1,F,N,355,MD,,FREDERICK RD,39.18463833,-77.26287167
01,15,,01,03,04,1,88,01,00,MCP2881000T,08.04,01-06-2015,12:00:00,45112,N,N,MONTGOMERY,UNK,01,00,5215,CO,,0,N,WHEATFIELD DR,1,F,N,355,MD,,FREDERICK RD,39.18451167,-77.26285167
88,15,,00,17,00,1,01,01,88,MCP2881000V,06.01,01-26-2015,06:00:00,45112,N,N,MONTGOMERY,UNK,10,00,6377,CO,,0,N,GERMANTOWN RD,1,F,N,355,MD,,FREDERICK RD,39.17449167,-77.27550833
01,15,,02,03,02,2,01,04,00,MCP2881000W,06.01,02-24-2015,07:52:00,55114,Y,N,MONTGOMERY,UNK,01,01,141,CO,,0.94,E,MIDDLEBROOK RD,0,F,E,119,MD,,GREAT SENECA HWY,39.18839667,-77.25021333
03,15,,01,03,02,1,01,04,00,MCP2882000K,06.01,01-14-2015,19:14:00,54112,N,N,MONTGOMERY,UNK,01,00,355,MD,,18.81,N,FREDERICK RD,300,F,N,118,MD,,GERMANTOWN RD,39.19095833,-77.24187
01,15,,00,11,02,1,01,04,00,MCP2882000L,06.01,01-16-2015,16:19:00,55112,Y,N,MONTGOMERY,UNK,01,00,118,MD,,6.78,N,GERMANTOWN RD,0,F,N,5029,OP,,OBSERVATION DR,39.19083667,-77.24738167
03,15,,02,11,02,2,01,04,00,MCP2882000N,06.01,01-27-2015,19:30:00,5411-2,Y,N,MONTGOMERY,UNK,01,00,355,MD,,19.26,N,FREDERICK RD,0,F,N,6136,CO,,SHAKESPEARE BLVD,39.19839667,-77.24458667
03,15,,01,03,04,1,00,01,00,MCP2882000P,06.01,02-02-2015,18:02:00,5411-2,N,N,MONTGOMERY,UNK,01,16,108,MD,,5.97,E,LAYTONSVILLE RD,300,F,E,47,CO,,ROCKY RD,39.22921167,-77.14244167
01,15,,02,11,02,2,00,01,00,MCP2882000R,07.01,03-26-2015,18:31:00,55112,Y,N,MONTGOMERY,UNK,01,00,7012,CO,,0.69,S,SENECA CROSSING DR,0,F,S,5887,OP,,HENDERSON CORNER RD,39.20348333,-77.24439333
03,15,,02,15,02,,01,04,00,MCP2674000D,06.01,01-01-2015,01:26:00,55112,Y,N,MONTGOMERY,UNK,01,00,4863,CO,,0.76,N,CHRISTOPHER AVE,0,F,N,124,MD,,MONTGOMERY VILLAGE AVE,39.158059,-77.204349
03,15,,01,17,02,2,01,04,00,MCP2674000F,06.01,03-16-2015,01:04:00,45132,N,N,MONTGOMERY,UNK,08,00,355,MD,,17.52,N,FREDERICK RD,10,F,N,123,OP,,GARDNER PL,39.17439,-77.237467
03,15,,01,03,02,1,01,03,04,MCP2675000K,06.01,02-20-2015,23:48:00,55114,N,N,MONTGOMERY,UNK,02,00,147,CO,,0.15,N,NEWPORT MILL RD,50,F,N,159,CO,,MURDOCK RD,39.03876833,-77.07066833
06.02,15,,01,03,03,3,01,04,00,MCP2675000L,08.04,03-05-2015,17:35:00,54112,Y,N,MONTGOMERY,UNK,01,00,97,MD,,3.1,N,GEORGIA AVE,30,F,N,1579,CO,,PRICHARD RD,39.036445,-77.04997167
03,15,,01,17,01,4,01,04,88,MCP2675000M,06.01,03-02-2015,04:37:00,54114,Y,N,MONTGOMERY,UNK,09,00,97,MD,,2.78,N,GEORGIA AVE,10,F,N,290,CO,,WINDHAM LA,39.03214167,-77.048585
01,15,,02,08,01,3,01,01,00,MCP26760010,03,01-12-2015,15:18:00,54112,Y,N,MONTGOMERY,UNK,01,00,185,MD,,5.04,N,CONNECTICUT AVE,0,F,N,295,CO,,DENFELD AVE,39.03870167,-77.07580667
03,15,,02,88,02,1,01,01,00,MCP26760011,06.01,01-28-2015,21:04:00,54124,Y,N,MONTGOMERY,UNK,03,00,97,MD,,3.86,N,GEORGIA AVE,0,F,N,124,CO,,ARCOLA AVE,39.04961333,-77.05171667
05.02,15,,02,02,02,1,01,01,04,MCP26760012,06.01,02-19-2015,17:54:00,54112,N,N,MONTGOMERY,UNK,01,00,123,CO,,0.36,S,KEMP MILL RD,0,F,S,5719,OP,,GLENALLAN AVE,39.06167667,-77.026075
04,15,,01,11,03,2,01,01,00,MCP27500011,08.04,02-14-2015,21:57:00,54112,N,N,MONTGOMERY,UNK,01,00,863,CO,,0,N,CLARIDGE RD,100,F,N,586,MD,,VEIRS MILL RD,39.04002167,-77.04866
01,15,,01,07,02,2,01,04,00,MCP27500012,06.01,02-20-2015,15:20:00,55114,N,N,MONTGOMERY,UNK,01,00,1659,CO,,2.28,E,RANDOLPH RD,100,F,E,185,MD,,CONNECTICUT AVE,39.03857667,-77.05438333
01,15,,01,03,01,3,01,04,00,MCP27500013,06.01,02-22-2015,15:40:00,55112,N,N,MONTGOMERY,UNK,01,01,1659,CO,,3.14,E,RANDOLPH RD,20,F,E,1166,CO,,TERRAPIN RD,39.05923833,-77.058915
04,15,,01,07,03,2,01,01,00,MCP27500014,12.04,03-04-2015,19:53:00,55122,N,N,MONTGOMERY,UNK,01,02,1185,CO,,0.53,N,IDLEWOOD RD,20,F,N,2074,CO,,FERRARA DR,39.03856167,-77.05434667
01,15,,02,88,02,1,01,01,00,MCP2751000K,07.01,01-23-2015,15:54:00,55112,N,N,MONTGOMERY,UNK,01,00,2722,CO,,1.42,W,BEL PRE RD,0,F,W,4092,CO,,CONNECTICUT AVE,39.09133322,-77.06660271
01,15,,02,11,01,2,01,01,00,MCP2816000W,06.01,01-04-2015,15:33:00,55114,Y,N,MONTGOMERY,UNK,01,00,212,CO,,1.61,N,SHADY GROVE RD,0,F,N,7009,CO,,DARNESTOWN RD,39.09297167,-77.19672667
07.88,15,,02,02,01,,01,01,00,MCP2816000Y,00,01-18-2015,18:43:00,54144,Y,N,MONTGOMERY,UNK,03,00,355,MD,,7.36,N,ROCKVILLE PIKE,0,F,N,1332,MU,,HALPINE RD,39.06174,-77.12406167
05.02,15,,00,03,02,3,01,03,00,MCP2816000Z,06.01,01-30-2015,18:45:00,54114,Y,N,MONTGOMERY,UNK,01,00,2593,MU,,1.76,W,WOOTTON PKWY,10,F,W,2730,MU,,SEVEN LOCKS RD,39.06679833,-77.16126833
01,15,,01,03,00,1,01,01,00,MCP2885000K,06.01,01-16-2015,08:56:00,55112,N,N,MONTGOMERY,UNK,01,00,124,CO,,0.95,E,ARCOLA AVE,50,F,E,2072,CO,,CHANNING DR,39.04719167,-77.04015833
01,15,,01,03,02,1,01,01,00,MCP2885000L,06.01,01-17-2015,13:38:00,54112,Y,N,MONTGOMERY,UNK,01,00,865,CO,,1.16,N,GRANDVIEW AVE,5,F,N,193,MD,,UNIVERSITY BLVD W,39.04089833,-77.05318333
01,15,,02,11,00,1,01,00,00,MCP2885000M,06.01,01-23-2015,07:41:00,55114,Y,N,MONTGOMERY,UNK,01,00,1138,CO,,0.27,E,BLUERIDGE AVE,0,F,E,1144,CO,,ELNORA ST,39.04498833,-77.05741667
01,15,,02,11,02,1,01,04,00,MCP2885000N,06.01,01-31-2015,12:18:00,54114,Y,N,MONTGOMERY,UNK,01,00,124,CO,,1.95,E,ARCOLA AVE,0,F,E,2397,CO,,KENBROOK DR,39.03912,-77.02788
01,15,,01,03,02,1,01,04,00,MCP2885000P,06.01,02-07-2015,11:37:00,54114,N,N,MONTGOMERY,UNK,01,00,97,MD,,3.95,N,GEORGIA AVE,20,F,N,285,CO,,HERMITAGE AVE,39.048635,-77.05188833
07.88,15,,01,88,02,1,01,01,00,MCP2885000Q,06.01,02-14-2015,08:20:00,55114,N,N,MONTGOMERY,UNK,02,02,1162,CO,,0.35,S,KENDALL ST,75,F,S,283,CO,,HENDERSON AVE,39.05538833,-77.06157333
01,15,,01,07,02,3,01,04,00,MCP2885000R,06.01,02-27-2015,10:03:00,55112,N,N,MONTGOMERY,UNK,01,00,586,MD,,5.36,E,VEIRS MILL RD,100,F,E,193,MD,,UNIVERSITY BLVD W,39.04051667,-77.056455
01,15,,02,14,02,1,01,04,00,MCP2885000S,06.01,02-28-2015,15:02:00,55114,Y,N,MONTGOMERY,UNK,01,00,193,MD,,1.03,E,UNIVERSITY BLVD W,0,F,E,288,CO,,MIDVAIL AVE,39.03842,-77.05846667
01,15,,01,03,02,4,01,04,00,MCP2885000T,06.01,03-12-2015,09:19:00,55112,Y,N,MONTGOMERY,UNK,01,00,193,MD,,3,E,UNIVERSITY BLVD W,20,F,E,124,CO,,ARCOLA AVE,39.03534,-77.02574167
03,15,,00,03,02,3,01,04,00,MCP2889000H,00,01-15-2015,06:21:00,55,N,N,MONTGOMERY,UNK,01,00,108,MD,,14.59,E,OLNEY SANDY SPRING RD,100,F,E,6459,CO,,OLD VIC BLVD,39.14429833,-77.04625333
01,15,,00,03,88,1,05,01,00,MCP2889000K,06.01,01-29-2015,07:45:00,55114,N,N,MONTGOMERY,UNK,01,00,95,CO,,1.17,E,BRIGGS CHANEY RD,20,F,E,4305,CO,,FIRESIDE DR,39.10092,-76.9789
01,15,,00,05,02,1,01,01,00,MCP2889000L,06.01,02-11-2015,07:35:00,15006869,N,N,MONTGOMERY,UNK,01,00,135,CO,,1.32,W,BOWIE MILL RD,0,F,W,3841,CO,,BREADY RD,39.15315,-77.10020167
01,15,,01,03,02,,01,04,00,MCP2889000M,06.01,02-24-2015,08:12:00,55112,Y,N,MONTGOMERY,UNK,01,00,182,MD,,2.23,N,LAYHILL RD,15,F,N,2722,CO,,BEL PRE RD,39.09164167,-77.04507167
01,15,,01,02,02,3,01,04,00,MCP2889000N,06.01,02-24-2015,15:42:00,55112,Y,N,MONTGOMERY,UNK,01,00,108,MD,,13.52,E,OLNEY SANDY SPRING RD,0,F,E,,UU,,VILLAGE CENTER DR,39.15183167,-77.06430167
05.02,15,,00,01,06.03,,00,01,00,MCP2889000P,00,03-02-2015,07:59:00,54112,N,N,MONTGOMERY,UNK,01,00,650,MD,,14.83,N,NEW HAMPSHIRE AVE,200,F,N,67,CO,,HAVILAND MILL RD,39.16688,-77.01554167
07.88,15,,01,17,02,1,01,01,88,MCP2890000J,06.01,02-06-2015,02:57:00,55114,N,N,MONTGOMERY,UNK,09,09,6138,CO,,0.23,W,DOXDAM TERR,100,F,W,6417,CO,,THESEUS TERR,39.20052,-77.242724
03,15,,01,07,02,3,00,04,00,MCP2891000K,06.01,01-09-2015,18:00:00,54114,N,N,MONTGOMERY,UNK,01,01,97,MD,,0,N,GEORGIA AVE,500,F,N,29,US,,COLESVILLE RD,38.99653221,-77.0286119
01,15,,03,03,02,3,00,02,00,MCP2891000L,06.01,02-06-2015,14:56:00,5511,Y,N,MONTGOMERY,UNK,01,01,390,MD,,1.09,N,16TH ST,200,F,N,97,MD,,GEORGIA AVE,39.005605,-77.03998833
01,15,,02,03,04,1,00,04,00,MCP2891000M,88,02-15-2015,09:33:00,54112,Y,N,MONTGOMERY,UNK,01,01,97,MD,,0.906,N,GEORGIA AVE,0,F,N,390,MD,,16TH ST,39.00632,-77.038805
01,15,,03,07,03,2,00,04,07,MCP2891000N,08.04,02-21-2015,11:35:00,55112,Y,N,MONTGOMERY,UNK,09,01,668,CO,,0.04,E,WAYNE AVE,10,F,E,670,CO,,RAMSEY AVE,38.99449333,-77.02898667
03,15,,02,11,01,2,01,03,00,MCP26770002,00,01-29-2015,23:04:00,54114,N,N,MONTGOMERY,UNK,01,00,141,CO,,0.295,E,MIDDLEBROOK RD,0,F,E,7547,CO,,CELEBRATION WAY,39.18157167,-77.26919167
03,15,,02,11,03,2,01,01,00,MCP2678000J,08.04,01-06-2015,04:52:00,54114,Y,N,MONTGOMERY,UNK,01,00,97,MD,,2.78,N,GEORGIA AVE,0,F,N,290,CO,,WINDHAM LA,39.03212167,-77.04842667
03,15,,01,17,02,1,01,01,06,MCP2678000L,06.01,01-18-2015,00:03:00,55112,N,N,MONTGOMERY,UNK,16,16,145,CO,,2.59,E,EDNOR RD,0,F,E,4901,CO,,CLEAR CREEK DR,39.13894,-76.98401833
04,15,,01,17,03,1,01,01,10,MCP2678000M,08.04,02-02-2015,00:08:00,55112,N,N,MONTGOMERY,UNK,16,09,650,MD,,14.36,N,NEW HAMPSHIRE AVE,0,F,N,4792,CO,,ASHCROFT CT,39.16241,-77.01456167
03,15,,02,08,02,1,01,01,00,MCP2678000N,00,03-07-2015,21:50:00,55124,N,N,MONTGOMERY,UNK,01,00,95,CO,,1.98,E,BRIGGS CHANEY RD,0,F,E,3825,CO,,CANTRELL RD,39.09324833,-76.967985
03,15,,01,03,02,1,01,01,00,MCP2678000P,06.01,03-23-2015,23:39:00,55124,N,N,MONTGOMERY,UNK,02,02,5624,CO,,0.28,S,TWIG RD,0,F,S,5911,CO,,CAVENDISH DR,39.09318,-76.98505
03,15,,01,17,01,1,01,88,04,MCP2678000Q,03,03-27-2015,02:10:00,55114,N,N,MONTGOMERY,UNK,09,19,3297,CO,,0.57,S,NORTHWYN DR,0,M,S,4169,CO,,OLD STONE RD,39.08783167,-77.01536
03,15,,02,08,02,1,01,03,00,MCP2679000L,06.01,01-03-2015,03:43:00,55112,N,N,MONTGOMERY,UNK,01,00,650,MD,,3.76,N,NEW HAMPSHIRE AVE,0,F,N,1116,CO,,OAKLAWN DR,39.0273,-76.98176
03,15,,00,17,02,,01,00,88,MCP2752000V,06.01,02-02-2015,18:30:00,55112,N,N,MONTGOMERY,UNK,09,00,191,MD,,6.43,N,BRADLEY LA,0,F,N,355,MD,,WISCONSIN AVE,38.97659167,-77.0913
03,15,,02,11,02,1,01,01,00,MCP2753000L,06.01,01-05-2015,06:55:00,55112,Y,N,MONTGOMERY,UNK,01,00,7506,CO,,0.2,S,S BELGRADE RD,0,F,S,2395,CO,,HILLSBORO DR,39.04077,-77.02405667
01,15,,01,88,01,1,01,04,04,MCP2753000M,06.01,02-26-2015,13:41:00,55114,N,N,MONTGOMERY,UNK,09,01,1659,CO,,1.36,E,RANDOLPH RD,30,F,E,1186,CO,,ST DUNSTON LA,39.05330833,-77.08892
01,15,,01,88,02,1,01,01,00,MCP2753000N,06.01,03-09-2015,12:44:00,54114,N,N,MONTGOMERY,UNK,02,02,1564,CO,,0.15,S,WELLER RD,200,F,S,3012,CO,,BRIGGS RD,39.06872333,-77.0572
01,15,,01,03,02,2,01,01,00,MCP27540007,06.01,01-30-2015,13:13:00,54114,Y,N,MONTGOMERY,UNK,01,00,320,MD,,1.43,N,PINEY BRANCH RD,15,F,N,7,GV,,SLIGO CREEK PKWY,38.99603833,-77.00563
01,15,,02,06,02,3,01,01,00,MCP27540008,06.01,02-27-2015,12:51:00,55114,N,N,MONTGOMERY,UNK,01,00,650,MD,,3.76,N,NEW HAMPSHIRE AVE,0,F,N,1116,CO,,OAKLAWN DR,39.02556,-76.98067333
04,15,,02,02,01,2,01,04,00,MCP2755000D,03,01-03-2015,21:40:00,55114,Y,N,MONTGOMERY,UNK,01,00,97,MD,,5.58,N,GEORGIA AVE,0,F,N,4349,CO,,HATHAWAY DR,39.06775167,-77.0617
03,15,,01,17,01,1,01,01,10,MCP2756000N,03,01-23-2015,20:12:00,55112,N,N,MONTGOMERY,UNK,09,00,4340,CO,,0.28,W,HUGGINS DR,388,F,W,1431,CO,,HIGHVIEW AVE,39.05030333,-77.07400333
03,15,,01,07,02,3,01,04,00,MCP2756000P,00,01-30-2015,18:01:00,55124,N,N,MONTGOMERY,UNK,01,00,1659,CO,,2.95,E,RANDOLPH RD,230,F,E,4337,CO,,LINDELL ST,39.059184,-77.062779
01,15,,01,02,02,1,01,01,00,MCP2756000Q,06.01,02-13-2015,15:43:00,54214,N,N,MONTGOMERY,UNK,01,00,864,CO,,0,E,REEDIE DR,650,F,E,586,MD,,VEIRS MILL RD,39.037998,-77.054395
03,15,,03,03,02,1,01,04,00,MCP2756000R,06.01,03-12-2015,19:29:00,54114,N,N,MONTGOMERY,UNK,01,00,865,CO,,1.16,N,GRANDVIEW AVE,5,F,N,193,MD,,UNIVERSITY BLVD W,39.04086167,-77.05303833
03,15,,01,17,04,3,88,04,04,MCP2818000W,12.04,01-27-2015,21:15:00,45112,N,N,MONTGOMERY,UNK,09,00,390,MD,,0.3,N,16TH ST,0,F,N,598,CO,,SPRING ST,38.99853167,-77.03880667
01,15,,02,14,02,1,01,01,00,MCP2818000Y,06.01,03-17-2015,18:36:00,45112,Y,N,MONTGOMERY,UNK,01,00,1257,CO,,0,E,SEMINARY PL,0,F,E,534,CO,,BROOKVILLE RD,39.009235,-77.04399167
07.88,15,,02,03,00,1,01,01,00,MCP2818000Z,06.01,03-18-2015,20:40:00,55112,Y,N,MONTGOMERY,UNK,01,00,29,US,,1.51,N,COLESVILLE RD,0,F,N,7074,CO,,DALE DR,39.00497333,-77.02304167
01,15,,01,05,02,1,01,02,00,MCP28180010,06.01,03-23-2015,15:15:00,55112,N,N,MONTGOMERY,UNK,01,00,193,MD,,4.26,E,UNIVERSITY BLVD W,300,F,E,698,CO,,SUTHERLAND RD,39.021,-77.01420667
05.02,15,,01,03,02,4,01,04,00,MCP28180011,06.01,03-24-2015,19:25:00,55112,N,N,MONTGOMERY,UNK,01,01,97,MD,,1.4,N,GEORGIA AVE,25,F,N,495,RP,,RAMP 3 FR IS 495 EB TO MD 97 NB,39.01672167,-77.04260833
01,15,,09.04,11,02,1,01,01,00,MCP28180012,06.01,03-26-2015,15:42:00,55122,N,N,MONTGOMERY,UNK,01,00,697,CO,,0.06,E,FOREST GLEN RD,100,F,E,1263,CO,,WOODLAND DR,39.01573333,-77.04153667
03,15,,00,07,00,1,00,01,00,MCP2820000T,00,02-09-2015,00:00:00,45122,N,N,MONTGOMERY,UNK,02,00,6853,CO,,0.32,E,BRASSIE PL,500,F,E,6854,CO,,BRASSIE CT,39.175944,-77.20048785
01,15,,01,07,02,1,01,03,00,MCP2820000V,00,02-18-2015,14:23:00,55112,Y,N,MONTGOMERY,UNK,02,00,1592,CO,,1.05,S,PARKLAND DR,10,F,S,2665,CO,,JUDITH ST,39.073985,-77.08683
01,15,,02,11,02,1,01,01,00,MCP2820000W,07.01,03-03-2015,09:42:00,54114,Y,N,MONTGOMERY,UNK,01,00,1564,CO,,1.31,S,WELLER RD,0,F,S,1588,CO,,FELDON ST,39.06265,-77.07449
07.88,15,,01,00,99,1,01,01,04,MCP2820000X,00,03-07-2015,00:00:00,55122,N,N,MONTGOMERY,UNK,09,02,2011,CO,,1.22,E,TURKEY BRANCH PKWY,100,F,E,1596,CO,,BAYNE ST,39.06624333,-77.087375
03,15,,08.04,01,00,1,00,01,00,MCP2820000Y,06.01,03-09-2015,07:29:00,54114,N,N,MONTGOMERY,UNK,01,16,3105,CO,,0,N,HOMECREST RD,30,F,N,2722,CO,,BEL PRE RD,39.09203667,-77.06245
01,15,,01,07,02,3,01,03,04,MCP2820000Z,06.01,03-30-2015,14:43:00,55112,N,N,MONTGOMERY,UNK,09,01,1659,CO,,2.04,E,RANDOLPH RD,100,F,E,1677,CO,,BUSHEY DR,39.05743167,-77.07728667
03,15,,01,17,02,,01,01,11,MCP2821000G,06.01,01-11-2015,03:16:00,54112,N,N,MONTGOMERY,UNK,09,00,4140,CO,,1.83,S,SNOUFFERS SCHOOL RD,20,F,S,4838,CO,,BONANZA WAY,39.16663833,-77.171195
03,15,,01,01,00,,01,01,00,MCP2821000H,06.01,01-10-2015,03:04:00,55122,N,N,MONTGOMERY,UNK,02,02,5189,CO,,0.9,S,FLOWER HILL WAY,20,F,S,,UU,,STREAMSIDE DR,39.15728667,-77.16804833
03,15,,02,03,02,1,01,03,00,MCP2821000J,06.01,01-17-2015,00:28:00,55112,Y,N,MONTGOMERY,UNK,01,01,115,MD,,2.73,E,MUNCASTER MILL RD,0,F,E,135,CO,,BOWIE MILL RD,39.13419333,-77.12293333
01,15,,01,01,02,1,01,01,00,MCP2892000L,06.01,01-23-2015,07:41:00,55112,N,N,MONTGOMERY,UNK,02,00,2060,CO,,0.32,E,VENICE DR,100,F,E,2356,CO,,BLAKE RD,39.06162667,-76.99196833
01,15,,01,08,00,4,01,04,00,MCP2892000M,06.01,02-07-2015,10:30:00,54112,Y,N,MONTGOMERY,UNK,01,00,650,MD,,4.89,N,NEW HAMPSHIRE AVE,25,F,N,109,CO,,LOCKWOOD DR,39.04018167,-76.99042833
06.02,15,,01,17,01,2,01,04,10,MCP2893000X,03,01-03-2015,15:56:00,55112,N,N,MONTGOMERY,UNK,09,00,7686,CO,,0,N,SENECA MEADOWS PKWY,500,F,N,118,MD,,GERMANTOWN RD,39.19031333,-77.257795
03,15,,01,17,01,1,01,04,11,MCP2893000Y,03,01-03-2015,17:22:00,55112,N,N,MONTGOMERY,UNK,16,09,7686,CO,,0,N,SENECA MEADOWS PKWY,500,F,N,118,MD,,GERMANTOWN RD,39.19087833,-77.25685
03,15,,02,11,01,2,01,04,00,MCP2893000Z,07.01,01-29-2015,18:03:00,54112,Y,N,MONTGOMERY,UNK,01,00,118,MD,,6.94,N,GERMANTOWN RD,0,F,N,7648,CO,,CIDER BARRELL DR,39.191495,-77.245195
03,15,,01,03,02,1,01,01,00,MCP28930010,06.01,03-13-2015,19:46:00,55112,N,N,MONTGOMERY,UNK,01,00,5076,CO,,0,E,FIELDCREST RD,0,M,E,124,MD,,WOODFIELD RD,39.185045,-77.14481667
03,15,,03,07,02,2,01,01,00,MCP28930011,06.01,03-17-2015,20:50:00,55112,Y,N,MONTGOMERY,UNK,01,00,118,MD,,5.22,N,GERMANTOWN RD,50,F,N,5500,CO,,WISTERIA DR,39.17682333,-77.27045333
03,15,,02,03,01,1,01,01,00,MCP28930012,00,03-20-2015,20:02:00,55112,N,N,MONTGOMERY,UNK,01,00,6136,CO,,0.67,E,SHAKESPEARE BLVD,0,F,E,6137,CO,,SHAKESPEARE DR,39.198285,-77.242215
01,15,,02,03,02,2,01,04,00,MCP28930013,06.01,03-23-2015,17:26:00,54112,Y,N,MONTGOMERY,UNK,01,01,355,MD,,17.62,N,FREDERICK RD,0,F,N,4897,CO,,GUNNERS BRANCH RD,39.17865667,-77.23838
01,15,,02,17,00,1,01,04,11,MCP28930014,06.01,03-28-2015,17:57:00,55124,Y,N,MONTGOMERY,UNK,09,00,141,CO,,0.71,E,MIDDLEBROOK RD,0,F,E,5430,CO,,CRYSTAL ROCK DR,39.17706167,-77.26445167
05.02,15,,01,07,01,1,01,04,00,MCP2894000K,00,01-22-2015,06:50:00,55114,N,N,MONTGOMERY,UNK,01,00,355,MD,,5.47,N,ROCKVILLE PIKE,50,F,N,2536,CO,,BANGOR DR,39.03752167,-77.108
01,15,,01,03,02,3,01,04,00,MCP2894000L,06.01,02-01-2015,11:55:00,45112,N,N,MONTGOMERY,UNK,01,00,270,IS,Y,0.815,N,NO NAME,100,F,N,270,RP,Y,RAMP 4 FR IS 270Y NB TO DEMOCRACY BLVD,39.019195,-77.14462167
01,15,,01,05,01,1,01,01,00,MCP2894000M,03,02-02-2015,10:59:00,55112,N,N,MONTGOMERY,UNK,01,00,192,MD,,1.35,E,CAPITOL VIEW AVE,10,F,E,2581,CO,,VIRGINIA AVE,39.02276167,-77.06213667
01,15,,01,03,02,1,01,02,00,MCP2894000N,06.01,03-07-2015,10:24:00,55114,N,N,MONTGOMERY,UNK,01,00,1913,CO,,0,W,BOILING BROOK PKWY,100,F,W,1791,CO,,ASHLEY DR,39.04807333,-77.09957833
01,15,,02,11,02,3,01,04,00,MCP2894000P,06.01,03-09-2015,08:12:00,55114,Y,N,MONTGOMERY,UNK,01,00,187,MD,,5.04,N,OLD GEORGETOWN RD,0,F,N,3239,CO,,EXECUTIVE BLVD,39.04750667,-77.11955333
01,15,,02,03,02,1,01,01,00,MCP26800013,06.01,02-02-2015,15:16:00,54114,N,N,MONTGOMERY,UNK,01,00,2512,CO,,0,S,ELKTON AVE,0,F,S,192,MD,,FOREST GLEN RD,39.00445333,-77.11001
03,15,,03,03,02,3,01,04,00,MCP26800014,06.01,02-03-2015,17:59:00,54112,N,N,MONTGOMERY,UNK,01,00,97,MD,,2.02,N,GEORGIA AVE,50,F,N,957,CO,,AUGUST DR,39.02094833,-77.04444167
01,15,,03,03,02,,01,03,00,MCP26820009,07.01,01-29-2015,14:58:00,54112,N,N,MONTGOMERY,UNK,01,00,5221,CO,,0,S,MIDCOUNTY HWY,50,F,S,124,MD,,WOODFIELD RD,39.154355,-77.1798
01,15,,02,02,01,1,01,03,00,MCP2683000H,03,01-18-2015,11:49:00,54114,Y,N,MONTGOMERY,UNK,01,00,355,MD,,14.02,N,S FREDERICK RD,0,F,N,360,MU,,S SUMMIT AVE,39.13811,-77.19427
01,15,,02,02,02,2,01,03,00,MCP2683000J,06.01,01-23-2015,07:47:00,55114,Y,N,MONTGOMERY,UNK,01,00,4140,CO,,2.6,S,SNOUFFERS SCHOOL RD,0,F,S,124,MD,,WOODFIELD RD,39.15958833,-77.160925
05.02,15,,01,17,02,1,01,04,04,MCP2683000K,00,02-14-2015,06:49:00,55112,N,N,MONTGOMERY,UNK,09,00,212,CO,,4.32,N,SHADY GROVE RD,200,F,N,4215,CO,,OAKMONT AVE,39.127325,-77.17262833
05.02,15,,02,11,04,1,01,00,00,MCP2683000L,07.01,02-15-2015,07:33:00,55114,Y,N,MONTGOMERY,UNK,01,00,5221,CO,,0.37,S,MIDCOUNTY HWY,0,F,S,7011,CO,,WASHINGTON GROVE LA,39.147555,-77.16911167
01,15,,02,03,02,,01,03,00,MCP2683000Q,06.01,02-27-2015,07:38:00,55114,Y,N,MONTGOMERY,UNK,01,00,5221,CO,,1.39,S,MIDCOUNTY HWY,0,F,S,,UU,,SPUR TO SHADY GROVE RD,39.141315,-77.15276333
01,15,,02,02,02,1,01,01,00,MCP2683000R,06.01,02-28-2015,14:46:00,,Y,N,MONTGOMERY,UNK,01,00,360,MU,,0.32,N,S SUMMIT AVE,0,F,N,643,MU,,OLDE TOWNE AVE,39.13976167,-77.19401167
01,15,,03,11,03,1,01,01,00,MCP2683000S,06.01,03-06-2015,08:45:00,55114,Y,N,MONTGOMERY,UNK,01,00,37,CO,,0.47,N,EMORY GROVE RD,15,F,N,6272,CO,,MEADOW GREEN WAY,39.15352,-77.173995