LIGHT_CODE,COUNTY_NO,MUNI_CODE,JUNCTION_CODE,COLLISION_TYPE_CODE,SURF_COND_CODE,LANE_CODE,RD_COND_CODE,RD_DIV_CODE,FIX_OBJ_CODE,REPORT_NO,WEATHER_CODE,ACC_DATE,ACC_TIME,LOC_CODE,SIGNAL_FLAG,C_M_ZONE_FLAG,AGENCY_CODE,AREA_CODE,HARM_EVENT_CODE1,HARM_EVENT_CODE2,RTE_NO,ROUTE_TYPE_CODE,RTE_SUFFIX,LOG_MILE,LOGMILE_DIR_FLAG,MAINROAD_NAME,DISTANCE,FEET_MILES_FLAG,DISTANCE_DIR_FLAG,REFERENCE_NO,REFERENCE_TYPE_CODE,REFERENCE_SUFFIX,REFERENCE_ROAD_NAME,LATITUDE,LONGITUDE
03,15,,00,17,04,2,00,04,04,MCP27660015,00,02-15-2015,19:59:00,55112,N,N,MONTGOMERY,UNK,09,09,97,MD,,5.94,N,GEORGIA AVE,500,F,N,1906,CO,,MAY ST,39.07203,-77.06444167
04,15,,03,11,01,,01,04,00,MCP27660016,03,03-26-2015,19:49:00,54142,N,N,MONTGOMERY,UNK,03,00,97,MD,,7,N,GEORGIA AVE,25,F,N,185,MD,,CONNECTICUT AVE,39.08396833,-77.07845
03,15,,02,17,01,1,01,01,00,MCP2767000L,09.04,01-23-2015,17:30:00,54144,Y,N,MONTGOMERY,UNK,03,00,1173,CO,,0.27,S,AMHERST AVE,0,F,S,1138,CO,,BLUERIDGE AVE,39.04335333,-77.047845
03,15,,02,02,02,,01,04,00,MCP2767000M,06.01,01-31-2015,19:26:00,55114,Y,N,MONTGOMERY,UNK,01,00,586,MD,,4.01,E,VEIRS MILL RD,0,F,E,185,MD,,CONNECTICUT AVE,39.05207,-77.074515
03,15,,02,11,02,3,01,04,00,MCP2767000N,06.01,02-28-2015,19:56:00,55114,N,N,MONTGOMERY,UNK,01,01,97,MD,,4.74,N,GEORGIA AVE,0,F,N,4347,CO,,SHERATON ST,39.05928327,-77.05028415
04,15,,01,06,01,2,01,01,00,MCP2767000P,12.04,03-01-2015,18:29:00,55112,N,N,MONTGOMERY,UNK,02,00,1129,CO,,0.51,E,DAWSON AVE,200,F,E,1131,CO,,GALT AVE,39.039475,-77.05622167
03,15,,02,02,02,1,01,04,00,MCP2767000Q,06.01,02-27-2015,19:12:00,54112,Y,N,MONTGOMERY,UNK,01,00,97,MD,,3.27,N,GEORGIA AVE,0,F,N,864,CO,,REEDIE DR,39.03873633,-77.05084205
03,15,,00,11,02,,01,00,00,MCP2769000P,06.01,02-28-2015,01:16:00,54114,Y,N,MONTGOMERY,UNK,01,00,124,MD,,4.16,N,MONTGOMERY VILLAGE AVE,0,F,N,4119,CO,,LOST KNIFE RD,39.15800833,-77.20412167
04,21,,05.01,17,02,,01,02,06,MSP0486001W,06.01,01-03-2015,02:30:00,,N,N,MSP,UNK,09,00,70,RP,,0,S,RAMP 8 FR US 40 SB TO IS 70 WB,100,F,S,40,US,,DUAL HWY,39.6018361,-77.68449783
01,21,,01,17,06.03,1,01,01,10,MSP0486001X,03,01-12-2015,10:00:00,,N,N,MSP,UNK,09,00,491,MD,,2.18,N,RAVEN ROCK RD,200,F,N,269,CO,,RITCHIE RD,39.6639155,-77.5287005
01,21,,03,03,02,1,01,04,00,MSP0486001Y,06.01,01-13-2015,08:00:00,,N,N,MSP,UNK,01,00,705,MU,,1.73,N,EASTERN BLVD,100,F,N,64,MD,,JEFFERSON BLVD,39.64230967,-77.69485133
01,21,,01,17,03,1,01,04,05,MSP0486001Z,08.04,01-14-2015,10:30:00,,N,N,MSP,UNK,09,09,70,IS,,38.21,E,EISENHOWER MEMORIAL HWY,0,F,E,40,US,,NATIONAL PIKE,39.53702131,-77.60599494
01,21,,01,03,03,1,01,04,00,MSP04860020,08.04,01-14-2015,11:20:00,,N,N,MSP,UNK,01,01,70,IS,,36.57,E,EISENHOWER MEMORIAL HWY,0,F,E,,UU,,MILE MARKER 37.0,39.56320429,-77.61548996
06.02,21,,01,88,02,,01,01,00,MSP04860021,06.01,01-20-2015,17:24:00,,N,N,MSP,UNK,02,00,40,US,,43.76,E,NATIONAL PIKE,100,F,E,305,CO,,RUBLE RD,39.56075733,-77.627771
01,21,,02,02,02,1,01,01,00,MSP04860022,06.01,01-23-2015,15:30:00,,Y,N,MSP,UNK,01,00,68,MD,,8.52,E,LAPPANS RD,0,F,E,667,CO,,GOVERNOR LANE BLVD,39.5848765,-77.813075
01,21,,01,03,02,1,01,01,00,MSP04860023,06.01,02-07-2015,12:35:00,,N,N,MSP,UNK,01,00,65,MD,,10.94,N,SHARPSBURG PIKE,0,F,N,947,CO,,LUXOR LA,39.61077317,-77.7301385
04,21,,01,17,02,2,01,04,00,MSP04860024,06.01,02-13-2015,20:30:00,,N,N,MSP,UNK,18,00,70,IS,,24.11,E,EISENHOWER MEMORIAL HWY,0,M,E,63,MD,,GREENCASTLE PIKE,39.62904267,-77.80668683
04,21,,01,17,02,,01,01,11,MSP04860025,06.01,02-23-2015,00:05:00,,N,N,MSP,UNK,09,09,491,MD,,2.18,N,RAVEN ROCK RD,200,F,N,269,CO,,RITCHIE RD,39.6633015,-77.53254517
01,21,,01,03,02,3,01,04,05,MSP04860026,07.01,03-04-2015,12:50:00,,N,N,MSP,UNK,01,09,70,IS,,36.57,E,EISENHOWER MEMORIAL HWY,0,M,E,,UU,,MILE MARKER 37.0,39.5510935,-77.60994567
01,21,,01,03,02,1,01,01,00,MSP04860027,06.01,03-12-2015,14:00:00,,N,Y,MSP,UNK,01,00,783,CO,,1.73,S,ROBINWOOD DR,50,F,S,1282,CO,,ROSEBANK WAY,39.62308665,-77.67314482
01,21,,01,02,02,1,01,01,00,MSP04860028,06.01,03-12-2015,16:45:00,,N,N,MSP,UNK,01,00,65,MD,,6.77,N,SHARPSBURG PIKE,100,F,N,68,MD,,LAPPANS RD,39.55268998,-77.7373584
04,21,,05.01,17,01,,01,02,09,MSP04860029,06.01,03-14-2015,22:20:00,,N,N,MSP,UNK,16,09,81,RP,,0.13,W,RAMP 8 FR IS 81 SB TO MD 58 WB,20,F,W,58,MD,,CEARFOSS PIKE,39.66497622,-77.74135188
01,02,,01,06,00,1,01,01,00,MSP0490000F,06.01,02-11-2015,10:25:00,,N,N,MSP,UNK,02,00,957,CO,,0,S,BROCK BRIDGE RD,10,F,S,175,MD,,JESSUP RD,39.134649,-76.773061
01,09,,01,17,03,2,88,04,05,MSP34500013,08.04,02-17-2015,08:40:00,,N,N,MSP,UNK,09,00,50,US,,16.72,E,OCEAN GATEWAY,0,M,E,,UU,,MILE MARKER 96.0,38.4867,-75.82701
01,05,,02,03,02,2,01,04,00,MSP34500014,07.01,02-16-2015,15:00:00,,Y,N,MSP,UNK,01,00,404,MD,,9.87,E,SHORE HWY,0,F,E,404,MD,,DOUBLE HILLS RD,38.85169,-75.81557
04,09,,01,17,02,,01,01,00,MSP34500015,06.01,03-19-2015,21:16:00,,N,N,MSP,UNK,11,00,313,MD,,5.4,N,ELDORADO RD,0,M,N,279,CO,,COKESBURY RD,38.589468,-75.783687
04,09,,01,17,02,,01,01,10,MSP34500016,06.01,03-29-2015,00:03:00,,N,N,MSP,UNK,09,18,331,MD,,1.59,N,RHODESDALE VIENNA RD,0,M,N,251,CO,,MAIDEN BRANCH RD,38.51521,-75.83156
01,11,,01,17,01,2,01,04,23.03,MSP3451000Q,03,03-04-2015,10:15:00,,N,N,MSP,UNK,09,11,68,IS,,22.26,E,NATIONAL FREEWAY,1,M,E,219,US,,CHESTNUT RIDGE RD,39.69207211,-79.11472678
01,11,,01,88,04,1,05,01,00,MSP3451000R,06.01,03-06-2015,09:44:00,CVA,N,N,MSP,UNK,01,09,60,CO,,2.58,S,CRANESVILLE RD,1,M,S,54,CO,,SANG RUN RD,39.55198777,-79.4780159
01,15,,01,03,02,3,01,04,00,MSP34700001,07.01,01-29-2015,09:09:00,,N,N,MSP,UNK,01,00,270,IS,,9.32,N,EISENHOWER MEMORIAL HWY,1,M,N,370,IS,,NO NAME,39.13022669,-77.20569134
01,02,,01,17,01,1,01,02,05,MDTA1082000C,03,01-04-2015,09:16:00,,N,N,MDTA,UNK,09,09,695,IS,,0.16,N,BALTO BELTWAY,0,M,N,710,MD,,EAST ORDNANCE RD,39.207696,-76.58587
01,02,,05.01,07,02,2,01,04,00,MDTA1082000D,06.01,01-27-2015,12:07:00,,N,N,MDTA,UNK,01,00,695,IS,,1.367,N,BALTO BELTWAY,0,F,N,,UU,,MILE MARKER OL 4,39.21696,-76.657169
01,24,,01,17,04,1,01,04,05,MDTA1082000F,06.01,02-18-2015,07:50:00,,N,N,MDTA,UNK,09,09,695,MD,,3.123,N,BALTO BELTWAY,0,F,N,,UU,,STRUC #BCZ001 CURTIS CREEK,39.2075665,-76.5800813
01,03,,01,03,01,1,01,04,00,MDTA1082000G,06.01,02-18-2015,09:03:00,,N,N,MDTA,UNK,01,00,695,IS,,12.431,N,BALTO BELTWAY,0,M,N,,UU,,MILE MARKER IL 47 (ON MEDIAN),39.2235265,-76.5199137
03,02,,02,03,01,,05,01,00,MDTA10860001,06.01,01-27-2015,18:10:00,,Y,N,MDTA,UNK,01,00,170,MD,,7.05,N,AVIATION BLVD,0,F,N,995,MD,,AMTRAK WAY,39.18501737,-76.68999374
01,02,,01,07,06.03,3,01,02,00,MDTA10880004,12.04,01-26-2015,11:02:00,,N,N,MDTA,UNK,01,00,50,US,,13.23,E,BLUE STAR MEMORIAL HWY,0,F,E,,UU,,EXIT #28,39.02213443,-76.4744997
01,02,,00,03,02,3,01,04,00,MDTA11150007,06.01,03-06-2015,16:59:00,,N,N,MDTA,UNK,01,00,50,US,,17.47,E,BLUE STAR MEMORIAL HWY,0,M,E,,UU,,MILE MARKER 32.0,39.013465,-76.407638
03,24,,01,17,03,,01,04,15.05,MDTA11400002,10.04,01-06-2015,06:14:00,,N,N,MDTA,UNK,09,00,95,IS,,3.24,N,FORT MCHENRY TUNNEL,1,M,N,,UU,,INTERSTATE MILE MARKER 53.0,39.26719812,-76.60640001
03,24,,01,17,02,,01,04,15.05,MDTA11400003,06.01,01-10-2015,23:22:00,,N,N,MDTA,UNK,09,00,95,IS,,8.31,N,FORT MCHENRY TUNNEL,0,M,N,,UU,,MILE MARKER 58.0,39.284918,-76.53549
06.02,24,,01,17,01,,01,04,13,MDTA1143000B,03,01-04-2015,17:24:00,,N,N,MDTA,UNK,09,00,95,IS,,2.36,N,FORT MCHENRY TUNNEL,0,F,N,,UU,,EXIT #52,39.26734763,-76.62245035
03,24,,01,08,01,4,01,04,00,MDTA1143000C,03,01-03-2015,21:33:00,,N,N,MDTA,UNK,01,00,95,IS,,0.45,N,FORT MCHENRY TUNNEL,1,F,N,,UU,,EXIT #50,39.27057039,-76.65635347
01,02,,00,11,03,2,88,03,00,MDTA11490002,08.04,03-05-2015,17:33:00,,N,N,MDTA,UNK,01,01,170,MD,,7.05,N,AVIATION BLVD,0,U,N,995,MD,,AMTRAK WAY,39.184751,-76.689677
00,24,,01,03,02,1,01,02,00,MDTA11530003,06.01,01-05-2015,22:35:00,,N,N,MDTA,UNK,01,00,895,IS,,3.99,N,HARBOR TUNNEL THRUWAY,1,M,N,,UU,,ENT TO FORT MCHENRY TUNNEL MAINTNENCE,39.31539127,-76.53762817
01,24,,01,07,03,2,88,02,05,MDTA11600001,10.04,03-05-2015,16:54:00,,N,N,MDTA,UNK,10,01,95,IS,,9.334,N,FORT MCHENRY TUNNEL,1,F,N,,UU,,INTERSTATE MILE MARKER 59.0,39.292897,-76.532135
01,03,,01,03,02,3,01,04,00,MSP04930015,06.01,01-07-2015,16:50:00,,N,N,MSP,UNK,01,00,83,IS,,5.75,N,HARRISBURG EXPWY,1,M,N,83,RP,,RAMP 4 FR IS 83 NB TO TIMONIUM RD EB,39.42976417,-76.63492267
01,03,,01,17,01,3,01,04,05,MSP04930016,00,01-06-2015,15:25:00,,N,N,MSP,UNK,88,09,695,IS,,12.97,N,BALTO BELTWAY,1,M,N,140,MD,,REISTERSTOWN RD,39.37947556,-76.74233437
01,03,,01,07,02,4,01,04,05,MSP04930017,06.01,01-22-2015,13:11:00,,N,Y,MSP,UNK,01,09,695,IS,,13.71,N,BALTO BELTWAY,200,F,N,129,MD,,PARK HEIGHTS AVE,39.39008633,-76.72173867
01,03,,01,17,02,1,01,04,05,MSP04930018,06.01,02-05-2015,11:32:00,,N,N,MSP,UNK,09,00,695,IS,,12.97,N,BALTO BELTWAY,0,M,N,140,MD,,REISTERSTOWN RD,39.38746233,-76.730417
04,18,,01,03,02,,01,04,00,MSP05030003,06.01,03-24-2015,06:06:00,,Y,N,MSP,UNK,01,00,235,MD,,20.487,N,THREE NOTCH RD,100,F,N,944,MD,,MERVELL DEAN RD,38.31214754,-76.53494596
01,03,,00,07,03,,01,02,00,MSP05290001,10.04,03-05-2015,11:14:00,,N,N,MSP,UNK,01,00,372,MD,,1.22,E,WILKENS AVE,50,F,E,695,RP,,RAMP 6 FR MD 372 EB TO IS 695 EB,39.21079,-76.705185
05.02,10,,01,03,02,2,01,04,00,MSP14140032,06.01,01-23-2015,07:02:00,,N,N,MSP,UNK,01,00,15,US,,14.99,N,FREDERICK FREEWAY,100,F,N,,UU,,MD 26 (WB/L),39.438322,-77.407187
04,10,,02,11,02,1,01,01,00,MSP14140033,06.01,02-03-2015,18:06:00,,Y,N,MSP,UNK,01,00,17,MD,,8.16,N,BURKITTSVILLE MIDDLETOWN RD,0,F,N,258,CO,,PICNIC WOODS RD,39.40224817,-77.60721883
01,10,,01,03,02,1,01,04,00,MSP14140034,06.01,02-04-2015,15:07:00,,N,N,MSP,UNK,01,01,15,US,,8.84,N,JEFFERSON NATIONAL PIKE,200,F,N,229,CO,,MT ZION RD,39.378841,-77.472346
01,10,,00,03,02,,01,04,00,MSP14140035,07.01,02-18-2015,13:53:00,,N,N,MSP,UNK,01,00,15,US,,12.63,N,FREDERICK FREEWAY,0,F,N,1625,MU,,W PATRICK ST,39.415264,-77.438354
01,10,,03,03,01,,01,04,00,MSP14140036,03,03-14-2015,12:02:00,,N,N,MSP,UNK,01,00,26,MD,,0.54,E,LIBERTY RD,10,F,E,1672,MU,,WORMANS MILL RD,39.44527,-77.39613
01,01,,02,11,02,1,01,04,00,MSP37710002,06.01,01-14-2015,12:37:00,,Y,N,MSP,UNK,01,00,36,MD,,15.05,N,NEW GEORGES CREEK RD,0,F,N,68,IS,,NATIONAL FREEWAY,39.63354736,-78.9178741
01,13,,00,03,00,3,01,04,00,MSP37940002,00,03-04-2015,10:05:00,,N,N,MSP,UNK,01,00,70,IS,,9.25,E,NO NAME,0,M,E,,UU,,ENT TO MSP WEIGH STATION (WB/L),39.31650353,-76.97549343
01,02,,01,17,01,,01,02,05,MSP40010021,07.01,01-04-2015,14:49:00,,N,N,MSP,UNK,09,00,595,IS,,6.36,E,JOHN HANSON HWY,0,M,E,97,RP,,RAMP 3 FR IS 595 EB TO IS 97 NB,38.98736673,-76.57790502
01,02,,01,17,01,,01,02,11,MSP40010022,07.01,01-04-2015,15:40:00,,N,N,MSP,UNK,09,00,50,US,,12.46,E,BLUE STAR MEMORIAL HWY,0,M,E,2,MD,,GOV RITCHIE HWY (SB OUT SITE),39.01368918,-76.49266047
03,02,,02,02,02,,01,01,00,MSP40010023,06.01,01-19-2015,21:15:00,,Y,N,MSP,UNK,01,00,2,MD,,36.66,N,GOV RITCHIE HWY,0,F,N,6568,CO,,GEORGIA AVE NE,39.16719028,-76.62203162
06.02,24,,00,09,02,3,00,04,99,MDTA11600002,06.01,03-19-2015,20:04:00,,N,N,MDTA,UNK,01,00,95,IS,,1.58,N,FORT MCHENRY TUNNEL,0,F,N,1281,MU,,WASHINGTON BLVD,39.2382723,-76.6091183
01,16,,05.01,03,01,4,01,04,00,MDTA11620004,03,01-03-2015,13:00:00,,N,N,MDTA,UNK,01,00,95,IS,,31.15,N,NO NAME,0,M,N,95,RP,,RAMP 8 FR IS 95 SB TO MD 200 WB,39.08019068,-76.90107822
01,15,,01,01,03,2,01,04,00,MDTA11620005,10.04,01-06-2015,08:57:00,,N,N,MDTA,UNK,01,00,200,MD,,12.932,E,INTERCOUNTY CONNECTOR,0,M,E,200,RP,,RAMP 1 FR MD 650 NB TO MD 200 WB,39.08808558,-77.00688601
01,16,,01,17,03,,01,04,05,MDTA11620006,10.04,01-06-2015,10:54:00,,N,N,MDTA,UNK,16,09,200,MD,,0.819,E,INTERCOUNTY CONNECTOR,0,M,E,,UU,,MILE MARKER 18.0,39.07421063,-76.91536903
01,16,,02,17,01,1,01,88,08,MDTA11620007,06.01,01-06-2015,14:02:00,,Y,N,MDTA,UNK,09,09,200,MD,,2.94,E,INTERCOUNTY CONNECTOR,0,F,E,1,US,,US 1 INTERSECTION,39.06564778,-76.88138008
03,15,,01,17,02,,01,04,05,MDTA11620008,06.01,02-24-2015,23:38:00,,N,N,MDTA,UNK,16,09,200,MD,,15.015,E,INTERCOUNTY CONNECTOR,1,M,E,,UU,,MILE MARKER 15.0,39.08243932,-76.96105242
01,17,,01,17,06.03,3,01,04,15.05,MDTA11620009,00,03-06-2015,10:25:00,,N,N,MDTA,UNK,88,09,50,US,,3.36,E,BLUE STAR MEMORIAL HWY,0,M,E,,UU,,MILE MARKER 38.0,38.97614218,-76.30931854
01,15,,00,07,03,2,01,04,00,MDTA11630003,08.04,02-21-2015,10:46:00,,Y,N,MDTA,UNK,01,00,200,MD,,3.815,E,INTERCOUNTY CONNECTOR,100,F,E,1936,CO,,REDLAND RD,39.1356694,-77.1444726
01,24,,00,17,03,,01,04,00,MDTA11640005,07.01,01-06-2015,10:09:00,,N,N,MDTA,UNK,88,11,695,MD,,1.875,N,BALTO BELTWAY,75,F,N,,UU,,MILE MARKER OL 50,39.20445755,-76.55754089
01,24,,00,03,02,2,01,88,00,MDTA11640007,06.01,02-18-2015,08:42:00,,N,N,MDTA,UNK,01,01,695,MD,,2.006,N,BALTO BELTWAY,500,F,N,,UU,,EXIT #1,39.20424139,-76.55477285
01,07,,02,02,02,2,01,04,00,MDTA11690001,06.01,02-20-2015,12:45:00,,Y,N,MDTA,UNK,01,00,40,US,,1.14,E,PULASKI HWY,0,F,E,,UU,,SPUR TO MD 222,39.56949831,-76.07028008
06.02,02,,01,03,03,2,01,03,00,MDTA11720001,08.04,01-06-2015,17:38:00,,N,N,MDTA,UNK,01,00,170,MD,,7.49,N,AVIATION BLVD,100,F,N,195,IS,,METROPOLITAN BLVD,39.188673,-76.6835758
01,02,,00,03,02,3,01,02,00,MDTA11970001,06.01,01-16-2015,09:19:00,,Y,N,MDTA,UNK,01,00,5201,CO,,0,W,FRIENDSHIP RD,30,F,W,261,MD,,FRIENDSHIP RD (BACK),39.18252781,-76.66975513
03,24,,05.01,07,03,,08,04,00,MDTA12070003,08.04,02-17-2015,03:23:00,,N,N,MDTA,UNK,01,00,95,IS,,8.92,N,FORT MCHENRY TUNNEL,0,M,N,95,RP,,RAMP 3 FR MD 150 EB TO IS 95 NB,39.29159776,-76.53215647
01,16,,01,17,01,2,01,04,05,MDTA12140002,06.01,01-27-2015,08:28:00,,N,N,MDTA,UNK,09,00,200,MD,,1.352,E,INTERCOUNTY CONNECTOR,0,F,E,,UU,,BEGIN BRIDGE,39.073644,-76.925068
07.88,24,,01,03,02,1,01,04,00,MDTA1217000C,06.01,03-06-2015,19:46:00,,N,N,MDTA,UNK,01,01,895,IS,,0.479,N,HARBOR TUNNEL THRUWAY,0,M,N,,UU,,MILE MARKER 7.0,39.243023,-76.578484
01,16,,01,09,01,1,01,02,05,MDTA12280006,12.04,03-02-2015,08:33:00,,N,N,MDTA,UNK,01,09,95,IS,,31.15,N,NO NAME,50,F,N,95,RP,,RAMP 8 FR IS 95 SB TO MD 200 WB,39.082277,-76.901127
03,24,,01,07,02,1,01,03,00,MDTA12290003,07.01,01-22-2015,23:59:00,,N,N,MDTA,UNK,01,00,1310,MU,,0.035,E,HOLABIRD AVE,0,M,E,,UU,,EXIT #10,39.27251,-76.551424
03,24,,01,07,02,1,01,01,00,MDTA12290004,06.01,01-22-2015,23:59:00,,N,N,MDTA,UNK,01,00,1310,MU,,0.035,E,HOLABIRD AVE,0,M,E,,UU,,EXIT #10,39.271829,-76.551403
03,02,,01,09,02,1,01,03,00,MDTA12330002,06.01,01-16-2015,18:29:00,,N,N,MDTA,UNK,01,01,170,MD,,7.05,N,AVIATION BLVD,1,M,N,995,MD,,AMTRAK WAY,39.185408,-76.689054
01,22,,00,03,04,1,08,01,00,MSP14640003,02,01-16-2015,09:06:00,,N,N,MSP,UNK,01,00,313,MD,,7.31,N,SHARPTOWN RD,0,F,N,,UU,,STRUC #22045 NANTICOKE RIVER,38.54518467,-75.71890433
01,22,,01,03,02,1,01,01,00,MSP14640004,06.01,01-16-2015,13:02:00,,N,N,MSP,UNK,01,00,13,US,BU,5.27,N,S SALISBURY BLVD,0,M,N,415,MU,BU,E CARROLL ST,38.36424583,-75.595885
01,22,,01,17,04,,01,04,05,MSP14640006,03,02-10-2015,07:23:00,,N,N,MSP,UNK,09,09,13,US,,11.49,N,SALISBURY BYPASS,50,F,N,13,RP,,RAMP 5 FR US 13 SB TO US 13/US 50 EB,38.3989125,-75.572502
01,22,,01,17,04,,01,04,05,MSP14640007,03,02-10-2015,07:23:00,,N,N,MSP,UNK,09,09,13,US,,11.49,N,SALISBURY BYPASS,50,F,N,13,RP,,RAMP 5 FR US 13 SB TO US 13/US 50 EB,38.3989115,-75.57251333
01,03,,01,07,04,4,01,04,09,MSP1581000D,12.04,01-18-2015,07:40:00,N/A,N,N,MSP,UNK,15,01,95,IS,,25.91,N,J F K MEMORIAL HWY,0,M,N,,UU,,MILE MARKER 72.0,39.41238648,-76.41189225
01,03,,01,07,02,3,01,04,05,MSP1581000F,07.01,01-20-2015,13:15:00,N/A,N,N,MSP,UNK,01,09,95,IS,,24.89,N,J F K MEMORIAL HWY,1,M,N,,UU,,MILE MARKER 71.0,39.4277752,-76.3891703
01,07,,01,07,03,3,05,04,00,MSP1581000G,08.04,02-21-2015,16:23:00,N/A,N,N,MSP,UNK,01,00,95,IS,,0.96,N,J F K MEMORIAL HWY,1,M,N,,UU,,MILE MARKER 92.0,39.583817,-76.098776
01,12,,01,03,02,2,01,04,00,MSP1581000H,07.01,03-15-2015,15:12:00,N/A,N,N,MSP,UNK,01,01,95,IS,,13.29,N,J F K MEMORIAL HWY,0,M,N,,UU,,MILE MARKER 86.0,39.535427,-76.175222
01,13,,01,03,02,3,01,04,00,MSP16050001,06.01,03-30-2015,12:52:00,,N,N,MSP,UNK,01,01,70,IS,,9.25,E,NO NAME,500,F,E,,UU,,ENT TO MSP WEIGH STATION (WB/L),39.31657167,-76.97536833
03,12,,01,03,02,2,01,04,00,MSP1629001G,06.01,02-04-2015,21:58:00,,Y,N,MSP,UNK,01,00,40,US,,12.4,E,S PHILADELPHIA BLVD,0,F,E,1050,MU,,OLD PHILADELPHIA RD,39.53550017,-76.11554517
03,12,,02,02,02,1,01,01,00,MSP1629001K,06.01,02-07-2015,22:53:00,,Y,N,MSP,UNK,01,00,924,MD,,1.05,N,EMMORTON RD,0,F,N,1044,CO,,ABINGDON RD,39.477966,-76.3101385
04,11,,01,17,03,1,01,01,10,MSP2110000R,08.04,01-09-2015,03:43:00,,N,N,MSP,UNK,09,00,355,CO,,2.54,S,BLOOMING ROSE RD,0,M,S,19,CO,,TRAP RUN RD,39.637118,-79.460287
04,11,,01,17,03,,01,04,05,MSP2110000S,08.04,02-18-2015,20:33:00,,N,N,MSP,UNK,09,11,68,IS,,16.89,E,NATIONAL FREEWAY,1,M,E,182,CO,,AMISH RD,39.693429,-79.184722
04,11,,01,17,04,1,01,03,10,MSP2110000T,08.04,02-27-2015,03:37:00,,N,N,MSP,UNK,09,00,135,MD,,13.15,E,MARYLAND HWY,100,F,E,,UU,,SPUR TO SWANTON RD,39.45935,-79.199581
04,11,,01,17,02,,01,01,06,MSP2110000V,06.01,03-19-2015,20:35:00,,N,N,MSP,UNK,09,09,40,US,,0.42,E,NATIONAL PIKE,400,F,E,3,OP,,HEMLOCK LOOP,39.718564,-79.290424
04,11,,08.04,17,02,1,01,01,00,MSP2110000W,06.01,03-25-2015,23:42:00,,N,N,MSP,UNK,03,00,19,CO,,0,S,TRAP RUN RD,0,M,S,14,CO,,NOAH FRAZEE RD (BACK),39.603753,-79.449514
01,13,,01,08,01,2,01,04,00,MSP21180012,03,01-04-2015,13:16:00,,N,N,MSP,UNK,01,01,95,IS,,2.12,N,NO NAME,100,F,N,416,CO,,GORMAN RD,39.1388825,-76.84798467
01,13,,01,03,02,4,01,04,00,MSP21180013,06.01,01-08-2015,15:56:00,,N,N,MSP,UNK,01,00,95,IS,,6.39,N,NO NAME,0,M,N,175,MD,,WATERLOO RD,39.17914617,-76.786922
01,13,,01,03,02,3,01,04,00,MSP21180014,06.01,02-19-2015,13:52:00,,N,N,MSP,UNK,01,00,95,IS,,8.27,N,NO NAME,500,F,N,100,MD,,NO NAME,39.192734,-76.77187517
01,13,,01,07,06.03,4,01,04,00,MSP21180015,03,03-01-2015,17:48:00,,N,N,MSP,UNK,01,00,95,IS,,1.16,N,NO NAME,500,F,N,216,MD,,SCAGGSVILLE RD,39.12977883,-76.86158317
01,13,,01,17,04,,01,04,11,MSP21180016,03,03-03-2015,17:45:00,,N,N,MSP,UNK,16,00,70,IS,,6.98,E,NO NAME,0,M,E,97,MD,,HOODS MILL RD,39.32764483,-77.01835817
04,13,,01,17,04,,01,04,06,MSP21180017,03,03-03-2015,21:17:00,,N,N,MSP,UNK,16,00,70,IS,,10.65,E,NO NAME,0,M,E,32,MD,,SYKESVILLE RD,39.30918667,-76.9536075
04,13,,01,03,04,,01,04,00,MSP21180018,03,03-03-2015,21:21:00,,N,N,MSP,UNK,02,16,70,IS,,10.65,E,NO NAME,0,M,E,32,MD,,SYKESVILLE RD,39.30921467,-76.953669
01,13,,01,03,02,2,01,04,00,MSP21180019,06.01,03-19-2015,12:27:00,,N,N,MSP,UNK,01,00,70,IS,,9.05,E,NO NAME,0,M,E,,UU,,MSP WEIGH STATION (WB/L),39.31342833,-76.9678825
01,13,,05.01,17,02,,01,88,05,MSP2118001B,06.01,03-25-2015,19:00:00,,N,N,MSP,UNK,09,00,70,RP,,0,N,RAMP 4 FR US 29 NB TO IS 70 EB,0,M,N,29,US,,COLUMBIA PIKE,39.29419933,-76.8239775
04,13,,01,88,01,,01,02,00,MSP2118001C,03,03-26-2015,21:49:00,,N,N,MSP,UNK,01,00,,,,,,WHITE DAHLIA DRIVE,100,F,,,,,TAYLOR FARM ROAD,39.31602167,-76.88759967
01,02,,01,17,02,2,03,04,00,MSP40010024,06.01,01-28-2015,15:32:00,,N,N,MSP,UNK,10,00,97,IS,,10.84,N,NO NAME,0,M,N,3,MD,D,BRIGHTVIEW DR,39.10851622,-76.6314939
06.02,02,,01,03,02,1,01,04,00,MSP40010025,06.01,01-30-2015,17:41:00,,N,N,MSP,UNK,01,01,97,IS,,9.67,N,NO NAME,0,M,N,3,MD,,BENFIELD BLVD,39.10195857,-76.62907832
01,02,,01,07,02,2,01,04,00,MSP40010026,07.01,02-14-2015,11:30:00,,N,N,MSP,UNK,01,00,295,MD,,11.85,N,BALTIMORE WASHINGTON PKWY,0,M,N,195,IS,,METROPOLITAN BLVD,39.1979014,-76.7033184
01,02,,01,17,04,,01,04,08,MSP40010027,06.01,02-15-2015,09:22:00,,N,N,MSP,UNK,09,00,695,IS,,2.85,N,BALTO BELTWAY,0,M,N,17,CO,,HAMMONDS FERRY RD,39.22756323,-76.66382568
01,02,,01,17,02,,01,04,09,MSP40010028,06.01,02-23-2015,16:24:00,,N,N,MSP,UNK,09,00,50,US,,14.76,E,BLUE STAR MEMORIAL HWY,100,F,E,179,MD,,CAPE ST CLAIRE RD,39.02766502,-76.45391275