LIGHT_CODE,COUNTY_NO,MUNI_CODE,JUNCTION_CODE,COLLISION_TYPE_CODE,SURF_COND_CODE,LANE_CODE,RD_COND_CODE,RD_DIV_CODE,FIX_OBJ_CODE,REPORT_NO,WEATHER_CODE,ACC_DATE,ACC_TIME,LOC_CODE,SIGNAL_FLAG,C_M_ZONE_FLAG,AGENCY_CODE,AREA_CODE,HARM_EVENT_CODE1,HARM_EVENT_CODE2,RTE_NO,ROUTE_TYPE_CODE,RTE_SUFFIX,LOG_MILE,LOGMILE_DIR_FLAG,MAINROAD_NAME,DISTANCE,FEET_MILES_FLAG,DISTANCE_DIR_FLAG,REFERENCE_NO,REFERENCE_TYPE_CODE,REFERENCE_SUFFIX,REFERENCE_ROAD_NAME,LATITUDE,LONGITUDE
01,02,,01,17,02,2,01,04,00,MSP40010029,06.01,02-24-2015,16:09:00,,N,N,MSP,UNK,18,00,97,IS,,6.71,N,NO NAME,0,M,N,32,MD,,NO NAME,39.07598752,-76.62973342
05.02,02,,01,07,02,2,01,04,00,MSP4001002B,06.01,03-12-2015,06:57:00,,N,N,MSP,UNK,10,01,97,IS,,14.8,N,NO NAME,0,M,N,176,MD,,DORSEY RD,39.17378978,-76.63807362
01,02,,00,03,02,2,01,02,00,MSP4001002C,06.01,03-12-2015,11:09:00,,Y,N,MSP,UNK,01,00,3,MD,,5.65,N,ROBERT CRAIN HWY,0,M,N,175,MD,,ANNAPOLIS RD,39.05876897,-76.65545147
01,02,,01,17,01,,01,04,05,MSP4001002D,03,03-14-2015,09:40:00,,N,N,MSP,UNK,09,00,595,IS,,3.34,E,JOHN HANSON HWY,1,M,E,2712,CO,,RUTLAND RD,38.97453688,-76.61776762
01,02,,01,03,01,,01,04,00,MSP4001002F,07.01,03-14-2015,12:58:00,,N,N,MSP,UNK,01,00,595,IS,,8.65,E,JOHN HANSON HWY,15,F,E,450,MD,,WEST ST,38.98586355,-76.54435438
04,07,,01,17,02,1,01,01,00,MSP4027000N,00,01-20-2015,00:11:00,,N,N,MSP,UNK,08,00,695,CO,,0,E,RAGAN RD,800,F,E,222,US,,ROCK SPRINGS RD,39.694704,-76.154353
01,07,,02,04,02,,00,01,00,MSP4027000P,06.01,02-25-2015,09:01:00,,Y,N,MSP,UNK,01,00,276,MD,,3.11,N,JACOB TOME MEMORIAL HWY,0,F,N,45,CO,,FIRETOWER RD,39.635189,-76.0741386
00,07,,00,01,01,1,01,01,05,MSP4027000Q,03,03-04-2015,17:52:00,,N,N,MSP,UNK,01,09,222,MD,,4.13,N,BAINBRIDGE RD,0,M,N,881,CO,,MT ARARAT FARM RD,39.601454,-76.093387
01,21,,01,17,03,1,01,04,01,MSP4151000F,08.04,01-14-2015,11:45:00,,N,N,MSP,UNK,09,09,81,IS,,0.12,N,MARYLAND VETERANS MEMORIAL HWY,0,F,N,,UU,,STRUC #21078 POTOMAC RIVER,39.5844285,-77.82647433
06.02,21,,01,17,02,1,01,01,00,MSP4151000G,06.01,02-13-2015,17:39:00,,N,N,MSP,UNK,08,00,63,MD,,8.95,N,GREENCASTLE PIKE,0,M,N,972,CO,,FINDLAY MILL LA,39.60922467,-77.81314333
01,21,,05.01,17,02,1,01,88,06,MSP4151000H,06.01,02-15-2015,15:31:00,,N,N,MSP,UNK,11,09,70,IS,,25.72,E,EISENHOWER MEMORIAL HWY,0,F,E,81,IS,,MARYLAND VETERANS MEMORIAL HWY,39.61645767,-77.78867033
01,21,,01,17,03,1,01,04,05,MSP4151000J,08.04,03-05-2015,11:57:00,,N,N,MSP,UNK,09,00,81,IS,,6.85,N,MARYLAND VETERANS MEMORIAL HWY,200,F,N,40,US,,NATIONAL PIKE,39.65572267,-77.74748933
01,21,,02,03,02,1,01,01,00,MSP4151000K,06.01,03-06-2015,13:21:00,,Y,N,MSP,UNK,01,00,65,MD,,10.25,N,SHARPSBURG PIKE,0,F,N,65,MD,,COL HENRY K DOUGLAS DR,39.60103817,-77.72952367
01,21,,01,17,02,2,01,04,00,MSP4151000L,07.01,03-13-2015,18:24:00,,N,N,MSP,UNK,08,00,81,IS,,4.63,N,MARYLAND VETERANS MEMORIAL HWY,0,M,N,666,CO,,HALFWAY BLVD,39.63241733,-77.77230667
01,24,,00,03,02,1,00,04,00,MDTA12580002,00,01-30-2015,15:21:00,,N,N,MDTA,UNK,01,01,895,IS,,1.46,N,HARBOR TUNNEL THRUWAY,0,F,N,,UU,,MILE MARKER 8.0,39.2408933,-76.59183
01,24,,01,17,02,2,01,04,05,MDTA12600004,06.01,02-14-2015,09:02:00,,N,N,MDTA,UNK,10,00,95,IS,,10.35,N,FORT MCHENRY TUNNEL,0,M,N,,UU,,EXIT #61,39.30596947,-76.53066516
01,24,,01,03,02,,01,04,00,MDTA12600005,06.01,02-14-2015,12:29:00,,N,N,MDTA,UNK,01,00,95,IS,,6.18,N,FORT MCHENRY TUNNEL,0,M,N,,UU,,INTERSTATE MILE MARKER 56.0,39.26349342,-76.56758308
01,16,,05.01,03,02,1,01,88,15.05,MDTA12940003,06.01,03-15-2015,12:37:00,,N,N,MDTA,UNK,01,09,200,MD,,1.464,E,INTERCOUNTY CONNECTOR,200,F,E,95,RP,,RAMP 3 FR RP 6 (FR MD200 EB) TO IS 95 NB,39.075235,-76.9032095
88,03,,00,07,02,,01,02,00,MDTA13040004,06.01,03-13-2015,12:20:00,,N,N,MDTA,UNK,01,00,95,IS,,14.91,N,J F K MEMORIAL HWY,0,F,N,95,IS,,FORT MCHENRY TUNNEL (BACK),39.28764523,-76.53318644
03,12,,02,17,04,1,01,04,04,MSP1629001L,06.01,02-15-2015,00:34:00,,Y,N,MSP,UNK,09,00,40,US,,0.17,E,PULASKI HWY,0,F,E,508,CO,,JOPPA FARM RD,39.423627,-76.3711035
03,12,,02,02,02,1,01,04,00,MSP1629001M,06.01,03-09-2015,06:06:00,,Y,N,MSP,UNK,01,00,24,MD,,3.5,N,VIETNAM VETERANS MEMORIAL HWY,0,F,N,95,RP,,RAMP 5 FR MD 24 SB TO RP 4 (TO IS 95 EB),39.45515467,-76.30877933
01,12,,01,02,02,,01,01,00,MSP1629001N,06.01,03-17-2015,13:09:00,,N,N,MSP,UNK,01,00,22,MD,,5.62,E,CHURCHVILLE RD,300,F,E,155,MD,,LEVEL RD,39.55928383,-76.2503505
01,12,,02,17,02,2,01,04,08,MSP1629001W,06.01,03-27-2015,18:02:00,,Y,N,MSP,UNK,09,00,40,US,,6.85,E,PULASKI HWY,0,F,E,458,CO,,LONG BAR HARBOR RD,39.5072655,-76.38041733
01,08,,01,03,01,1,01,04,00,MSP16390008,07.01,02-10-2015,10:07:00,,Y,N,MSP,UNK,01,00,228,MD,,2.36,E,BERRY RD,1,M,E,55,CO,,MC DANIEL RD,38.64943876,-76.95923924
01,08,,02,09,02,2,01,04,00,MSP16390009,00,03-09-2015,11:13:00,,Y,N,MSP,UNK,01,00,5,MD,BU,0,N,LEONARDTOWN RD,0,F,N,623,CO,BU,ST CHARLES PKWY,38.6142885,-76.88161612
03,03,,01,17,06.03,1,01,04,05,MSP16700006,12.04,02-01-2015,23:00:00,,N,N,MSP,UNK,09,00,83,IS,,17.56,N,HARRISBURG EXPWY,1,M,N,137,MD,,MT CARMEL RD,39.59229591,-76.6732192
01,03,,01,07,02,2,01,04,00,MSP16700007,06.01,02-04-2015,08:45:00,,N,N,MSP,UNK,01,00,70,IS,,1.77,E,NO NAME,1,M,E,,UU,,MILE MARKER 91.0,39.30715661,-76.75383568
03,03,,01,17,02,3,01,04,12,MSP16700008,06.01,02-17-2015,22:38:00,,Y,Y,MSP,UNK,09,00,695,IS,,13.71,N,BALTO BELTWAY,100,F,N,129,MD,,PARK HEIGHTS AVE,39.388285,-76.727418
01,03,,00,03,04,,01,04,05,MSP16890002,12.04,01-18-2015,08:41:00,,N,N,MSP,UNK,02,09,95,IS,,16.87,N,J F K MEMORIAL HWY,0,M,N,,UU,,MILE MARKER 63.0,39.35012056,-76.49635434
01,20,,01,17,03,,01,04,10,MSP16950002,12.04,01-14-2015,07:32:00,,N,N,MSP,UNK,09,00,50,US,,20.56,E,OCEAN GATEWAY,500,F,E,123,CO,,HOWELL POINT CUTOFF,38.64052292,-76.05897188
04,01,,00,17,04,,01,04,05,MSP1761000Y,12.04,01-03-2015,06:57:00,,N,N,MSP,UNK,09,09,68,IS,,31.14,E,NATIONAL FREEWAY,0,F,E,40,US,SC,FIFTEEN MILE CREEK RD,39.67600133,-78.45872517
01,01,,00,17,04,,01,04,05,MSP1761000Z,12.04,01-03-2015,08:15:00,,N,N,MSP,UNK,09,00,68,IS,,32.41,E,NATIONAL FREEWAY,0,M,E,948,MD,AL,MV SMITH RD,39.6685885,-78.4334275
03,01,,02,11,02,2,01,04,00,MSP17610010,06.01,01-08-2015,18:00:00,,Y,N,MSP,UNK,01,01,658,MD,,0.61,N,VOCKE RD,0,F,N,,UU,,SPUR TO MD 49,39.63853583,-78.83000733
04,01,,00,17,02,,01,04,00,MSP17610011,06.01,01-11-2015,18:35:00,,N,N,MSP,UNK,09,00,68,IS,,1.54,E,NATIONAL FREEWAY,0,M,E,736,MD,,MIDLOTHIAN RD,39.643061,-78.952816
01,01,,00,15,02,1,01,01,00,MSP17610012,00,01-24-2015,14:21:00,,N,N,MSP,UNK,01,01,40,US,AL,3.68,E,NATIONAL PIKE,0,F,E,743,MD,,OLD NATIONAL PIKE,39.64959057,-78.89398301
01,01,,01,01,03,1,01,01,00,MSP17610013,08.04,03-05-2015,10:48:00,,N,N,MSP,UNK,01,00,36,MD,,10.3,N,LOWER GEORGES CREEK RD,0,M,N,77,CO,,BUSKIRK HOLLOW RD,39.582333,-78.951209
01,01,,01,17,04,,01,04,05,MSP17610014,06.01,03-06-2015,07:07:00,,N,N,MSP,UNK,09,09,68,IS,,10.54,E,NATIONAL FREEWAY,0,M,E,220,US,,MCMULLEN HWY,39.651368,-78.79416
01,21,,01,03,02,,01,04,00,MSP2268001T,07.01,01-08-2015,14:55:00,,N,N,MSP,UNK,01,01,81,IS,,6.85,N,MARYLAND VETERANS MEMORIAL HWY,30,F,N,40,US,,NATIONAL PIKE,39.65371368,-77.74947166
04,21,,01,17,04,,01,04,05,MSP2268001V,03,01-12-2015,00:23:00,,N,N,MSP,UNK,16,09,70,IS,,4.37,E,EISENHOWER MEMORIAL HWY,0,M,E,70,RP,,RAMP 3 FR IS 70 EB TO MD 615 NB,39.68964076,-78.12620401
01,21,,01,17,02,1,01,01,06,MSP2268001W,06.01,01-23-2015,08:01:00,,N,N,MSP,UNK,16,09,77,MD,,0.6,E,FOXVILLE RD,1,M,E,1285,CO,,APPALACHIAN CT,39.64356982,-77.54998478
01,21,,01,00,02,2,01,04,00,MSP2268001X,06.01,03-13-2015,08:22:00,,N,N,MSP,UNK,18,00,70,IS,,34.27,E,EISENHOWER MEMORIAL HWY,0,M,E,66,MD,,MAPLEVILLE RD,39.58292292,-77.63353638
01,21,,01,03,02,1,01,04,00,MSP2268001Y,06.01,03-13-2015,12:02:00,,N,N,MSP,UNK,01,01,81,IS,,2.37,N,MARYLAND VETERANS MEMORIAL HWY,0,M,N,11,US,,VIRGINIA AVE,39.60401098,-77.8041817
01,21,,03,03,02,1,01,01,00,MSP2268001Z,06.01,03-23-2015,16:16:00,,N,N,MSP,UNK,01,00,40,US,,40.69,E,NATIONAL PIKE,0,F,E,247,OP,,CROSSFIELD RD,39.58914382,-77.67311743
03,17,,01,17,02,,01,04,08,MSP4349000Q,06.01,02-01-2015,01:15:00,,N,N,MSP,UNK,09,11,50,US,,9.87,E,BLUE STAR MEMORIAL HWY,25,F,E,,UU,,EXIT #44B,38.96348017,-76.19859017
01,17,,02,11,04,,01,01,10,MSP4349000R,07.01,02-10-2015,07:50:00,,Y,N,MSP,UNK,01,01,213,MD,,8.93,N,CHURCH HILL RD,0,F,N,100,CO,,SPANIARD NECK RD,39.05989233,-76.0528135
01,14,,01,17,06.03,2,01,04,05,MSP4349000S,06.01,03-06-2015,06:40:00,,N,N,MSP,UNK,16,09,301,US,,7.8,N,BLUE STAR MEMORIAL HWY,500,F,N,290,MD,,GALENA SASSAFRAS RD,39.3659285,-75.815771
01,17,,00,03,01,2,01,04,00,MSP4349000T,00,03-06-2015,10:20:00,,N,N,MSP,UNK,01,00,50,US,,6.25,E,BLUE STAR MEMORIAL HWY,500,F,E,,UU,,EXIT #40B,38.9736035,-76.26598683
01,17,,02,08,01,1,01,01,00,MSP4349000V,06.01,03-06-2015,13:35:00,,N,N,MSP,UNK,01,00,213,MD,,20.3,N,CHURCH HILL RD,0,F,N,14,CO,,SCHRADER RD,39.18823133,-76.01820933
01,17,,01,17,02,1,01,01,11,MSP4349000W,06.01,03-31-2015,13:27:00,,N,N,MSP,UNK,16,09,302,MD,,2.78,E,BARCLAY RD,580,F,E,71,CO,,COSDEN RD,39.14614933,-75.874207
03,24,,00,17,04,1,01,02,12,MDTA1325000C,09.04,01-11-2015,22:30:00,,N,N,MDTA,UNK,00,00,95,IS,,2.78,N,FORT MCHENRY TUNNEL,0,M,N,95,RP,,RAMP 3 FR IS 95 EB TO IS 395 NB,39.35978527,-76.67358398
03,24,,01,03,00,1,01,01,00,MDTA1325000D,00,01-15-2015,21:42:00,,N,N,MDTA,UNK,01,00,895,IS,,3.75,N,HARBOR TUNNEL THRUWAY,0,M,N,,UU,,STRUC #BCY100,39.25541881,-76.57026529
01,24,,01,17,04,,01,04,15.05,MDTA13490008,12.04,03-01-2015,15:49:00,,N,N,MDTA,UNK,09,11,895,IS,,7.555,N,HARBOR TUNNEL THRUWAY,1,M,N,,UU,,MILE MARKER 14.0,39.3181387,-76.53445244
03,24,,05.01,17,01,,01,02,05,MDTA13530008,03,01-04-2015,00:05:00,,N,N,MDTA,UNK,09,00,895,RP,,0,E,RAMP 4 FR IS 895 NB TO HOLABIRD AVE,0,F,E,895,IS,,HARBOR TUNNEL THRUWAY,39.27268214,-76.55335933
03,24,,01,03,03,4,01,04,00,MDTA13530009,12.04,02-02-2015,00:09:00,24,N,N,MDTA,UNK,01,00,95,IS,,9.334,N,FORT MCHENRY TUNNEL,1,M,N,,UU,,INTERSTATE MILE MARKER 59.0,39.29917005,-76.53038085
03,24,,01,17,06.03,2,01,04,05,MDTA1353000B,09.04,02-10-2015,03:03:00,24,N,N,MDTA,UNK,09,09,95,IS,,10.574,N,FORT MCHENRY TUNNEL,300,F,N,,UU,,CROSSOVER,39.3144948,-76.53312206
03,24,,01,17,02,1,01,04,88,MDTA13540004,06.01,01-21-2015,03:25:00,,N,N,MDTA,UNK,09,00,895,IS,,1.46,N,HARBOR TUNNEL THRUWAY,0,M,N,,UU,,MILE MARKER 8.0,39.24088715,-76.58709884
03,24,,01,17,04,,01,04,05,MDTA13540005,06.01,03-03-2015,03:22:00,,N,N,MDTA,UNK,09,00,95,IS,,7.3,N,FORT MCHENRY TUNNEL,0,M,N,,UU,,MILE MARKER 57.0,39.27234783,-76.55488014
07.88,02,,05.01,17,01,,01,02,04,MDTA13570001,09.04,01-23-2015,21:50:00,,N,N,MDTA,UNK,09,00,195,RP,,0,W,RAMP 2 FR MD 170 WB TO IS 195 NB,0,F,W,170,MD,,AVIATION BLVD,39.18829381,-76.68182373
03,12,,00,08,02,1,01,04,05,MDTA13590002,06.01,03-11-2015,19:48:00,,N,N,MDTA,UNK,01,00,40,US,,17.79,E,PULASKI HWY,10,F,E,510,MU,,ONTARIO ST,39.55405585,-76.10072851
01,03,,05.01,17,01,,01,02,08,MDTA13660005,08.04,01-06-2015,11:31:00,,N,N,MDTA,UNK,09,00,695,RP,,0,W,RAMP 5 FR RAMP 9 (FR MD695) TO MD 157 SB,500,F,W,695,RP,,RAMP 9 FR MD 695 WB TO MD 695 WB,39.23787077,-76.47171021
01,01,,00,03,04,1,01,04,00,MSP17610015,06.01,03-06-2015,07:18:00,,N,N,MSP,UNK,01,00,68,IS,,10.54,E,NATIONAL FREEWAY,0,M,E,220,US,,MCMULLEN HWY,39.651368,-78.79416
04,01,,01,17,02,,01,01,06,MSP17610016,06.01,03-08-2015,09:45:00,,N,N,MSP,UNK,09,09,9,CO,,1.14,N,LOWER GEORGES CREEK RD,0,M,N,935,MD,,LOWER GEORGES CREEK RD,39.5482525,-79.00210933
01,01,,00,17,02,,01,04,09,MSP17610017,06.01,03-29-2015,10:12:00,,N,N,MSP,UNK,09,00,68,IS,,1.54,E,NATIONAL FREEWAY,0,F,E,,UU,,EXIT #33,39.63657683,-78.94615217
05.02,09,,01,17,04,,01,01,23.03,MSP1866000R,03,01-12-2015,06:58:00,,N,N,MSP,UNK,16,11,313,MD,,4.11,N,SHARPTOWN RD,0,M,N,277,CO,,CONTRARY RD,38.580887,-75.7800415
01,09,,03,17,04,,01,04,04,MSP1866000S,09.04,01-14-2015,07:41:00,,N,N,MSP,UNK,09,09,50,US,,4.95,E,OCEAN GATEWAY,50,F,E,16,MD,,MT HOLLY RD,38.55262567,-76.00447767
01,05,,01,17,06.03,,01,01,11,MSP1866000T,12.04,01-21-2015,16:32:00,,N,N,MSP,UNK,09,00,313,MD,,5.29,N,FEDERALSBURG HWY,100,F,N,182,CO,,THREE BRIDGES RD,38.7216905,-75.785925
04,09,,01,17,02,1,01,01,00,MSP1866000V,07.01,02-14-2015,18:59:00,,N,N,MSP,UNK,08,00,331,MD,,4.58,N,RHODESDALE VIENNA RD,200,F,N,263,CO,,JONES THICKETT RD,38.56121033,-75.83203317
06.02,09,,01,17,03,,01,04,05,MSP1866000W,08.04,02-16-2015,17:34:00,,N,N,MSP,UNK,09,00,50,US,,6.05,E,OCEAN GATEWAY,200,F,E,220,CO,,CHATEAU RD,38.5526425,-75.96618617
04,09,,01,03,03,1,01,01,00,MSP1866000X,10.04,02-19-2015,22:57:00,,N,N,MSP,UNK,02,00,331,MD,,0.36,N,RHODESDALE VIENNA RD,0,M,N,260,CO,,INDIANTOWN RD,38.50494617,-75.8294815
01,09,,02,02,01,1,01,01,00,MSP1866000Y,06.01,03-02-2015,12:05:00,,Y,N,MSP,UNK,01,01,392,MD,,13.51,E,FINCHVILLE RELIANCE RD,0,F,E,,UU,,RELIANCE RD (CAROLINE CO),38.63554033,-75.7081125
01,09,,01,17,03,,01,04,14.05,MSP1866000Z,12.04,03-05-2015,14:54:00,,N,N,MSP,UNK,09,00,50,US,,8.51,E,OCEAN GATEWAY,10,F,E,539,CO,,LINKWOOD RD,38.54000467,-75.94482567
01,09,,02,11,02,3,01,04,00,MSP18660010,07.01,03-11-2015,18:38:00,,Y,N,MSP,UNK,01,00,50,US,,2.29,E,OCEAN GATEWAY,0,F,E,16,MD,,CHURCH CREEK RD,38.55405633,-76.05077567
04,10,,01,17,03,,01,01,10,MSP23310005,08.04,01-23-2015,23:24:00,,N,N,MSP,UNK,09,00,76,MD,,5.12,N,MOTTERS STATION RD,200,F,N,545,CO,,MECHANICSTOWN RD,39.66759,-77.351604
01,10,,01,17,01,,01,04,06,MSP23310006,03,02-02-2015,08:38:00,,N,N,MSP,UNK,09,00,15,US,,18.33,N,CATOCTIN MOUNTAIN HWY,200,F,N,721,CO,,SUNDAYS LA,39.485895,-77.397674
01,10,,01,17,01,,01,04,05,MSP23310007,03,03-01-2015,12:30:00,,N,N,MSP,UNK,09,09,26,MD,,2,E,LIBERTY RD,0,F,E,,UU,,STRUC #10025 MONOCACY RIVER,39.452448,-77.370845
06.02,18,,01,00,01,1,01,01,00,MSP2362000J,03,01-12-2015,16:19:00,,N,N,MSP,UNK,18,00,5,MD,,32.17,N,POINT LOOKOUT RD,500,F,N,86,CO,,PIN CUSHION RD,38.36134833,-76.6832995
01,18,,02,11,02,2,01,01,00,MSP2362000K,06.01,01-28-2015,15:03:00,,Y,N,MSP,UNK,01,09,5,MD,,26.57,N,POINT LOOKOUT RD,0,F,N,585,OP,,COLLEGE CIR,38.29614433,-76.63309367
05.02,01,,01,17,04,2,01,04,06,MSP23870014,06.01,03-06-2015,06:35:00,,N,N,MSP,UNK,09,11,68,IS,,15.93,E,NATIONAL FREEWAY,0,M,E,948,MD,,JEFFRIES RD,39.66949317,-78.7021605
01,01,,01,17,02,2,01,04,05,MSP23870015,06.01,03-06-2015,14:08:00,,N,N,MSP,UNK,09,00,68,IS,,27.94,E,NATIONAL FREEWAY,0,M,E,558,CO,,OLD CUMBERLAND RD,39.696661,-78.5167815
01,02,,00,07,01,,01,88,00,MSP4405000R,03,01-12-2015,13:26:00,,N,N,MSP,UNK,01,00,450,MD,,9.8,E,WEST ST,0,F,E,2834,CO,,SOMERVILLE RD,38.98321252,-76.54038205
03,02,,00,17,06.03,,01,04,88,MSP4405000S,09.04,02-22-2015,00:11:00,,N,N,MSP,UNK,10,00,50,US,,11.36,E,JOHN HANSON HWY,1,M,E,,UU,,STRUC #2038 SEVERN RIVER,38.9842039,-76.5662686
01,02,,01,07,02,2,01,04,05,MSP4405000T,06.01,03-09-2015,16:15:00,,N,N,MSP,UNK,01,09,97,IS,,3.45,N,NO NAME,0,F,N,31,SR,,FARM RD,39.07299643,-76.63238462
01,11,,01,17,02,1,01,01,00,MSP4425000J,06.01,03-12-2015,18:48:00,,N,N,MSP,UNK,08,00,170,CO,,2.28,N,MOSSER RD,50,F,N,,UU,,BLUEBERRY HILL,39.557226,-79.35058467
01,11,,01,17,04,1,01,01,06,MSP4488000C,10.04,01-22-2015,15:45:00,,N,N,MSP,UNK,11,11,54,CO,,2.29,W,SANG RUN RD,1,M,W,361,CO,,HOYES SANG RUN RD,39.56446845,-79.38023623
01,11,,01,17,03,1,01,01,06,MSP4488000D,06.01,02-13-2015,15:31:00,,N,N,MSP,UNK,09,00,202,CO,,0.49,N,PINEY RUN RD,2,M,N,200,CO,,GRAVEL HILL RD,39.70886768,-78.99040735
04,11,,01,17,03,2,01,04,05,MSP4488000F,12.04,02-20-2015,06:02:00,,N,N,MSP,UNK,09,00,68,IS,,26.21,E,NATIONAL FREEWAY,30,F,E,,UU,,MILE MARKER 26.0,39.68203777,-79.02906423
01,11,,01,17,04,1,01,01,10,MSP4488000G,12.04,03-02-2015,07:35:00,,N,N,MSP,UNK,09,00,358,CO,,0,S,COLLIER RD,1,M,S,219,US,,GARRETT HWY,39.65592655,-79.2921369
04,11,,01,17,00,,01,04,05,MSP4488000J,06.01,03-02-2015,18:06:00,,N,N,MSP,UNK,09,00,68,IS,,29.78,E,NATIONAL FREEWAY,1,M,E,,UU,,EXIT #29,39.68805146,-78.97839546
01,11,,01,17,03,1,01,01,06,MSP4488000K,08.04,03-05-2015,12:11:00,CMV,N,N,MSP,UNK,11,00,219,US,,45.86,N,CHESTNUT RIDGE RD,200,F,N,68,IS,,NATIONAL FREEWAY,39.69087087,-79.10364707
04,10,,01,17,00,1,01,04,05,MSP4524000K,00,01-31-2015,00:58:00,,N,N,MSP,UNK,09,00,270,IS,,1.18,N,EISENHOWER MEMORIAL HWY,10,F,N,353,CO,,DOCTOR PERRY RD,39.29496933,-77.333521
04,10,,01,17,03,1,01,01,23.03,MSP4524000L,00,01-31-2015,03:26:00,,N,N,MSP,UNK,09,00,550,MD,,19.54,N,SABILLASVILLE RD,0,M,N,34,CO,,DEBOLD RD,39.68225537,-77.45279789
01,10,,01,03,03,,01,04,09,MSP4524000M,10.04,03-05-2015,08:18:00,,N,N,MSP,UNK,01,09,70,IS,,0.34,E,EISENHOWER MEMORIAL HWY,30,M,E,,UU,,ENT TO REST AREA (EB/L),39.529367,-77.60369783
01,10,,01,07,02,,01,04,00,MSP4524000N,06.01,03-07-2015,12:18:00,,N,N,MSP,UNK,02,00,70,IS,,20.25,E,BALTO NATIONAL PIKE,0,M,E,,UU,,EXIT #59,39.39169833,-77.32375145
00,10,,01,03,02,2,01,04,00,MSP4524000P,06.01,03-12-2015,16:20:00,,N,N,MSP,UNK,01,00,15,US,,12.63,N,FREDERICK FREEWAY,10,F,N,1625,MU,,W PATRICK ST,39.41222467,-77.43628033
01,10,,01,03,02,1,01,01,00,MSP4524000Q,06.01,03-16-2015,17:44:00,,N,N,MSP,UNK,01,00,194,MD,,0.71,N,WOODSBORO PIKE,0,M,N,458,CO,,STAUFFER RD,39.46341622,-77.36464977
01,10,,01,03,02,2,01,04,00,MSP4524000R,06.01,03-29-2015,12:26:00,,N,N,MSP,UNK,01,00,15,US,,14.6,N,FREDERICK FREEWAY,300,F,N,1020,MU,,MOTTER AVE,39.43441033,-77.41156283
01,24,,01,07,01,1,01,04,00,MDTA13680009,03,01-12-2015,15:18:00,,N,N,MDTA,UNK,01,00,95,IS,,1.25,N,FORT MCHENRY TUNNEL,0,M,N,,UU,,INTERSTATE MILE MARKER 51.0,39.27131792,-76.64987326
01,24,,01,09,02,3,01,04,00,MDTA1368000B,06.01,01-14-2015,15:05:00,,N,N,MDTA,UNK,01,00,95,IS,,9.334,N,FORT MCHENRY TUNNEL,0,M,N,,UU,,INTERSTATE MILE MARKER 59.0,39.29726045,-76.53067589
01,03,,01,07,01,1,01,02,00,MDTA1368000C,12.04,01-18-2015,09:15:00,,N,N,MDTA,UNK,01,01,95,IS,,17.533,N,J F K MEMORIAL HWY,0,F,N,95,RP,,RAMP 1 FR RP 4 (FR IS95 NB) TO IS 695 WB,39.35057687,-76.49668694
01,24,,01,03,02,4,01,04,00,MDTA1368000D,06.01,03-12-2015,14:14:00,,N,Y,MDTA,UNK,01,00,95,IS,,2.25,N,FORT MCHENRY TUNNEL,0,M,N,,UU,,INTERSTATE MILE MARKER 52.0,39.27010526,-76.63882256
01,24,,01,03,02,1,01,04,00,MDTA1375000D,06.01,03-27-2015,15:10:00,,N,N,MDTA,UNK,01,01,895,IS,,5.26,N,HARBOR TUNNEL THRUWAY,0,M,N,895,RP,,RAMP 7 FR ODONNELL ST TO IS 895 SB,39.2812113,-76.5534615
03,02,,01,17,01,3,01,04,14.05,MDTA1380000B,03,01-03-2015,17:28:00,,N,Y,MDTA,UNK,09,00,50,US,,16.47,E,BLUE STAR MEMORIAL HWY,1,M,E,,UU,,MILE MARKER 31.0,39.016783,-76.410255
04,02,,01,17,06.03,1,01,04,05,MDTA1380000C,09.04,02-21-2015,18:21:00,,N,N,MDTA,UNK,09,00,50,US,,13.456,E,BLUE STAR MEMORIAL HWY,0,M,E,,UU,,MILE MARKER 28.0,39.0275603,-76.4625783
06.02,02,,01,07,02,2,01,02,00,MDTA1380000D,07.01,03-27-2015,20:13:00,,N,N,MDTA,UNK,01,00,50,US,,18.46,E,BLUE STAR MEMORIAL HWY,0,M,E,,UU,,MILE MARKER 33.0,38.99683656,-76.39533162
06.02,02,,01,07,02,2,01,02,00,MDTA1380000F,07.01,03-27-2015,20:13:00,,N,N,MDTA,UNK,01,00,50,US,,18.46,E,BLUE STAR MEMORIAL HWY,0,M,E,,UU,,MILE MARKER 33.0,38.99614031,-76.39403343
06.02,02,,01,07,02,1,01,02,00,MDTA1380000G,07.01,03-27-2015,20:13:00,,N,N,MDTA,UNK,01,00,50,US,,18.46,E,BLUE STAR MEMORIAL HWY,0,M,E,,UU,,MILE MARKER 33.0,38.99656556,-76.39489174
06.02,02,,01,07,02,2,01,02,00,MDTA1380000H,07.01,03-27-2015,20:13:00,,N,N,MDTA,UNK,01,00,50,US,,19.47,E,BLUE STAR MEMORIAL HWY,0,M,E,,UU,,MILE MARKER 34.0,38.99177089,-76.37609482
06.02,02,,01,07,02,1,01,02,00,MDTA1380000J,07.01,03-27-2015,20:13:00,,N,N,MDTA,UNK,01,00,50,US,,19.47,E,BLUE STAR MEMORIAL HWY,0,M,E,,UU,,MILE MARKER 34.0,38.99160411,-76.37502193
01,07,,01,08,01,3,01,04,00,MDTA13810003,08.04,01-26-2015,07:30:00,,Y,N,MDTA,UNK,01,00,40,US,,1.13,E,PULASKI HWY,20,F,E,,UU,,ENT TO BUSINESS,39.56875397,-76.07224345