LIGHT_CODE,COUNTY_NO,MUNI_CODE,JUNCTION_CODE,COLLISION_TYPE_CODE,SURF_COND_CODE,LANE_CODE,RD_COND_CODE,RD_DIV_CODE,FIX_OBJ_CODE,REPORT_NO,WEATHER_CODE,ACC_DATE,ACC_TIME,LOC_CODE,SIGNAL_FLAG,C_M_ZONE_FLAG,AGENCY_CODE,AREA_CODE,HARM_EVENT_CODE1,HARM_EVENT_CODE2,RTE_NO,ROUTE_TYPE_CODE,RTE_SUFFIX,LOG_MILE,LOGMILE_DIR_FLAG,MAINROAD_NAME,DISTANCE,FEET_MILES_FLAG,DISTANCE_DIR_FLAG,REFERENCE_NO,REFERENCE_TYPE_CODE,REFERENCE_SUFFIX,REFERENCE_ROAD_NAME,LATITUDE,LONGITUDE
03,15,,03,03,04,,01,04,00,MCP9432000N,06.01,02-17-2015,19:05:00,45112,Y,N,MONTGOMERY,UNK,01,00,141,CO,,0,E,MIDDLEBROOK RD,0,F,E,4556,CO,,FATHER HURLEY BLVD,39.184375,-77.273455
03,15,,03,03,02,2,01,04,00,MCP9432000P,06.01,02-19-2015,23:32:00,55114,Y,N,MONTGOMERY,UNK,01,00,27,MD,,0,N,RIDGE RD,30,F,N,355,MD,,FREDERICK RD,39.20465333,-77.24621
03,15,,09.04,03,02,,01,04,00,MCP9432000Q,06.01,02-20-2015,18:48:00,54112,N,N,MONTGOMERY,UNK,01,00,141,CO,,2.23,E,MIDDLEBROOK RD,0,F,E,,UU,,ENT TO MIDDLEBROOK SQ SHOPPING CENTER,39.17939833,-77.24031333
04,15,,01,03,04,1,01,01,00,MCP9432000R,12.04,03-03-2015,20:18:00,55112,N,N,MONTGOMERY,UNK,02,00,7394,CO,,0,E,TALL CEDAR CT,50,F,E,7393,CO,,TALL CEDAR WAY,39.20334833,-77.240735
01,15,,01,09,01,1,01,01,00,MCP9432000S,03,03-10-2015,17:56:00,54112,N,N,MONTGOMERY,UNK,01,00,5562,CO,,0.385,E,SCENERY DR,100,F,E,7188,CO,,GOLDEN MEADOW DR,39.17839667,-77.230815
01,20,,00,17,04,1,01,01,10,MSP0246000S,08.04,02-18-2015,07:33:00,,N,N,MSP,UNK,09,16,303,MD,,2.83,N,LEWISTOWN RD,200,F,N,1,CO,,BLADES RD E,38.9056205,-75.958452
04,04,,00,17,01,1,01,04,00,MSP02680003,03,02-02-2015,01:08:00,,N,N,MSP,UNK,08,00,4,MD,,35.536,N,SOUTHERN MD BLVD,50,F,N,721,CO,,HICKORY RIDGE RD,38.75426734,-76.65894985
01,21,,11.04,17,01,1,01,01,16.05,MSP1011001K,03,03-04-2015,14:44:00,,N,N,MSP,UNK,09,00,65,MD,A,0.257,W,COL HENRY K DOUGLAS DR,0,F,W,,UU,A,ENT TO MVA DRIVING COURSE,39.6029215,-77.73374417
01,21,,00,17,03,1,01,01,09,MSP1011001L,08.04,03-05-2015,11:05:00,,N,N,MSP,UNK,09,00,40,US,,40.2,E,NATIONAL PIKE,300,F,E,,UU,,SPUR FR BEAVER CREEK RD,39.5930215,-77.67777383
01,18,,01,03,02,1,01,01,00,MSP10180009,06.01,02-04-2015,07:56:00,,N,N,MSP,UNK,01,01,5,MD,,20.8,N,POINT LOOKOUT RD,500,F,N,,UU,,WINTERS LA,38.241654,-76.561142
03,18,,01,03,00,3,01,01,00,MSP1018000B,05,02-12-2015,19:01:00,,N,N,MSP,UNK,01,01,235,MD,,15.819,N,THREE NOTCH RD,500,F,N,207,CO,,OLD ROLLING RD,38.298091,-76.509422
01,18,,01,17,04,,01,01,07,MSP1018000C,09.04,03-01-2015,08:08:00,,N,N,MSP,UNK,09,00,235,MD,,10.561,N,THREE NOTCH RD,100,F,N,350,CO,,LINCOLN AVE,38.2550515,-76.43252117
01,18,,01,17,04,,01,01,23.03,MSP1018000D,09.04,03-01-2015,10:43:00,,N,N,MSP,UNK,09,11,895,CO,,2.68,E,DRAYDEN RD,500,F,E,301,CO,,WINDMILL POINT RD,38.18000017,-76.46528133
04,09,,01,17,02,1,01,01,23.03,MSP1073000H,06.01,03-24-2015,22:49:00,,N,N,MSP,UNK,09,11,296,CO,,0,N,PALMERS MILL RD,100,F,N,14,MD,,RHODESDALE ELDORADO RD,38.343566,-75.500844
06.02,16,,01,07,01,1,01,04,00,MSP10860007,03,01-29-2015,17:08:00,05,N,N,MSP,UNK,01,00,301,US,,14.81,N,CRAIN HWY,0,M,N,725,MD,,MARLBORO PIKE,38.82904533,-76.732916
04,10,,02,17,04,1,01,01,04,MSP3039002D,06.01,02-15-2015,05:21:00,,N,N,MSP,UNK,09,09,15,US,,1.4,N,CATOCTIN MOUNTAIN HWY,0,F,N,,UU,,ROUNDABOUT,39.286123,-77.53138317
01,10,,00,09,04,1,01,04,01,MSP3039002F,06.01,02-15-2015,12:41:00,,N,N,MSP,UNK,01,09,70,IS,,2.44,E,EISENHOWER MEMORIAL HWY,30,F,E,251,CO,,MT TABOR RD,39.50640617,-77.58466367
01,10,,00,03,02,1,01,04,00,MSP3039002G,06.01,02-16-2015,11:28:00,,N,N,MSP,UNK,01,00,270,IS,,9.31,N,EISENHOWER MEMORIAL HWY,0,M,N,,UU,,MILE MARKER 32.0,39.384714,-77.41227483
01,10,,00,03,00,3,01,04,00,MSP3039002H,06.01,02-16-2015,12:42:00,00,N,N,MSP,UNK,01,01,70,IS,,14.46,E,EISENHOWER MEMORIAL HWY,100,F,E,,UU,,STRUC #10138,39.39780683,-77.428805
01,10,,00,03,03,1,01,04,00,MSP3039002J,08.04,02-21-2015,12:15:00,,N,N,MSP,UNK,01,00,70,IS,,3.59,E,EISENHOWER MEMORIAL HWY,0,M,E,17,MD,,MYERSVILLE MIDDLETOWN RD,39.495924,-77.56782483
04,10,,00,88,03,,88,01,00,MSP3039002K,08.04,02-21-2015,21:29:00,,N,N,MSP,UNK,02,00,40,US,AL,4.99,E,W MAIN ST,10,F,E,30,MU,,ELM ST,39.44398667,-77.54771533
03,10,,00,07,03,2,00,04,00,MSP3039002L,03,02-21-2015,22:01:00,,N,N,MSP,UNK,01,00,40,US,,13.9,E,FREDERICK FREEWAY,20,F,E,15,US,B,S JEFFERSON ST,39.40733517,-77.43492633
01,10,,00,00,02,1,01,01,00,MSP3039002M,06.01,02-23-2015,14:15:00,,N,N,MSP,UNK,18,00,40,US,,6.51,E,BALTO NATIONAL PIKE,0,M,E,142,CO,,HAWBOTTOM RD,39.473866,-77.51643067
04,10,,00,17,02,1,01,04,06,MSP3039002N,06.01,03-01-2015,02:58:00,,N,N,MSP,UNK,09,11,340,US,,2.12,E,JEFFERSON NATIONAL PIKE,0,M,E,17,MD,,BURKITTSVILLE RD,39.33220617,-77.65604133
05.02,10,,00,17,02,,01,04,05,MSP3039002P,06.01,03-12-2015,07:22:00,00,N,N,MSP,UNK,09,00,15,US,,9.35,N,JEFFERSON NATIONAL PIKE,0,M,N,,UU,,STRUC #10151 BALLENGER CREEK,39.39642917,-77.4434545
01,10,,00,17,01,1,01,04,05,MSP3039002Q,07.01,03-20-2015,16:37:00,,N,N,MSP,UNK,09,00,270,IS,,2.05,N,EISENHOWER MEMORIAL HWY,100,F,N,,UU,,STRUC #10174 BENNETT CREEK,39.30998117,-77.3478855
01,10,,00,17,02,1,01,03,23.03,MSP3039002R,06.01,03-21-2015,17:05:00,,N,N,MSP,UNK,09,00,70,IS,,2.7,E,EISENHOWER MEMORIAL HWY,0,M,E,,UU,,MILE MARKER 41.0,39.50236433,-77.57692033
04,10,,00,17,02,1,01,03,00,MSP3039002S,06.01,03-26-2015,00:30:00,,N,N,MSP,UNK,08,14,15,US,,8.84,N,JEFFERSON NATIONAL PIKE,1,M,N,229,CO,,MT ZION RD,39.3864585,-77.456124
01,21,,01,17,01,1,01,02,04,MSP30530015,07.01,01-04-2015,12:46:00,,N,N,MSP,UNK,09,00,81,IS,,4.42,N,MARYLAND VETERANS MEMORIAL HWY,1,F,N,81,RP,,RAMP 4 FR IS 81 NB TO HALFWAY BLVD EB,39.627683,-77.77374333
04,21,,01,03,01,1,01,04,00,MSP30530016,03,01-12-2015,17:50:00,,N,N,MSP,UNK,01,00,81,IS,,2.37,N,MARYLAND VETERANS MEMORIAL HWY,0,M,N,11,US,,VIRGINIA AVE,39.600849,-77.80596417
01,21,,09.04,11,02,1,01,01,00,MSP30530017,06.01,01-28-2015,09:55:00,,N,N,MSP,UNK,01,11,60,MD,,1.82,E,LEITERSBURG PIKE,0,M,E,179,CO,,LONGMEADOW RD,39.67775017,-77.68342183
01,21,,01,09,01,1,01,04,05,MSP30530018,03,03-26-2015,18:10:00,,N,N,MSP,UNK,01,09,81,IS,,0.12,N,MARYLAND VETERANS MEMORIAL HWY,25,F,N,,UU,,STRUC #21078 POTOMAC RIVER,39.58469617,-77.83209967
01,15,,02,02,02,,01,04,00,MCP9432000T,06.01,03-24-2015,19:05:00,55112,Y,N,MONTGOMERY,UNK,01,00,355,MD,,19.26,N,FREDERICK RD,0,F,N,6136,CO,,SHAKESPEARE BLVD,39.19857167,-77.24485
03,15,,01,09,02,1,01,04,00,MCP9432000V,06.01,03-30-2015,19:40:00,55214,N,N,MONTGOMERY,UNK,01,00,270,IS,,11.44,N,EISENHOWER MEMORIAL HWY,0,M,N,270,RP,,RAMP 3 FR MD 124 EB TO IS 270 NB,39.15104167,-77.218515
04,15,,01,01,01,1,01,01,00,MCP94370002,06.01,02-23-2015,05:18:00,54112,N,N,MONTGOMERY,UNK,01,11,124,MD,,10.92,N,WOODFIELD RD,300,F,N,27,CO,,BRINK RD,39.21056833,-77.17058333
03,15,,02,06,02,,01,03,00,MCP94370003,06.01,03-15-2015,21:20:00,55124,Y,N,MONTGOMERY,UNK,01,00,108,MD,,0,E,MAIN ST,0,F,E,27,MD,,RIDGE RD,39.288595,-77.204605
03,15,,00,02,02,1,01,01,00,MCP94370004,06.01,03-23-2015,05:07:00,55112,Y,N,MONTGOMERY,UNK,01,00,124,MD,,15.06,N,WOODFIELD RD,0,F,N,38,CO,,SWEEPSTAKES RD,39.26008333,-77.2031
05.02,15,,02,03,04,1,01,01,00,MCP9438000F,88,01-15-2015,07:44:00,55114,Y,N,MONTGOMERY,UNK,01,00,117,MD,,9.22,E,CLOPPER RD,0,F,E,5502,CO,,WARING STATION RD,39.15435782,-77.25457191
01,15,,01,03,01,1,01,04,00,MCP9438000G,08.04,01-22-2015,09:23:00,55112,N,N,MONTGOMERY,UNK,01,00,270,IS,,15.78,N,EISENHOWER MEMORIAL HWY,1,M,N,,UU,,EXIT #16,39.20586833,-77.27248833
01,15,,02,03,01,2,01,01,00,MCP9438000H,03,03-14-2015,11:18:00,54114,Y,N,MONTGOMERY,UNK,01,00,4763,CO,,0,S,MATENY RD,0,F,S,119,MD,,GREAT SENECA HWY,39.18519,-77.26047
03,17,,00,17,03,1,01,04,05,MDTA02680001,10.04,01-06-2015,06:19:00,,N,N,MDTA,UNK,09,88,,,,,,US RTE 50 W/B ,0,F,,,,,PINEY CREEK ROAD,38.97432389,-76.26801252
03,02,,00,88,01,3,01,02,00,MDTA05200001,03,01-12-2015,23:50:00,,N,N,MDTA,UNK,01,00,5201,CO,,0,W,FRIENDSHIP RD,0,U,W,261,MD,,FRIENDSHIP RD (BACK),39.1737233,-76.67959213
05.02,02,,01,17,02,1,01,03,00,MDTA05270001,06.01,01-19-2015,17:10:00,,N,N,MDTA,UNK,08,00,420,CO,,0,E,KEMBO RD,1,F,E,173,MD,,FORT SMALLWOOD RD,39.19492937,-76.54528856
01,02,,01,07,01,2,01,04,00,MDTA0540000D,03,01-18-2015,15:51:00,,N,N,MDTA,UNK,01,00,50,US,,16.25,E,BLUE STAR MEMORIAL HWY,0,F,E,,UU,,EXIT #31 WHITEHALL RD,39.02291795,-76.42707825
03,17,,01,03,01,1,01,04,00,MDTA0540000F,03,01-23-2015,22:29:00,,N,N,MDTA,UNK,01,09,50,US,,1.6,E,BLUE STAR MEMORIAL HWY,0,M,E,,UU,,MILE MARKER 36.0,38.98780149,-76.35933638
01,24,,00,17,02,,01,04,00,MDTA05920003,06.01,02-18-2015,08:15:00,,N,N,MDTA,UNK,10,00,695,IS,,3.001,N,BALTO BELTWAY,1,M,N,,UU,,MILE MARKER IL 51,39.20620341,-76.5469408
06.02,17,,00,03,02,1,01,01,00,MDTA05940003,06.01,02-06-2015,17:48:00,,N,N,MDTA,UNK,01,00,50,US,,0.6,E,BLUE STAR MEMORIAL HWY,0,M,E,,UU,,MILE MARKER 35.0,38.99245467,-76.37362719
01,11,,01,17,03,1,01,01,10,MSP0301000F,07.01,02-06-2015,13:27:00,,N,N,MSP,UNK,16,09,42,MD,,0.036,N,FRIENDSVILLE RD,1,M,N,,UU,,SKY VIEW DR,39.57977467,-79.369216
04,11,,01,17,03,1,00,01,00,MSP0301000G,08.04,02-22-2015,00:37:00,,N,N,MSP,UNK,16,11,68,CO,,1.45,E,MAYHEW INN RD,0,M,E,270,CO,,SKIPPERS POINT RD,39.50707517,-79.39044933
04,01,,01,01,00,1,01,01,00,MSP0390000S,06.01,01-05-2015,19:09:00,,N,N,MSP,UNK,01,00,53,MD,,2.27,S,WINCHESTER RD,0,M,S,424,OP,,BLUE JAY DR,39.606367,-78.83689867
04,01,,01,17,00,1,01,01,00,MSP0390000T,06.01,03-02-2015,18:46:00,,N,N,MSP,UNK,03,08,2,CO,,0.41,E,STONEY RUN RD,0,M,E,3,CO,,HORSE ROCK RD,39.48778879,-79.02854204
01,01,,01,17,03,,01,01,05,MSP0390000V,12.04,03-20-2015,09:16:00,,N,N,MSP,UNK,16,09,36,MD,,13.63,N,NEW GEORGES CREEK RD,0,M,N,,UU,,MOUNTAIN VIEW (ENT TO LANDFILL),39.60966533,-78.91438033
01,08,,01,17,02,2,01,04,04,MSP1205000W,06.01,01-13-2015,16:03:00,,N,N,MSP,UNK,09,00,301,US,,13.11,N,CRAIN HWY,50,F,N,182,CO,,ST MARYS AVE,38.5052125,-76.98440317
04,08,,01,17,02,1,01,03,88,MSP1205000X,06.01,01-18-2015,03:07:00,,N,N,MSP,UNK,22.15,03,6,MD,,17.5,E,PORT TOBACCO RD,20,F,E,175,CO,,GUNSTON RD,38.48258267,-77.10011683
04,08,,02,17,04,1,01,01,11,MSP1205000Y,06.01,01-19-2015,02:17:00,,Y,N,MSP,UNK,09,00,227,MD,,10.16,E,MARSHALL CORNER RD,0,F,E,229,MD,,BENSVILLE RD,38.587477,-77.0170225
01,08,,01,03,02,1,01,03,00,MSP1205000Z,06.01,02-04-2015,17:14:00,,N,N,MSP,UNK,01,00,6,MD,,25.84,E,CHARLES ST,150,F,E,130,MU,,GARRETT AVE,38.53045854,-76.97199583
01,08,,00,03,02,1,01,03,00,MSP12050010,06.01,02-05-2015,16:43:00,,N,N,MSP,UNK,01,00,5,MD,BU,0.67,N,LEONARDTOWN RD,50,F,N,970,CO,BU,VIVIAN ADAMS RD,38.6182535,-76.89427833
01,08,,02,17,02,,01,04,00,MSP12050011,06.01,02-06-2015,16:36:00,,Y,N,MSP,UNK,03,00,228,MD,,5.07,E,BERRY RD,0,F,E,873,CO,,WESTERN PKWY,38.62971182,-76.91740751
03,08,,03,07,02,2,01,04,00,MSP12050012,06.01,02-11-2015,04:54:00,,Y,N,MSP,UNK,01,00,5,MD,BU,0,N,LEONARDTOWN RD,0,F,N,5,MD,BU,MATTAWOMAN BEANTOWN RD,38.6146315,-76.88079883
01,08,,03,03,02,1,01,04,00,MSP12050013,06.01,02-28-2015,16:37:00,,Y,N,MSP,UNK,01,00,228,MD,,2.66,E,BERRY RD,25,F,E,1304,CO,,GREENMONT DR,38.64610383,-76.93606917
04,08,,03,02,02,,01,04,00,MSP12050014,06.01,03-29-2015,20:20:00,,N,N,MSP,UNK,01,00,301,US,,20.77,N,CRAIN HWY,0,F,N,47,CO,,BILLINGSLEY RD,38.59679915,-76.93777084
01,07,,01,88,02,1,01,01,10,MSP1219000Z,06.01,01-07-2015,09:44:00,,N,N,MSP,UNK,09,02,273,MD,,0.6,E,RISING SUN RD,250,F,E,586,CO,,HARRISVILLE RD,39.69588233,-76.081941
01,07,,01,09,01,1,01,01,00,MSP12190010,07.01,02-09-2015,16:15:00,,N,N,MSP,UNK,01,00,1,US,,7.14,N,RISING SUN BYPASS,0,M,N,20,CO,,RED PUMP RD,39.70822664,-76.07017279
01,07,,01,17,03,1,00,01,00,MSP12190011,08.04,02-26-2015,09:00:00,,N,N,MSP,UNK,10,00,201,CO,,0.08,E,MCKINNEYTOWN RD,1,M,E,580,CO,,OLD LOG CABIN RD,39.54454417,-75.93319217
01,07,,02,11,02,1,01,01,00,MSP12190012,06.01,02-28-2015,12:48:00,,Y,N,MSP,UNK,01,00,276,MD,,2.04,N,JACOB TOME MEMORIAL HWY,0,F,N,75,CO,,WAIBEL RD,39.6248445,-76.0887825
01,07,,01,17,04,1,01,01,04,MSP12190013,09.04,03-01-2015,12:30:00,,N,N,MSP,UNK,09,00,276,MD,,3.97,N,JACOB TOME MEMORIAL HWY,300,F,N,462,CO,,NANTUCKETT DR,39.64700933,-76.072922
03,15,,01,07,00,,01,04,00,MSP3121000J,06.01,02-07-2015,02:48:00,,N,N,MSP,UNK,01,02,495,IS,,14.1,E,CAPITAL BELTWAY,0,F,E,650,MD,,NEW HAMPSHIRE AVE,39.01870022,-76.97575092
01,22,,01,03,02,1,01,01,00,MSP32580002,02,01-16-2015,07:53:00,,N,N,MSP,UNK,01,00,13,US,,13.61,N,OCEAN HWY,100,F,N,,,,OLD EDEN ROAD,38.29257229,-75.64155579
01,21,,01,09,01,1,01,01,00,MSP3285000H,00,01-04-2015,13:50:00,,N,N,MSP,UNK,01,00,67,MD,,10.43,N,ROHRERSVILLE RD,0,M,N,605,CO,,RENO MONUMENT RD,39.47171528,-77.6558733
03,21,,05.01,17,02,,01,02,01,MSP3285000J,06.01,01-11-2015,17:55:00,,N,N,MSP,UNK,09,09,70,RP,,0.3,W,RAMP 7 FR IS 70 WB TO MD 144WB SB,0,M,W,144,MD,WB,MAIN ST,39.695478,-78.15158
01,16,,01,17,03,,88,02,00,MDTA06880002,08.04,03-05-2015,10:30:00,,N,N,MDTA,UNK,00,00,301,US,,4.08,N,CRAIN HWY,50,F,N,166,CO,,MISSOURI AVE,38.709223,-76.853056
04,15,,00,17,04,1,00,04,01,MDTA07000001,12.04,01-12-2015,00:05:00,,N,N,MDTA,UNK,09,00,200,MD,,11.336,E,INTERCOUNTY CONNECTOR,0,F,E,,UU,,END BRIDGE,39.09732848,-77.03488827
01,17,,01,03,01,1,00,88,00,MDTA07010001,07.01,02-10-2015,12:39:00,,N,N,MDTA,UNK,01,00,50,US,,2.581,E,BLUE STAR MEMORIAL HWY,0,M,E,,UU,,MILE MARKER 37.0,38.98161345,-76.33172035
01,17,,01,03,03,3,05,04,00,MDTA07010002,10.04,03-05-2015,14:50:00,,N,N,MDTA,UNK,01,00,50,US,,7.67,E,BLUE STAR MEMORIAL HWY,0,F,E,,UU,,EXIT #42,38.97077057,-76.24647975
01,02,,00,17,04,,01,04,08,MDTA07230001,05,02-15-2015,08:40:00,,N,N,MDTA,UNK,09,09,195,IS,,0,N,METROPOLITAN BLVD,80,F,N,,UU,,ENT TO AIRPORT FR PARKING LOT,39.18595313,-76.67887464
03,02,,00,07,04,2,01,04,00,MDTA07260001,12.04,02-10-2015,06:50:00,,N,N,MDTA,UNK,09,01,195,IS,,2.33,N,METROPOLITAN BLVD,100,F,N,,UU,,BEGIN BRIDGE,39.22474011,-76.7020154
03,24,,00,17,03,4,01,04,13,MDTA07510009,08.04,02-17-2015,01:40:00,,N,N,MDTA,UNK,09,00,95,IS,,3.38,N,FORT MCHENRY TUNNEL,0,F,N,,UU,,EXIT #54,39.26707353,-76.61806226
01,24,,05.01,03,02,,01,02,13,MDTA0751000C,06.01,03-16-2015,10:18:00,,N,N,MDTA,UNK,11,09,95,IS,,1.58,N,FORT MCHENRY TUNNEL,0,F,N,,UU,,EXIT #51,39.27084449,-76.64907932
03,02,,01,07,02,3,01,02,00,MDTA07640001,06.01,01-25-2015,00:00:00,,N,N,MDTA,UNK,01,00,5201,CO,,0.187,W,FRIENDSHIP RD,1,M,W,,UU,,ROUNDABOUT,39.180194,-76.670794
01,02,,01,17,03,,01,00,04,MDTA08340001,08.04,01-06-2015,10:10:00,,N,N,MDTA,UNK,09,00,176,MD,,3.6,E,DORSEY RD,300,F,E,910,CO,,WB&A RD,39.16271025,-76.66354179
03,24,,01,88,03,1,01,04,05,MDTA08410002,10.04,01-06-2015,06:47:00,,N,N,MDTA,UNK,09,01,95,IS,,4.253,N,FORT MCHENRY TUNNEL,0,M,N,,UU,,MILE MARKER 54.0,39.2667613,-76.599522
03,03,,00,01,04,2,01,04,08,MDTA08460001,09.04,02-10-2015,12:41:00,,N,N,MDTA,UNK,09,01,195,IS,,0.58,N,METROPOLITAN BLVD,10,F,N,,UU,,EXIT #3,39.22514944,-76.70203149
03,03,,01,03,04,2,01,04,00,MDTA08460002,09.04,02-10-2015,13:54:00,,N,N,MDTA,UNK,01,00,195,IS,,0.58,N,METROPOLITAN BLVD,30,F,N,,UU,,EXIT #3,39.22439934,-76.70206904
04,21,,01,17,02,1,01,04,06,MSP0412001J,00,01-02-2015,01:15:00,,N,N,MSP,UNK,08,09,81,IS,,0.88,N,MARYLAND VETERANS MEMORIAL HWY,0,M,N,68,MD,,LAPPANS RD,39.59223317,-77.81071783
04,21,,01,17,01,,01,04,05,MSP0412001K,06.01,01-03-2015,06:18:00,,N,N,MSP,UNK,09,09,70,IS,,31.27,E,EISENHOWER MEMORIAL HWY,200,F,E,343,CO,,BEAVER CREEK RD,39.60007883,-77.703874
04,21,,01,03,02,1,01,04,00,MSP0412001L,06.01,01-19-2015,18:04:00,,N,N,MSP,UNK,01,01,70,IS,,36.25,E,EISENHOWER MEMORIAL HWY,1,M,E,314,CO,,CRYSTAL FALLS DR,39.54264567,-77.60703467
04,21,,01,17,01,,01,01,10,MSP0412001M,00,01-30-2015,04:58:00,,N,N,MSP,UNK,09,00,40,US,AL,3.52,E,BOONSBORO PIKE,0,M,E,1218,CO,,POFFENBERGER RD,39.5886355,-77.69783367
01,21,,01,17,04,,05,01,06,MSP0412001N,06.01,03-03-2015,08:14:00,,N,N,MSP,UNK,09,00,68,MD,,14.56,E,LAPPANS RD,0,M,E,551,CO,,ROUTZAHN RD,39.541895,-77.7138285
01,21,,01,17,01,,01,04,05,MSP0412001P,06.01,03-04-2015,07:18:00,,N,N,MSP,UNK,09,00,81,IS,,4.63,N,MARYLAND VETERANS MEMORIAL HWY,0,M,N,666,CO,,HALFWAY BLVD,39.6212465,-77.77885417
01,21,,01,03,01,2,01,04,05,MSP0412001Q,06.01,03-06-2015,12:30:00,,N,N,MSP,UNK,09,01,70,IS,,31.68,E,EISENHOWER MEMORIAL HWY,300,F,E,40,US,,NATIONAL PIKE,39.600086,-77.68538667
01,21,,01,17,01,,01,01,10,MSP0412001R,03,03-10-2015,18:44:00,,N,N,MSP,UNK,09,11,114,CO,,0,S,CEARFOSS PIKE,0,M,S,113,CO,,WISHARD RD,39.71889933,-77.79772417
01,07,,02,11,02,1,01,01,00,MSP12190014,06.01,03-02-2015,11:50:00,,Y,N,MSP,UNK,01,01,213,MD,,15.77,N,AUGUSTINE HERMAN HWY,0,F,N,558,CO,,LOCUST POINT RD,39.5657352,-75.81085682
03,07,,02,02,01,1,01,01,00,MSP12190015,02,03-14-2015,22:10:00,,Y,N,MSP,UNK,01,00,275,MD,,0,N,PERRYLAWN DR,0,F,N,222,MD,,BAINBRIDGE RD,39.59952633,-76.0672885
01,07,,03,03,02,1,01,01,00,MSP12190016,06.01,03-23-2015,10:50:00,,Y,N,MSP,UNK,01,00,276,MD,,2.25,N,JACOB TOME MEMORIAL HWY,15,F,N,275,MD,,PERRYLAWN DR,39.62767467,-76.08518717
05.02,07,,01,88,02,1,01,01,00,MSP12190017,06.01,03-24-2015,06:40:00,,N,N,MSP,UNK,18,00,1,US,,3.55,N,CONOWINGO RD,300,F,N,,UU,,OCTORARO PARK LA,39.6927585,-76.1262945
04,01,,01,88,04,1,01,01,00,MSP1281000H,03,01-03-2015,05:30:00,,N,N,MSP,UNK,11,01,220,US,,16.89,N,MCMULLEN HWY,0,M,N,315,CO,,PECAN AVE,39.6195076,-78.80338669
04,01,,01,17,02,1,01,01,00,MSP1281000J,06.01,02-03-2015,04:30:00,,N,N,MSP,UNK,11,11,36,MD,,8.618,N,LOWER GEORGES CREEK RD,200,F,N,58,CO,,ROCKVILLE ST,39.56758783,-79.06311035
01,11,,01,05,03,1,05,04,05,MSP12930008,08.04,01-09-2015,10:39:00,,N,N,MSP,UNK,01,09,68,IS,,19.834,E,NATIONAL FREEWAY,10,F,E,,UU,,CROSSOVER,39.69203083,-79.15070057
01,11,,01,17,05,1,05,01,11,MSP12930009,07.01,01-15-2015,12:18:00,,N,N,MSP,UNK,09,00,28,CO,,1.86,N,FRIENDSVILLE ADDISON RD,10,F,N,40,CO,,OLD MORGANTOWN RD EAST,39.68654882,-79.38041568
01,04,,01,17,02,1,01,03,05,MSP13510007,06.01,02-05-2015,13:45:00,,Y,N,MSP,UNK,09,00,231,MD,,0.32,E,HALLOWING POINT RD,500,F,E,,UU,,END BRIDGE,38.51270983,-76.66907217
03,04,,02,03,01,1,01,04,00,MSP13510008,03,03-20-2015,06:31:00,,Y,N,MSP,UNK,01,00,2,MD,,2.83,N,SOLOMONS ISLAND RD,0,F,N,2,MD,,COSTER MILL BRIDGE RD,38.3698425,-76.4485795
01,04,,02,17,01,1,01,03,09,MSP13510009,03,03-20-2015,13:35:00,,N,N,MSP,UNK,09,00,264,MD,,6.48,N,BROOMES ISLAND RD,0,F,N,264,MD,,YOES CORNER LA,38.499236,-76.53789833
01,04,,01,03,02,1,01,01,00,MSP1351000B,06.01,03-26-2015,18:08:00,,N,N,MSP,UNK,01,01,497,MD,,1.3,E,COVE POINT RD,999,F,E,75,CO,,LITTLE COVE POINT RD,38.38405383,-76.41693583
01,16,,01,17,02,,01,04,05,MSP14050006,07.01,02-09-2015,14:46:00,,N,N,MSP,UNK,09,00,95,IS,,23.04,N,CAPITAL BELTWAY,0,M,N,201,MD,,KENILWORTH AVE,39.001335,-76.89387733
04,16,,01,03,02,3,01,04,00,MSP14050007,06.01,02-23-2015,07:02:00,,N,N,MSP,UNK,01,00,95,IS,,27.09,N,NO NAME,0,M,N,14,CO,,CHERRY HILL RD,39.03255783,-76.94537733
01,21,,05.01,03,02,,01,02,00,MSP3285000K,00,01-13-2015,15:09:00,,Y,N,MSP,UNK,01,00,81,RP,,0.29,S,RAMP 6 FR MD 58 EB TO IS 81 SB,0,F,S,81,IS,,MARYLAND VETERANS MEMORIAL HWY,39.661664,-77.742208
04,21,,02,03,02,1,01,01,00,MSP3285000L,06.01,02-06-2015,18:03:00,,N,N,MSP,UNK,01,00,64,MD,,6.2,E,JEFFERSON BLVD,0,F,E,250,CO,,ITNYRE RD,39.64363539,-77.59942889
01,21,,01,17,03,,01,03,08,MSP3285000M,08.04,02-21-2015,11:36:00,,N,N,MSP,UNK,09,00,40,US,,34.26,E,NATIONAL PIKE,0,M,E,81,IS,,MARYLAND VETERANS MEMORIAL HWY,39.653028,-77.747651
01,21,,09.04,02,03,1,01,01,04,MSP3285000N,88,02-21-2015,10:26:00,,N,N,MSP,UNK,01,09,40,US,,25.13,E,NATIONAL PIKE,0,F,E,,UU,,TRINITY CHURCH DR,39.658395,-77.916215
01,21,,01,17,01,,01,04,11,MSP3285000P,08.04,03-20-2015,08:51:00,,N,N,MSP,UNK,16,09,70,IS,,4.95,E,EISENHOWER MEMORIAL HWY,0,M,E,,UU,,MILE MARKER 5.0,39.68901283,-78.12590033