LIGHT_CODE,COUNTY_NO,MUNI_CODE,JUNCTION_CODE,COLLISION_TYPE_CODE,SURF_COND_CODE,LANE_CODE,RD_COND_CODE,RD_DIV_CODE,FIX_OBJ_CODE,REPORT_NO,WEATHER_CODE,ACC_DATE,ACC_TIME,LOC_CODE,SIGNAL_FLAG,C_M_ZONE_FLAG,AGENCY_CODE,AREA_CODE,HARM_EVENT_CODE1,HARM_EVENT_CODE2,RTE_NO,ROUTE_TYPE_CODE,RTE_SUFFIX,LOG_MILE,LOGMILE_DIR_FLAG,MAINROAD_NAME,DISTANCE,FEET_MILES_FLAG,DISTANCE_DIR_FLAG,REFERENCE_NO,REFERENCE_TYPE_CODE,REFERENCE_SUFFIX,REFERENCE_ROAD_NAME,LATITUDE,LONGITUDE
01,18,,01,17,06.03,,01,04,05,MSP33550002,08.04,01-14-2015,07:41:00,00,N,N,MSP,UNK,16,09,235,MD,,19.667,N,THREE NOTCH RD,300,F,N,944,MD,,BECK RD,38.33459,-76.558679
04,01,,01,17,02,,01,01,06,MSP3432000D,06.01,01-01-2015,00:16:00,,N,N,MSP,UNK,10,11,807,MD,,2.33,N,BEDFORD RD,0,M,N,375,OP,,COLTON DR,39.70183593,-78.71666423
04,01,,00,17,02,1,01,04,00,MSP3432000F,06.01,02-04-2015,05:08:00,,N,N,MSP,UNK,08,00,68,IS,,33.49,E,NATIONAL FREEWAY,0,M,E,745,CO,,MOUNTAIN RD,39.66420356,-78.42436803
04,01,,01,17,02,2,01,04,05,MSP3432000G,06.01,03-29-2015,00:22:00,,N,N,MSP,UNK,09,00,68,IS,,29.77,E,NATIONAL FREEWAY,0,F,E,,UU,,MILE MARKER 61.0,39.68103452,-78.48277518
01,15,,01,03,02,2,01,04,00,MDTA08580001,06.01,02-05-2015,14:27:00,,N,N,MDTA,UNK,01,00,200,MD,,4.987,E,INTERCOUNTY CONNECTOR,0,M,E,,UU,,MILE MARKER 5.0,39.13514512,-77.14653254
03,24,,01,17,04,4,01,04,05,MDTA08610008,08.04,03-06-2015,02:08:00,,N,N,MDTA,UNK,09,00,95,IS,,1.58,N,FORT MCHENRY TUNNEL,0,M,N,,UU,,EXIT #51,39.2712628,-76.6531095
04,02,,00,03,02,2,01,02,00,MDTA08880002,06.01,03-25-2015,00:18:00,,N,Y,MDTA,UNK,01,00,50,US,,17.05,E,BLUE STAR MEMORIAL HWY,0,F,E,,UU,,EXIT #32,39.01992556,-76.41487956
03,02,,02,11,02,,01,01,00,MDTA08990003,06.01,02-14-2015,00:56:00,24,Y,N,MDTA,UNK,01,11,4,CO,,0.602,S,OLD ELKRIDGE LANDING RD,0,F,S,,UU,,ROAD END: FENCE,39.19161998,-76.67615891
01,03,,05.01,03,04,,01,02,00,MDTA09570008,09.04,01-18-2015,10:55:00,,N,N,MDTA,UNK,01,01,95,RP,,0.149,N,RAMP 1 FR RP 4 (FR IS95 NB) TO IS 695 WB,0,M,N,95,IS,,J F K MEMORIAL HWY,39.3500293,-76.49711609
03,24,,01,03,02,,01,02,00,MDTA10350003,06.01,02-12-2015,03:27:00,,N,N,MDTA,UNK,02,00,95,IS,,0.25,N,FORT MCHENRY TUNNEL,0,M,N,,UU,,MILE MARKER 50.0,39.26515056,-76.66868761
01,24,,01,17,00,1,04,04,05,MDTA10550005,06.01,01-02-2015,12:41:00,,N,N,MDTA,UNK,09,09,95,IS,,1.25,N,FORT MCHENRY TUNNEL,0,M,N,,UU,,INTERSTATE MILE MARKER 51.0,39.2716158,-76.6530235
01,24,,01,09,02,1,01,04,00,MDTA10550006,06.01,03-09-2015,07:32:00,,N,N,MDTA,UNK,01,00,895,IS,,0.479,N,HARBOR TUNNEL THRUWAY,0,M,N,,UU,,MILE MARKER 7.0,39.24033042,-76.60897493
06.02,21,,01,17,02,,01,04,23.03,MSP0452001T,06.01,02-22-2015,17:48:00,,N,N,MSP,UNK,09,16,70,IS,,4.95,E,EISENHOWER MEMORIAL HWY,500,F,E,,UU,,MILE MARKER 5.0,39.68947533,-78.12756483
01,21,,03,03,02,1,01,04,00,MSP0452001V,06.01,03-16-2015,16:22:00,,N,N,MSP,UNK,01,00,632,MD,,4.92,N,DOWNSVILLE PIKE,200,F,N,70,IS,,EISENHOWER MEMORIAL HWY,39.622418,-77.77805533
01,21,,00,17,02,,01,04,05,MSP0452001W,06.01,03-17-2015,18:12:00,,N,N,MSP,UNK,09,00,81,IS,,3.63,N,MARYLAND VETERANS MEMORIAL HWY,900,F,N,70,IS,,EISENHOWER MEMORIAL HWY,39.61280487,-77.79770851
04,21,,01,17,01,1,01,03,10,MSP0452001X,03,03-27-2015,00:28:00,,N,N,MSP,UNK,09,00,40,US,,31.06,E,NATIONAL PIKE,200,F,E,389,OP,,SMITHFIELD FARM LA,39.65185,-77.80889067
05.02,12,,01,03,02,4,00,00,00,MSP5205001Z,06.01,01-13-2015,07:15:00,,N,N,MSP,UNK,01,00,95,IS,,2.497,N,J F K MEMORIAL HWY,0,M,N,,UU,,MILE MARKER 75.0,39.448091,-76.32773867
01,12,,01,09,00,1,01,04,05,MSP52050020,06.01,02-07-2015,07:46:00,,N,N,MSP,UNK,09,01,95,IS,,9.24,N,J F K MEMORIAL HWY,0,M,N,,UU,,MILE MARKER 82.0,39.4872595,-76.24592133
04,07,,01,08,03,2,01,04,00,MSP52050021,08.04,02-14-2015,21:52:00,,N,N,MSP,UNK,01,00,95,IS,,4,N,J F K MEMORIAL HWY,0,M,N,,UU,,MILE MARKER 95.0,39.60577467,-76.03202533
01,12,,01,03,03,1,01,04,00,MSP52050022,07.01,02-16-2015,14:29:00,,N,N,MSP,UNK,01,00,95,IS,,6.32,N,J F K MEMORIAL HWY,1,M,N,,UU,,MILE MARKER 79.0,39.47980517,-76.2636265
01,12,,01,03,02,2,00,04,00,MSP52050023,06.01,03-03-2015,07:04:00,,N,N,MSP,UNK,01,09,95,IS,,3.455,N,J F K MEMORIAL HWY,1,M,N,,UU,,MILE MARKER 76.0,39.460052,-76.30290833
01,03,,01,07,03,1,01,04,00,MSP4774000H,08.04,02-21-2015,12:47:00,,N,N,MSP,UNK,01,00,95,IS,,15.84,N,J F K MEMORIAL HWY,0,M,N,,UU,,MILE MARKER 62.0,39.338136,-76.51574933
01,07,,01,03,02,2,01,04,05,MSP4774000J,06.01,03-26-2015,17:31:00,,N,N,MSP,UNK,01,01,95,IS,,2.4,N,J F K MEMORIAL HWY,1,M,N,,UU,,EXIT #93,39.58882467,-76.07265683
04,10,,01,03,02,1,01,01,00,MSP50900037,06.01,01-01-2015,18:00:00,,N,Y,MSP,UNK,01,00,80,MD,,9.34,E,FINGERBOARD RD,0,M,E,393,CO,,ED MCCLAIN RD,39.34778617,-77.28852583
03,10,,03,17,02,1,01,04,06,MSP50900038,06.01,01-10-2015,01:31:00,,N,N,MSP,UNK,16,00,194,MD,,0,N,WOODSBORO PIKE,200,F,N,26,MD,,LIBERTY RD,39.45462917,-77.3667985
04,10,,01,03,01,2,01,04,00,MSP50900039,09.04,01-11-2015,23:19:00,,N,N,MSP,UNK,01,00,340,US,,8.3,E,JEFFERSON NATIONAL PIKE,1,M,E,281,CO,,LANDER RD,39.36286767,-77.51233283
04,10,,01,09,01,2,01,04,00,MSP5090003B,08.04,01-26-2015,20:32:00,,N,N,MSP,UNK,01,00,40,US,AL,8.96,E,OLD NATIONAL PIKE,500,F,E,70,IS,,EISENHOWER MEMORIAL HWY,39.42230567,-77.48765633
03,10,,01,17,02,1,01,01,07,MSP5090003C,00,01-28-2015,18:44:00,,N,N,MSP,UNK,09,09,79,MD,,0,N,PETERSVILLE RD,500,F,N,17,MD,,BURKITTSVILLE RD,39.3281005,-77.62352933
04,10,,01,17,02,1,01,04,05,MSP5090003D,06.01,02-23-2015,19:38:00,,N,N,MSP,UNK,09,99,70,IS,,27.16,E,BALTO NATIONAL PIKE,0,F,E,,UU,,MILE MARKER 66.0,39.37049383,-77.21050067
01,10,,02,11,02,1,01,04,09,MSP5090003F,06.01,02-24-2015,15:01:00,,Y,N,MSP,UNK,01,09,144,MD,FA,0.12,W,OLD NATIONAL PIKE,0,F,W,1317,CO,FA,OLD NATIONAL PIKE,39.392814,-77.32731717
04,10,,01,88,02,3,01,04,00,MSP5090003G,06.01,02-25-2015,18:43:00,,N,N,MSP,UNK,01,00,70,IS,,0.71,E,EISENHOWER MEMORIAL HWY,200,F,E,,UU,,MILE MARKER 39.0,39.527069,-77.60272767
04,10,,01,01,02,1,01,01,00,MSP5090003H,06.01,02-26-2015,19:48:00,,N,N,MSP,UNK,01,00,40,US,AL,7.84,E,OLD NATIONAL PIKE,1,M,E,237,CO,AL,RIDGE RD,39.42773067,-77.505486
01,10,,01,03,02,,01,04,00,MSP5090003J,06.01,02-27-2015,16:47:00,,N,N,MSP,UNK,01,00,26,MD,,1.09,E,LIBERTY RD,500,F,E,998,MU,,MONOCACY BLVD,39.44760967,-77.38823033
04,10,,02,17,02,1,01,01,23.03,MSP5090003K,06.01,03-20-2015,19:40:00,,N,N,MSP,UNK,09,00,550,MD,,2.01,N,WOODSBORO RD,0,F,N,465,CO,,PINE TREE RD,39.50472,-77.2717835
01,10,,01,17,02,1,01,01,00,MSP5090003L,06.01,03-21-2015,14:45:00,,N,N,MSP,UNK,08,00,17,MD,,19.45,N,WOLFSVILLE RD,200,F,N,40,US,,BALTO NATIONAL PIKE,39.51111683,-77.55366517
01,03,,02,03,02,,01,00,00,MSP50920008,06.01,02-19-2015,08:00:00,,Y,N,MSP,UNK,01,00,695,IS,,20.96,N,BALTO BELTWAY,0,F,N,695,RP,,RAMP 6 FR IS 695 EB TO MD 146 SB,39.41176092,-76.60060644
01,02,,01,03,02,3,01,04,00,MSP5215000R,06.01,01-05-2015,13:53:00,,N,N,MSP,UNK,01,01,50,US,,12.28,E,BLUE STAR MEMORIAL HWY,0,M,E,,UU,,STRUC #2101,39.006979,-76.503116
01,02,,01,03,02,3,01,04,00,MSP5215000S,06.01,01-05-2015,14:10:00,,N,N,MSP,UNK,01,01,50,US,,12.28,E,BLUE STAR MEMORIAL HWY,0,M,E,,UU,,STRUC #2101,39.007129,-76.503191
01,02,,01,17,02,1,01,02,05,MSP5215000T,06.01,01-05-2015,13:23:00,,N,N,MSP,UNK,09,09,695,IS,,2.22,N,BALTO BELTWAY,0,F,N,695,RP,,RAMP 6 FR IS 695 EB TO MD 295 SB,39.219953,-76.658469
06.02,02,,01,03,01,2,01,04,00,MSP5215000W,03,03-04-2015,17:40:00,,N,N,MSP,UNK,01,00,100,MD,,2.83,E,NO NAME,0,M,E,100,MD,P,HARMANS RD,39.149613,-76.706584
01,22,,01,06,03,1,01,01,00,MSP52170007,12.04,02-26-2015,14:14:00,,N,N,MSP,UNK,01,09,3075,MU,,0,E,JOHNSON RD,500,F,E,12,MD,,SNOW HILL RD,38.34441623,-75.57001591
01,22,,01,03,04,1,01,04,00,MSP52170008,03,03-01-2015,11:29:00,,N,N,MSP,UNK,01,00,13,US,,11.49,N,SALISBURY BYPASS,500,F,N,13,RP,,RAMP 5 FR US 13 SB TO US 13/US 50 EB,38.39486929,-75.56463003
01,22,,02,03,02,1,01,04,04,MSP52170009,06.01,03-30-2015,17:49:00,,Y,N,MSP,UNK,01,09,13,US,,13.08,N,N SALISBURY BLVD,0,F,N,1947,MU,,NORTH POINTE DR,38.41587121,-75.56616962
01,11,,01,17,02,,00,01,05,MSP5223000D,06.01,02-24-2015,13:44:00,,N,N,MSP,UNK,09,00,219,US,,16.1,N,GARRETT HWY,0,M,N,75,CO,,FOSTER RD,39.46485025,-79.36718645
01,11,,01,17,03,1,01,01,06,MSP5223000F,12.04,03-20-2015,07:38:00,,N,N,MSP,UNK,09,00,172,CO,,2.86,S,BUMBLE BEE RD,0,M,S,,UU,,DUCKY LA,39.56835677,-79.33552313
05.02,21,,01,03,02,,01,02,00,MSP4777001R,07.01,03-09-2015,07:18:00,N/A,N,N,MSP,UNK,01,00,81,IS,,4.56,N,MARYLAND VETERANS MEMORIAL HWY,0,M,N,81,RP,,RAMP 5 FR IS 81 SB TO HALFWAY BLVD EB,39.62686251,-77.77577877
01,21,,01,03,02,1,01,03,00,MSP47780002,06.01,03-06-2015,12:13:00,,N,N,MSP,UNK,01,00,70,IS,,38.21,E,EISENHOWER MEMORIAL HWY,200,F,E,40,US,,NATIONAL PIKE,39.60043078,-77.67728806
03,03,,01,03,02,2,01,04,00,MSP4912006N,06.01,01-01-2015,03:29:00,,N,N,MSP,UNK,01,00,695,IS,,3.32,N,BALTO BELTWAY,100,F,N,372,MD,,WILKENS AVE,39.26056783,-76.70332017
01,03,,01,17,02,,01,02,05,MSP4912006P,06.01,01-07-2015,11:02:00,,N,N,MSP,UNK,09,00,70,IS,,2.429,E,NO NAME,200,F,E,70,RP,,RAMP 6 FR IS 70 EB TO IS 695 SB,39.3048355,-76.7476285
01,03,,01,07,02,3,01,04,05,MSP4912006Q,06.01,01-07-2015,13:03:00,,N,N,MSP,UNK,01,09,695,IS,,22.38,N,BALTO BELTWAY,100,F,N,3334,CO,,PROVIDENCE RD,39.40659067,-76.57566517
05.02,03,,01,03,02,1,01,02,00,MSP4912006R,06.01,01-08-2015,06:52:00,,N,N,MSP,UNK,01,01,795,IS,,0,N,NORTHWEST EXPRESSWAY,200,F,N,695,RP,,RAMP 3 FR IS 795 EB TO IS 695 NB (BACK),39.37271767,-76.74878167
03,03,,01,03,02,3,01,04,00,MSP4912006S,06.01,01-14-2015,17:56:00,,N,N,MSP,UNK,01,01,83,IS,,5.885,N,HARRISBURG EXPWY,100,F,N,810,CO,,TIMONIUM RD,39.4327035,-76.63415733
06.02,03,,01,03,02,4,01,04,00,MSP4912006T,06.01,01-15-2015,16:41:00,,N,N,MSP,UNK,01,00,695,IS,,2.4,N,BALTO BELTWAY,50,F,N,3000,CO,,LEEDS AVE,39.25713767,-76.69482917
03,03,,01,17,02,,01,04,05,MSP4912006V,06.01,01-15-2015,21:54:00,,N,N,MSP,UNK,09,00,695,IS,,18.86,N,BALTO BELTWAY,500,F,N,,UU,,EXIT #24,39.420647,-76.64559533
01,03,,01,03,01,1,01,04,00,MSP4912006W,07.01,02-02-2015,10:45:00,,N,N,MSP,UNK,01,00,695,IS,,15.61,N,BALTO BELTWAY,600,F,N,722,CO,,GREENSPRING AVE,39.39462917,-76.700606
03,03,,01,03,01,1,01,02,00,MSP4912006X,03,02-09-2015,17:38:00,,N,N,MSP,UNK,01,00,795,IS,,4.04,N,NORTHWEST EXPRESSWAY,50,F,N,795,RP,,RAMP 1 FR RAMP 4 (FR IS795) TO MD 940 WB,39.411589,-76.78638983
01,03,,01,03,02,1,01,04,00,MSP4912006Y,06.01,02-10-2015,15:56:00,,N,N,MSP,UNK,01,00,695,IS,,19.48,N,BALTO BELTWAY,500,F,N,139,MD,,CHARLES ST,39.41847233,-76.63389933
03,03,,01,17,02,,01,04,11,MSP4912006Z,06.01,02-10-2015,19:02:00,,N,N,MSP,UNK,16,09,695,IS,,5.79,N,BALTO BELTWAY,100,F,N,40,US,,BALTO NATIONAL PIKE,39.28740667,-76.74034917
03,03,,01,09,03,4,88,04,05,MSP49120070,08.04,02-16-2015,23:06:00,,N,N,MSP,UNK,01,09,695,IS,,3.32,N,BALTO BELTWAY,200,F,N,372,MD,,WILKENS AVE,39.268808,-76.71856917
01,03,,01,03,01,1,01,02,00,MSP49120071,08.04,02-26-2015,08:20:00,,N,N,MSP,UNK,01,01,795,IS,,4.04,N,NORTHWEST EXPRESSWAY,50,F,N,795,RP,,RAMP 1 FR RAMP 4 (FR IS795) TO MD 940 WB,39.40849367,-76.7813715
01,03,,01,17,02,,01,04,88,MSP49120072,06.01,02-28-2015,11:44:00,,N,N,MSP,UNK,16,09,83,IS,,5.885,N,HARRISBURG EXPWY,30,F,N,810,CO,,TIMONIUM RD,39.4357885,-76.63327033
01,03,,01,07,02,3,01,04,01,MSP49120073,06.01,03-08-2015,16:13:00,,N,N,MSP,UNK,01,09,70,IS,,2.89,E,NO NAME,2,M,E,695,IS,,BALTO BELTWAY,39.30500367,-76.79509567
01,12,,02,88,02,1,01,01,00,MSP5093002F,06.01,01-16-2015,11:53:00,,N,N,MSP,UNK,03,00,924,MD,,3.27,N,EMMORTON RD,0,F,N,242,CO,,PATTERSON MILL RD,39.50653267,-76.32808367
01,12,,01,03,04,1,88,01,00,MSP5093002G,03,01-18-2015,09:40:00,,N,N,MSP,UNK,01,00,161,MD,,1.43,N,DARLINGTON RD,0,M,N,385,CO,,FOX RD,39.5981285,-76.19170183
01,12,,01,17,04,1,88,01,06,MSP5093002H,12.04,01-18-2015,07:45:00,,N,N,MSP,UNK,16,10,1,US,BU,0.51,N,BELAIR RD,200,F,N,260,CO,,OLD JOPPA RD,39.50713117,-76.38028783
05.02,12,,02,02,00,1,01,01,00,MSP5093002J,06.01,01-20-2015,07:05:00,,Y,N,MSP,UNK,01,00,543,MD,,8.88,N,FOUNTAIN GREEN RD,0,F,N,,UU,,ENT TO C MILTON WRIGHT HIGH SCHOOL,39.5616275,-76.332628
01,12,,01,03,02,1,01,01,00,MSP5093002K,06.01,02-11-2015,07:51:00,,N,N,MSP,UNK,01,01,22,MD,,4.22,E,CHURCHVILLE RD,500,F,E,2025,CO,,CAMPUS HILLS DR,39.55530317,-76.27652667
01,12,,01,09,02,1,01,04,07,MSP5093002L,06.01,02-13-2015,11:39:00,,N,N,MSP,UNK,01,09,40,US,,15.67,E,PULASKI HWY,0,F,E,,UU,,ENT TO BULLE ROCK,39.53064717,-76.12454517
01,12,,88,17,02,1,01,04,04,MSP5093002N,06.01,03-09-2015,11:29:00,,N,N,MSP,UNK,16,10,24,MD,,3.65,N,VIETNAM VETERANS MEMORIAL HWY,0,F,N,95,IS,,J F K MEMORIAL HWY,39.45484967,-76.30862817
04,12,,01,17,02,1,01,04,06,MSP5093002P,00,02-20-2015,20:52:00,,N,N,MSP,UNK,16,11,40,US,,6.35,E,PULASKI HWY,0,M,E,1044,CO,,ABINGDON RD,39.45530004,-76.26701
04,10,,01,17,01,2,00,04,00,MSP5224001Q,12.04,01-24-2015,07:09:00,,N,N,MSP,UNK,18,00,70,IS,,21.86,E,BALTO NATIONAL PIKE,0,M,E,365,CO,,MUSSETTER RD,39.3891901,-77.31501687
04,10,,01,03,02,2,01,04,00,MSP5224001R,06.01,01-17-2015,04:47:00,,N,N,MSP,UNK,01,00,340,US,,8.3,E,JEFFERSON NATIONAL PIKE,0,M,E,281,CO,,LANDER RD,39.3586057,-77.5618752
01,10,,00,17,06.03,1,01,02,05,MSP5224001S,08.04,01-26-2015,10:02:00,,N,N,MSP,UNK,09,00,40,US,,10.35,E,BALTO NATIONAL PIKE,0,F,E,,UU,,BEGIN BRIDGE,39.4321921,-77.4828498
03,10,,03,11,02,1,01,01,00,MSP5224001T,06.01,02-04-2015,17:40:00,,Y,N,MSP,UNK,01,00,180,MD,,14.36,E,JEFFERSON PIKE,0,F,E,180,MD,,HIMES AVE,39.4032155,-77.4399039
01,10,,01,17,03,,00,04,06,MSP5224001V,06.01,02-19-2015,09:56:00,,N,N,MSP,UNK,09,00,340,US,,2.12,E,JEFFERSON NATIONAL PIKE,0,M,E,17,MD,,BURKITTSVILLE RD,39.342706,-77.63611
01,10,,01,03,02,2,01,04,00,MSP5224001W,06.01,02-18-2015,09:32:00,,N,N,MSP,UNK,01,00,270,IS,,3.52,N,EISENHOWER MEMORIAL HWY,1,M,N,80,MD,,FINGERBOARD RD,39.324532,-77.361648
05.02,10,,01,17,04,,00,01,06,MSP5224001X,06.01,02-11-2015,06:28:00,,N,N,MSP,UNK,09,00,550,MD,,15.39,N,SABILLASVILLE RD,1,M,N,30,CO,,KELBAUGH RD,39.6503564,-77.42418
05.02,10,,05.01,17,01,1,01,02,05,MSP5224001Y,06.01,02-11-2015,05:35:00,,N,N,MSP,UNK,09,00,15,US,,6.96,N,CATOCTIN MOUNTAIN HWY,0,M,N,340,US,,JEFFERSON NATIONAL PIKE,39.3640473,-77.5010212
01,10,,00,03,02,1,01,04,00,MSP5224001Z,06.01,02-03-2015,16:54:00,,N,N,MSP,UNK,01,00,15,US,,15.14,N,CATOCTIN MOUNTAIN HWY,2,M,N,26,MD,,LIBERTY RD,39.4295603,-77.4174677
01,10,,01,03,02,1,01,04,00,MSP52240020,06.01,02-20-2015,09:22:00,,N,N,MSP,UNK,01,00,15,US,,6.96,N,CATOCTIN MOUNTAIN HWY,2,M,N,340,US,,JEFFERSON NATIONAL PIKE,39.4239932,-77.428229
01,10,,01,03,02,1,01,04,00,MSP52240021,06.01,02-20-2015,09:35:00,,N,N,MSP,UNK,01,00,15,US,,6.96,N,CATOCTIN MOUNTAIN HWY,2,M,N,340,US,,JEFFERSON NATIONAL PIKE,39.4239932,-77.428229
01,10,,01,17,03,,01,04,06,MSP52240022,08.04,02-21-2015,09:55:00,,N,N,MSP,UNK,09,11,70,IS,,10.46,E,EISENHOWER MEMORIAL HWY,0,F,E,,UU,,EXIT #48,39.4377795,-77.490532
01,10,,01,17,02,,01,04,05,MSP52240023,06.01,02-27-2015,14:13:00,,N,N,MSP,UNK,09,00,15,US,,34.21,N,CATOCTIN MOUNTAIN HWY,0,M,N,344,OP,,ANNANDALE RD,39.6819959,-77.3489141
04,10,,01,17,02,1,01,04,00,MSP52240024,06.01,02-27-2015,20:57:00,,N,N,MSP,UNK,08,00,70,IS,,23.96,E,BALTO NATIONAL PIKE,300,F,E,75,MD,,GREEN VALLEY RD,39.38190985,-77.26231087
01,10,,01,17,03,,01,04,06,MSP52240025,08.04,03-01-2015,16:15:00,,N,N,MSP,UNK,09,00,70,IS,,0,E,EISENHOWER MEMORIAL HWY,0,M,E,,UU,,WASHINGTON CO/L,39.5341701,-77.60609938
03,10,,01,17,04,,01,04,05,MSP52240026,03,03-01-2015,18:35:00,,N,N,MSP,UNK,09,09,270,IS,,3.52,N,EISENHOWER MEMORIAL HWY,0,F,N,80,MD,,FINGERBOARD RD,39.3240318,-77.357078
04,10,,01,03,02,,01,02,00,MSP52240027,06.01,02-28-2015,19:53:00,,N,N,MSP,UNK,01,00,70,IS,,11.01,E,EISENHOWER MEMORIAL HWY,0,F,E,70,RP,,RAMP 6 FR US 40AL EB TO IS 70 SB,39.41814582,-77.48013233
04,10,,01,17,01,,01,04,05,MSP52240028,06.01,03-15-2015,05:39:00,,N,N,MSP,UNK,09,00,70,IS,,26.23,E,BALTO NATIONAL PIKE,0,M,E,397,CO,,BARTHOLOWS RD,39.36957363,-77.21587773
03,10,,01,17,02,,01,04,15.05,MSP52240029,06.01,01-31-2015,20:55:00,,N,N,MSP,UNK,09,00,340,US,,9.83,E,JEFFERSON NATIONAL PIKE,0,F,E,15,US,,CATOCTIN MOUNTAIN HWY,39.40578,-77.432959
01,10,,01,17,02,,01,04,11,MSP5224002B,06.01,03-17-2015,08:24:00,,N,N,MSP,UNK,09,00,15,US,,35.67,N,CATOCTIN MOUNTAIN HWY,50,F,N,,UU,,STRUC #10124 TOMS CREEK,39.69067057,-77.32404853
01,10,,01,17,02,,01,04,09,MSP5224002C,06.01,03-25-2015,17:06:00,,N,N,MSP,UNK,09,16,15,US,,34.21,N,CATOCTIN MOUNTAIN HWY,50,F,N,,UU,,COLLEGE LA,39.68570228,-77.34238975
04,10,,01,17,02,,01,04,05,MSP5224002D,06.01,03-23-2015,20:38:00,,N,N,MSP,UNK,09,00,26,MD,,1.772,E,LIBERTY RD,0,F,E,79,MU,,LATHAM DR,39.4508206,-77.373516
01,10,,03,11,02,1,01,01,04,MSP5224002F,06.01,03-26-2015,16:30:00,,Y,N,MSP,UNK,01,09,40,US,AL,6.97,E,OLD NATIONAL PIKE,0,F,E,661,CO,AL,BEECHTREE DR,39.43294868,-77.51405628
01,10,,01,17,02,,01,01,05,MSP5224002K,06.01,03-30-2015,06:55:00,,N,N,MSP,UNK,09,00,15,US,,16.53,N,CATOCTIN MOUNTAIN HWY,0,M,N,998,MU,,MONOCACY BLVD,39.41834963,-77.43414095
04,07,,00,17,01,1,00,01,06,MSP4791002H,03,01-04-2015,00:00:00,,N,N,MSP,UNK,11,09,272,MD,,15.43,N,NORTHEAST RD,100,F,N,411,CO,,WARBURTON RD,39.65103283,-75.9537895
01,07,,00,02,01,1,00,01,05,MSP4791002J,03,01-12-2015,09:40:00,,N,N,MSP,UNK,01,09,277,MD,,0.72,E,ELK MILLS RD,0,F,E,,UU,,STRUC #7045 BIG ELK CREEK,39.65717683,-75.82188767
01,19,,01,17,01,1,01,01,10,MSP4794000J,03,03-20-2015,16:15:00,6,N,N,MSP,UNK,09,09,667,MD,,8.05,E,HUDSON CORNER RD,1,M,E,169,CO,,LANDON STORE RD,38.04040883,-75.74020583
01,10,,01,07,01,2,01,04,09,MSP47970017,03,01-04-2015,11:30:00,,N,N,MSP,UNK,01,09,70,IS,,2.44,E,EISENHOWER MEMORIAL HWY,1,M,E,251,CO,,MT TABOR RD,39.509795,-77.593314
03,10,,00,17,02,1,01,04,05,MSP47970018,06.01,01-23-2015,04:45:00,,N,N,MSP,UNK,09,00,15,US,,12.63,N,FREDERICK FREEWAY,0,F,N,1625,MU,,W PATRICK ST,39.418276,-77.434108
01,10,,01,03,02,1,01,04,00,MSP47970019,06.01,01-28-2015,07:29:00,,N,N,MSP,UNK,01,01,270,IS,,7.33,N,EISENHOWER MEMORIAL HWY,0,F,N,,UU,,STRUC #10075 MONOCACY RIVER,39.34954933,-77.38962733
01,10,,00,03,02,3,01,04,00,MSP4797001B,06.01,01-29-2015,08:30:00,,N,N,MSP,UNK,01,00,70,IS,,13.96,E,EISENHOWER MEMORIAL HWY,0,M,E,180,MD,,BALLENGER CREEK PIKE,39.397967,-77.430999
01,10,,01,17,02,,01,04,05,MSP4797001C,06.01,01-30-2015,07:56:00,,N,N,MSP,UNK,16,09,15,US,,15.29,N,CATOCTIN MOUNTAIN HWY,0,F,N,26,MD,,LIBERTY RD,39.44674885,-77.40232944
06.02,23,,03,03,02,2,01,01,00,MSP49170008,06.01,02-10-2015,17:31:00,,Y,N,MSP,UNK,01,00,50,US,,10.46,E,OCEAN GATEWAY,0,F,E,50,US,,RIDDLE LA,38.34087117,-75.154768
01,23,,03,08,02,2,01,04,00,MSP4917000B,06.01,03-23-2015,11:08:00,,N,N,MSP,UNK,01,00,50,US,,5.7,E,OCEAN GATEWAY,5,F,E,,UU,,SPUR TO & FR MD 346,38.35005378,-75.23572683
04,22,,01,17,04,1,01,03,06,MSP5096001G,09.04,01-14-2015,02:58:00,,N,N,MSP,UNK,16,16,13,US,,2.73,N,SALISBURY BYPASS,0,M,N,513,MD,,ST LUKES RD,38.3042105,-75.6153655
03,22,,01,17,04,1,01,88,05,MSP5096001H,06.01,02-10-2015,04:13:00,,N,N,MSP,UNK,09,00,50,US,,11.73,E,OCEAN GATEWAY,1,M,E,539,CO,,WHITE LOWE RD,38.4064045,-75.6382815
03,02,,01,03,02,1,01,04,00,MSP5097000P,06.01,01-09-2015,17:28:00,00,N,N,MSP,UNK,01,00,97,IS,,6.71,N,NO NAME,1,M,N,32,MD,,NO NAME,39.07582083,-76.62978967
06.02,03,,01,17,02,,01,04,11,MSP5097000Q,06.01,02-06-2015,17:32:00,00,N,N,MSP,UNK,16,09,295,MD,,1.1,N,BALTIMORE WASHINGTON PKWY,500,F,N,3281,CO,,DAISY AVE,39.24664233,-76.64690667
01,02,,01,17,02,,01,04,05,MSP5097000R,06.01,02-07-2015,07:45:00,00,N,N,MSP,UNK,16,09,97,IS,,1.19,N,NO NAME,500,F,N,2619,CO,,CROWNSVILLE RD,39.00219333,-76.59750133
04,02,,01,17,04,,01,04,05,MSP5097000S,09.04,02-10-2015,01:45:00,00,N,N,MSP,UNK,16,09,295,MD,,11.85,N,BALTIMORE WASHINGTON PKWY,0,F,N,195,IS,,METROPOLITAN BLVD,39.205013,-76.68940583