LIGHT_CODE,COUNTY_NO,MUNI_CODE,JUNCTION_CODE,COLLISION_TYPE_CODE,SURF_COND_CODE,LANE_CODE,RD_COND_CODE,RD_DIV_CODE,FIX_OBJ_CODE,REPORT_NO,WEATHER_CODE,ACC_DATE,ACC_TIME,LOC_CODE,SIGNAL_FLAG,C_M_ZONE_FLAG,AGENCY_CODE,AREA_CODE,HARM_EVENT_CODE1,HARM_EVENT_CODE2,RTE_NO,ROUTE_TYPE_CODE,RTE_SUFFIX,LOG_MILE,LOGMILE_DIR_FLAG,MAINROAD_NAME,DISTANCE,FEET_MILES_FLAG,DISTANCE_DIR_FLAG,REFERENCE_NO,REFERENCE_TYPE_CODE,REFERENCE_SUFFIX,REFERENCE_ROAD_NAME,LATITUDE,LONGITUDE
01,07,,01,17,04,1,01,04,05,MSP49990016,09.04,01-12-2015,09:43:00,00,N,N,MSP,UNK,09,00,40,US,,11.38,E,PULASKI HWY,300,F,E,,UU,,EPHRATA AVE,39.609702,-75.89353933
01,07,,01,17,04,1,01,01,06,MSP49990017,09.04,01-12-2015,10:26:00,00,N,N,MSP,UNK,09,11,286,MD,,0.54,E,BETHEL RD,100,F,E,,UU,,PICNIC AREA,39.523514,-75.801763
01,07,,03,03,01,1,01,04,00,MSP49990019,07.01,02-10-2015,11:14:00,00,N,N,MSP,UNK,01,00,40,US,,8.3,E,PULASKI HWY,0,F,E,272,MD,,NORTHEAST RD,39.608979,-75.94757667
04,07,,01,17,03,1,01,01,09,MSP4999001B,08.04,02-14-2015,20:51:00,00,N,N,MSP,UNK,09,09,213,MD,,4.84,N,AUGUSTINE HERMAN HWY,0,M,N,1043,CO,,MILL LA,39.41881133,-75.8609845
01,07,,02,03,02,,01,04,00,MSP4999001C,07.01,02-16-2015,15:33:00,00,Y,N,MSP,UNK,01,01,40,US,,17.05,E,PULASKI HWY,0,F,E,781,MD,,DELANCY RD,39.60540367,-75.78981233
01,07,,01,03,02,1,01,01,00,MSP4999001D,06.01,03-12-2015,17:36:00,00,N,N,MSP,UNK,01,01,213,MD,,18.29,N,AUGUSTINE HERMAN HWY,50,F,N,,UU,,SPUR TO US 40,39.59828683,-75.82756783
01,02,,01,17,01,1,01,04,05,MSP50150007,03,01-12-2015,14:16:00,,N,N,MSP,UNK,09,00,97,IS,,16.25,N,NO NAME,25,F,N,242,CO,,WELLHAM AVE,39.18443525,-76.63178444
01,02,,01,07,02,3,04,04,00,MSP50150008,06.01,01-13-2015,11:23:00,,N,N,MSP,UNK,01,00,97,IS,,15.65,N,NO NAME,50,F,N,97,RP,,RAMP 1 FR IS 97 NB TO MD 648E WB,39.17556141,-76.63668752
01,02,,01,03,02,1,01,04,00,MSP50150009,06.01,01-27-2015,09:46:00,9065,N,N,MSP,UNK,01,00,295,MD,,8.95,N,BALTIMORE WASHINGTON PKWY,1,M,N,100,MD,,NO NAME,39.165163,-76.736059
01,02,,01,17,03,,01,04,05,MSP5015000B,08.04,03-01-2015,09:55:00,,N,N,MSP,UNK,09,09,97,IS,,9.67,N,NO NAME,300,F,N,3,MD,C,BENFIELD BLVD,39.10884183,-76.63191583
01,02,,01,17,03,,01,04,12,MSP5015000C,08.04,03-01-2015,11:00:00,,N,N,MSP,UNK,09,00,97,IS,,13.84,N,NO NAME,300,F,N,100,MD,,NO NAME,39.15701767,-76.645234
05.02,02,,01,03,01,1,01,04,22.03,MSP5015000D,03,03-27-2015,06:55:00,,N,N,MSP,UNK,01,09,295,MD,,11.52,N,BALTIMORE WASHINGTON PKWY,15,F,N,195,RP,,RAMP 8 FR IS 195 SB TO MD 295 WB,39.19978508,-76.69807792
01,08,,01,03,01,2,01,04,00,MSP5134000P,06.01,03-27-2015,16:38:00,,Y,N,MSP,UNK,01,00,5,MD,BU,0,N,LEONARDTOWN RD,0,F,N,623,CO,BU,ST CHARLES PKWY,38.615088,-76.882787
03,03,,01,17,02,3,01,04,01,MSP51380001,06.01,02-24-2015,23:32:00,CVA,N,N,MSP,UNK,88,00,695,IS,,6.6,N,BALTO BELTWAY,1,F,N,2500,CO,,CROSBY RD,39.297197,-76.742699
04,11,,01,17,01,1,01,01,07,MSP5146000B,08.04,01-30-2015,17:57:00,,N,N,MSP,UNK,09,09,42,MD,,4.42,N,FRIENDSVILLE RD,100,F,N,38,CO,,KISNER RD,39.62584609,-79.39135909
03,11,,01,17,02,1,01,01,06,MSP5146000C,07.01,02-24-2015,21:41:00,,N,N,MSP,UNK,09,00,343,CO,,1.52,N,DEEP CREEK DR,100,F,N,,UU,,HARTWOOD DR,39.54811616,-79.35220957
01,11,,01,17,02,,01,01,05,MSP5146000D,06.01,03-22-2015,17:49:00,,N,N,MSP,UNK,09,11,40,US,AL,10.37,E,NATIONAL PIKE,2,M,E,214,CO,,LOWER NEW GERMANY RD,39.68317188,-79.04972076
01,19,,01,17,02,1,01,01,11,MSP5149000K,06.01,03-21-2015,14:05:00,7,N,N,MSP,UNK,16,09,388,MD,,1.68,E,W POST OFFICE RD,100,F,E,213,CO,,PERRYHAWKIN RD,38.20799353,-75.6555866
01,04,,06.01,02,03,3,00,04,09,MSP51560005,08.04,02-16-2015,16:36:00,,N,N,MSP,UNK,01,09,2,MD,,18.741,N,SOLOMONS ISLAND RD,0,F,N,,UU,,ENT TO WAL-MART (SOUTH),38.54144403,-76.58926606
04,04,,01,17,04,,00,04,05,MSP51560006,03,02-22-2015,00:09:00,,N,N,MSP,UNK,16,09,260,MD,,6.2,E,CHESAPEAKE BEACH RD,0,M,E,377,CO,,HORACE WARD RD,38.701294,-76.562948
01,02,,01,17,02,2,01,04,05,MSP51580002,08.04,02-17-2015,15:43:00,,N,N,MSP,UNK,16,09,295,MD,,11.85,N,BALTIMORE WASHINGTON PKWY,0,M,N,195,IS,,METROPOLITAN BLVD,39.19903679,-76.70021296
01,23,,02,06,02,1,01,01,00,MSP48390003,06.01,03-12-2015,13:22:00,05,Y,N,MSP,UNK,01,00,611,MD,,7.19,N,STEPHEN DECATUR HWY,0,F,N,449,CO,,MYSTIC HARBOUR BLVD,38.32157546,-75.12303114
01,23,,00,88,02,1,01,01,00,MSP48390004,06.01,03-12-2015,13:22:00,05,N,N,MSP,UNK,03,01,611,MD,,7.19,N,STEPHEN DECATUR HWY,0,F,N,449,CO,,MYSTIC HARBOUR BLVD,38.32159229,-75.12309551
01,07,,02,17,02,1,01,01,10,MSP50190013,06.01,01-08-2015,08:23:00,,N,N,MSP,UNK,09,00,545,MD,,0.94,N,BLUE BALL RD,0,F,N,,UU,,ELK PARK WAY,39.616789,-75.8494525
03,07,,01,03,02,2,01,04,00,MSP50190014,06.01,01-16-2015,17:45:00,,N,N,MSP,UNK,01,09,40,US,,10.48,E,PULASKI HWY,1,M,E,175,CO,,MARLEY RD,39.61135267,-75.91849567
01,07,,02,02,02,,01,03,00,MSP5035000T,06.01,02-27-2015,13:09:00,,Y,N,MSP,UNK,01,00,40,US,,17.05,E,PULASKI HWY,0,F,E,781,MD,,DELANCY RD,39.60542366,-75.7894206
04,07,,06.01,01,02,1,00,04,00,MSP5035000V,06.01,03-17-2015,01:19:00,,N,N,MSP,UNK,01,00,40,US,,15.32,E,PULASKI HWY,20,F,E,,UU,,CROSSOVER,39.59813817,-75.81544467
01,07,,01,17,01,,01,01,05,MSP5035000W,03,03-31-2015,18:16:00,,N,N,MSP,UNK,09,11,1,US,,3.55,N,CONOWINGO RD,200,F,N,,UU,,OCTORARO PARK LA,39.694628,-76.12256783
01,03,,01,17,01,,01,02,05,MSP4641004F,07.01,01-04-2015,15:23:00,,N,N,MSP,UNK,09,00,695,IS,,4.16,N,BALTO BELTWAY,0,M,N,150,MD,,EASTERN AVE,39.3099305,-76.50246467
06.02,03,,01,03,02,,01,02,00,MSP4641004G,06.01,01-05-2015,17:03:00,,N,N,MSP,UNK,02,00,695,IS,,23.29,N,BALTO BELTWAY,0,F,N,542,MD,,LOCH RAVEN BLVD,39.403644,-76.570924
03,03,,01,03,02,1,01,02,00,MSP4641004H,06.01,01-05-2015,19:15:00,,N,N,MSP,UNK,01,00,695,IS,,21.125,N,BALTO BELTWAY,0,M,N,146,MD,,DULANEY VALLEY RD,39.4137925,-76.60851767
01,03,,01,17,03,2,01,02,05,MSP4641004J,08.04,01-06-2015,14:00:00,,N,N,MSP,UNK,09,00,95,IS,,17.68,N,J F K MEMORIAL HWY,0,F,N,695,IS,,BALTO BELTWAY,39.35047167,-76.49674983
01,03,,01,17,02,,01,02,06,MSP4641004L,06.01,01-23-2015,08:32:00,,N,N,MSP,UNK,16,11,695,IS,,1.9,N,BALTO BELTWAY,0,M,N,702,MD,,SOUTHEAST BLVD,39.32064383,-76.48709667
01,03,,01,17,01,,01,02,04,MSP4641004M,03,01-24-2015,11:51:00,,N,N,MSP,UNK,09,00,695,IS,,4.16,N,BALTO BELTWAY,0,M,N,150,MD,,EASTERN AVE,39.31049517,-76.50280383
01,03,,01,03,02,3,01,02,00,MSP4641004N,07.01,01-29-2015,17:02:00,,N,N,MSP,UNK,01,01,695,IS,,24.35,N,BALTO BELTWAY,0,M,N,41,MD,,PERRING PKWY,39.394837,-76.54476733
04,03,,01,17,01,2,04,02,00,MSP4641004P,08.04,01-29-2015,17:38:00,,N,N,MSP,UNK,10,00,695,IS,,27.12,N,BALTO BELTWAY,0,M,N,1,US,,BELAIR RD,39.3788955,-76.5198695
03,03,,01,17,04,,00,02,05,MSP4641004Q,09.04,02-10-2015,01:51:00,,N,N,MSP,UNK,09,00,695,IS,,27.12,N,BALTO BELTWAY,0,M,N,1,US,,BELAIR RD,39.37351533,-76.517757
03,03,,01,17,04,,01,02,09,MSP4641004R,07.01,02-10-2015,05:30:00,,N,N,MSP,UNK,09,16,695,IS,,27.12,N,BALTO BELTWAY,0,F,N,1,US,,BELAIR RD,39.368749,-76.512715
04,03,,00,03,02,1,01,02,05,MSP4641004S,06.01,02-26-2015,19:11:00,,N,N,MSP,UNK,09,01,83,IS,,4.56,N,HARRISBURG EXPWY,0,F,N,695,IS,,BALTO BELTWAY,39.42098083,-76.63883233
01,03,,01,03,02,3,01,02,00,MSP4641004T,06.01,03-13-2015,10:05:00,,N,Y,MSP,UNK,01,00,695,IS,,28.794,N,BALTO BELTWAY,0,M,N,95,IS,,J F K MEMORIAL HWY,39.34164833,-76.4939495
01,03,,01,07,02,2,01,02,00,MSP4641004V,06.01,03-16-2015,12:30:00,,N,N,MSP,UNK,01,00,70,IS,,2.89,E,NO NAME,0,F,E,695,IS,,BALTO BELTWAY,39.304798,-76.746586
01,03,,01,03,02,1,01,02,00,MSP4641004W,06.01,03-21-2015,18:04:00,,N,N,MSP,UNK,01,01,695,IS,,23.29,N,BALTO BELTWAY,0,M,N,542,MD,,LOCH RAVEN BLVD,39.40175767,-76.56206083
01,03,,01,03,02,2,01,02,00,MSP4641004X,06.01,03-22-2015,16:20:00,,N,N,MSP,UNK,01,01,695,IS,,28.794,N,BALTO BELTWAY,0,F,N,95,IS,,J F K MEMORIAL HWY,39.34826483,-76.49487167
00,03,,01,03,02,3,01,02,00,MSP4641004Y,06.01,03-23-2015,17:01:00,,N,N,MSP,UNK,01,00,695,IS,,23.29,N,BALTO BELTWAY,0,M,N,542,MD,,LOCH RAVEN BLVD,39.403652,-76.5715595
00,03,,01,17,02,,01,02,05,MSP4641004Z,00,03-28-2015,23:26:00,,N,N,MSP,UNK,09,11,695,IS,,1.4,N,BALTO BELTWAY,0,F,N,702,MD,,SOUTHEAST BLVD,39.323886,-76.48439167
04,03,,01,17,06.03,1,01,04,05,MSP4846000S,09.04,02-10-2015,03:52:00,,N,N,MSP,UNK,09,00,95,IS,,18.89,N,J F K MEMORIAL HWY,0,F,N,,UU,,MILE MARKER 65.0,39.36180067,-76.47587283
01,03,,01,07,06.03,,01,04,05,MSP4846000T,06.01,02-17-2015,08:04:00,,N,N,MSP,UNK,02,02,95,IS,,25.91,N,J F K MEMORIAL HWY,0,M,N,,UU,,MILE MARKER 72.0,39.435236,-76.379034
01,03,,02,02,02,2,01,04,00,MSP4846000V,06.01,02-19-2015,10:50:00,,Y,Y,MSP,UNK,01,00,43,MD,,4.19,E,WHITE MARSH BLVD,0,F,E,95,IS,,J F K MEMORIAL HWY,39.37974133,-76.45411883
01,12,,01,03,02,2,01,04,00,MSP48490013,06.01,01-08-2015,12:15:00,,Y,N,MSP,UNK,01,14,40,US,,3.08,E,PULASKI HWY,20,F,E,1275,CO,,GATEWAY RD,39.43440483,-76.320404
03,12,,01,07,02,,01,01,00,MSP48490014,06.01,01-15-2015,18:29:00,,N,N,MSP,UNK,01,01,543,MD,,7.37,N,FOUNTAIN GREEN RD,200,F,N,22,MD,,CHURCHVILLE RD,39.54756183,-76.3136375
03,12,,01,03,01,,01,04,00,MSP48490015,03,02-09-2015,17:37:00,,Y,N,MSP,UNK,01,14,40,US,,2.12,E,PULASKI HWY,20,F,E,152,MD,,MOUNTAIN RD,39.43206383,-76.3370955
01,12,,02,11,02,1,01,04,00,MSP48490016,06.01,02-10-2015,15:51:00,,Y,N,MSP,UNK,01,14,924,MD,,0.03,N,EMMORTON RD,0,F,N,24,MD,,VIETNAM VETERANS MEMORIAL HWY,39.46486467,-76.31342883
01,12,,01,03,02,1,01,01,00,MSP48490018,06.01,02-27-2015,13:23:00,,N,N,MSP,UNK,01,14,159,MD,,4.73,N,OLD PHILADELPHIA RD,150,F,N,40,US,,S PHILADELPHIA BLVD,39.488295,-76.196662
01,12,,01,11,02,,01,01,09,MSP48490019,06.01,02-28-2015,11:37:00,,N,N,MSP,UNK,02,02,165,MD,,6.8,N,FEDERAL HILL RD,300,F,N,23,MD,,NORRISVILLE RD,39.604137,-76.47810817
01,12,,01,03,03,1,01,01,00,MSP4849001B,12.04,03-01-2015,11:00:00,,N,N,MSP,UNK,01,14,755,MD,,1.56,N,EDGEWOOD RD,50,F,N,24,MD,,EMMORTON RD,39.43295433,-76.3057355
04,12,,01,17,06.03,1,01,01,00,MSP4849001C,06.01,03-05-2015,18:46:00,,N,N,MSP,UNK,03,10,147,MD,,0.72,N,HARFORD RD,0,M,N,274,CO,,RECKORD RD,39.4895285,-76.4084885
01,13,,01,17,01,,01,04,05,MSP5039000X,03,01-24-2015,13:30:00,,N,N,MSP,UNK,16,09,70,IS,,6.98,E,NO NAME,1,M,E,97,MD,,HOODS MILL RD,39.321199,-76.99156
01,13,,01,17,04,,01,04,11,MSP5039000Y,05,02-15-2015,11:53:00,,N,N,MSP,UNK,16,09,95,IS,,7.77,N,NO NAME,677,F,N,103,MD,,MEADOWRIDGE RD,39.18857283,-76.77599533
01,13,,01,17,02,,01,04,11,MSP5039000Z,06.01,02-18-2015,06:55:00,,N,N,MSP,UNK,16,09,95,IS,,8.27,N,NO NAME,50,F,N,100,MD,,NO NAME,39.19905983,-76.764497
00,13,,01,03,04,2,01,04,00,MSP50390010,00,02-18-2015,09:00:00,,Y,N,MSP,UNK,01,00,2070,CO,,0.1,E,COLUMBIA GATEWAY DR,2,F,E,2128,CO,,ALEXANDER BELL DR,39.18512,-76.808038
06.02,13,,01,03,02,1,01,04,00,MSP50390011,06.01,02-23-2015,18:05:00,,N,N,MSP,UNK,01,00,95,IS,,6.39,N,NO NAME,999,F,N,175,MD,,WATERLOO RD,39.18325283,-76.78229383
01,07,,09.04,03,03,2,01,04,00,MSP5042000S,08.04,01-26-2015,08:08:00,,N,N,MSP,UNK,01,00,40,US,,10.8,E,PULASKI HWY,0,M,E,,UU,,HAMILTON LA,39.61003613,-75.89855025
01,18,,01,17,01,1,01,01,08,MSP51620006,03,02-02-2015,09:58:00,,N,N,MSP,UNK,09,00,195,CO,,0.04,E,CLARKS LANDING RD,1,M,E,944,MD,,MERVELL DEAN RD,38.1825746,-76.46214709
01,12,,01,17,02,,01,03,07,MSP4711000V,06.01,01-17-2015,08:46:00,,N,N,MSP,UNK,09,00,165,MD,,1.44,N,BALDWIN MILL RD,300,F,N,1369,CO,,ORCHARD LAKE DR,39.531133,-76.48038617
01,12,,01,01,04,1,01,03,05,MSP4711000W,12.04,01-18-2015,13:00:00,,N,N,MSP,UNK,09,01,646,MD,,2.6,N,PROSPECT RD,500,F,N,122,CO,,DAVIS CORNER RD,39.67220517,-76.3175375
04,21,,01,17,03,1,01,01,88,MSP47210017,08.04,01-06-2015,06:38:00,CVA,N,N,MSP,UNK,10,00,63,MD,,0.48,N,SPIELMAN RD,800,F,N,568,CO,,FAIRPLAY RD,39.5367015,-77.74812483
01,21,,01,17,03,1,01,01,10,MSP47210018,08.04,01-06-2015,09:07:00,00,N,N,MSP,UNK,09,00,64,MD,,2.56,E,JEFFERSON BLVD,35,F,E,350,CO,,SUN VALLEY DR,39.64267733,-77.66650917
04,21,,01,03,01,1,00,01,00,MSP47210019,07.01,01-14-2015,17:46:00,00,N,N,MSP,UNK,01,00,68,MD,,16.05,E,LAPPANS RD,1,M,E,,UU,,RUSTIC LA,39.534836,-77.708517
01,21,,03,11,02,1,01,01,00,MSP4721001B,06.01,01-15-2015,14:21:00,00,N,N,MSP,UNK,01,00,65,MD,,8.235,N,SHARPSBURG PIKE,0,F,N,1382,CO,,ROCKLAND DR,39.57332,-77.7273065
01,21,,02,11,02,1,01,02,00,MSP4721001C,06.01,01-31-2015,12:42:00,00,Y,N,MSP,UNK,01,00,67,MD,,12.17,N,ROHRERSVILLE RD,0,F,N,,UU,,ENT TO PARK & RIDE,39.49686467,-77.64552017
01,21,,08.04,03,02,1,01,01,00,MSP4721001D,06.01,02-04-2015,08:26:00,UU,N,N,MSP,UNK,01,00,63,MD,,12.7,N,GREENCASTLE PIKE,15,F,N,761,CO,,RESH RD,39.66437367,-77.79715883
04,21,,01,17,03,1,01,01,14.05,MSP4721001F,08.04,02-16-2015,23:16:00,UU,N,N,MSP,UNK,09,00,65,MD,,6.77,N,SHARPSBURG PIKE,1,M,N,68,MD,,LAPPANS RD,39.54740417,-77.73760983
01,21,,01,17,01,1,01,01,11,MSP4721001G,09.04,03-01-2015,12:19:00,UU,N,N,MSP,UNK,09,00,40,US,AL,6.21,E,BOONSBORO PIKE,150,F,E,533,CO,AL,TOMS RD,39.55808617,-77.682958
01,21,,08.04,09,02,1,01,01,10,MSP4721001H,06.01,03-07-2015,14:22:00,UU,N,N,MSP,UNK,01,09,40,US,,26.03,E,NATIONAL PIKE,1,M,E,818,CO,,ASHTON RD,39.659591,-77.909638
01,21,,02,11,02,1,01,01,00,MSP4721001J,06.01,03-23-2015,10:21:00,UU,N,N,MSP,UNK,01,00,65,MD,,9.33,N,SHARPSBURG PIKE,0,F,N,562,CO,,COLLEGE RD,39.58796983,-77.7316005
01,21,,02,05,02,1,01,01,00,MSP4721001K,06.01,03-26-2015,10:34:00,UU,N,N,MSP,UNK,01,00,68,MD,,8.81,E,LAPPANS RD,0,F,E,908,CO,,PROSPERITY LA,39.58166583,-77.809473
01,16,,03,11,02,3,01,03,00,MSP4873000M,06.01,01-09-2015,14:33:00,,Y,N,MSP,UNK,01,00,4,MD,,7.68,N,PENNSYLVANIA AVE,0,F,N,92,CO,,DOWER HOUSE RD,38.82095562,-76.84890085
04,16,,01,17,04,4,00,04,05,MSP4873000N,12.04,02-10-2015,05:02:00,,N,N,MSP,UNK,09,00,5,MD,,11.61,N,BRANCH AVE,1,M,N,5,MD,,MANCHESTER DR,38.80555855,-76.90613703
04,06,,03,17,04,1,01,01,00,MSP50460009,06.01,01-06-2015,17:06:00,,N,N,MSP,UNK,16,11,27,MD,,26.86,N,MANCHESTER RD,30,F,N,205,MU,,WESTMINSTER ST,39.66023901,-76.89275265
03,06,,02,11,03,2,01,01,00,MSP5046000B,08.04,01-26-2015,17:36:00,,Y,N,MSP,UNK,01,00,26,MD,,7.95,E,LIBERTY RD,0,F,E,663,CO,,LINTON RD,39.41699945,-76.98606133
05.02,03,,01,03,04,1,01,01,06,MSP5047000M,08.04,03-02-2015,06:30:00,,N,N,MSP,UNK,10,01,2356,CO,,2.99,E,DOGWOOD RD,900,F,E,2365,CO,,HOLLIFIELD RD,39.3154435,-76.79344933
01,03,,01,03,02,1,01,04,00,MSP5047000P,06.01,03-11-2015,17:26:00,,N,N,MSP,UNK,01,01,695,IS,,14.2,N,BALTO BELTWAY,900,F,N,,UU,,EXIT #21,39.39297717,-76.70561383
03,03,,02,88,02,1,01,04,09,MSP5047000Q,06.01,03-21-2015,23:53:00,,Y,N,MSP,UNK,09,09,40,US,,3.69,E,BALTO NATIONAL PIKE,0,F,E,2553,CO,,COLERIDGE RD,39.29140667,-76.71605333
04,07,,01,17,06.03,,00,88,06,MSP50480016,09.04,01-24-2015,00:49:00,,N,N,MSP,UNK,09,00,95,IS,,4,N,J F K MEMORIAL HWY,0,F,N,,UU,,MILE MARKER 95.0,39.60497233,-76.03414083
05.02,12,,01,17,03,,01,02,05,MSP50480017,08.04,02-27-2015,06:29:00,,N,N,MSP,UNK,09,09,95,IS,,1.7,N,J F K MEMORIAL HWY,0,M,N,,UU,,EXIT #74,39.4424615,-76.34710067
01,03,,01,17,03,,01,88,05,MSP50480018,08.04,03-01-2015,10:44:00,,N,N,MSP,UNK,09,00,95,IS,,20.89,N,J F K MEMORIAL HWY,1,M,N,,UU,,MILE MARKER 67.0,39.36883333,-76.46345483
01,03,,01,17,03,,01,88,05,MSP50480019,08.04,03-01-2015,11:55:00,,N,N,MSP,UNK,09,00,95,IS,,23.911,N,J F K MEMORIAL HWY,0,M,N,,UU,,MILE MARKER 70.0,39.41692817,-76.40873433
88,03,,01,17,01,,01,88,13,MSP5048001B,08.04,03-01-2015,15:10:00,,N,N,MSP,UNK,09,00,95,IS,,17.68,N,J F K MEMORIAL HWY,0,F,N,,UU,,EXIT #64,39.3574275,-76.485196
01,12,,01,17,02,3,00,88,00,MSP5048001C,06.01,03-08-2015,15:49:00,,N,N,MSP,UNK,10,00,95,IS,,1.7,N,J F K MEMORIAL HWY,0,M,N,152,MD,,MOUNTAIN RD,39.44199312,-76.34783506
01,03,,01,03,02,,01,88,00,MSP5048001D,06.01,03-30-2015,15:25:00,,N,N,MSP,UNK,02,00,95,IS,,16.87,N,J F K MEMORIAL HWY,0,M,N,,UU,,MILE MARKER 63.0,39.34641633,-76.507031
01,03,,01,00,02,,01,01,00,MSP5163001Z,07.01,01-14-2015,08:20:00,,N,N,MSP,UNK,00,00,25,MD,,1.13,N,FALLS RD,0,M,N,1496,CO,,OLD PIMLICO RD,39.38655817,-76.65931233
05.02,03,,01,17,01,,01,04,05,MSP51630020,07.01,01-15-2015,06:15:00,,N,N,MSP,UNK,16,09,83,IS,,7.32,N,HARRISBURG EXPWY,0,M,N,773,CO,,PADONIA RD,39.44998583,-76.63869917
03,03,,01,03,02,1,01,02,00,MSP51630021,00,01-19-2015,18:07:00,,N,N,MSP,UNK,01,00,122,MD,,0.43,E,SECURITY BLVD,0,F,E,695,RP,,RAMP 6 FR MD 122 EB TO IS 695 SB,39.31054983,-76.7452685
01,03,,01,07,02,1,01,02,00,MSP51630022,06.01,02-06-2015,10:39:00,,N,N,MSP,UNK,01,00,695,IS,,18.86,N,BALTO BELTWAY,100,F,N,83,RP,,RAMP 3 FR IS 83/IS 695 EB TO IS 83 NB,39.42013244,-76.64292097
04,03,,01,07,01,3,01,04,05,MSP51630023,08.04,02-16-2015,17:45:00,,N,N,MSP,UNK,01,09,70,IS,,2.37,E,NO NAME,200,F,E,70,RP,,RAMP 8 FR IS 695 SB TO IS 70 WB,39.30762317,-76.75375617
07.88,03,,01,17,02,,01,04,05,MSP51630024,06.01,02-21-2015,04:28:00,,N,N,MSP,UNK,09,14,695,IS,,5.79,N,BALTO BELTWAY,1,F,N,,UU,,EXIT #15,39.28650083,-76.73882767
04,03,,01,07,06.03,,01,04,00,MSP51630025,09.04,02-21-2015,21:37:00,,Y,N,MSP,UNK,01,00,95,IS,,2.78,N,NO NAME,1,M,N,,UU,,EXIT #49,39.239219,-76.70229467
01,03,,01,07,01,2,01,04,05,MSP51630026,08.04,03-05-2015,09:28:00,,N,N,MSP,UNK,01,09,95,IS,,0,N,NO NAME,100,F,N,,UU,,STRUC #3243 PATAPSCO RIVER,39.22516217,-76.71752633
01,07,,02,17,03,,04,02,04,MSP51740008,08.04,03-05-2015,14:42:00,,N,N,MSP,UNK,09,00,222,MD,A,0.08,W,CHESAPEAKE OVERLOOK PKWY,0,F,W,222,MD,B,TURNPIKE DR,39.59595011,-76.06785536
05.02,12,,01,03,01,1,01,04,00,MSP51740009,03,03-27-2015,06:35:00,,N,N,MSP,UNK,01,00,95,IS,,1.7,N,J F K MEMORIAL HWY,1,M,N,,UU,,EXIT #74,39.442125,-76.359736
01,16,,09.04,13,02,2,01,01,04,MSP47250001,06.01,03-18-2015,12:40:00,,N,N,MSP,UNK,01,09,1,US,,7.42,N,BALTIMORE AVE,0,M,N,1291,CO,,RHODE ISLAND AVE,39.03079473,-76.9129437
04,17,,01,17,02,1,01,01,88,MSP4739000V,06.01,01-03-2015,01:05:00,,N,N,MSP,UNK,16,11,305,MD,,2.43,E,HOPE RD,500,F,E,114,CO,,TANYARD RD,39.0419725,-76.02542633
04,17,,01,17,02,2,01,04,00,MSP4739000W,06.01,02-05-2015,05:50:00,,N,N,MSP,UNK,08,00,301,US,,32.4,N,BLUE STAR MEMORIAL HWY,500,F,N,300,MD,,SUDLERSVILLE RD,39.16568483,-75.91940917
01,17,,01,17,04,1,01,01,10,MSP4739000X,06.01,02-15-2015,15:31:00,,N,N,MSP,UNK,09,16,18,MD,B,4.81,E,MAIN ST,350,F,E,174,CO,,PERRY CORNER RD,38.958524,-76.20891367
01,14,,01,17,04,1,01,04,05,MSP4739000Y,12.04,03-01-2015,12:15:00,,N,N,MSP,UNK,09,16,301,US,,0.19,N,BLUE STAR MEMORIAL HWY,800,F,N,291,MD,,RIVER RD,39.29147867,-75.85388867
01,17,,02,11,02,2,01,04,00,MSP4739000Z,06.01,03-12-2015,16:52:00,,Y,N,MSP,UNK,01,00,301,US,,28.57,N,BLUE STAR MEMORIAL HWY,0,F,N,19,MD,,ROBERTS STATION RD,39.12281545,-75.9424396
04,13,,01,17,04,,01,02,00,MSP48750027,06.01,01-23-2015,06:06:00,,N,N,MSP,UNK,16,11,95,IS,,4.08,N,NO NAME,0,M,N,32,MD,,PATUXENT PKWY,39.159594,-76.82069883
01,13,,01,17,04,4,00,02,00,MSP48750028,05,02-15-2015,09:09:00,,N,N,MSP,UNK,11,00,95,IS,,11.59,N,NO NAME,0,M,N,,UU,,BALTIMORE CO/L,39.224945,-76.71823783
01,13,,00,17,02,3,01,02,00,MSP48750029,06.01,02-16-2015,08:02:00,,N,N,MSP,UNK,16,00,70,IS,,17.68,E,NO NAME,0,M,E,29,US,,COLUMBIA PIKE,39.296716,-76.81855967
01,13,,01,17,02,1,01,02,05,MSP4875002B,06.01,02-18-2015,08:37:00,,N,N,MSP,UNK,00,00,95,IS,,11.59,N,NO NAME,0,M,N,,UU,,BALTIMORE CO/L,39.22500267,-76.7180185
01,13,,01,03,02,1,01,02,00,MSP4875002C,06.01,02-18-2015,10:43:00,,N,N,MSP,UNK,01,00,100,MD,,5.34,E,NO NAME,0,M,E,95,RP,,RAMP 6 FR MD 100 EB TO RAMP 7 (TO IS 95),39.19510617,-76.769918
01,13,,01,17,02,,01,02,11,MSP4875002D,06.01,02-24-2015,15:02:00,,N,N,MSP,UNK,16,11,95,IS,,6.39,N,NO NAME,0,M,N,175,MD,,WATERLOO RD,39.173271,-76.79723983
04,13,,01,17,02,,01,02,00,MSP4875002F,06.01,03-22-2015,21:54:00,,N,N,MSP,UNK,16,11,70,IS,,13.59,E,NO NAME,1,M,E,70,CO,,MARRIOTTSVILLE RD,39.3051135,-76.88133433
01,06,,01,06,03,1,01,01,00,MSP4876001K,07.01,01-14-2015,09:43:00,,N,N,MSP,UNK,12,00,97,MD,,27.67,N,LITTLESTOWN PIKE,1,M,N,53,CO,,BLACKS SCHOOLHOUSE RD,39.55526857,-76.95734037