LIGHT_CODE,COUNTY_NO,MUNI_CODE,JUNCTION_CODE,COLLISION_TYPE_CODE,SURF_COND_CODE,LANE_CODE,RD_COND_CODE,RD_DIV_CODE,FIX_OBJ_CODE,REPORT_NO,WEATHER_CODE,ACC_DATE,ACC_TIME,LOC_CODE,SIGNAL_FLAG,C_M_ZONE_FLAG,AGENCY_CODE,AREA_CODE,HARM_EVENT_CODE1,HARM_EVENT_CODE2,RTE_NO,ROUTE_TYPE_CODE,RTE_SUFFIX,LOG_MILE,LOGMILE_DIR_FLAG,MAINROAD_NAME,DISTANCE,FEET_MILES_FLAG,DISTANCE_DIR_FLAG,REFERENCE_NO,REFERENCE_TYPE_CODE,REFERENCE_SUFFIX,REFERENCE_ROAD_NAME,LATITUDE,LONGITUDE
04,06,,01,02,03,1,01,01,00,MSP4876001L,08.04,02-16-2015,18:54:00,,N,N,MSP,UNK,01,00,32,MD,,13.844,N,SYKESVILLE RD,1,M,N,97,MD,,NEW WASHINGTON RD,39.5214515,-76.99005267
04,06,,01,17,01,1,01,01,10,MSP4876001M,03,03-13-2015,21:58:00,,N,N,MSP,UNK,09,00,97,MD,,23.16,N,LITTLESTOWN PIKE,300,F,N,774,CO,,SAW MILL RD W,39.66184063,-77.01346798
01,06,,01,03,01,1,01,01,00,MSP4876001N,07.01,03-27-2015,08:02:00,,N,Y,MSP,UNK,01,01,140,MD,,0.02,N,BALTIMORE BLVD,50,F,N,,UU,,END BRIDGE,39.5553036,-76.95733048
01,11,,00,07,03,1,01,01,00,MSP5049000B,10.04,02-15-2015,15:17:00,SHA,N,N,MSP,UNK,01,00,40,US,AL,13.15,E,NATIONAL PIKE,0,F,E,296,CO,AL,CHURCH RUN RD,39.6871035,-79.03331333
04,11,,00,17,01,1,00,01,04,MSP5049000D,07.01,03-21-2015,23:54:00,N/A,N,N,MSP,UNK,09,11,42,MD,,4.42,N,FRIENDSVILLE RD,1,M,N,38,CO,,KISNER RD,39.636676,-79.3904305
04,19,,01,03,02,1,01,02,00,MSP50510004,06.01,02-13-2015,18:39:00,,N,N,MSP,UNK,01,00,13,US,,11.87,N,OCEAN HWY,50,F,N,675,MD,,SOMERSET AVE,38.1829035,-75.68984179
01,22,,01,17,04,2,00,04,06,MSP5053000T,09.04,01-14-2015,10:23:00,,N,N,MSP,UNK,16,11,13,US,,11.366,N,SALISBURY BYPASS,1,M,N,406,CO,,ZION RD,38.393353,-75.56065867
01,22,,01,17,04,2,01,04,06,MSP5053000W,08.04,03-05-2015,14:21:00,,N,N,MSP,UNK,16,11,50,US,,1.69,E,OCEAN GATEWAY,0,M,E,32,CO,,OLD BRADLEY RD,38.46807217,-75.79368683
01,07,,03,03,02,1,01,04,00,MSP51750015,06.01,01-09-2015,16:09:00,,Y,N,MSP,UNK,01,01,40,US,,8.3,E,PULASKI HWY,30,F,E,272,MD,,NORTHEAST RD,39.60848567,-75.94800767
04,07,,00,17,04,1,01,01,06,MSP51750016,09.04,02-09-2015,22:29:00,,N,N,MSP,UNK,88,09,1,US,,6.1,N,RISING SUN BYPASS,250,F,N,25,CO,,SLICERS MILL RD,39.70198833,-76.083498
01,07,,00,17,02,,01,01,10,MSP51750017,06.01,02-18-2015,08:50:00,,N,N,MSP,UNK,09,00,7,MD,C,6.76,N,E OLD PHILADELPHIA RD,40,F,N,,UU,,CHESTNUT HILL LA,39.603317,-75.908093
03,07,,00,11,02,1,01,01,00,MSP51750018,06.01,02-02-2015,18:31:00,,Y,N,MSP,UNK,01,00,276,MD,,5.82,N,JACOB TOME MEMORIAL HWY,0,F,N,52,CO,,BARNES CORNER RD,39.674434,-76.073735
01,07,,01,02,02,2,01,01,00,MSP51750019,06.01,03-16-2015,10:15:00,,N,N,MSP,UNK,01,01,272,MD,,14.49,N,NORTHEAST RD,0,F,N,,UU,,ENT TO BAYVEIW ELEMENTARY SCHOOL,39.63950452,-75.95835686
04,07,,01,17,02,1,01,01,04,MSP5175001B,06.01,03-25-2015,12:04:00,,N,N,MSP,UNK,16,09,274,MD,,1.58,E,JOSEPH BIGGS MEMORIAL HWY,400,F,E,31,CO,,WILSON RD,39.68867893,-76.0400784
03,06,,00,88,01,1,01,01,00,MSP5179000Z,07.01,01-03-2015,18:19:00,,N,N,MSP,UNK,01,00,26,MD,,3.62,E,LIBERTY RD,100,F,E,565,CO,,WOODBINE RD,39.44664533,-77.0562655
04,06,,01,01,01,1,01,05.01,00,MSP51790010,00,01-06-2015,18:17:00,,N,N,MSP,UNK,01,00,140,MD,,0,N,BALTIMORE BLVD,0,F,N,,UU,,STRUC #3083 PATAPSCO RIVER,39.48907633,-76.86903656
01,06,,00,03,02,1,01,01,00,MSP51790011,06.01,01-20-2015,12:17:00,,N,N,MSP,UNK,01,00,32,MD,,1.122,N,SYKESVILLE RD,1,M,N,303,MU,,SPRINGFIELD AVE,39.38295417,-76.9665625
01,06,,08.04,05,02,1,01,01,00,MSP51790012,06.01,01-30-2015,16:55:00,,N,N,MSP,UNK,01,01,27,MD,,10.83,N,RIDGE RD,0,M,N,556,CO,,BAKER RD,39.4833174,-77.06227899
04,06,,00,17,02,,01,01,11,MSP51790013,07.01,02-01-2015,17:42:00,,N,N,MSP,UNK,16,09,283,CO,,2.35,N,BOWERSOX RD,0,M,N,285,CO,,NICODEMUS RD,39.52867212,-77.05377102
01,06,,00,88,02,1,01,01,00,MSP51790014,07.01,02-16-2015,13:45:00,,N,N,MSP,UNK,02,00,808,MD,A,1.25,N,S MAIN ST,50,F,N,270,MU,A,PARK AVE,39.37630757,-77.15501904
01,06,,00,17,03,,01,01,09,MSP51790015,09.04,03-05-2015,06:41:00,,N,N,MSP,UNK,09,00,32,MD,,7.504,N,SYKESVILLE RD,0,M,N,1047,CO,,LAKELAND DR,39.45188535,-76.92775011
04,12,,01,17,04,1,01,01,05,MSP47500012,03,01-12-2015,00:31:00,,N,N,MSP,UNK,15,09,543,MD,,12.01,N,ADY RD,1,M,N,195,CO,,GIBSON RD,39.6052255,-76.33569233
01,12,,01,11,02,,01,01,04,MSP47500014,06.01,01-23-2015,08:01:00,,N,N,MSP,UNK,01,09,22,MD,,2.05,E,CHURCHVILLE RD,0,M,E,543,MD,,FOUNTAIN GREEN RD,39.54719579,-76.31225288
01,12,,01,17,04,,01,01,07,MSP47500015,06.01,01-24-2015,10:04:00,,N,N,MSP,UNK,16,09,136,MD,,27.68,N,HARKINS RD,0,M,N,29,CO,,AMOSS MILL RD,39.703852,-76.5165782
01,12,,01,03,02,1,01,01,00,MSP47500016,06.01,01-29-2015,16:27:00,,N,N,MSP,UNK,01,00,152,MD,,11.69,N,FALLSTON RD,50,F,N,56,CO,,PLEASANTVILLE RD,39.53231312,-76.44645452
03,12,,02,03,02,1,01,01,00,MSP47500017,06.01,02-23-2015,18:31:00,,N,N,MSP,UNK,01,01,152,MD,,14.35,N,FALLSTON RD,0,F,N,581,CO,,CLUB RD,39.55307972,-76.48792684
01,12,,02,02,02,1,01,01,00,MSP47500018,06.01,02-27-2015,14:52:00,,Y,N,MSP,UNK,01,00,1,US,BU,5.81,N,CONOWINGO RD,0,F,N,617,CO,BU,E JARRETTSVILLE RD,39.57393934,-76.3539505
01,13,,01,17,02,1,01,00,06,MSP4758000N,07.01,01-23-2015,15:44:00,,N,N,MSP,UNK,16,09,100,MD,,5.55,E,NO NAME,0,F,E,95,RP,,RAMP 7 FR MD 100 WB TO IS 95 SB,39.19570483,-76.763975
01,13,,01,17,02,1,01,01,05,MSP4758000P,07.01,01-25-2015,14:40:00,,N,N,MSP,UNK,16,09,144,MD,A,2.84,E,FREDERICK RD,100,F,E,2443,CO,A,BAHNER CT,39.34291,-77.09053
01,13,,01,03,02,1,01,04,00,MSP4758000Q,07.01,02-12-2015,08:26:00,,N,N,MSP,UNK,01,01,70,IS,,13.59,E,NO NAME,0,M,E,70,CO,,MARRIOTTSVILLE RD,39.30496917,-76.89499333
04,23,,00,17,01,2,01,04,00,MSP4879000K,02,01-04-2015,00:00:00,1,N,N,MSP,UNK,08,00,113,US,,6.19,N,WORCESTER HWY,300,F,N,32,CO,,BLADES RD,38.11461867,-75.46459883
01,23,,02,11,00,1,01,04,00,MSP4879000L,06.01,01-10-2015,11:20:00,7,N,N,MSP,UNK,01,00,113,US,,1.03,N,WORCESTER HWY,0,F,N,81,CO,,BYRD RD,38.07829172,-75.54094653
01,23,,00,17,01,2,01,04,06,MSP4879000M,03,01-14-2015,12:10:00,2,N,N,MSP,UNK,16,00,113,US,,9.6,N,WORCESTER HWY,0,M,N,113,US,,MARKET ST,38.14357,-75.41616
01,23,,02,11,02,1,01,01,11,MSP4879000N,06.01,01-22-2015,16:07:00,5,Y,N,MSP,UNK,01,09,113,US,,20.93,N,WORCESTER HWY,0,F,N,125,CO,,LANGMAID RD,38.248183,-75.286525
03,23,,00,17,02,2,01,04,05,MSP4879000P,06.01,01-29-2015,03:18:00,,N,N,MSP,UNK,16,09,113,US,,27.24,N,WORCESTER HWY,200,F,N,818,MD,,S MAIN ST,38.31367633,-75.21936483
01,23,,00,17,02,2,01,04,11,MSP4879000Q,00,02-13-2015,17:38:00,6,N,N,MSP,UNK,16,09,113,US,,12.07,N,WORCESTER HWY,0,M,N,115,CO,,BRICK KILN RD,38.15978,-75.37751
01,23,,01,17,04,,01,01,06,MSP4879000R,07.01,03-02-2015,07:08:00,2,N,N,MSP,UNK,16,88,366,MD,,6.9,E,STOCKTON RD,7,F,E,89,CO,,BIRD HILL RD,38.05429,-75.41127
01,15,,00,03,02,1,01,04,00,MSP48850006,06.01,02-06-2015,08:46:00,,N,N,MSP,UNK,01,01,495,IS,,8.24,E,CAPITAL BELTWAY,1,M,E,185,MD,,CONNECTICUT AVE,39.00557867,-77.082932
01,03,,01,03,03,1,01,04,00,MSP4761001R,08.04,01-06-2015,11:00:00,,N,N,MSP,UNK,01,00,83,IS,,20.91,N,HARRISBURG EXPWY,0,M,N,70,CO,,MIDDLETOWN RD,39.62468017,-76.6684185
01,16,,01,07,03,2,01,04,00,MSP4761001T,08.04,02-17-2015,10:44:00,,N,N,MSP,UNK,01,00,95,IS,,25.19,N,CAPITAL BELTWAY,0,M,N,1,US,,BALTIMORE AVE,39.020697,-76.933577
04,21,,01,88,02,1,01,01,00,MSP47620001,06.01,02-27-2015,18:39:00,,N,N,MSP,UNK,08,00,67,MD,,11.52,N,ROHRERSVILLE RD,500,F,N,603,CO,,NETZ RD,39.48769633,-77.649673
04,23,,01,17,01,,01,01,08,MSP47670008,03,01-12-2015,06:00:00,,N,N,MSP,UNK,16,09,756,MD,,0.32,E,OLD SNOW HILL RD,100,F,E,311,CO,,CARTER RD,38.07544346,-75.55113316
04,23,,00,17,01,1,01,01,00,MSP47670009,03,01-12-2015,21:56:00,,N,N,MSP,UNK,08,00,12,MD,,22.04,N,SNOW HILL RD,1,M,N,1,CO,,ST LUKES RD,38.27715254,-75.52475095
03,23,,01,17,00,1,01,01,22.03,MSP4767000B,06.01,02-06-2015,22:15:00,,N,N,MSP,UNK,16,09,365,MD,,0.97,E,S BAY ST,100,F,E,397,CO,,JOYNER RD,38.17288233,-75.37368894
04,22,,01,17,03,1,01,04,10,MSP4767000C,08.04,02-17-2015,05:25:00,,N,N,MSP,UNK,16,09,13,US,,11.49,N,SALISBURY BYPASS,0,M,N,13,RP,,RAMP 5 FR US 13 SB TO US 13/US 50 EB,38.39635762,-75.56943655
01,02,,01,07,01,3,01,00,00,MSP5082001V,03,01-03-2015,13:12:00,,N,N,MSP,UNK,01,00,295,MD,,14.23,N,BALTIMORE WASHINGTON PKWY,0,F,N,695,IS,,BALTO BELTWAY,39.22089183,-76.65477767
01,02,,01,07,02,3,01,04,00,MSP5082001W,06.01,01-09-2015,15:27:00,,N,N,MSP,UNK,01,00,295,MD,,13.06,N,BALTIMORE WASHINGTON PKWY,100,F,N,6,CO,,W NURSERY RD,39.212222,-76.67863733
03,02,,01,17,02,,01,04,15.05,MSP5082001X,06.01,01-10-2015,18:17:00,,N,N,MSP,UNK,16,09,295,MD,,15.1,N,BALTIMORE WASHINGTON PKWY,0,M,N,,UU,,BALTIMORE CO/L,39.24664783,-76.64659033
03,02,,01,17,02,,01,88,00,MSP5082001Y,00,01-18-2015,00:00:00,,N,N,MSP,UNK,16,00,295,MD,,14.23,N,BALTIMORE WASHINGTON PKWY,200,F,N,695,IS,,BALTO BELTWAY,39.221248,-76.6550115
03,02,,01,09,02,1,01,04,00,MSP5082001Z,06.01,01-20-2015,04:31:00,,N,N,MSP,UNK,01,00,295,MD,,10.39,N,BALTIMORE WASHINGTON PKWY,900,F,N,575,CO,,HANOVER RD,39.19237067,-76.71130467
05.02,02,,01,03,02,2,01,04,00,MSP50820020,06.01,01-28-2015,06:35:00,,N,N,MSP,UNK,01,01,295,MD,,6.45,N,BALTIMORE WASHINGTON PKWY,700,F,N,175,MD,,JESSUP RD,39.146357,-76.753159
03,02,,01,17,04,2,01,04,08,MSP50820021,12.04,02-10-2015,01:41:00,,N,N,MSP,UNK,16,09,295,MD,,11.85,N,BALTIMORE WASHINGTON PKWY,500,F,N,195,IS,,METROPOLITAN BLVD,39.20497667,-76.68945617
03,02,,00,04,04,2,01,04,15.05,MSP50820022,12.04,02-10-2015,06:20:00,,N,N,MSP,UNK,16,09,295,MD,,8.95,N,BALTIMORE WASHINGTON PKWY,0,F,N,100,MD,,NO NAME,39.17087183,-76.73018033
03,02,,01,88,04,1,01,04,00,MSP50820023,12.04,02-10-2015,06:30:00,,N,N,MSP,UNK,01,00,295,MD,,8.95,N,BALTIMORE WASHINGTON PKWY,0,F,N,100,MD,,NO NAME,39.17101233,-76.73016083
01,02,,01,88,04,,01,04,00,MSP50820024,09.04,03-02-2015,14:40:00,,N,N,MSP,UNK,16,02,97,IS,,9.67,N,NO NAME,800,F,N,3,MD,,BENFIELD BLVD,39.09238243,-76.62595868
04,02,,01,03,01,2,00,02,00,MSP50820025,03,03-03-2015,19:06:00,,N,N,MSP,UNK,01,00,97,IS,,13.54,N,NO NAME,0,F,N,97,RP,,RAMP 6 FR MD 100 EB TO IS 97 SB,39.15319067,-76.6495785
01,02,,01,17,01,,00,02,09,MSP50820026,09.04,03-20-2015,13:14:00,,N,N,MSP,UNK,16,09,97,IS,,15.29,N,NO NAME,0,U,N,97,RP,,RAMP 8 FR IS 97 SB TO MD 162A,39.17130683,-76.63998583
01,02,,01,17,02,,01,04,08,MSP50820027,06.01,03-27-2015,19:22:00,,N,N,MSP,UNK,16,09,295,MD,,14.23,N,BALTIMORE WASHINGTON PKWY,150,F,N,695,IS,,BALTO BELTWAY,39.220225,-76.65708733
01,12,,03,03,01,1,01,01,00,MSP51820033,07.01,02-02-2015,12:02:00,N/A,Y,N,MSP,UNK,01,00,924,MD,,4.17,N,EMMORTON RD,25,F,N,248,CO,,W RING FACTORY RD,39.5179485,-76.33416583
04,12,,01,17,02,1,01,01,10,MSP51820034,06.01,02-11-2015,19:28:00,N/A,N,N,MSP,UNK,09,00,146,MD,,0,N,JARRETTSVILLE PIKE,1,M,N,,UU,,BALTIMORE CO/L,39.54577783,-76.52975767
01,12,,01,02,02,1,01,01,09,MSP51820035,06.01,02-12-2015,16:50:00,N/A,N,N,MSP,UNK,01,09,1,US,,17.84,N,CONOWINGO RD,75,F,N,161,MD,,MAIN ST,39.64843867,-76.20814383
01,12,,01,02,02,,01,04,04,MSP51820036,06.01,02-25-2015,12:39:00,N/A,N,N,MSP,UNK,09,01,152,MD,,3.3,N,MOUNTAIN RD,0,F,N,95,IS,,J F K MEMORIAL HWY,39.44178617,-76.34849467
01,12,,01,03,02,1,01,01,00,MSP51820037,07.01,02-26-2015,13:12:00,N/A,Y,N,MSP,UNK,01,00,22,MD,,3.59,E,CHURCHVILLE RD,1,M,E,197,CO,,THOMAS RUN RD,39.55516267,-76.28031467
01,12,,01,03,02,1,01,01,00,MSP51820038,06.01,03-06-2015,15:57:00,N/A,N,N,MSP,UNK,01,00,22,MD,,2.28,E,CHURCHVILLE RD,250,F,E,2553,CO,,ANDREAS DR,39.54815867,-76.3077755
01,12,,01,17,02,2,01,04,05,MSP51820039,06.01,03-09-2015,18:36:00,N/A,N,N,MSP,UNK,09,09,22,MD,,1.9,E,CHURCHVILLE RD,15,F,E,1544,CO,,ECON DR,39.5462005,-76.3165805
04,12,,01,17,01,,01,01,10,MSP5182003B,03,03-13-2015,23:58:00,N/A,N,N,MSP,UNK,16,09,152,MD,,9.79,N,FALLSTON RD,200,F,N,742,CO,,OLD FALLSTON RD,39.52177633,-76.41977467
04,12,,01,17,02,1,01,01,06,MSP5182003C,07.01,03-16-2015,23:07:00,N/A,N,N,MSP,UNK,09,09,136,MD,,25.05,N,HARKINS RD,0,M,N,97,CO,,LINKOUS RD,39.69834,-76.44255333
03,12,,02,17,02,1,01,01,10,MSP5182003D,06.01,03-31-2015,00:00:00,N/A,Y,N,MSP,UNK,09,09,543,MD,,10.43,N,ADY RD,0,F,N,1,US,,CONOWINGO RD,39.57859205,-76.3453233
03,10,,01,17,04,1,01,04,05,MSP5183000B,12.04,03-01-2015,18:35:00,,N,N,MSP,UNK,16,00,70,IS,,16.36,E,BALTO NATIONAL PIKE,50,F,E,1405,MU,,E SOUTH ST,39.4039605,-77.39264517
04,03,,01,17,01,,01,04,05,MSP4899004M,03,03-10-2015,18:45:00,,N,N,MSP,UNK,09,00,83,IS,,7.32,N,HARRISBURG EXPWY,500,F,N,773,CO,,PADONIA RD,39.4442525,-76.63503433
04,03,,01,03,01,1,01,04,00,MSP4899004N,03,03-10-2015,18:57:00,,N,N,MSP,UNK,01,00,83,IS,,11.55,N,HARRISBURG EXPWY,400,F,N,,UU,,STRUC #3057 WESTERN RUN,39.51354517,-76.6629255
06.02,03,,01,03,02,2,01,04,00,MSP4899004P,06.01,03-11-2015,18:32:00,,N,N,MSP,UNK,01,00,695,IS,,21.125,N,BALTO BELTWAY,300,F,N,146,MD,,DULANEY VALLEY RD,39.33820333,-76.46979283
01,03,,01,03,02,1,01,04,00,MSP4899004Q,06.01,03-12-2015,18:00:00,,N,N,MSP,UNK,01,00,83,IS,,5.885,N,HARRISBURG EXPWY,300,F,N,810,CO,,TIMONIUM RD,39.44060113,-76.63459539
01,03,,01,07,01,2,01,04,06,MSP4899004R,03,03-14-2015,14:31:00,,N,N,MSP,UNK,01,09,695,IS,,23.29,N,BALTO BELTWAY,400,F,N,542,MD,,LOCH RAVEN BLVD,39.40200392,-76.56143546
07.88,03,,01,17,02,,01,04,09,MSP4899004S,06.01,03-21-2015,23:25:00,,N,N,MSP,UNK,16,09,1,US,,17,N,BELAIR RD,0,F,N,695,IS,,BALTO BELTWAY,39.37104939,-76.51245832
01,03,,01,03,02,3,01,04,00,MSP4899004W,07.01,03-28-2015,13:35:00,,N,N,MSP,UNK,01,01,695,IS,,1.03,N,BALTO BELTWAY,100,F,N,40,US,,PULASKI HWY,39.33127677,-76.48698807
03,03,,01,03,02,2,01,04,00,MSP4904001T,06.01,01-07-2015,20:00:00,,N,N,MSP,UNK,01,01,83,IS,,4.56,N,HARRISBURG EXPWY,0,M,N,695,IS,,BALTO BELTWAY,39.423286,-76.638511
01,15,,03,03,02,1,01,01,00,MSP5184001W,07.01,03-24-2015,08:40:00,N/A,Y,N,MSP,UNK,01,00,6377,CO,,0.51,N,GERMANTOWN RD,10,F,N,5562,CO,,SCENERY DR,39.192189,-77.23343
01,10,,01,03,02,1,01,04,00,MSP5184001X,06.01,03-26-2015,09:17:00,,N,N,MSP,UNK,01,00,270,IS,,1.18,N,EISENHOWER MEMORIAL HWY,0,M,N,353,CO,,DOCTOR PERRY RD,39.17155593,-77.24470825
03,05,,02,02,01,1,01,01,09,MSP5204000Z,03,01-03-2015,16:36:00,7,N,N,MSP,UNK,01,09,404,MD,,1.9,E,SHORE HWY,0,F,E,404,MD,,HILLSBORO RD,38.918323,-75.914475
04,05,,00,17,01,,01,01,23.03,MSP52040010,03,01-03-2015,21:45:00,7,N,N,MSP,UNK,16,11,77,CO,,0,N,EVELAND RD,0,M,N,480,MD,,RIDGELY RD,38.927028,-75.935177
01,05,,01,17,03,1,01,01,23.03,MSP52040011,08.04,01-21-2015,15:37:00,4,N,N,MSP,UNK,16,11,311,MD,,5.47,N,HENDERSON RD,0,M,N,4,CO,,LEPORE RD,39.10379333,-75.7540955
01,05,,00,17,01,,01,01,11,MSP52040013,03,03-20-2015,18:40:00,6,N,N,MSP,UNK,09,09,64,CO,,2.6,N,SPARKS RD,200,F,N,312,MD,,OAKLAND RD,38.988955,-75.874345
03,03,,01,03,02,1,01,04,00,MSP4772003Y,06.01,01-05-2015,18:30:00,,N,N,MSP,UNK,01,00,695,IS,,24.35,N,BALTO BELTWAY,0,M,N,41,MD,,PERRING PKWY,39.398335,-76.55135167
05.02,03,,01,07,02,1,01,02,00,MSP4772003Z,06.01,01-23-2015,07:05:00,,N,N,MSP,UNK,01,00,83,IS,,4.56,N,HARRISBURG EXPWY,0,F,N,695,IS,,BALTO BELTWAY,39.42026883,-76.6398565
01,03,,01,03,02,1,01,04,00,MSP47720040,06.01,01-23-2015,08:27:00,,N,N,MSP,UNK,01,00,83,IS,,14.27,N,HARRISBURG EXPWY,0,M,N,,UU,,EXIT #24,39.54566333,-76.66673867
99,03,,01,17,01,,00,02,05,MSP47720041,03,01-24-2015,09:00:00,,N,N,MSP,UNK,09,00,695,IS,,2.09,N,BALTO BELTWAY,0,M,N,95,RP,,RAMP 6 FR IS 695 EB TO IS 95 SB,39.25230833,-76.68381417
03,03,,01,17,02,,01,04,05,MSP47720042,06.01,02-01-2015,17:00:00,,N,N,MSP,UNK,09,00,695,IS,,13.71,N,BALTO BELTWAY,1,M,N,129,MD,,PARK HEIGHTS AVE,39.38897483,-76.7267535
03,03,,01,03,02,3,01,04,00,MSP47720043,06.01,02-01-2015,17:40:00,,N,N,MSP,UNK,01,00,695,MD,,22.38,N,BALTO BELTWAY,1,M,N,3334,CO,,PROVIDENCE RD,39.40162733,-76.55809417
05.02,03,,01,17,02,,01,03,06,MSP47720044,06.01,02-18-2015,07:00:00,,N,N,MSP,UNK,16,00,83,IS,,25,N,HARRISBURG EXPWY,0,M,N,84,CO,,DOWNES RD,39.68616517,-76.64499867
01,03,,01,03,02,3,01,04,00,MSP47720045,06.01,02-18-2015,09:14:00,,N,N,MSP,UNK,01,00,795,IS,,3.93,N,NORTHWEST EXPRESSWAY,0,M,N,,UU,,EXIT #4,39.40567567,-76.77389233
01,03,,01,08,02,4,01,04,00,MSP47720046,06.01,02-18-2015,10:37:00,,N,N,MSP,UNK,01,01,695,IS,,12.97,N,BALTO BELTWAY,0,M,N,,UU,,EXIT #20,39.38710483,-76.73114667
05.02,03,,01,03,02,2,01,04,00,MSP47720047,06.01,02-19-2015,06:30:00,,N,N,MSP,UNK,01,00,83,IS,,20.91,N,HARRISBURG EXPWY,1,M,N,,UU,,EXIT #31,39.61241883,-76.6604655
01,03,,01,03,02,3,01,04,00,MSP47720048,06.01,02-19-2015,09:41:00,,N,N,MSP,UNK,01,00,83,IS,,0,N,JONES FALLS EXPWY,1,M,N,,UU,,BALTO CITY LINE,39.3766465,-76.657401
01,03,,01,07,02,,01,04,00,MSP47720049,06.01,02-19-2015,13:40:00,,N,N,MSP,UNK,02,00,83,IS,,2.27,N,JONES FALLS EXPWY,1,M,N,1474,CO,,RUXTON RD,39.4040685,-76.661793
01,03,,01,07,02,4,01,04,00,MSP4772004B,06.01,02-23-2015,16:00:00,,N,N,MSP,UNK,01,00,695,IS,,10.2,N,BALTO BELTWAY,0,M,N,26,MD,,LIBERTY RD,39.34880142,-76.74533844
03,03,,01,03,02,4,01,04,00,MSP4772004C,06.01,02-23-2015,22:19:00,,N,N,MSP,UNK,01,00,695,IS,,12.97,N,BALTO BELTWAY,0,M,N,,UU,,EXIT #20,39.38615883,-76.73191533
01,03,,01,08,02,3,01,04,00,MSP4772004D,06.01,02-24-2015,17:32:00,,N,N,MSP,UNK,01,11,83,IS,,7.32,N,HARRISBURG EXPWY,0,M,N,,UU,,EXIT #17,39.44750567,-76.63658133
01,03,,01,03,02,2,04,04,00,MSP4772004F,06.01,02-25-2015,15:30:00,,N,N,MSP,UNK,10,01,83,IS,,5.885,N,HARRISBURG EXPWY,0,M,N,,UU,,EXIT #16,39.43451333,-76.63348933
03,03,,01,03,02,3,01,04,00,MSP4772004G,06.01,02-25-2015,17:55:00,,N,N,MSP,UNK,01,00,695,IS,,22.38,N,BALTO BELTWAY,0,M,N,3334,CO,,PROVIDENCE RD,39.40948817,-76.57981933
03,03,,01,03,02,1,01,04,00,MSP4772004H,06.01,02-25-2015,19:04:00,,N,N,MSP,UNK,00,00,695,IS,,12.97,N,BALTO BELTWAY,0,F,N,,UU,,EXIT #20,39.38119283,-76.73907433
01,03,,01,07,02,2,01,04,00,MSP4772004J,06.01,03-15-2015,10:34:00,,N,N,MSP,UNK,01,00,695,MD,,14.2,N,BALTO BELTWAY,0,M,N,1600,CO,,STEVENSON RD,39.39029,-76.71513283
03,03,,01,07,02,2,01,04,00,MSP4772004K,06.01,03-28-2015,23:00:00,,N,N,MSP,UNK,01,00,83,IS,,7.32,N,HARRISBURG EXPWY,0,M,N,773,CO,,PADONIA RD,39.45861433,-76.65327017
01,03,,03,03,02,1,01,04,00,MSP4904001V,06.01,01-07-2015,15:45:00,,Y,N,MSP,UNK,01,01,40,US,,17.092,E,PULASKI HWY,0,F,E,,UU,,ENT TO SHOPPING CENTER,39.334908,-76.484641
01,03,,01,17,01,1,01,04,05,MSP4904001W,03,01-24-2015,09:08:00,,N,N,MSP,UNK,09,16,695,IS,,4.86,N,BALTO BELTWAY,50,F,N,695,RP,,RAMP 4 FR IS 695 NB TO EDMONDSON AVE,39.27239633,-76.7233685
01,03,,01,03,02,3,01,04,00,MSP4904001X,06.01,03-24-2015,15:00:00,,N,N,MSP,UNK,01,00,695,IS,,6.78,N,BALTO BELTWAY,1,M,N,70,RP,,RAMP 4 FR IS 695 NB TO IS 70 EB,39.2928305,-76.74208917
04,08,,01,17,01,2,01,04,11,ZH0515000G,03,03-20-2015,02:55:00,,N,N,CHARLES,UNK,16,09,623,CO,,1.56,S,ST CHARLES PKWY,25,F,S,803,CO,,ST IGNATIUS CT,38.60258469,-76.90521955
04,08,,01,17,02,1,01,01,11,ZH0518000B,06.01,01-01-2015,04:55:00,,N,N,CHARLES,UNK,09,09,987,CO,,0.54,W,SWAN POINT BLVD,0,M,W,1878,CO,,CARRIAGE CIR,38.297805,-76.913155
04,08,,06.01,17,01,,01,04,04,ZH0526000B,07.01,01-04-2015,23:40:00,,N,N,CHARLES,UNK,09,16,47,CO,,2.245,W,BILLINGSLEY RD,100,F,W,,UU,,CROSSOVER,38.57239413,-76.9007349
04,08,,01,17,02,,01,01,11,ZH0526000C,06.01,01-08-2015,05:06:00,,N,N,CHARLES,UNK,09,18,245,CO,,1.4,W,SWAN POINT RD,0,M,W,987,CO,,SWAN POINT BLVD (AHEAD),38.30589246,-76.91223621
01,08,,01,88,02,2,01,03,00,ZH0526000D,06.01,02-03-2015,11:08:00,,N,N,CHARLES,UNK,23.15,00,301,US,,9.94,N,CRAIN HWY,0,M,N,,UU,,SPUR FR BEL ALTON NEWTOWN RD,38.471465,-76.98953
01,08,,03,11,02,1,01,01,11,ZH0526000F,06.01,02-19-2015,12:23:00,,Y,N,CHARLES,UNK,01,09,117,CO,,2.01,W,MITCHELL RD,0,M,W,103,CO,,MT CARMEL RD,38.56106101,-77.00590968
01,08,,02,03,99,2,01,04,00,ZH0526000G,06.01,02-20-2015,13:42:00,,Y,N,CHARLES,UNK,01,00,623,CO,,3.06,S,ST CHARLES PKWY,0,F,S,47,CO,,BILLINGSLEY RD,38.58561245,-76.91869497