LIGHT_CODE,COUNTY_NO,MUNI_CODE,JUNCTION_CODE,COLLISION_TYPE_CODE,SURF_COND_CODE,LANE_CODE,RD_COND_CODE,RD_DIV_CODE,FIX_OBJ_CODE,REPORT_NO,WEATHER_CODE,ACC_DATE,ACC_TIME,LOC_CODE,SIGNAL_FLAG,C_M_ZONE_FLAG,AGENCY_CODE,AREA_CODE,HARM_EVENT_CODE1,HARM_EVENT_CODE2,RTE_NO,ROUTE_TYPE_CODE,RTE_SUFFIX,LOG_MILE,LOGMILE_DIR_FLAG,MAINROAD_NAME,DISTANCE,FEET_MILES_FLAG,DISTANCE_DIR_FLAG,REFERENCE_NO,REFERENCE_TYPE_CODE,REFERENCE_SUFFIX,REFERENCE_ROAD_NAME,LATITUDE,LONGITUDE
05.02,08,,01,17,04,1,01,01,00,ZH0526000H,03,02-22-2015,07:33:00,,N,N,CHARLES,UNK,16,11,1148,CO,,2.014,N,OLIVERS SHOP RD,100,F,N,,UU,,PINEY CRAIG PL,38.5084993,-76.86254025
04,08,,01,88,02,2,01,03,00,ZH0526000J,06.01,03-31-2015,21:03:00,,N,N,CHARLES,UNK,02,00,301,US,,10.47,N,CRAIN HWY,200,F,N,1290,CO,,BALSAM RUN,38.46916412,-76.99008465
04,08,,00,17,00,1,04,03,11,ZH05270001,06.01,02-15-2015,06:18:00,08,N,N,CHARLES,UNK,10,00,133,CO,,3.45,W,POORHOUSE RD,50,F,W,963,CO,,ROSE LA,38.52353833,-77.10279667
01,08,,01,03,03,1,01,01,09,ZH05270002,08.04,03-05-2015,13:56:00,08,N,N,CHARLES,UNK,02,09,301,US,,3.81,N,CRAIN HWY,4,F,N,257,MD,,ROCK POINT RD,38.37959745,-76.95631832
01,08,,01,17,03,1,00,01,05,ZH05270003,08.04,03-05-2015,13:54:00,08,N,N,CHARLES,UNK,09,00,837,CO,,0,S,SYLVAN TURN,1,M,S,802,CO,,CLIFFTON DR,38.55132333,-76.94779167
01,08,,01,03,02,3,01,04,00,ZH05350003,06.01,01-10-2015,15:53:00,,N,N,CHARLES,UNK,01,00,301,US,,22.87,N,CRAIN HWY,500,F,N,874,CO,,PLAZA DR,38.61831667,-76.89234667
01,08,,03,08,02,,01,02,00,ZH05350005,07.01,01-20-2015,14:11:00,,Y,N,CHARLES,UNK,01,00,57,CO,,0.2,N,ACTON LA,20,F,N,301,US,,CRAIN HWY,38.63961787,-76.89747334
03,08,,01,05,01,1,01,01,00,ZH05350006,03,03-04-2015,18:27:00,,N,N,CHARLES,UNK,01,00,1079,OP,,0,N,MCDANIEL RD,100,F,N,345,CO,,SMALLWOOD DR,38.62106176,-76.941998
04,08,,02,08,01,,01,01,00,ZH05350007,03,03-04-2015,21:08:00,,Y,N,CHARLES,UNK,01,00,1783,CO,,0.601,E,LEXINGTON DR,0,F,E,,UU,,ROAD END - GATE/BARRICADE,38.63461473,-76.96433544
01,08,,06.01,11,02,2,01,03,00,ZH05350009,06.01,03-28-2015,14:22:00,,N,N,CHARLES,UNK,01,00,873,CO,,0.651,S,WESTERN PKWY,0,F,S,871,OP,,TANGLEWOOD DR,38.64431061,-76.89912558
04,10,,01,17,03,1,01,01,11,ZJ02910006,06.01,01-08-2015,00:50:00,,N,N,FREDERICK,UNK,09,00,61,CO,,0.72,S,SIXES BRIDGE RD,0,M,S,58,CO,,DERN RD,39.64804689,-77.30244398
04,10,,01,17,02,1,01,01,88,ZJ02910007,06.01,01-31-2015,23:00:00,,N,N,FREDERICK,UNK,09,00,81,CO,,2.49,N,GRACEHAM RD,200,F,N,82,CO,,SEISS RD,39.61983818,-77.38370419
04,10,,01,17,03,1,01,01,23.03,ZJ02910008,05,02-19-2015,04:00:00,,N,N,FREDERICK,UNK,16,09,64,CO,,1.43,N,OLD FREDERICK RD,1,M,N,740,CO,,NEW CUT RD,39.59096481,-77.36047626
01,10,,02,11,02,2,01,04,00,ZJ02980001,06.01,03-19-2015,07:45:00,,Y,N,FREDERICK,UNK,01,00,355,MD,,3.56,N,URBANA PIKE,0,F,N,80,MD,,FINGERBOARD RD,39.32742607,-77.34446883
03,10,,03,17,03,,01,04,09,ZJ03110006,08.04,01-06-2015,06:33:00,,N,N,FREDERICK,UNK,16,09,15,US,,18.33,N,CATOCTIN MOUNTAIN HWY,5,F,N,721,CO,,SUNDAYS LA,39.48594233,-77.39800733
04,10,,03,17,02,1,01,01,88,ZJ03110007,00,01-10-2015,01:30:00,,N,N,FREDERICK,UNK,08,08,160,CO,,1.03,S,POWELL RD,15,F,S,764,CO,,COLONIAL AVE,39.52730217,-77.42822267
04,10,,01,11,01,,01,00,02,ZJ03210003,03,01-04-2015,00:29:00,,N,N,FREDERICK,UNK,09,01,105,MU,,0.07,N,MAINS ALLEY,250,F,N,40,US,AL,W MAIN ST,39.44323594,-77.54608512
01,10,,02,11,02,1,01,01,88,ZJ03210006,06.01,02-20-2015,16:05:00,,Y,N,FREDERICK,UNK,01,01,17,MD,,13.03,N,N CHURCH ST,0,F,N,55,MU,,E GREEN ST,39.44478736,-77.5449264
01,10,,02,11,01,,01,01,00,ZJ03210007,06.01,03-06-2015,15:19:00,,Y,N,FREDERICK,UNK,01,00,40,US,AL,6.21,E,E MAIN ST,0,F,E,,UU,AL,ENT TO TOWN CENTER PLAZA,39.43763479,-77.52682686
01,10,,01,01,02,1,01,01,00,ZJ03260002,06.01,02-24-2015,08:23:00,,N,N,FREDERICK,UNK,01,00,899,CO,,0.18,W,MEADOWLARK DR,150,F,W,901,CO,,BLUE BIRD CT,39.32440096,-77.26503253
03,10,,02,17,04,,01,04,04,ZJ03300007,09.04,01-23-2015,20:19:00,,N,N,FREDERICK,UNK,09,00,1317,CO,,0.94,E,OLD NATIONAL PIKE,0,F,E,275,OP,,EAGLEHEAD DR,39.39022883,-77.31173483
05.02,10,,01,17,02,1,01,01,00,ZJ03300008,06.01,02-23-2015,06:10:00,,N,N,FREDERICK,UNK,08,00,430,CO,,3.44,N,DAYSVILLE RD,1,M,N,411,CO,,CHESTNUT GROVE RD,39.48674067,-77.26802767
04,10,,01,17,01,,01,01,10,ZJ03300009,06.01,03-07-2015,23:36:00,,N,N,FREDERICK,UNK,16,09,393,CO,,0,N,ED MCCLAIN RD,1,M,N,80,MD,,FINGERBOARD RD,39.35397083,-77.28163217
01,12,,02,17,04,1,01,01,04,ZL07330009,09.04,01-12-2015,09:40:00,10-50 PD,Y,N,HARFORD,UNK,09,09,451,CO,,1.31,E,HOOKERS MILL RD,0,F,E,2047,CO,,BYNUM OVERLOOK DR,39.47755018,-76.27600955
01,12,,02,17,04,1,01,01,88,ZL0733000B,09.04,01-12-2015,10:00:00,10-50 PD,Y,N,HARFORD,UNK,09,09,451,CO,,1.31,E,HOOKERS MILL RD,0,F,E,2047,CO,,BYNUM OVERLOOK DR,39.47754702,-76.27601068
01,12,,02,17,02,1,01,01,05,ZL0733000C,06.01,02-16-2015,12:27:00,,Y,N,HARFORD,UNK,09,00,7,MD,,1.06,E,PHILADELPHIA RD,0,F,E,1997,CO,,OLD JOPPA RD EXT,39.43316846,-76.36167526
01,12,,09.04,04,01,1,01,01,00,ZL0733000D,06.01,03-02-2015,12:06:00,10-50 PD,N,N,HARFORD,UNK,01,00,244,CO,,0.02,E,LAUREL BUSH RD,5,F,E,245,CO,,OLD EMMORTON RD,39.49842453,-76.32401345
01,12,,02,17,02,1,01,01,10,ZL0733000F,06.01,03-21-2015,09:54:00,10-50 PD,N,N,HARFORD,UNK,09,00,244,CO,,0.97,E,LAUREL BUSH RD,0,F,E,452,CO,,ST MARYS CHURCH RD,39.49074053,-76.31097917
01,12,,01,17,04,,00,00,88,ZL0745000C,07.01,01-19-2015,11:23:00,,N,N,HARFORD,UNK,09,11,136,MD,,26.22,N,HARKINS RD,700,F,N,31,CO,,ONION RD,39.69769402,-76.46357775
01,12,,11.04,11,02,1,01,88,00,ZL0745000D,06.01,02-28-2015,09:33:00,,N,N,HARFORD,UNK,01,01,33,CO,,0.27,N,SALEM CHURCH RD,1,M,N,23,CO,,COX RD,39.61625136,-76.49119377
01,12,,01,88,02,,01,01,88,ZL0745000F,06.01,03-15-2015,13:17:00,,N,N,HARFORD,UNK,09,01,22,CO,,1.26,N,MADONNA RD,1,M,N,23,CO,,COX RD,39.63909142,-76.50439024
05.02,12,,01,17,03,1,88,04,04,ZL07560004,08.04,01-06-2015,07:00:00,1050PI,N,N,HARFORD,UNK,09,00,1226,CO,,0.11,E,BOXRIDGE DR,10,F,E,1224,CO,,KENSINGTON PKWY,39.48076592,-76.30914298
04,12,,01,17,03,1,01,01,05,ZL07560005,06.01,03-07-2015,00:37:00,1050 PI,N,N,HARFORD,UNK,09,00,216,CO,,3.3,S,WHEEL RD,500,F,S,,UU,,BEGIN ROUNDABOUT,39.4951319,-76.31522182
01,12,,01,17,04,1,01,01,11,ZL07590005,00,02-10-2015,07:55:00,10-50 PI,N,N,HARFORD,UNK,09,00,330,CO,,1.75,S,STEPNEY RD,50,F,S,333,CO,,ALDINO STEPNEY RD,39.520255,-76.209285
01,12,,01,17,03,1,04,01,11,ZL07590006,06.01,02-19-2015,16:11:00,10-50 PD,N,N,HARFORD,UNK,16,09,197,CO,,2.54,N,THOMAS RUN RD,0,M,N,213,CO,,PENNINGTON RD,39.57997027,-76.28226465
03,12,,01,17,04,1,01,01,10,ZL07590007,06.01,03-08-2015,01:21:00,10-50 F,N,N,HARFORD,UNK,09,00,77,CO,,2.8,E,OLD FEDERAL HILL RD,280,F,E,2656,CO,,W JARRETTSVILLE RD,39.6046333,-76.44166458
01,12,,02,02,02,1,01,03,04,ZL07600003,06.01,03-16-2015,17:20:00,10-50 PI,N,N,HARFORD,UNK,01,09,1988,CO,,1.172,N,EDGEWOOD RD,0,F,N,,UU,,ENT TO BUSINESS,39.45186049,-76.30805254
01,12,,03,14,02,1,01,01,00,ZL0762000B,06.01,02-27-2015,14:52:00,,Y,N,HARFORD,UNK,01,00,216,CO,,3.62,S,WHEEL RD,5,F,S,245,CO,,OLD EMMORTON RD,39.4933862,-76.32163978
01,12,,03,11,01,1,01,04,00,ZL0762000C,03,03-04-2015,12:56:00,10-50 PD,Y,N,HARFORD,UNK,01,00,1666,CO,,0.13,W,BEL AIR SOUTH PKWY,10,F,W,1729,CO,,BLUE SPRUCE DR,39.4975714,-76.32706372
01,12,,00,17,04,1,00,01,11,ZL0762000D,07.01,03-09-2015,08:10:00,10-50PD,N,N,HARFORD,UNK,09,00,244,CO,,1.83,E,LAUREL BUSH RD,30,F,E,1416,CO,,FALKLAND RD,39.48475068,-76.29970288
01,12,,01,17,04,1,04,03,11,ZL07720008,06.01,02-23-2015,08:40:00,10-50 PD,N,N,HARFORD,UNK,09,00,197,CO,,2.54,N,THOMAS RUN RD,0,M,N,213,CO,,PENNINGTON RD,39.574088,-76.291884
04,06,,01,17,04,1,01,01,05,ZF0462000J,06.01,01-07-2015,21:21:00,,N,N,CARROLL,UNK,09,09,194,MD,,2.47,N,FRANCIS SCOTT KEY HWY,400,F,N,22,OP,,CRAMER RD,39.62215629,-77.22795367
04,06,,02,17,04,1,01,01,09,ZF0462000K,03,02-09-2015,18:27:00,,Y,N,CARROLL,UNK,09,00,205,MU,,0.49,W,WESTMINSTER ST,0,F,W,27,MD,,MANCHESTER RD,39.66018119,-76.89267755
04,06,,01,17,02,1,01,01,18.88,ZF0462000L,06.01,02-14-2015,00:00:00,,N,N,CARROLL,UNK,09,09,89,CO,,0.67,S,TURKEYFOOT RD,0,M,S,92,CO,,SILVER RUN VALLEY RD,39.70260559,-77.03338623
01,06,,01,17,02,1,01,01,18.88,ZF0462000M,06.01,02-18-2015,10:27:00,,N,N,CARROLL,UNK,16,09,194,MD,,7.08,N,FRANCIS SCOTT KEY HWY,100,F,N,44,CO,,FRINGER RD,39.61064762,-77.13068604
01,06,,02,17,02,1,01,01,10,ZF0462000N,06.01,02-19-2015,11:17:00,,N,N,CARROLL,UNK,09,09,34,CO,,3.97,S,TREVANION RD,0,F,S,33,CO,,CLEARVIEW RD,39.66791993,-77.16481447
01,06,,01,17,04,1,01,01,05,ZF0462000P,06.01,03-13-2015,08:07:00,,N,N,CARROLL,UNK,09,00,31,MD,,0.08,E,NEW WINDSOR RD,200,F,E,236,CO,,SAMS CREEK RD,39.5092723,-77.12902308
01,06,,01,17,04,1,01,01,11,ZF04640006,12.04,01-12-2015,09:12:00,,N,N,CARROLL,UNK,16,09,598,CO,,1,E,FLAG MARSH RD,300,F,E,600,CO,,GRIMVILLE RD,39.37906091,-77.09267378
01,06,,03,88,01,1,01,01,00,ZF04640007,12.04,01-12-2015,15:37:00,,N,N,CARROLL,UNK,01,01,26,MD,,11.96,E,LIBERTY RD,20,F,E,1333,CO,,OLD LIBERTY RD,39.39537137,-76.91735387
01,06,,03,11,01,1,01,04,00,ZF04640008,03,03-10-2015,15:17:00,,Y,N,CARROLL,UNK,01,00,1042,CO,,0.15,E,LONDONTOWN BLVD,0,F,E,1423,CO,,BEVARD RD,39.40780689,-76.94778085
01,06,,02,88,03,,01,01,00,ZF04660007,08.04,01-06-2015,16:23:00,,N,N,CARROLL,UNK,02,02,1272,CO,,0.1,N,GARDEN WAY,0,F,N,1314,CO,,GARDEN CT,39.59374273,-76.98706985
01,06,,02,11,02,1,01,01,00,ZF04660008,07.01,03-26-2015,08:22:00,,Y,N,CARROLL,UNK,01,00,299,CO,,0,E,CHAPEL RD,0,F,E,289,CO,,STONE CHAPEL RD,39.54543569,-77.03914762
04,06,,01,17,06.03,1,88,03,11,ZF04690008,09.04,03-01-2015,18:22:00,,N,N,CARROLL,UNK,16,09,178,CO,,1.42,E,MAPLE GROVE RD,0,M,E,186,CO,,WAREHIME RD,39.65040123,-76.85884953
01,06,,01,17,01,1,01,03,11,ZF04690009,03,03-10-2015,13:01:00,,N,N,CARROLL,UNK,09,00,148,CO,,3.46,E,FRIDINGER MILL RD,0,M,E,130,CO,,ECKARD RD,39.65793457,-76.91957474
01,06,,01,03,02,1,01,03,00,ZF0469000B,06.01,03-27-2015,11:49:00,,N,N,CARROLL,UNK,02,00,30,MD,,6.996,N,HANOVER PIKE,0,M,N,60,MU,,CHURCH ST,39.65934698,-76.88378334
01,08,,01,17,02,,01,01,18.88,ZH0538000C,06.01,03-16-2015,18:40:00,,N,N,CHARLES,UNK,09,00,834,CO,,0,N,BUCKNELL CIR,100,F,N,833,CO,,DARTMOUTH RD,38.60037115,-76.91289067
01,08,,09.04,11,02,,01,05.01,00,ZH0538000D,06.01,03-17-2015,17:19:00,,N,N,CHARLES,UNK,01,00,644,CO,,1.16,N,POST OFFICE RD,0,M,N,5,MD,,LEONARDTOWN RD,38.61814464,-76.90030575
01,08,,03,03,04,1,00,04,00,ZH0540000B,08.04,01-06-2015,09:48:00,,Y,N,CHARLES,UNK,01,00,345,CO,,0.96,N,SMALLWOOD DR,0,F,N,,UU,,END BRIDGE,38.60890633,-76.92165613
04,08,,02,11,04,1,01,04,00,ZH0540000C,08.04,02-16-2015,20:27:00,,Y,N,CHARLES,UNK,01,00,623,CO,,2.07,S,ST CHARLES PKWY,0,F,S,589,CO,,CAMBRIDGE RD,38.59730833,-76.91117667
01,08,,01,88,01,1,01,01,08,ZH0541000F,00,01-13-2015,07:37:00,,N,N,CHARLES,UNK,09,00,1435,CO,,1.26,N,DR SAMUEL MUDD RD,40,F,N,1049,CO,,MEADOW CREEK LA,38.60649667,-76.822025
01,08,,07.01,17,02,1,01,01,88,ZH0541000G,06.01,01-13-2015,11:16:00,,Y,N,CHARLES,UNK,09,00,5,MD,BU,1.43,N,LEONARDTOWN RD,40,F,N,1048,CO,BU,PIKA DR,38.62608333,-76.91119833
03,08,,01,03,02,1,01,01,00,ZH0541000H,06.01,02-19-2015,19:57:00,,N,N,CHARLES,UNK,01,00,64,CO,,1.234,N,OLD WASHINGTON RD,10,F,N,1889,CO,,TRADE ZONE CT,38.62046,-76.91615333
01,08,,01,17,04,,01,01,08,ZH0541000J,12.04,03-01-2015,10:07:00,,N,N,CHARLES,UNK,09,00,1120,CO,,0.65,N,POPLAR HILL RD,40,F,N,65,CO,,ST PETERS CHURCH RD,38.618965,-76.86334833
05.02,08,,01,17,04,2,00,04,00,ZH0541000K,09.04,03-02-2015,06:10:00,,N,N,CHARLES,UNK,08,00,47,CO,,0.672,W,BILLINGSLEY RD,45,F,W,,UU,,SWEET CORN PL,38.5753,-76.87521833
01,08,,01,11,02,,01,88,00,ZH0543000K,06.01,01-20-2015,15:03:00,,N,N,CHARLES,UNK,02,00,1328,CO,,0.19,S,FLAGFISH CT,0,F,S,,UU,,CUL DE SAC,38.61578907,-76.9421804
03,08,,02,03,02,1,01,04,04,ZH05440003,06.01,01-01-2015,04:00:00,08,Y,N,CHARLES,UNK,01,09,47,CO,,4.87,W,BILLINGSLEY RD,0,F,W,301,US,,CRAIN HWY,38.30415667,-77.18115333
04,08,,01,17,04,1,01,01,06,ZH05440004,06.01,03-03-2015,05:00:00,08,N,N,CHARLES,UNK,16,11,57,CO,,1.28,N,ACTON LA,0,M,N,56,CO,,HAMILTON RD,38.64887333,-76.90898667
04,08,,01,17,01,1,01,01,23.03,ZH05440005,07.01,03-20-2015,23:40:00,08,N,N,CHARLES,UNK,09,16,623,CO,,0.61,S,ST CHARLES PKWY,0,M,S,898,CO,,ST MARKS DR,38.61835167,-76.89191667
04,10,,00,17,04,1,01,01,10,ZJ03340009,10.04,01-07-2015,17:08:00,,N,N,FREDERICK,UNK,09,00,85,MD,,2.52,N,BUCKEYSTOWN PIKE,0,M,N,325,CO,,LILY PONS RD,39.29161967,-77.45534117
04,10,,01,17,04,1,01,01,10,ZJ0334000B,10.04,01-07-2015,18:51:00,,N,N,FREDERICK,UNK,09,00,85,MD,,2.52,N,BUCKEYSTOWN PIKE,0,M,N,325,CO,,LILY PONS RD,39.29167717,-77.45539383
03,10,,02,11,02,1,01,01,00,ZJ0334000C,06.01,01-08-2015,18:40:00,,Y,N,FREDERICK,UNK,01,00,355,MD,,3.31,N,URBANA PIKE,0,F,N,937,OP,,WORTHINGTON BLVD,39.32645183,-77.34381317
01,10,,01,03,02,3,01,04,00,ZJ03380009,06.01,01-09-2015,16:20:00,,Y,N,FREDERICK,UNK,01,00,85,MD,,10.18,N,BUCKEYSTOWN PIKE,500,F,N,355,MD,,URBANA PIKE,39.39828,-77.406881
01,10,,02,88,02,,01,03,88,ZJ0338000F,06.01,03-11-2015,16:14:00,,N,N,FREDERICK,UNK,12,09,15,US,,19.83,N,CATOCTIN MOUNTAIN HWY,0,F,N,461,CO,,DEVILBISS BRIDGE RD,39.50725217,-77.4034965
01,10,,01,17,02,1,01,01,07,ZJ0338000G,06.01,03-11-2015,18:43:00,,N,N,FREDERICK,UNK,16,09,692,CO,,1.99,S,PLEASANT WALK RD,400,F,S,113,CO,,LOY WOLFE RD,39.5561785,-77.580808
01,10,,02,06,01,1,01,01,00,ZJ0338000H,00,03-26-2015,12:19:00,,Y,N,FREDERICK,UNK,01,00,144,MD,FA,3.66,W,E PATRICK ST,0,F,W,996,MU,FA,MONOCACY BLVD,39.40798367,-77.38857183
01,10,,02,11,02,1,01,01,00,ZJ03390006,06.01,02-11-2015,08:04:00,,Y,N,FREDERICK,UNK,01,01,324,CO,,9.98,N,NEW DESIGN RD,0,F,N,1177,CO,,FOXCROFT DR,39.39180612,-77.4224618
01,10,,02,02,02,,01,04,00,ZJ03420005,07.01,01-08-2015,15:57:00,,Y,N,FREDERICK,UNK,01,00,1118,MU,,5.22,S,OPOSSUMTOWN PIKE,0,F,S,345,OP,,THOMAS JOHNSON DR,39.43978084,-77.41045654
06.02,10,,02,11,02,1,01,04,00,ZJ03430005,06.01,01-11-2015,16:56:00,ZJ 10,N,N,FREDERICK,UNK,01,00,355,MD,,8.47,N,URBANA PIKE,0,F,N,1303,CO,,NEW HORIZON WAY,39.38014055,-77.39953583
01,12,,01,17,04,1,04,03,10,ZL07720009,06.01,02-23-2015,09:20:00,,N,N,HARFORD,UNK,09,00,1056,CO,,1.44,S,SCHUCKS RD,0,M,S,211,CO,,EDWARDS LA,39.574088,-76.291884
01,12,,01,17,04,1,04,01,00,ZL0772000B,06.01,03-06-2015,10:10:00,1050-PD,N,N,HARFORD,UNK,11,16,59,CO,,0,N,PUTNAM RD,0,M,N,56,CO,,PLEASANTVILLE RD,39.54594862,-76.44338608
01,12,,01,08,02,1,01,03,00,ZL0772000C,06.01,03-17-2015,14:52:00,1050 PD,N,N,HARFORD,UNK,01,00,229,CO,,0.71,W,BOGGS RD,0,M,W,690,CO,,BELVUE DR,39.5563472,-76.41118348
04,12,,01,08,02,1,01,01,09,ZL07860009,06.01,02-12-2015,20:36:00,,N,N,HARFORD,UNK,01,00,1957,CO,,0,S,STEPNEY RD S,1,M,S,334,CO,,BUSH CHAPEL RD,39.51151961,-76.20637
01,12,,02,17,04,1,00,01,06,ZL07880002,08.04,01-06-2015,10:15:00,1050PD,Y,N,HARFORD,UNK,09,00,66,CO,,1.98,N,MORSE RD,0,F,N,2656,CO,,W JARRETTSVILLE RD,39.595092,-76.43940248
01,12,,02,03,02,1,01,01,00,ZL07880003,00,01-21-2015,07:38:00,10-50PD,N,N,HARFORD,UNK,01,00,214,CO,,0.52,N,CARRS MILL RD,0,F,N,1121,CO,,BELLE MEADE RD,39.52653708,-76.41231537
04,12,,01,17,04,1,01,01,11,ZL07930007,06.01,01-25-2015,04:40:00,1050PD,N,N,HARFORD,UNK,16,09,34,CO,,1.47,W,SCHUSTER RD,1,M,W,35,CO,,N FURNACE RD,39.60182248,-76.4949975
04,12,,01,17,04,1,01,01,23.03,ZL07930008,06.01,03-08-2015,04:30:00,1050PD,N,N,HARFORD,UNK,16,09,23,CO,,0,N,COX RD,1,M,N,33,CO,,SALEM CHURCH RD,39.61980857,-76.50079525
01,12,,01,17,04,1,01,03,00,ZL07960009,12.04,03-01-2015,13:34:00,1050PI,N,N,HARFORD,UNK,16,11,543,MD,,5.23,N,FOUNTAIN GREEN RD,0,M,N,216,CO,,WHEEL RD,39.52028792,-76.28319387
01,12,,01,03,06.03,1,00,03,00,ZL0796000C,06.01,03-06-2015,09:48:00,1050PD,N,N,HARFORD,UNK,01,00,1493,CO,,0.78,W,CHURCH CREEK RD,500,F,W,2130,CO,,FOXGLOVE CT,39.47321443,-76.24966187
04,12,,01,17,04,1,01,01,06,ZL08070007,06.01,03-03-2015,05:35:00,10-50PD,N,N,HARFORD,UNK,16,11,56,CO,,3.67,S,PLEASANTVILLE RD,0,M,S,,UU,,KINGSFORTH DR,39.51420215,-76.45739213
01,12,,02,11,02,1,01,01,00,ZL0808000D,07.01,01-14-2015,08:39:00,1050-PD,Y,N,HARFORD,UNK,01,00,241,CO,,1.01,E,E MACPHAIL RD,0,F,E,1649,CO,,E RING FACTORY RD,39.531581,-76.32321928
01,06,,01,17,06.03,1,01,01,06,ZF0470000L,03,02-02-2015,07:58:00,,N,N,CARROLL,UNK,00,00,503,CO,,0.65,W,GREENS MILL RD,1,F,W,1318,CO,,MISTY MEADOW RD,39.51235975,-76.92390919
01,06,,02,07,02,1,01,03,00,ZF0470000M,06.01,02-25-2015,07:44:00,,Y,N,CARROLL,UNK,01,00,91,MD,,3.2,N,GAMBER RD,0,F,N,,UU,,SPUR TO MD 140,39.49561304,-76.89146519
01,06,,03,03,02,1,01,04,00,ZF0472000G,06.01,01-10-2015,10:25:00,,Y,N,CARROLL,UNK,01,00,140,MD,,9.62,N,BALTIMORE BLVD,50,F,N,651,MU,,ENGLAR RD,39.58409394,-76.99017048
01,06,,01,17,02,1,01,01,00,ZF0472000H,06.01,03-30-2015,16:36:00,,N,N,CARROLL,UNK,11,00,603,CO,,1.17,E,HOODS MILL RD,0,M,E,1076,CO,,PATTON DR,39.37809891,-77.03718424
01,06,,01,17,04,1,01,00,06,ZF04730009,09.04,01-03-2015,11:09:00,,N,N,CARROLL,UNK,09,11,75,CO,,0.37,W,PLEASANT VALLEY RD,100,F,W,787,CO,,CHRIS LA,39.61691254,-77.00272322
04,06,,01,17,06.03,1,01,01,11,ZF04740006,12.04,01-24-2015,01:20:00,,N,N,CARROLL,UNK,16,09,272,CO,,2.32,N,HOOPER RD,100,F,N,269,CO,,SAMS CREEK RD,39.49365913,-77.10582733
01,06,,01,04,01,1,01,01,00,ZF04740007,06.01,03-26-2015,15:26:00,,N,N,CARROLL,UNK,01,00,91,MD,,5.83,N,EMORY RD,200,F,N,926,CO,,CLYDESDALE RD WAY,39.52474956,-76.86123133
05.02,06,,02,11,01,,01,01,00,ZF04740008,06.01,03-30-2015,06:32:00,,Y,N,CARROLL,UNK,01,00,27,MD,,9.56,N,RIDGE RD,0,F,N,269,CO,,SAMS CREEK RD,39.46656369,-77.07696676
03,06,,01,02,01,1,01,01,00,ZF0475000D,10.04,01-06-2015,18:48:00,,N,N,CARROLL,UNK,01,00,32,MD,,2.184,N,SYKESVILLE RD,30,F,N,681,CO,,FREEDOM AVE,39.39047117,-76.96369171
01,06,,01,17,04,1,01,01,06,ZF0475000F,06.01,01-15-2015,07:47:00,,N,N,CARROLL,UNK,09,00,733,CO,,1.74,S,MARRIOTTSVILLE RD #2,30,F,S,758,CO,,ARRINGTON RD,39.36635484,-76.91223621
04,06,,01,07,04,1,01,01,00,ZF04780008,06.01,03-02-2015,04:20:00,,N,N,CARROLL,UNK,02,00,1124,CO,,0.08,S,FRONTIER CT,30,F,S,,UU,,CUL DE SAC,39.40257595,-76.92699909
05.02,10,,01,17,01,1,01,01,00,ZJ0344002L,03,01-04-2015,08:02:00,,N,N,FREDERICK,UNK,08,00,134,CO,,0,N,BETHEL RD,0,M,N,129,CO,,HAMBURG RD,39.4857485,-77.45665467
05.02,10,,01,01,02,1,01,01,00,ZJ0344002M,06.01,01-08-2015,08:09:00,,N,N,FREDERICK,UNK,02,00,1617,CO,,0.41,N,GLEN HEATHER DR,100,F,N,1723,CO,,HEIRLOOM CT,39.4631835,-77.4340655
01,10,,02,17,06.03,2,01,04,04,ZJ0344002P,08.04,01-26-2015,08:45:00,,N,N,FREDERICK,UNK,09,00,176,CO,,3.73,S,OPOSSUMTOWN PIKE,0,F,S,1244,CO,,RAINBOW LA,39.4599015,-77.41611483
01,10,,01,17,02,,01,01,10,ZJ0344002Q,06.01,02-04-2015,11:02:00,,N,N,FREDERICK,UNK,09,09,458,CO,,0.44,E,STAUFFER RD,0,M,E,782,CO,,INSPIRATION AVE,39.464624,-77.35522267
03,10,,01,03,02,1,01,01,00,ZJ03480008,06.01,01-31-2015,18:20:00,,N,N,FREDERICK,UNK,01,00,85,MD,,9.06,N,BUCKEYSTOWN PIKE,0,F,N,270,IS,,EISENHOWER MEMORIAL HWY,39.40750633,-77.37476467
01,10,,01,17,04,1,05,01,09,ZJ03480009,12.04,02-10-2015,08:49:00,,N,N,FREDERICK,UNK,10,00,194,MD,A,0,N,MAIN ST,10,F,N,194,MD,A,WOODSBORO PIKE,39.52225317,-77.31617633
01,10,,01,17,04,1,88,01,06,ZJ0348000B,06.01,03-10-2015,07:38:00,,N,N,FREDERICK,UNK,11,09,263,CO,,2.71,W,BIDLE RD,0,M,W,257,CO,,MARKER RD,39.434548,-77.59479833
03,10,,01,17,02,1,01,01,08,ZJ0348000C,07.01,03-27-2015,21:36:00,,N,N,FREDERICK,UNK,09,00,287,CO,,0,E,MOUNTVILLE RD,100,F,E,281,CO,,LANDER RD,39.3586355,-77.530275
01,10,,01,02,02,1,01,01,00,ZJ0348000D,06.01,03-29-2015,14:32:00,,N,N,FREDERICK,UNK,01,00,229,CO,,0.1,N,MT ZION RD,0,F,N,,UU,,END BRIDGE,39.3775575,-77.47629283