LIGHT_CODE,COUNTY_NO,MUNI_CODE,JUNCTION_CODE,COLLISION_TYPE_CODE,SURF_COND_CODE,LANE_CODE,RD_COND_CODE,RD_DIV_CODE,FIX_OBJ_CODE,REPORT_NO,WEATHER_CODE,ACC_DATE,ACC_TIME,LOC_CODE,SIGNAL_FLAG,C_M_ZONE_FLAG,AGENCY_CODE,AREA_CODE,HARM_EVENT_CODE1,HARM_EVENT_CODE2,RTE_NO,ROUTE_TYPE_CODE,RTE_SUFFIX,LOG_MILE,LOGMILE_DIR_FLAG,MAINROAD_NAME,DISTANCE,FEET_MILES_FLAG,DISTANCE_DIR_FLAG,REFERENCE_NO,REFERENCE_TYPE_CODE,REFERENCE_SUFFIX,REFERENCE_ROAD_NAME,LATITUDE,LONGITUDE
01,12,,02,17,02,1,01,01,00,ZL08680009,06.01,02-03-2015,14:30:00,1050 PI,N,N,HARFORD,UNK,03,00,543,CO,,0.19,N,LYNN LEE DR,0,F,N,689,CO,,LARK DR,39.51410621,-76.22091293
01,12,,02,03,02,2,01,04,00,ZL0868000B,06.01,03-07-2015,12:15:00,1050,Y,N,HARFORD,UNK,00,01,40,US,,3.39,E,PULASKI HWY,0,F,E,1001,CO,,TREE TOP DR,39.44043542,-76.28356934
05.02,12,,01,17,04,,01,01,11,ZL08690003,06.01,02-23-2015,06:20:00,10-50PD,N,N,HARFORD,UNK,09,00,72,CO,,2.34,W,SHARON RD,0,M,W,2511,CO,,TRESTLE DR,39.60226272,-76.40573313
01,12,,01,01,04,1,05,01,11,ZL08710006,07.01,01-15-2015,11:59:00,1050 PD,N,N,HARFORD,UNK,00,09,290,CO,,0,E,FRANKLINVILLE RD,1,M,E,260,CO,,OLD JOPPA RD,39.45126097,-76.36758312
01,12,,01,01,04,1,01,01,06,ZL08710007,09.04,01-18-2015,08:00:00,1050 PD,N,N,HARFORD,UNK,09,09,7,MD,,4.03,E,PHILADELPHIA RD,500,F,E,1988,CO,,EDGEWOOD RD,39.44665623,-76.30484868
00,12,,01,01,04,1,01,01,00,ZL08710008,12.04,01-18-2015,10:00:00,1050 PD,N,N,HARFORD,UNK,01,00,244,CO,,2.34,E,LAUREL BUSH RD,100,F,E,451,CO,,HOOKERS MILL RD,39.48045105,-76.29808153
01,12,,01,00,04,1,88,01,10,ZL08720006,10.04,02-19-2015,15:52:00,10-50,N,N,HARFORD,UNK,09,00,178,CO,,1.79,S,CRAIGS CORNER RD,2,M,S,384,CO,,WILKINSON RD,39.59447745,-76.16747355
03,12,,01,17,02,4,01,04,05,ZL08750001,06.01,02-08-2015,02:15:00,,N,N,HARFORD,UNK,09,00,95,IS,,4.03,N,J F K MEMORIAL HWY,200,F,N,24,MD,,VIETNAM VETERANS MEMORIAL HWY,39.45439427,-76.31465145
04,12,,08.04,17,02,1,01,01,18.88,ZL08790007,06.01,01-18-2015,02:35:00,10-50 PD,N,N,HARFORD,UNK,09,00,1106,CO,,0.09,N,GLEN ELYN WAY,0,M,N,1392,CO,,NEW FANE CT,39.54244215,-76.51253025
04,12,,01,03,02,1,01,01,00,ZL08790008,06.01,02-08-2015,06:05:00,10-50 PD,N,N,HARFORD,UNK,02,11,224,CO,,0.48,S,RED PUMP RD,500,F,S,727,CO,,HONEYSUCKLE DR,39.55334975,-76.37665628
04,12,,01,17,02,1,01,01,88,ZL08790009,06.01,02-14-2015,02:56:00,10-50 PD,N,N,HARFORD,UNK,16,11,124,CO,,0,E,HIGHLAND RD,500,F,E,88,CO,,STREET RD,39.66716713,-76.37495328
01,12,,01,01,04,,88,01,00,ZL08810003,03,01-18-2015,11:20:00,10-50 PI,N,N,HARFORD,UNK,01,00,197,CO,,5.54,N,THOMAS RUN RD,25,F,N,213,CO,,PENNINGTON RD,39.57486368,-76.29150575
04,12,,01,17,02,1,01,01,00,ZL08880004,06.01,03-25-2015,21:50:00,1050PI,N,N,HARFORD,UNK,11,00,23,MD,,20.17,W,NORRISVILLE RD,1,M,W,,UU,,DRAGO RD (PA. RD),39.72105182,-76.54807806
04,12,,01,17,02,1,01,01,10,ZL08880005,06.01,03-31-2015,21:49:00,1050PD,N,N,HARFORD,UNK,09,16,48,CO,,0.59,W,HESS RD,1,M,W,946,CO,,SUFFOLK LA,39.55230212,-76.50548458
03,07,,01,17,04,1,01,04,05,ZG04380002,06.01,02-11-2015,01:34:00,,N,N,CECIL,UNK,09,00,40,US,,7.35,E,PULASKI HWY,150,F,E,79,CO,,RED TOAD RD,39.60257181,-75.96349597
01,07,,02,11,02,1,01,04,00,ZG04380003,06.01,02-18-2015,16:34:00,,Y,N,CECIL,UNK,01,01,40,US,,17.17,E,PULASKI HWY,0,F,E,17,MU,,AUTOMOTIVE BLVD,39.60598575,-75.7872507
01,07,,01,11,02,1,01,01,00,ZG04840002,06.01,01-01-2015,11:33:00,,N,N,CECIL,UNK,01,01,76,CO,,0.71,W,THEODORE RD,0,M,W,94,CO,,BAILIFF RD,39.64226397,-75.98078012
01,07,,01,17,01,1,01,01,00,ZG04840003,03,01-04-2015,14:53:00,,N,N,CECIL,UNK,08,08,117,CO,,1.88,S,CARPENTERS POINT RD,0,M,S,116,CO,,MOUNTAIN HILL RD,39.55435364,-76.01097107
01,07,,01,17,03,,88,01,11,ZG04920003,08.04,01-06-2015,08:59:00,,N,N,CECIL,UNK,09,00,282,MD,,7.96,E,CECILTON WARWICK RD,2,M,E,329,CO,,WARDS HILL RD,39.395902,-75.82495451
04,07,,00,17,01,,01,01,11,ZG05530002,03,01-12-2015,19:56:00,,N,N,CECIL,UNK,09,00,196,CO,,0,E,IRISHTOWN RD,1,M,E,272,MD,,MAIN ST (SB COUPLET),39.58262211,-75.92597723
04,07,,01,04,02,,01,01,11,ZG05530004,06.01,02-20-2015,17:57:00,,N,N,CECIL,UNK,09,09,411,CO,,0,E,WARBURTON RD,1,M,E,272,MD,,NORTHEAST RD,39.66988545,-75.91355324
01,07,,01,17,04,1,01,01,06,ZG05530005,06.01,03-11-2015,08:11:00,,N,N,CECIL,UNK,09,00,90,CO,,2.44,S,BLUE BALL RD,100,F,S,70,CO,,OLD ELM RD,39.6873084,-75.92509747
01,07,,02,17,02,1,01,01,23.03,ZG05530006,06.01,03-27-2015,16:20:00,,Y,N,CECIL,UNK,09,00,824,MD,A,0.55,N,BLYTHE DALE RD,0,F,N,102,CO,A,JACKSON STATION RD,39.59509032,-76.06077433
01,07,,08.04,17,02,,00,00,00,ZG05530007,06.01,03-31-2015,11:55:00,,N,N,CECIL,UNK,09,00,222,MD,,5.27,N,S MAIN ST,15,F,N,,UU,,IN CORP LMTS PORT DEPOSIT,39.60261056,-76.11308612
01,07,,01,17,00,1,01,01,11,ZG0573000C,06.01,02-11-2015,12:11:00,,N,N,CECIL,UNK,09,18,144,CO,,2.95,N,APPLETON RD,0,M,N,273,MD,,TELEGRAPH RD,39.69271811,-75.81512019
04,07,,01,17,00,,01,01,99,ZG0573000D,06.01,02-23-2015,05:31:00,,N,N,CECIL,UNK,99,99,69,CO,,1.2,N,DR MILLER RD,0,M,N,70,CO,,OLD ELM RD,39.6888327,-75.95109746
01,07,,00,17,02,1,01,01,00,ZG0573000F,06.01,03-19-2015,08:42:00,,N,N,CECIL,UNK,11,16,196,CO,,1.55,E,IRISHTOWN RD,0,M,E,699,CO,,TIMBERLANE DR,39.57982721,-75.92255473
01,07,,03,08,02,,01,04,00,ZG0573000H,06.01,03-23-2015,08:49:00,,N,N,CECIL,UNK,01,00,40,US,,8.17,E,PULASKI HWY,0,F,E,125,CO,,RAZOR STRAP RD,39.60774381,-75.95027268
04,07,,08.04,11,03,,01,01,00,ZG05800002,08.04,02-14-2015,18:50:00,,N,N,CECIL,UNK,01,00,274,MD,A,0.07,N,CALVERT RD,500,F,N,,UU,A,ENT TO BUSINESS,39.67134717,-76.01829886
01,07,,01,03,02,1,01,01,00,ZG05800003,06.01,02-21-2015,11:11:00,,N,N,CECIL,UNK,01,00,123,CO,,0,N,WELLS CAMP RD,0,M,N,7,MD,,W OLD PHILADELPHIA RD,39.59825662,-75.96461713
01,07,,03,03,02,1,01,01,00,ZG06090003,06.01,02-13-2015,11:08:00,,Y,N,CECIL,UNK,01,01,9,CO,,0,E,NEW BRIDGE RD,0,F,E,222,US,,ROCK SPRINGS RD,39.71519248,-76.15851402
01,07,,01,17,03,1,04,01,06,ZG06400003,06.01,02-19-2015,12:15:00,,N,N,CECIL,UNK,09,00,282,MD,,8.95,E,CECILTON WARWICK RD,0,M,E,320,CO,,WORSELL MANOR RD,39.40907518,-75.82360268
01,07,,01,88,03,1,01,01,00,ZG06550004,06.01,01-11-2015,11:00:00,,N,N,CECIL,UNK,02,02,788,CO,,0,N,WALDEN CT,20,F,N,727,CO,,INVERNESS DR,39.61484634,-75.95557809
01,07,,01,17,04,1,00,02,22.03,ZG06550005,12.04,01-12-2015,11:37:00,,N,N,CECIL,UNK,09,09,57,CO,,4.16,S,DR JACK RD,0,M,S,75,CO,,WAIBEL RD,39.63281198,-76.08768225
04,07,,01,17,04,1,01,01,23.03,ZG06550006,02,01-19-2015,00:30:00,,N,N,CECIL,UNK,09,00,274,MD,B,0.1,N,EBENEZER CHURCH RD,0,M,N,67,CO,B,PRINCIPIO RD,39.66190741,-76.01318121
01,07,,01,17,02,1,01,00,07,ZG06550007,06.01,01-30-2015,16:27:00,,N,N,CECIL,UNK,09,00,926,CO,,0,W,WATER WHEEL DR,0,M,W,925,CO,,MILL RACE DR,39.63305986,-76.03476763
01,07,,01,17,03,1,00,01,10,ZG06550008,10.04,02-15-2015,12:15:00,,N,N,CECIL,UNK,09,00,103,CO,,0,E,RESERVOIR RD,0,M,E,786,CO,,BLYTHE DALE RD,39.58721113,-76.05896115
04,07,,01,17,04,1,01,01,23.03,ZG06550009,06.01,03-02-2015,20:10:00,,N,N,CECIL,UNK,09,00,79,CO,,5.74,S,RED TOAD RD,0,M,S,1039,CO,,RAZOR STRAP RD,39.60401015,-75.9671545
04,07,,02,17,02,1,01,01,06,ZG06670004,06.01,01-03-2015,04:15:00,,Y,N,CECIL,UNK,09,11,715,CO,,3.975,N,LIBERTY GROVE RD,0,F,N,26,CO,,LOVE RUN RD,39.67085993,-76.11382842
01,07,,01,17,02,,01,01,11,ZG06670005,06.01,01-21-2015,11:28:00,,N,N,CECIL,UNK,09,00,92,CO,,1.95,N,EBENEZER CHURCH RD,0,M,N,97,CO,,MCGRADY RD,39.6590455,-76.01040781
01,07,,01,17,01,1,01,01,06,ZG06670006,06.01,02-02-2015,13:00:00,,N,N,CECIL,UNK,16,09,41,CO,,1.23,W,NESBITT RD,10,F,W,40,CO,,COLORA RD,39.68179298,-76.10057831
01,07,,01,17,03,1,01,01,11,ZG06670007,06.01,03-05-2015,14:30:00,,N,N,CECIL,UNK,09,09,213,MD,,11.82,N,AUGUSTINE HERMAN HWY,0,M,N,284,CO,,RANDALIA RD,39.51557122,-75.8233881
01,07,,01,17,02,1,01,01,11,ZG06670008,06.01,03-09-2015,10:12:00,,N,N,CECIL,UNK,09,09,276,CO,,1.38,E,ELK FOREST RD,1,M,E,456,CO,,YELLOW FIELD BLVD,39.54469937,-75.84289312
04,07,,01,17,01,1,01,01,11,ZG06670009,02,03-14-2015,23:12:00,,N,N,CECIL,UNK,09,00,200,CO,,3.25,N,SHADY BEACH RD,0,M,N,272,MD,,TURKEY POINT RD,39.57318679,-75.9402144
01,07,,01,17,02,1,01,01,00,ZG0667000B,06.01,03-31-2015,11:15:00,,N,N,CECIL,UNK,16,11,144,CO,,3.44,N,APPLETON RD,100,F,N,389,CO,,N EDGEWOOD DR,39.70421519,-75.81644654
01,07,,01,17,03,,01,01,23.03,ZG06810002,08.04,01-06-2015,13:24:00,,N,N,CECIL,UNK,09,11,574,CO,,0,N,OLD BAYVIEW RD,0,M,N,94,CO,,BAILIFF RD (BACK),39.63345647,-75.95905423
01,07,,03,17,02,1,01,01,00,ZG06950002,06.01,01-31-2015,08:38:00,,N,N,CECIL,UNK,11,00,167,CO,,0,N,MECHANICS VALLEY RD,50,F,N,7,MD,,E CECIL AVE,39.60178237,-75.93626082
03,07,,01,17,01,1,01,01,11,ZG06950003,06.01,02-04-2015,23:01:00,,N,N,CECIL,UNK,09,00,175,CO,,1.15,N,MARLEY RD,0,M,N,425,CO,,NOTTINGHAM RD,39.61882992,-75.90070009
03,07,,02,11,02,1,01,04,00,ZG06950005,06.01,02-19-2015,20:32:00,,Y,N,CECIL,UNK,01,00,40,US,,16.33,E,PULASKI HWY,0,F,E,213,CO,,MALONEY RD,39.6017865,-75.80187678
01,07,,01,01,02,1,01,01,00,ZG06950006,06.01,03-07-2015,13:51:00,,N,N,CECIL,UNK,01,00,204,CO,,1.26,S,OLD ELK NECK RD,0,M,S,,UU,,PINE GROVE LA,39.58807929,-75.8679986
04,07,,01,17,02,1,01,01,11,ZG06950007,00,02-28-2015,20:21:00,,N,N,CECIL,UNK,09,11,204,CO,,1.26,S,OLD ELK NECK RD,0,M,S,,UU,,PINE GROVE LA,39.58677085,-75.8696267
04,07,,01,17,01,1,01,01,06,ZG06950008,03,03-26-2015,21:40:00,,N,N,CECIL,UNK,09,09,574,CO,,0.87,N,OLD BAYVIEW RD,200,F,N,272,MD,,NORTHEAST RD,39.64689034,-75.9583354
04,07,,01,00,04,1,01,01,00,ZG07320006,12.04,02-09-2015,20:45:00,,N,N,CECIL,UNK,01,00,144,CO,,4.66,N,APPLETON RD,0,M,N,561,CO,,ELBOW LA,39.71609617,-75.82257807
01,12,,01,88,04,,88,04,11,ZL0889000D,03,01-18-2015,07:36:00,10-50 PD,N,N,HARFORD,UNK,09,09,24,MD,,3.29,N,VIETNAM VETERANS MEMORIAL HWY,0,M,N,,UU,,SPUR TO EDGEWOOD RD,39.44289218,-76.29931767
01,12,,01,17,04,1,01,01,11,ZL08900005,06.01,03-10-2015,07:40:00,10-50 PD,N,N,HARFORD,UNK,16,09,87,CO,,2.23,S,GRIER NURSERY RD,500,F,S,780,CO,,WESTWIND CT,39.64993,-76.382114
04,12,,01,17,02,1,01,01,00,ZL08900006,06.01,03-17-2015,05:26:00,10-50 PD,N,N,HARFORD,UNK,08,00,543,MD,,12.01,N,ADY RD,0,M,N,195,CO,,GIBSON RD,39.602099,-76.338731
04,12,,01,88,02,1,01,01,00,ZL08920003,06.01,01-01-2015,01:19:00,10-57PD,N,N,HARFORD,UNK,01,00,522,CO,,3.03,E,WILLOUGHBY BEACH RD,0,M,E,527,CO,,FLYING POINT RD,39.43108398,-76.26867235
01,12,,88,88,02,,01,88,00,ZL08920004,06.01,02-05-2015,16:28:00,10-50PD,N,N,HARFORD,UNK,02,00,1163,CO,,0.2,W,YORKSHIRE DR,0,F,W,1163,CO,,YORKSHIRE DR,39.42240158,-76.31792097
06.02,12,,03,14,03,1,88,01,00,ZL08920005,06.01,02-17-2015,18:10:00,,Y,N,HARFORD,UNK,01,00,1314,OP,,0.35,N,PAUL MARTIN DR,60,F,N,1321,OP,,STEVEN DR,39.43740997,-76.31813187
01,12,,01,03,01,1,01,01,00,ZL0893000M,07.01,01-22-2015,12:14:00,10-50 PD,N,N,HARFORD,UNK,01,00,216,CO,,1.39,S,WHEEL RD,300,F,S,241,CO,,E MACPHAIL RD,39.5162515,-76.29585475
01,12,,02,11,02,,01,01,00,ZL0893000N,06.01,03-23-2015,09:10:00,10-50 PD,Y,N,HARFORD,UNK,01,00,332,CO,,3.29,N,CARSINS RUN RD,0,F,N,330,CO,,STEPNEY RD,39.53081223,-76.2187043
01,12,,01,03,06.03,1,01,01,88,ZL08950005,06.01,02-27-2015,08:45:00,10-50PD,N,N,HARFORD,UNK,02,00,2560,CO,,0.2,W,MEADOWOOD DR,20,F,W,162,OP,,IRONWOOD CT,39.42275144,-76.31144285
01,12,,02,88,02,1,01,01,00,ZL08990006,06.01,01-05-2015,16:10:00,10-50PD,Y,N,HARFORD,UNK,01,01,,,,,,MERCHANT BLVD,0,F,,,,,WEGMANS BLVD,39.46697835,-76.30839053
01,12,,02,11,02,1,01,02,00,ZL08990007,00,02-13-2015,14:48:00,10-57PD,N,N,HARFORD,UNK,01,00,1552,CO,,1.31,W,TOLLGATE RD,0,F,W,,UU,,ROUNDABOUT,39.4782412,-76.32717133
04,12,,01,17,04,1,01,01,06,ZL09070005,07.01,01-13-2015,03:33:00,10-50PD,N,N,HARFORD,UNK,10,09,2656,CO,,5.19,W,W JARRETTSVILLE RD,0,M,W,335,CO,,ANDERSON LA,39.60902757,-76.45926476
01,12,,03,03,01,,88,02,00,ZL09090005,10.04,01-21-2015,16:27:00,,Y,N,HARFORD,UNK,01,01,1675,CO,,0.71,N,DELLCREST DR,15,F,N,24,MD,,ROCK SPRING AVE,39.56474363,-76.37533517
01,12,,00,17,02,1,01,02,10,ZL09090006,00,01-28-2015,17:17:00,10-50 PD,N,N,HARFORD,UNK,09,09,225,CO,,2.05,S,GRAFTON SHOP RD,20,F,S,2634,CO,,BEAR HOLLOW CT,39.55342095,-76.39624352
07.88,12,,01,17,04,1,01,02,05,ZL09090007,09.04,02-09-2015,22:15:00,10-50 PD,N,N,HARFORD,UNK,09,09,186,CO,,0,N,TUCKER RD,75,F,N,148,CO,,SANDY HOOK RD,39.62880815,-76.28879628
07.88,07,,01,17,00,1,00,01,00,ZG07430004,02,03-14-2015,20:35:00,,N,N,CECIL,UNK,16,00,196,CO,,0.01,E,IRISHTOWN RD,0,M,E,272,MD,,TURKEY POINT RD (NB COUPLET),39.56258395,-75.90075374
04,07,,02,03,02,1,01,01,00,ZG07440003,06.01,02-03-2015,23:45:00,,Y,N,CECIL,UNK,01,00,167,CO,,1.58,N,MECHANICS VALLEY RD,0,F,N,160,CO,,BOUCHELLE RD,39.62335043,-75.9277904
01,07,,01,17,06.03,1,01,01,22.03,ZG07440004,08.04,03-20-2015,15:15:00,,N,N,CECIL,UNK,16,09,79,CO,,4.61,S,RED TOAD RD,0,M,S,128,CO,,BETHEL CHURCH RD,39.61626789,-75.98716378
04,07,,01,88,02,1,01,00,00,ZG07580002,06.01,02-04-2015,19:08:00,,N,N,CECIL,UNK,01,09,267,CO,,0.753,W,FRENCHTOWN RD,300,F,W,673,OP,,REEDY LA,39.58611145,-75.80181241
04,07,,00,01,01,2,01,01,00,ZG0768000C,00,01-21-2015,20:50:00,,N,N,CECIL,UNK,01,15,269,CO,,1.66,W,WILLIAMS RD,500,F,W,213,MD,,AUGUSTINE HERMAN HWY,39.56610738,-75.80934405
04,07,,02,00,04,1,01,01,88,ZG0768000D,09.04,02-02-2015,00:38:00,,N,N,CECIL,UNK,15,00,,,,,,IRON HILL ROAD,0,F,,,,,W CHESTNUT HILL ROAF,39.6423218,-75.79028964
04,07,,06.01,00,02,1,01,01,01,ZG0768000F,00,02-25-2015,19:45:00,,N,N,CECIL,UNK,00,00,143,CO,,1.91,N,GALLAHER RD,0,M,N,273,MD,,TELEGRAPH RD,39.69401836,-75.84150776
04,07,,01,17,04,1,01,01,10,ZG07710003,02,01-18-2015,22:09:00,,N,N,CECIL,UNK,09,09,309,CO,,3.3,W,GROVE NECK RD,1,M,W,312,CO,,STEMMERS RUN RD,39.39926807,-75.97038388
04,07,,01,17,02,1,01,01,00,ZG07880002,06.01,03-06-2015,18:56:00,,N,N,CECIL,UNK,15,15,410,CO,,2.39,S,UNION CHURCH RD,100,F,S,,UU,,BROWNSTONE LA,39.63985152,-75.91235161
01,07,,01,17,01,1,01,01,07,ZG07910003,06.01,02-10-2015,12:15:00,,N,N,CECIL,UNK,09,10,431,CO,,0,S,OLD LOCUST POINT RD,1,M,S,558,CO,,LOCUST POINT RD,39.5593333,-75.84106386
99,07,,01,17,99,,01,01,11,ZG07910005,99,03-13-2015,00:00:00,,N,N,CECIL,UNK,09,00,87,CO,,2.675,S,BELVIDERE RD,2,M,S,95,IS,,J F K MEMORIAL HWY,39.61808612,-76.02511168
04,07,,01,17,02,1,01,01,06,ZG08130002,06.01,01-01-2015,18:59:00,,N,N,CECIL,UNK,09,00,410,CO,,0,S,UNION CHURCH RD,1,M,S,545,MD,,BLUE BALL RD,39.66858475,-75.90301216
01,07,,02,17,03,1,01,01,07,ZG08130004,08.04,01-06-2015,08:10:00,,N,N,CECIL,UNK,09,00,317,CO,,3.19,S,OLD TELEGRAPH RD,0,F,S,316,CO,,ST AUGUSTINE RD S,39.47620398,-75.77943206
01,07,,01,17,03,1,01,01,01,ZG08130005,08.04,01-06-2015,14:04:00,,N,N,CECIL,UNK,09,00,248,CO,,2.88,S,OLDFIELD POINT RD,1,M,S,350,CO,,PLUM POINT RD,39.56897727,-75.86613178
01,07,,01,17,04,1,01,01,01,ZG08130006,03,01-18-2015,09:12:00,,N,N,CECIL,UNK,09,00,180,CO,,0.77,S,CHILDS RD,0,F,S,,UU,,STRUC #CE0023 LITTLE ELK CREEK,39.65175597,-75.86499453
04,07,,01,17,02,1,01,01,18.88,ZG08130008,06.01,01-25-2015,06:23:00,,N,N,CECIL,UNK,09,09,162,CO,,1.71,E,LEEDS RD,1,M,E,545,MD,,BLUE BALL RD,39.65370542,-75.87888837
01,07,,01,17,04,1,05,01,06,ZG08130009,10.04,02-19-2015,14:38:00,,N,N,CECIL,UNK,09,00,144,CO,,0.89,N,APPLETON RD,1,M,N,184,CO,,BREWSTER BRIDGE RD,39.67080212,-75.81524491
01,07,,01,17,02,1,01,01,11,ZG0813000B,06.01,03-12-2015,18:09:00,,N,N,CECIL,UNK,09,00,289,CO,,1.26,W,COURT HOUSE POINT RD,0,M,W,290,CO,,SHORT CUT RD,39.50147443,-75.85510254
01,07,,01,17,03,2,01,01,11,ZG08180002,10.04,02-19-2015,15:20:00,,N,N,CECIL,UNK,09,09,35,CO,,2.09,W,CALVERT RD,300,F,W,64,CO,,ENGLAND CREAMERY RD,39.69378102,-75.99552155
01,07,,01,06,03,,01,01,00,ZG08180003,12.04,03-05-2015,10:39:00,,N,N,CECIL,UNK,01,01,423,CO,,0.87,S,MOLITOR RD,15,F,S,623,CO,,CHERRY HILL RD,39.65634867,-75.85165858
04,07,,01,17,02,,01,01,06,ZG08190002,06.01,01-19-2015,21:10:00,,N,N,CECIL,UNK,09,00,,,,,,DR JACK RD,3,M,,,,,ROWLAND RD,39.63768685,-76.1125946
01,07,,01,17,02,,01,01,06,ZG08190003,00,01-22-2015,15:25:00,,N,N,CECIL,UNK,16,09,,,,,,BARNES CORNER RD.,250,F,,,,,MONTGOMERY RD,39.67738364,-76.049788
00,07,,00,17,02,,01,01,06,ZG08190004,00,02-06-2015,00:00:00,,N,N,CECIL,UNK,09,10,,,,,,HOPEWELL RD,1,M,,,,,BARNES CORNER RD,39.68611948,-76.06536627
04,07,,01,17,03,,01,01,07,ZG08290003,08.04,01-07-2015,17:00:00,,N,N,CECIL,UNK,00,00,219,CO,,0,W,JACKSON HALL SCHOOL RD,2,M,W,144,CO,,APPLETON RD,39.6911681,-75.79593837
03,07,,01,17,01,1,01,01,06,ZG08290004,12.04,02-02-2015,01:41:00,,N,N,CECIL,UNK,09,11,204,CO,,3.63,S,OLD ELK NECK RD,0,M,S,253,CO,,OLD CHESTNUT RD,39.56193053,-75.89003563
04,07,,01,17,02,1,01,01,06,ZG08290005,06.01,02-11-2015,21:00:00,,N,N,CECIL,UNK,09,00,137,CO,,0.12,N,MIDDLE RD,0,M,N,150,CO,,KIRK RD,39.67626061,-75.90411186
04,07,,00,17,04,1,88,01,10,ZG08390003,06.01,03-08-2015,05:18:00,,N,N,CECIL,UNK,00,00,423,CO,,0.87,S,MOLITOR RD,50,F,S,623,CO,,CHERRY HILL RD,39.6567245,-75.85123479
04,07,,01,17,88,1,88,01,00,ZG08390004,00,03-20-2015,05:26:00,,Y,N,CECIL,UNK,15,00,407,CO,,1.81,N,CROTHERS RD,1,F,N,64,CO,,ENGLAND CREAMERY RD,39.67422921,-75.99008203
04,07,,01,88,04,,01,01,88,ZG08400009,06.01,01-09-2015,20:43:00,,N,N,CECIL,UNK,02,00,,,,,,29 COLLINS DR,0,M,,,,,JACKSON STATION RD,39.58958408,-76.05206251
04,07,,01,17,04,1,01,01,00,ZG0840000C,09.04,02-09-2015,19:30:00,,N,N,CECIL,UNK,11,00,144,CO,,4.66,N,APPLETON RD,0,M,N,561,CO,,ELBOW LA,39.71681004,-75.8228302
04,07,,01,17,02,1,01,01,00,ZG0840000D,00,03-17-2015,20:09:00,,N,N,CECIL,UNK,08,00,312,CO,,0,S,STEMMERS RUN RD,1,M,S,282,MD,,CRYSTAL BEACH RD,39.4280223,-75.94174862
04,07,,01,17,04,1,01,01,23.03,ZG08540003,06.01,01-24-2015,21:26:00,,N,N,CECIL,UNK,09,11,553,CO,,0.87,S,CRAIGTOWN RD,500,F,S,275,MD,,PERRYLAWN DR,39.62333391,-76.07819796
04,07,,01,17,04,1,01,01,06,ZG08540004,09.04,02-09-2015,23:32:00,,N,N,CECIL,UNK,09,09,76,CO,,5.93,W,THEODORE RD,400,F,W,555,CO,,CAMP MEETING GROUND RD,39.63527425,-76.07201815
03,10,,01,03,02,2,01,04,00,ZJ0376002W,06.01,01-13-2015,18:35:00,,N,N,FREDERICK,UNK,01,00,85,MD,,9.38,N,BUCKEYSTOWN PIKE,200,F,N,1272,CO,,SPECTRUM DR,39.385947,-77.4088465
01,10,,02,03,02,1,01,01,00,ZJ0376002X,06.01,01-14-2015,15:40:00,,N,N,FREDERICK,UNK,01,00,208,CO,,5.063,N,HOLTER RD,0,F,N,12,MU,,BROOKLODGE LA,39.42673633,-77.52714433
04,10,,01,17,04,,01,01,06,ZJ0376002Z,09.04,01-19-2015,06:42:00,,N,N,FREDERICK,UNK,09,00,368,CO,,0.21,S,IJAMSVILLE RD,200,F,S,1831,CO,,RITCHIE WAY,39.38898917,-77.32504217
01,10,,09.04,11,02,1,01,01,00,ZJ03760030,06.01,01-20-2015,14:30:00,,N,N,FREDERICK,UNK,01,00,1176,CO,,0,N,INDUSTRY LA,0,M,N,569,CO,,GROVE RD,39.39166567,-77.41510867
01,10,,01,17,01,,01,01,05,ZJ03760031,07.01,01-27-2015,16:23:00,,N,N,FREDERICK,UNK,09,00,287,CO,,0.55,E,MOUNTVILLE RD,1,M,E,1010,CO,,TIMBERY DR,39.35104683,-77.52211617
04,10,,01,17,04,,01,01,11,ZJ03760032,99,02-02-2015,06:15:00,,N,N,FREDERICK,UNK,09,00,455,CO,,0.65,S,YEAGERTOWN RD,300,F,S,,UU,,STRUC #F0906 STREAM,39.40306033,-77.30479633
01,10,,01,17,06.03,,00,01,22.03,ZJ03760033,03,02-02-2015,07:50:00,,N,N,FREDERICK,UNK,09,09,57,CO,,0,N,FOUR POINTS RD,0,M,N,76,MD,,MOTTERS STATION RD,39.6595835,-77.3229565
01,10,,01,07,02,2,01,04,00,ZJ03760034,06.01,02-04-2015,08:44:00,,N,N,FREDERICK,UNK,01,00,1625,MU,,6.35,W,W PATRICK ST,0,F,W,15,US,,FREDERICK FREEWAY,39.41512183,-77.4345
01,10,,11.04,03,02,1,01,01,00,ZJ03760036,06.01,02-18-2015,07:49:00,,N,N,FREDERICK,UNK,01,01,1317,CO,,0.49,E,OLD NATIONAL PIKE,0,F,E,,UU,,ENT TO OAKDALE ELEMENTARY & MIDDLE SCHOO,39.39190017,-77.31921183
01,10,,00,07,02,1,01,04,00,ZJ03760037,06.01,02-18-2015,11:20:00,,N,N,FREDERICK,UNK,02,00,1625,MU,,6.23,W,W PATRICK ST,0,F,W,15,RP,,RAMP 2 FR W PATRICK ST WB TO US 15 NB,39.41605867,-77.43291767
01,10,,01,17,03,,00,01,10,ZJ03760038,06.01,02-19-2015,10:55:00,,N,N,FREDERICK,UNK,09,00,324,CO,,1.93,N,NEW DESIGN RD,1,M,N,326,CO,,GREENFIELD RD,39.276852,-77.47187733