LIGHT_CODE,COUNTY_NO,MUNI_CODE,JUNCTION_CODE,COLLISION_TYPE_CODE,SURF_COND_CODE,LANE_CODE,RD_COND_CODE,RD_DIV_CODE,FIX_OBJ_CODE,REPORT_NO,WEATHER_CODE,ACC_DATE,ACC_TIME,LOC_CODE,SIGNAL_FLAG,C_M_ZONE_FLAG,AGENCY_CODE,AREA_CODE,HARM_EVENT_CODE1,HARM_EVENT_CODE2,RTE_NO,ROUTE_TYPE_CODE,RTE_SUFFIX,LOG_MILE,LOGMILE_DIR_FLAG,MAINROAD_NAME,DISTANCE,FEET_MILES_FLAG,DISTANCE_DIR_FLAG,REFERENCE_NO,REFERENCE_TYPE_CODE,REFERENCE_SUFFIX,REFERENCE_ROAD_NAME,LATITUDE,LONGITUDE
01,10,,03,03,02,1,01,01,00,ZJ03760039,06.01,02-25-2015,16:50:00,,Y,N,FREDERICK,UNK,01,00,144,MD,FA,2.96,W,OLD NATIONAL PIKE,0,M,W,381,CO,,QUINN ORCHARD RD,39.40167833,-77.37506683
01,10,,02,13,02,1,01,04,00,ZJ0376003B,06.01,02-26-2015,16:25:00,,Y,N,FREDERICK,UNK,01,00,85,MD,,9.51,N,BUCKEYSTOWN PIKE,0,F,N,,UU,,ENT TO LOWES,39.388522,-77.40945533
04,10,,01,17,02,,01,01,10,ZJ0376003C,06.01,02-27-2015,00:39:00,,N,N,FREDERICK,UNK,09,00,85,MD,,1.5,N,BUCKEYSTOWN PIKE,900,F,N,326,CO,,GREENFIELD RD,39.28682867,-77.45948217
01,10,,01,17,02,,01,01,11,ZJ0376003D,06.01,02-28-2015,16:26:00,,N,N,FREDERICK,UNK,09,00,1459,CO,,5.8,N,OLD ANNAPOLIS RD,1,M,N,75,MD,,GREEN VALLEY RD,39.43946767,-77.26216567
04,10,,01,03,01,1,01,01,00,ZJ0376003F,06.01,03-04-2015,06:06:00,,N,N,FREDERICK,UNK,01,08,355,MD,,5.62,N,URBANA PIKE,0,M,N,362,CO,,REELS MILL RD,39.34835983,-77.3764835
01,10,,02,17,06.03,1,01,01,00,ZJ0376003H,06.01,03-06-2015,07:06:00,,N,N,FREDERICK,UNK,18,00,779,CO,,0.06,N,DISCOVERY BLVD,0,F,N,780,CO,,DARING CT,39.463056,-77.360831
01,10,,02,12,01,2,01,01,00,ZJ0376003J,06.01,03-06-2015,11:00:00,,Y,N,FREDERICK,UNK,01,00,978,CO,,0.795,E,ENGLISH MUFFIN WAY,0,F,E,1414,CO,,WEDGEWOOD BLVD,39.359822,-77.42599683
01,10,,01,17,01,,01,01,11,ZJ0376003K,06.01,03-09-2015,15:36:00,,N,N,FREDERICK,UNK,09,09,208,CO,,2.77,N,HOLTER RD,1,M,N,723,CO,,CHERRY LA,39.4017165,-77.52332967
01,10,,02,01,01,1,01,01,00,ZJ0376003L,03,03-10-2015,16:38:00,,Y,N,FREDERICK,UNK,01,00,144,MD,FA,2.96,W,OLD NATIONAL PIKE,0,F,W,70,RP,FA,RAMP 6 FR IS 70 EB TO MD 144FA,39.40236817,-77.37770833
01,10,,02,17,02,1,01,01,00,ZJ0376003M,06.01,03-12-2015,16:30:00,,N,N,FREDERICK,UNK,14,00,1536,CO,,0,S,KINGSBROOK DR,0,F,S,1355,CO,,CORPORATE DR,39.37882983,-77.42172733
01,10,,01,03,02,1,01,01,00,ZJ0376003N,06.01,03-12-2015,17:55:00,,N,N,FREDERICK,UNK,01,01,355,MD,,7.06,N,URBANA PIKE,50,F,N,361,CO,,BALL RD,39.36281183,-77.38660883
01,10,,11.04,17,02,,01,01,06,ZJ0376003P,07.01,03-16-2015,09:56:00,,N,N,FREDERICK,UNK,11,09,373,CO,,3.54,N,REICHS FORD RD,400,F,N,363,CO,,REELS MILL RD,39.384117,-77.37666883
01,10,,01,06,02,2,01,01,00,ZJ0376003R,06.01,03-17-2015,14:26:00,,N,N,FREDERICK,UNK,01,09,355,MD,,9.3,N,URBANA PIKE,500,F,N,569,CO,,GROVE RD,39.39176817,-77.40544
01,10,,01,17,02,,01,01,07,ZJ0376003S,06.01,03-18-2015,07:53:00,,N,N,FREDERICK,UNK,09,00,183,CO,,0.78,W,POOLE JONES RD,300,F,W,1273,CO,,BUCKEYE CT,39.463071,-77.42804017
01,10,,01,11,02,,01,01,00,ZJ0376003V,00,03-23-2015,17:10:00,,N,N,FREDERICK,UNK,01,00,2124,CO,,0.8,N,OLD NEW MARKET RD,120,F,N,75,MD,,GREEN VALLEY RD,39.38521406,-77.26021528
01,10,,01,17,02,,01,01,00,ZJ0376003W,06.01,03-23-2015,17:06:00,,N,N,FREDERICK,UNK,03,00,75,MD,,11.02,N,GREEN VALLEY RD,15,F,N,2123,CO,,NEW LONDON RD,39.42227074,-77.25294113
01,10,,01,17,02,1,01,01,06,ZJ0376003X,07.01,03-24-2015,19:09:00,,N,N,FREDERICK,UNK,11,09,418,CO,,0,N,JESSE SMITH RD,0,M,N,1317,CO,,OLD NATIONAL PIKE,39.38118389,-77.23337173
04,10,,01,17,02,,01,01,23.03,ZJ0376003Y,06.01,03-25-2015,20:02:00,,N,N,FREDERICK,UNK,09,09,30,CO,,2.56,N,KELBAUGH RD,0,M,N,72,CO,,SMITH RD,39.6696377,-77.38007784
06.02,10,,02,11,01,1,01,01,00,ZJ0376003Z,03,03-26-2015,19:31:00,,Y,N,FREDERICK,UNK,01,00,466,CO,,1.56,N,COPPERMINE RD,0,F,N,441,CO,,FOUNTAIN SCHOOL RD,39.51129617,-77.20944067
04,10,,01,17,02,,01,01,06,ZJ03760040,06.01,03-31-2015,06:13:00,,N,N,FREDERICK,UNK,09,11,355,MD,,7.32,N,URBANA PIKE,0,M,N,358,CO,,ARABY CHURCH RD,39.36716833,-77.3888315
03,10,,00,17,03,,01,02,00,ZJ03790004,08.04,02-22-2015,00:00:00,RURAL,N,N,FREDERICK,UNK,03,00,61,MU,,0.17,E,E NORTH AVE,20,F,E,31,MU,,FEDERAL AVE,39.70446483,-77.32337
01,10,,00,03,04,1,01,01,00,ZJ03800005,08.04,03-06-2015,12:56:00,,N,N,FREDERICK,UNK,01,01,85,MD,,8.95,N,BUCKEYSTOWN PIKE,20,F,N,270,RP,,RAMP 5 FR IS 270 SB TO MD 85 EB,39.37952532,-77.40947485
01,10,,00,17,04,1,00,01,07,ZJ04480037,09.04,01-12-2015,08:23:00,,N,N,FREDERICK,UNK,09,00,369,CO,,2.81,S,PRICES DISTILLERY RD,1,M,S,80,MD,,FINGERBOARD RD,39.341239,-77.303798
01,10,,00,17,04,1,00,01,11,ZJ04480039,03,01-12-2015,10:19:00,,N,N,FREDERICK,UNK,09,00,287,CO,,2.05,E,MOUNTVILLE RD,0,M,E,15,US,,CATOCTIN MOUNTAIN HWY,39.348211,-77.519031
01,10,,01,88,04,1,01,01,02,ZJ0448003B,03,01-12-2015,11:55:00,,N,N,FREDERICK,UNK,09,09,19,CO,,1.94,N,HARBAUGH VALLEY RD,1,M,N,20,CO,,EYLERS VALLEY RD,39.7063196,-77.4458136
01,10,,00,17,04,1,01,01,11,ZJ0448003C,06.01,01-13-2015,07:49:00,,N,N,FREDERICK,UNK,09,00,355,MD,,7.06,N,URBANA PIKE,0,M,N,361,CO,,BALL RD,39.3525655,-77.37754805
01,10,,02,11,01,1,01,04,00,ZJ0448003D,07.01,01-14-2015,09:27:00,,N,N,FREDERICK,UNK,01,00,2069,CO,,0.085,N,CARRIAGE HILL DR,0,F,N,,UU,,CENTERVILLE ELEMENTARY SCHOOL,39.33447323,-77.3351568
01,10,,00,06,02,2,01,01,00,ZJ0448003G,06.01,01-15-2015,09:22:00,,N,N,FREDERICK,UNK,01,00,26,MD,,12.77,E,LIBERTY RD,500,F,E,468,CO,,CLEMSONVILLE RD,39.47836157,-77.18094063
06.02,10,,00,17,02,1,01,01,00,ZJ0448003H,06.01,01-15-2015,14:58:00,,N,N,FREDERICK,UNK,16,11,365,CO,,0.51,S,MUSSETTER RD,0,M,S,1317,CO,,OLD NATIONAL PIKE,39.37124923,-77.3154419
06.02,10,,01,17,02,1,01,01,11,ZJ0448003J,06.01,01-19-2015,16:27:00,,N,N,FREDERICK,UNK,09,00,80,CO,,2.32,E,APPLES CHURCH RD,300,F,E,,UU,,STRUC #F1512 OWENS CREEK,39.63091568,-77.37254693
04,10,,00,17,02,1,01,01,00,ZJ0448003K,06.01,01-19-2015,20:03:00,,N,N,FREDERICK,UNK,08,00,33,CO,,2.38,W,BROWN QUARRY RD,0,M,W,550,MD,,SABILLASVILLE RD,39.70009682,-77.43392932
04,10,,00,17,02,1,01,01,00,ZJ0448003L,06.01,01-20-2015,18:21:00,,N,N,FREDERICK,UNK,08,00,85,MD,,7.85,N,BUCKEYSTOWN PIKE,200,F,N,875,OP,,MARCIES CHOICE LA,39.36415232,-77.41710925
04,10,,02,11,00,2,01,04,00,ZJ0448003M,06.01,01-22-2015,18:19:00,,N,N,FREDERICK,UNK,01,00,1179,CO,,1.18,E,CRESTWOOD BLVD,0,F,E,1466,CO,,SOCIETY CIR,39.38903568,-77.42058155
01,10,,03,03,01,2,01,04,00,ZJ0448003N,07.01,01-27-2015,08:31:00,,Y,N,FREDERICK,UNK,01,00,15,US,B,0.074,N,S JEFFERSON ST,0,F,N,15,RP,B,RAMP 1 FR RAMP 4 TO US 15B(NBL),39.40670662,-77.4313208
06.02,10,,03,03,02,4,01,01,00,ZJ0448003P,06.01,02-03-2015,17:30:00,,Y,N,FREDERICK,UNK,01,00,1118,MU,,5.43,S,OPOSSUMTOWN PIKE,100,F,S,15,RP,,RAMP 7 FR US 15 SB TO OPPOSSUMTOWN PIKE,39.436326,-77.410305
04,10,,00,17,02,,01,01,11,ZJ0448003R,06.01,02-04-2015,18:18:00,,N,N,FREDERICK,UNK,16,09,860,CO,,0,E,ALLVIEW DR,500,F,E,732,CO,,MCKAIG RD,39.4479691,-77.30989468
03,10,,00,17,02,1,01,01,09,ZJ0448003S,06.01,02-05-2015,18:51:00,,N,N,FREDERICK,UNK,16,09,1670,CO,,0.29,S,CLARIDGE DR SOUTH,10,F,S,1714,CO,,NEWPORT DR E,39.40377752,-77.33378645
04,10,,00,17,01,,01,01,05,ZJ0448003V,08.04,02-18-2015,19:22:00,,N,N,FREDERICK,UNK,09,00,332,CO,,3.14,E,PARK MILLS RD,1,M,E,325,CO,,LILY PONS RD,39.27162835,-77.43408033
04,10,,00,17,03,,01,01,11,ZJ0448003W,06.01,02-18-2015,21:33:00,,N,N,FREDERICK,UNK,09,00,129,CO,,0.63,N,HAMBURG RD,1,M,N,111,CO,,FISHING CREEK RD,39.51535258,-77.48733515
03,10,,01,17,02,,01,04,04,ZJ0448003X,06.01,02-19-2015,21:56:00,,N,N,FREDERICK,UNK,09,00,85,MD,,10.18,N,BUCKEYSTOWN PIKE,75,F,N,355,MD,,URBANA PIKE,39.39761088,-77.40888158
04,10,,03,17,03,1,00,01,02,ZJ04480040,08.04,02-21-2015,18:50:00,,N,N,FREDERICK,UNK,09,00,427,CO,,2.42,E,GLISSANS MILL RD,0,F,E,432,CO,,DOLLYHYDE RD,39.4404165,-77.20861867
01,10,,00,17,04,1,01,01,11,ZJ04480041,06.01,02-25-2015,07:31:00,,N,N,FREDERICK,UNK,09,09,1852,CO,,0.72,N,SUGARLOAF PKWY,0,M,N,1941,CO,,BUSH CREEK DR,39.33617,-77.348464
01,10,,00,17,01,,01,01,88,ZJ04480043,06.01,03-04-2015,17:04:00,,N,N,FREDERICK,UNK,09,00,134,CO,,4.7,N,BETHEL RD,1,M,N,157,CO,,FISH HATCHERY RD,39.52932338,-77.4362491
06.02,10,,02,11,01,1,01,04,00,ZJ04480044,03,03-04-2015,17:43:00,,N,N,FREDERICK,UNK,01,00,1179,CO,,0.4,E,CRESTWOOD BLVD,0,F,E,,UU,,ROSEBAY CT,39.39173243,-77.43421357
01,10,,02,11,02,1,01,01,00,ZJ04480046,06.01,03-06-2015,15:55:00,,Y,N,FREDERICK,UNK,01,00,1317,CO,,2.3,E,OLD NATIONAL PIKE,0,F,E,412,CO,,BOYERS MILL RD,39.54217596,-76.78344727
03,10,,00,11,01,1,01,01,00,ZJ04480047,06.01,03-06-2015,18:08:00,,N,N,FREDERICK,UNK,01,00,1177,CO,,0.24,E,FOXCROFT DR,30,F,E,,UU,,SUNSET VIEW LA (PVT),39.3919605,-77.42116963
01,10,,03,07,02,3,01,01,00,ZJ04480048,06.01,03-16-2015,16:03:00,,N,N,FREDERICK,UNK,01,00,144,MD,FA,3.47,W,E PATRICK ST,0,F,W,,UU,FA,BAILES LA (BARRICADED),39.40642192,-77.38636468
04,10,,00,17,02,2,01,01,00,ZJ04480049,06.01,03-16-2015,20:19:00,,N,N,FREDERICK,UNK,08,00,1459,CO,,0,N,OLD ANNAPOLIS RD,0,M,N,731,CO,,SIDNEY RD  (BACK),39.38648978,-77.18180425
01,10,,00,03,02,1,01,01,00,ZJ0448004B,06.01,02-20-2015,17:28:00,,N,N,FREDERICK,UNK,01,00,180,MD,,8.46,E,JEFFERSON PIKE,1,M,E,281,CO,,LANDER RD,39.360663,-77.542473
01,10,,02,11,02,,01,01,00,ZJ0448004C,06.01,03-17-2015,16:42:00,,Y,N,FREDERICK,UNK,01,00,570,MU,,1.18,S,N EAST ST,0,F,S,9040,MU,,E 4TH ST,39.41493478,-77.40562863
04,10,,00,17,02,,01,01,06,ZJ0448004F,06.01,03-19-2015,20:57:00,,N,N,FREDERICK,UNK,09,11,398,CO,,0.08,S,KEMPTOWN CHURCH RD,0,M,S,1487,CO,,SANDRA LEE CT,39.32365207,-77.2435339
01,10,,02,17,02,,01,01,11,ZJ0448004G,06.01,03-30-2015,18:38:00,,N,N,FREDERICK,UNK,09,09,811,CO,,0.32,S,ANNAPOLIS DR,0,F,S,1083,CO,,LEGION DR,39.37899968,-77.17679603
03,10,,02,11,02,1,01,01,00,ZJ0448004H,00,03-30-2015,19:52:00,,N,N,FREDERICK,UNK,01,00,874,MD,D,0,N,OLD NEW MARKET RD,0,F,N,144,MD,FB,MAIN ST,39.383075,-77.269699
07.88,10,,00,03,02,1,01,01,00,ZJ04510008,00,01-25-2015,17:58:00,,N,N,FREDERICK,UNK,01,00,397,CO,,0.41,S,BARTHOLOWS RD,500,F,S,821,CO,,OLD BARTHOLOWS RD,39.36438733,-77.22723333
01,10,,03,03,00,2,01,04,00,ZJ04510009,06.01,03-07-2015,12:42:00,,Y,N,FREDERICK,UNK,01,01,85,MD,,10.356,N,BUCKEYSTOWN PIKE,50,F,N,85,MD,,FRANCIS SCOTT KEY DRIVE,39.39881133,-77.40604333
06.02,10,,01,03,02,2,01,01,00,ZJ04520005,06.01,02-09-2015,17:45:00,,N,N,FREDERICK,UNK,01,00,355,MD,,9.3,N,URBANA PIKE,1,M,N,569,CO,,GROVE RD,39.3942995,-77.40639167
06.02,10,,03,01,02,3,01,04,00,ZJ04520006,06.01,02-13-2015,18:17:00,,Y,N,FREDERICK,UNK,01,01,1272,CO,,0.11,S,SPECTRUM DR,0,F,S,1448,CO,,HOLIDAY DR,39.38615617,-77.4073815
06.02,10,,01,03,01,1,00,01,00,ZJ04520007,08.04,02-14-2015,18:12:00,,N,N,FREDERICK,UNK,01,00,355,MD,,8.91,N,URBANA PIKE,0,M,N,1678,CO,,LOWES LA,39.38847467,-77.40422467
01,10,,01,09,02,1,01,01,00,ZJ04520008,06.01,03-15-2015,16:30:00,,N,N,FREDERICK,UNK,01,01,85,MD,,8.2,N,BUCKEYSTOWN PIKE,500,F,N,1335,CO,,EXECUTIVE WAY,39.36696864,-77.41505384
01,12,,02,17,02,1,01,01,00,ZL09220005,07.01,03-27-2015,15:37:00,,N,N,HARFORD,UNK,15,15,512,CO,,1.17,W,HANSON RD,0,F,W,521,CO,,BAYBERRY RD,39.42554578,-76.30820485
05.02,12,,03,11,03,1,01,01,00,ZL09380006,08.04,01-06-2015,06:00:00,10-50 PD,Y,N,HARFORD,UNK,01,00,1821,CO,,0.18,N,WESTOVER LA,15,F,N,1822,CO,,ASHTON WAY,39.46977145,-76.31880598
04,12,,01,17,04,1,01,01,10,ZL09380007,12.04,01-12-2015,06:00:00,10-50 PD,N,N,HARFORD,UNK,09,00,277,CO,,1,S,WHITT RD,100,F,S,743,CO,,OLD MOUNTAIN RD N,39.47708125,-76.38253082
04,12,,01,03,01,1,01,01,00,ZL09380008,09.04,01-23-2015,23:10:00,10-50 PD,N,N,HARFORD,UNK,01,09,307,CO,,0.38,N,LEXINGTON RD,250,F,N,298,CO,,SAROTOGA DR,39.52006508,-76.3268307
04,12,,01,03,01,1,01,01,00,ZL09380009,06.01,01-30-2015,04:42:00,10-50 PD,N,N,HARFORD,UNK,10,00,755,MD,,0.34,N,EDGEWOOD RD,0,M,N,507,CO,,TRIMBLE RD,39.42060885,-76.30950778
05.02,12,,01,03,02,1,01,01,88,ZL0938000B,06.01,03-29-2015,06:19:00,10-50 PD,N,N,HARFORD,UNK,02,00,652,CO,,0.18,N,FERGUSON RD,10,F,N,654,CO,,FITZHUGH RD,39.41420288,-76.35961832
01,12,,01,17,03,1,01,01,06,ZL0939000F,08.04,01-07-2015,16:30:00,1050PD,N,N,HARFORD,UNK,16,00,197,CO,,5.54,N,THOMAS RUN RD,500,F,N,213,CO,,PENNINGTON RD,39.5793407,-76.2825305
04,12,,01,17,04,1,01,01,11,ZL0939000G,00,02-02-2015,18:36:00,1050PD,N,N,HARFORD,UNK,09,00,87,CO,,0,S,GRIER NURSERY RD,0,M,S,165,MD,,PYLESVILLE RD,39.67370022,-76.38329663
04,12,,02,17,04,1,01,01,11,ZL0939000H,03,02-09-2015,19:10:00,1050PD,N,N,HARFORD,UNK,09,00,99,CO,,2.25,E,ST MARYS RD,0,F,E,101,CO,,OLD ST MARYS RD,39.68892883,-76.37874178
04,12,,00,17,03,1,01,00,07,ZL0939000J,06.01,02-15-2015,21:15:00,10-50PD,N,N,HARFORD,UNK,09,00,681,CO,,0.09,N,FAIRVIEW DR,500,F,N,,UU,,MARTINDALE LA (PRIVATE),39.58082776,-76.3649261
01,12,,02,88,02,1,00,01,00,ZL09410007,06.01,01-09-2015,16:33:00,10-50PD,Y,N,HARFORD,UNK,01,00,246,CO,,1.23,E,SINGER RD,0,F,E,283,CO,,CLAYTON RD,39.47790483,-76.32629995
04,12,,01,17,04,1,01,01,10,ZL09410008,07.01,01-18-2015,22:18:00,1050PI,N,N,HARFORD,UNK,15,09,334,CO,,0.8,N,BUSH CHAPEL RD,150,F,N,446,CO,,MT CALVARY CHURCH RD,39.51561022,-76.19453863
04,12,,02,17,02,2,01,88,09,ZL09410009,06.01,02-07-2015,19:14:00,1050PD,N,N,HARFORD,UNK,09,09,7,MD,,8.95,E,PHILADELPHIA RD,0,F,E,2628,CO,,ASHFORD DR,39.48571053,-76.23701058
01,12,,01,17,02,1,01,01,10,ZL0941000B,00,03-23-2015,16:01:00,10-50PD,N,N,HARFORD,UNK,09,00,1472,CO,,0,S,CHELSEA RD,5,M,S,159,MD,,PERRYMAN RD,39.43597185,-76.33048983
01,12,,03,02,02,1,01,05.01,00,ZL09430005,06.01,01-11-2015,15:23:00,1050PI,N,N,HARFORD,UNK,01,01,1614,CO,,0.54,S,BOX HILL S PKWY,0,F,S,2367,CO,,BOX HILL CORP CENTER DR,39.47038122,-76.30579958
03,12,,00,01,03,1,01,01,00,ZL09430008,08.04,01-29-2015,18:01:00,1050PD,N,N,HARFORD,UNK,01,00,1816,CO,,0.46,N,SINGER WOODS DR,50,F,N,,UU,,SPRUCE WOODS CT,39.48461253,-76.3181758
01,12,,00,03,02,1,01,05.01,00,ZL0943000B,06.01,02-20-2015,16:59:00,1050PD,Y,N,HARFORD,UNK,01,00,755,MD,,0.95,N,EDGEWOOD RD,500,F,N,512,CO,,HANSON RD,39.42566869,-76.29796743
01,07,,01,88,01,1,01,01,88,ZG08560006,08.04,01-06-2015,14:30:00,,N,N,CECIL,UNK,09,00,9,CO,,0.4,E,NEW BRIDGE RD,1,M,E,,UU,,SPUR FR CONNELLY RD,39.710158,-76.12920284
01,07,,01,88,01,1,01,01,00,ZG08560007,03,03-26-2015,11:40:00,,N,N,CECIL,UNK,01,00,24,CO,,0.24,S,WALNUT ST,1,M,S,,UU,,OUT CORP LMTS RISING SUN,39.70526347,-76.06242657
01,07,,01,01,02,1,01,01,00,ZG08750004,06.01,01-29-2015,16:21:00,,N,N,CECIL,UNK,01,00,426,CO,,0.98,E,BARKSDALE RD,0,M,E,216,CO,,CAT SWAMP RD,39.66899354,-75.8006537
04,07,,01,17,04,1,01,01,00,ZG08750005,06.01,03-02-2015,20:25:00,,N,N,CECIL,UNK,00,00,295,CO,,3.15,S,GLEBE RD,0,M,S,758,CO,,FOXES LA,39.44252753,-75.90397775
01,07,,01,17,01,1,01,01,01,ZG08810006,07.01,01-04-2015,13:50:00,,N,N,CECIL,UNK,09,00,224,CO,,0.18,S,MUDDY LA,0,F,S,,UU,,R/R #CECO 530 763 Y,39.63544776,-75.80252051
04,07,,01,17,01,1,01,01,23.03,ZG08810007,07.01,01-10-2015,06:02:00,,N,N,CECIL,UNK,09,16,79,CO,,5.44,S,RED TOAD RD,10,F,S,98,CO,,FINEBURG RD,39.60642385,-75.97424626
04,07,,01,17,04,1,01,01,10,ZG08810008,03,01-12-2015,04:55:00,,N,N,CECIL,UNK,09,16,9,CO,,2.55,E,NEW BRIDGE RD,0,M,E,15,CO,,HORSE SHOE RD,39.70976595,-76.12855375
04,07,,01,17,01,1,01,01,23.03,ZG08810009,07.01,01-22-2015,21:43:00,,N,N,CECIL,UNK,09,16,26,CO,,1.23,N,LOVE RUN RD,0,M,N,40,CO,,COLORA RD,39.6751128,-76.11481547
04,07,,01,17,01,1,01,01,05,ZG0881000B,07.01,01-24-2015,21:49:00,,N,N,CECIL,UNK,09,00,102,CO,,0.6,N,JACKSON STATION RD,0,M,N,521,CO,,GONCE RD,39.58324227,-76.04339361
04,07,,01,11,01,1,01,01,00,ZG08850002,06.01,01-25-2015,20:44:00,,N,N,CECIL,UNK,01,09,410,CO,,1.7,S,UNION CHURCH RD,1,M,S,162,CO,,LEEDS RD,39.65434972,-75.9072125
06.02,07,,01,17,01,1,01,01,06,ZG08850003,03,02-02-2015,06:52:00,,N,N,CECIL,UNK,09,00,139,CO,,0,N,LITTLE ELK CREEK RD,0,M,N,165,CO,,PROVIDENCE RD,39.69346731,-75.88029385
01,07,,02,11,03,1,00,01,00,ZG08850004,08.04,03-05-2015,14:33:00,,Y,N,CECIL,UNK,01,00,586,CO,,0.43,N,HARRISVILLE RD,0,F,N,715,CO,,LIBERTY GROVE RD,39.67407644,-76.0780853
04,07,,01,17,01,1,01,01,06,ZG08850005,02,03-14-2015,23:34:00,,N,N,CECIL,UNK,09,00,29,CO,,0.94,E,LITTLE NEW YORK RD,20,F,E,982,CO,,NORTHLAND DR,39.71279908,-76.02821231
04,07,,01,17,04,,01,01,06,ZG08910003,07.01,02-23-2015,10:41:00,,N,N,CECIL,UNK,09,09,16,CO,,0.54,N,SPRING HILL RD,70,F,N,25,CO,,SLICERS MILL RD,39.70765713,-76.01473689
03,07,,01,00,06.03,1,01,03,05,ZG08910004,06.01,03-08-2015,00:47:00,,N,N,CECIL,UNK,09,09,267,MD,,0.82,E,CECIL ST,60,F,E,10,MU,,BALTIMORE ST,39.57391453,-75.97887039
07.88,07,,01,17,02,,01,03,07,ZG08910005,07.01,03-06-2015,21:20:00,,N,N,CECIL,UNK,09,10,196,CO,,1.55,E,IRISHTOWN RD,50,F,E,699,CO,,TIMBERLANE DR,39.57734643,-75.9172976
04,07,,01,17,01,1,01,01,07,ZG08930003,03,01-03-2015,23:00:00,,N,N,CECIL,UNK,16,09,139,CO,,0.89,N,LITTLE ELK CREEK RD,1,M,N,273,MD,,TELEGRAPH RD,39.70178839,-75.88930607
04,07,,01,17,04,1,01,01,06,ZG08930004,06.01,01-07-2015,22:25:00,,N,N,CECIL,UNK,16,09,196,CO,,4.12,E,IRISHTOWN RD,1,M,E,204,CO,,OLD ELK NECK RD,39.56150869,-75.90757728
04,07,,01,17,02,1,01,01,11,ZG08930005,06.01,01-10-2015,02:40:00,,N,N,CECIL,UNK,16,09,145,CO,,0,N,LITTLE EGYPT RD,0,M,N,273,MD,,TELEGRAPH RD,39.6992542,-75.80037475
04,07,,01,17,03,1,01,01,11,ZG08930006,10.04,02-14-2015,23:29:00,,N,N,CECIL,UNK,16,09,31,CO,,0.97,S,WILSON RD,0,M,S,29,CO,,LITTLE NEW YORK RD,39.71544832,-76.01241946
04,07,,01,17,02,,01,01,10,ZG08930007,06.01,03-25-2015,00:56:00,,N,N,CECIL,UNK,16,09,715,CO,,2.87,N,LIBERTY GROVE RD,1,M,N,59,CO,,FRIST RD,39.66959228,-76.1147511
04,07,,01,17,00,1,01,01,11,ZG09060001,06.01,02-21-2015,01:58:00,,N,N,CECIL,UNK,16,09,273,MD,,12.87,E,TELEGRAPH RD,300,F,E,,UU,,STRUC #CE9000002 DUPONTS BRIDGE,39.70068228,-75.85372925
01,07,,01,17,03,,01,01,11,ZG09070001,06.01,02-19-2015,12:48:00,,N,N,CECIL,UNK,16,09,20,CO,,0.9,S,RED PUMP RD,1,M,S,1,US,,RISING SUN BYPASS,39.71560512,-76.06676102
01,07,,01,01,03,2,01,01,00,ZG09070002,06.01,02-19-2015,13:39:00,,N,N,CECIL,UNK,01,00,76,CO,,2.44,W,THEODORE RD,1,M,W,92,CO,,EBENEZER CHURCH RD,39.63966976,-76.00412607
03,07,,02,88,03,1,01,01,05,ZG09080001,08.04,02-01-2015,23:40:00,,N,N,CECIL,UNK,09,09,40,CO,,2.346,S,COLORA RD,0,F,S,715,CO,,LIBERTY GROVE RD,39.67229272,-76.09888315
04,07,,01,17,02,1,01,01,06,ZG09080002,06.01,02-04-2015,01:15:00,,N,N,CECIL,UNK,16,10,196,CO,,4.12,E,IRISHTOWN RD,1,M,E,204,CO,,OLD ELK NECK RD,39.56098346,-75.8983022
04,07,,01,00,01,1,01,01,00,ZG09080003,12.04,02-09-2015,19:20:00,,N,N,CECIL,UNK,18,00,577,CO,,0.2,N,ROGERS RD,0,M,N,235,MU,,TIMBERBROOK DR,39.61145763,-75.94584703
03,07,,01,17,04,1,01,01,08,ZG09080004,12.04,02-09-2015,22:00:00,,N,N,CECIL,UNK,09,09,553,CO,,2.58,S,CRAIGTOWN RD,1,M,S,222,MD,,BAINBRIDGE RD,39.60232589,-76.07098013
07.88,07,,02,02,02,1,01,01,00,ZG09080005,06.01,02-10-2015,17:30:00,,N,N,CECIL,UNK,01,00,86,CO,,2.08,N,PRINCIPIO RD,0,F,N,555,CO,,CAMP MEETING GROUND RD,39.62508584,-76.05743766
01,07,,01,17,01,1,01,01,11,ZG09080006,06.01,02-19-2015,12:20:00,,N,N,CECIL,UNK,09,00,75,CO,,0.59,N,WAIBEL RD,0,M,N,57,CO,,DR JACK RD,39.63210964,-76.09142661
04,07,,01,17,03,1,88,01,06,ZG09090001,12.04,01-21-2015,17:54:00,,N,N,CECIL,UNK,00,00,141,CO,,0,N,ROCK CHURCH RD,1,M,N,273,MD,,TELEGRAPH RD,39.7076984,-75.88415623
03,07,,00,00,00,1,00,03,08,ZG09090002,00,03-22-2015,01:35:00,,N,N,CECIL,UNK,00,00,576,MU,,0.97,S,WHITE HALL RD,55,F,S,94,MU,,BUTTON WOODS RD,39.58956754,-75.8313489
04,08,,01,17,02,1,01,00,00,ZH01510005,06.01,01-11-2015,02:34:00,,N,N,CHARLES,UNK,08,00,224,MD,,23.76,N,LIVINGSTON RD,0,M,N,225,MD,,HAWTHORNE RD,38.59140167,-77.11134833
01,10,,01,03,02,1,01,01,00,ZJ0386000C,00,02-09-2015,15:15:00,,N,N,FREDERICK,UNK,01,01,101,CO,,1.84,S,GARFIELD RD,500,F,S,103,CO,,BRANDENBURG HOLLOW RD,39.61202793,-77.53340364