LIGHT_CODE,COUNTY_NO,MUNI_CODE,JUNCTION_CODE,COLLISION_TYPE_CODE,SURF_COND_CODE,LANE_CODE,RD_COND_CODE,RD_DIV_CODE,FIX_OBJ_CODE,REPORT_NO,WEATHER_CODE,ACC_DATE,ACC_TIME,LOC_CODE,SIGNAL_FLAG,C_M_ZONE_FLAG,AGENCY_CODE,AREA_CODE,HARM_EVENT_CODE1,HARM_EVENT_CODE2,RTE_NO,ROUTE_TYPE_CODE,RTE_SUFFIX,LOG_MILE,LOGMILE_DIR_FLAG,MAINROAD_NAME,DISTANCE,FEET_MILES_FLAG,DISTANCE_DIR_FLAG,REFERENCE_NO,REFERENCE_TYPE_CODE,REFERENCE_SUFFIX,REFERENCE_ROAD_NAME,LATITUDE,LONGITUDE
01,11,,02,17,04,1,01,01,06,ZK01870004,06.01,02-23-2015,09:53:00,,N,N,GARRETT,UNK,09,00,163,CO,,5.5,E,GLENDALE RD,0,F,E,495,MD,,BITTINGER RD,39.53110499,-79.24120903
01,11,,01,17,06.03,1,01,01,10,ZK01870005,08.04,03-01-2015,12:54:00,,N,N,GARRETT,UNK,16,10,135,MD,,6.51,E,MARYLAND HWY,20,F,E,153,CO,,PYSELL CROSSCUT RD,39.43748564,-79.30146217
01,11,,01,17,06.03,1,01,01,11,ZK01870006,08.04,03-01-2015,12:17:00,,N,N,GARRETT,UNK,16,09,135,MD,,6.51,E,MARYLAND HWY,100,F,E,153,CO,,PYSELL CROSSCUT RD,39.43755193,-79.30206299
04,11,,01,17,01,1,01,01,00,ZK01870007,03,03-10-2015,22:28:00,,N,N,GARRETT,UNK,16,11,135,MD,,4.77,E,MARYLAND HWY,0,M,E,131,CO,,SAND FLAT RD,39.42687451,-79.33396518
04,11,,01,17,04,2,01,01,10,ZK01890003,12.04,01-12-2015,04:58:00,7170,N,N,GARRETT,UNK,09,09,123,CO,,0,N,SOUTH LE MOYNE KING RD,100,F,N,560,MD,,GORMAN RD,39.31538297,-79.34733868
01,11,,01,17,02,1,01,01,06,ZK01890004,06.01,03-10-2015,09:35:00,7170,N,N,GARRETT,UNK,09,11,135,MD,,18.55,E,MARYLAND HWY,1,M,E,,UU,,SOUTHSIDE LA,39.49126634,-79.11798835
01,11,,02,05,04,1,01,01,00,ZK01900004,10.04,01-08-2015,07:50:00,,N,N,GARRETT,UNK,01,02,219,US,,18.49,N,GARRETT HWY,0,F,N,68,CO,,MAYHEW INN RD,39.49312924,-79.34214592
04,11,,00,17,03,1,01,00,10,ZK01900005,06.01,02-04-2015,05:56:00,,N,N,GARRETT,UNK,16,09,163,CO,,3.06,E,GLENDALE RD,50,F,E,241,CO,,NORTH GLADE RD,39.51397378,-79.28051949
07.88,11,,01,17,02,1,01,01,00,ZK01920001,07.01,03-23-2015,20:59:00,,N,N,GARRETT,UNK,08,00,84,CO,,0,N,BROADFORD RD,500,F,N,65,MU,,DENNETT RD,39.43098077,-79.35958028
01,11,,01,01,03,1,05,01,06,ZK01980002,06.01,01-08-2015,13:07:00,,N,N,GARRETT,UNK,01,09,560,MD,,4.18,N,GORMAN RD,1,M,N,375,CO,,WHITE CHURCH STEYER RD,39.3358575,-79.33380961
03,11,,00,17,03,,05,00,02,ZK02010007,06.01,01-09-2015,20:29:00,,N,N,GARRETT,UNK,09,00,826,MD,A,0.56,N,WEBER RD,100,F,N,825,MD,B,OAKLAND DR,39.40258424,-79.39201891
01,11,,01,17,06.03,1,05,01,23.03,ZK02010008,12.04,01-24-2015,10:06:00,,N,N,GARRETT,UNK,09,00,131,CO,,0.62,S,SAND FLAT RD,0,F,S,292,CO,,PARADISE POINT RD,39.48033631,-79.34340119
01,11,,01,17,03,1,04,01,05,ZK02010009,07.01,02-22-2015,10:04:00,,N,N,GARRETT,UNK,09,00,201,MU,,0.678,N,N FOURTH ST,200,F,N,336,CO,,HILL ST,39.42394488,-79.39364433
04,11,,01,17,04,1,05,01,10,ZK0201000B,06.01,03-06-2015,20:53:00,,N,N,GARRETT,UNK,09,10,139,CO,,0,E,BETHLEHEM RD,300,F,E,560,MD,,GORMAN RD,39.3821956,-79.32435751
04,11,,01,88,01,1,01,01,00,ZK0201000C,07.01,03-11-2015,05:01:00,,N,N,GARRETT,UNK,01,00,85,CO,,0,S,DENNETT RD,400,F,S,140,MU,,DENNETT RD (BACK),39.40907518,-79.39357996
01,11,,01,17,03,1,05,01,05,ZK0201000D,08.04,03-20-2015,07:38:00,,N,N,GARRETT,UNK,09,09,135,MD,,7.64,E,MARYLAND HWY,1,M,E,323,CO,,ALTAMONT TOWER RD,39.43612671,-79.25114393
03,11,,01,08,03,1,01,01,00,ZK02040002,10.04,01-07-2015,18:01:00,,N,N,GARRETT,UNK,01,00,219,US,,12.95,N,GARRETT HWY,0,M,N,201,MU,,N FOURTH ST,39.42377084,-79.39491034
03,11,,01,17,03,1,01,01,23.03,ZK02040003,10.04,01-18-2015,20:37:00,,N,N,GARRETT,UNK,16,09,135,MD,,1.96,E,MARYLAND HWY,0,M,E,113,CO,,SHADY ACRES LA,39.39782134,-79.3694669
01,11,,02,17,03,1,00,01,07,ZK02040004,08.04,01-22-2015,09:33:00,,N,N,GARRETT,UNK,16,09,131,CO,,2.42,S,SAND FLAT RD,0,F,S,23,OP,,PERGIN FARM RD,39.45553037,-79.33004916
01,11,,01,17,06.03,1,04,01,10,ZK02040005,08.04,02-01-2015,13:02:00,,N,N,GARRETT,UNK,16,09,69,CO,,3.13,N,OAKLAND SANG RUN RD,2,M,N,,UU,,YOUGHIOGHENY PATH,39.46734639,-79.40487742
04,06,,01,17,01,1,01,01,10,ZF04040008,03,01-04-2015,04:35:00,,N,N,CARROLL,UNK,09,00,574,CO,,3.37,E,GILLIS FALLS RD,1,M,E,,UU,,DAY VIEW DR,39.39343952,-77.07847953
04,06,,01,17,03,,05,01,23.03,ZF04040009,06.01,01-08-2015,19:50:00,,N,N,CARROLL,UNK,16,09,269,CO,,2.74,E,SAMS CREEK RD,1,M,E,275,CO,,FRANKLINVILLE RD,39.48248933,-77.09828496
05.02,06,,01,03,02,,01,01,00,ZF0404000B,06.01,02-13-2015,07:05:00,,N,N,CARROLL,UNK,02,00,1404,CO,,0.519,W,PINEY RIDGE PKWY,10,F,W,,UU,,STONE BROOK RD,39.40331378,-76.96107388
04,06,,02,17,01,1,01,01,10,ZF0404000C,03,03-05-2015,00:10:00,,N,N,CARROLL,UNK,09,00,705,CO,,1.52,N,OKLAHOMA RD,0,F,N,707,CO,,CARROLL DALE RD,39.41547435,-76.91691399
06.02,06,,01,17,03,1,01,01,10,ZF0421000B,05,01-07-2015,07:10:00,,N,N,CARROLL,UNK,09,00,565,CO,,4.34,S,WOODBINE RD,300,F,S,574,CO,,GILLIS FALLS RD,39.386044,-77.055224
01,06,,01,07,01,1,01,01,00,ZF0421000C,00,01-07-2015,12:25:00,,N,N,CARROLL,UNK,01,01,565,CO,,1.19,S,WOODBINE RD,100,F,S,569,CO,,BRADDOCK RD,39.42985,-77.053131
01,06,,01,17,00,1,01,01,23.03,ZF0421000D,07.01,01-08-2015,07:58:00,,N,N,CARROLL,UNK,09,09,580,CO,,0.63,E,HARRISVILLE RD,600,F,E,968,CO,,AKERS DR,39.416695,-77.137569
01,06,,01,17,04,1,01,01,11,ZF0421000F,12.04,01-12-2015,08:45:00,,N,N,CARROLL,UNK,09,00,733,CO,,0,S,MARRIOTTSVILLE RD #2,200,F,S,736,CO,,SNOWDENS CREEK RD,39.389015,-76.910219
04,06,,01,88,04,,01,88,00,ZF0421000G,08.04,01-26-2015,19:05:00,,N,N,CARROLL,UNK,02,02,989,CO,,0,S,HAMLET CT,100,F,S,697,CO,,HEMLOCK DR W,39.395628,-76.936304
04,06,,01,17,02,1,01,01,00,ZF0421000H,00,03-19-2015,20:20:00,,N,N,CARROLL,UNK,08,08,755,CO,,1.89,N,SLACKS RD,300,F,N,990,CO,,MACBETH WAY,39.390531,-76.934889
04,06,,01,17,04,1,01,01,10,ZF0424000C,09.04,01-11-2015,23:35:00,,N,N,CARROLL,UNK,09,00,448,CO,,2.92,E,COON CLUB RD,0,M,E,456,CO,,WEAVER LA,39.57513019,-76.89020991
04,06,,01,17,02,1,01,01,06,ZF0424000D,06.01,02-07-2015,18:32:00,,N,N,CARROLL,UNK,09,16,142,CO,,1,N,SULLIVAN RD,0,M,N,,UU,,WOODLEIGH DR,39.59993478,-76.9798708
01,06,,01,17,02,1,01,01,10,ZF04260009,06.01,01-17-2015,15:52:00,,N,N,CARROLL,UNK,16,09,115,CO,,0,N,WINE RD,0,M,N,496,MD,,BACHMANS VALLEY RD,39.67528621,-76.93408012
01,06,,02,02,02,,01,01,00,ZF0426000B,06.01,02-18-2015,07:35:00,,Y,N,CARROLL,UNK,01,01,30,MD,,6.318,N,HANOVER PIKE,0,F,N,178,CO,,MAPLE GROVE RD,39.65112403,-76.87918603
01,06,,09.04,03,02,1,01,01,00,ZF0426000C,06.01,02-23-2015,10:47:00,,N,N,CARROLL,UNK,01,00,30,MD,BU,3.688,N,HANOVER PIKE,50,F,N,779,CO,,STERLING CT,39.63185349,-76.86301231
04,06,,08.04,17,02,1,01,01,11,ZF04270006,06.01,02-21-2015,03:54:00,,N,N,CARROLL,UNK,09,00,755,CO,,1.89,N,SLACKS RD,0,M,N,990,CO,,MACBETH WAY,39.38967517,-76.93892956
01,06,,02,11,02,1,01,03,88,ZF04270007,06.01,03-26-2015,07:36:00,,Y,N,CARROLL,UNK,01,01,662,CO,,0.08,N,BARTHOLOW RD,0,F,N,1048,CO,,CAREN DR,39.41210077,-76.95296288
03,08,,01,17,04,,88,01,06,ZH03990007,12.04,02-21-2015,23:26:00,,N,N,CHARLES,UNK,09,09,1955,CO,,1.771,W,BILLINGSLEY RD,500,F,W,,UU,,ANNIES PL,38.60865482,-77.00698256
06.02,08,,01,17,01,1,00,01,11,ZH04080001,99,01-23-2015,01:30:00,,N,N,CHARLES,UNK,09,11,1121,CO,,0.87,N,TRINITY CHURCH RD,0,M,N,124,CO,,RYCEVILLE RD,38.42719217,-76.8602835
01,08,,01,17,03,1,01,01,10,ZH04130002,08.04,02-17-2015,08:25:00,,N,N,CHARLES,UNK,09,00,225,MD,,5.01,E,HAWTHORNE RD,10,F,E,,UU,,COCKERHAM PL,38.54820667,-77.08174
01,08,,01,03,02,2,01,04,00,ZH0414000D,06.01,01-11-2015,08:11:00,,N,N,CHARLES,UNK,01,00,873,CO,,2.097,S,WESTERN PKWY,50,F,S,,UU,,SPUR TO MD 228,38.63020333,-76.91796167
04,08,,01,17,02,1,01,01,11,ZH0414000F,00,03-30-2015,01:30:00,,N,N,CHARLES,UNK,09,00,978,CO,,0.09,N,LANCASTER CIR,180,F,N,1158,CO,,BLUEBIRD DR,38.62297,-76.93272333
03,08,,03,11,02,1,01,01,00,ZH04160004,06.01,01-17-2015,21:41:00,,Y,N,CHARLES,UNK,01,01,227,MD,,4.38,E,MARSHALL HALL RD,50,F,E,18,CO,,MATTHEWS RD,38.62908321,-77.07261086
01,08,,01,17,00,2,01,01,00,ZH04250003,07.01,01-19-2015,09:02:00,,N,N,CHARLES,UNK,08,00,5,MD,,6.944,N,LEONARDTOWN RD,0,M,N,488,MD,,LA PLATA RD,38.56799867,-76.86168194
05.02,08,,03,03,00,1,01,01,00,ZH04250004,06.01,01-20-2015,07:14:00,,Y,N,CHARLES,UNK,01,00,5,MD,BU,0,N,LEONARDTOWN RD,0,M,N,5,MD,BU,MATTAWOMAN BEANTOWN RD,38.61358432,-76.88067198
01,08,,01,17,03,,01,04,05,ZH04260004,08.04,03-05-2015,17:16:00,,N,N,CHARLES,UNK,09,00,301,US,,22.87,N,CRAIN HWY,0,M,N,874,CO,,PLAZA DR,38.62283833,-76.91448833
04,08,,01,17,04,1,01,01,11,ZH04410008,00,03-01-2015,22:31:00,,N,N,CHARLES,UNK,16,11,1121,CO,,0.87,N,TRINITY CHURCH RD,0,M,N,124,CO,,RYCEVILLE RD,38.4816,-76.89344333
01,08,,02,02,02,,01,04,00,ZH0446000B,06.01,02-14-2015,15:53:00,,Y,N,CHARLES,UNK,01,00,47,CO,,3.55,W,BILLINGSLEY RD,0,F,W,623,CO,,ST CHARLES PKWY,38.58524345,-76.91880226
04,08,,02,11,03,1,01,04,00,ZH0446000C,08.04,02-14-2015,18:20:00,,Y,N,CHARLES,UNK,01,00,623,CO,,1.21,S,ST CHARLES PKWY,0,F,S,889,CO,,ST THOMAS DR,38.64826,-76.88567667
01,08,,02,11,02,1,01,01,00,ZH0446000F,06.01,03-15-2015,18:07:00,08,Y,N,CHARLES,UNK,01,09,644,CO,,0.46,N,POST OFFICE RD,0,F,N,347,CO,,COPLEY AVE,38.61043216,-76.90302014
01,08,,02,03,02,1,01,04,00,ZH0446000G,06.01,03-18-2015,16:00:00,08,N,N,CHARLES,UNK,01,00,550,CO,,1.08,N,PINEWOOD DR,0,F,N,815,CO,,JOSEPHINE RD,38.652195,-76.85368333
05.02,08,,01,17,04,1,01,01,08,ZH0586000B,12.04,02-10-2015,07:20:00,,N,N,CHARLES,UNK,09,00,1148,CO,,2.014,N,OLIVERS SHOP RD,1,M,N,,UU,,PINEY CRAIG PL,38.51499711,-76.85215473
03,08,,03,03,00,3,01,04,00,ZH05870009,00,02-12-2015,18:38:00,,Y,N,CHARLES,UNK,01,00,345,CO,,1.914,N,SMALLWOOD DR,0,F,N,,UU,,SPUR FR ST PATRICKS DR,38.61893261,-76.93512082
04,08,,01,17,04,,88,01,23.03,ZH0588000L,06.01,01-01-2015,20:06:00,,N,N,CHARLES,UNK,16,09,470,CO,,0.34,S,TURKEY HILL RD,100,F,S,423,CO,,PLEASANT DR,38.58709684,-76.98325038
07.88,08,,05.01,08,01,,01,04,00,ZH0588000P,03,03-04-2015,05:49:00,,Y,N,CHARLES,UNK,01,00,5,MD,,10.654,N,LEONARDTOWN RD,10,F,N,,UU,,SPUR TO MD 5,38.61442263,-76.88115478
01,08,,02,03,02,2,01,01,00,ZH0588000Q,06.01,01-31-2015,15:38:00,,Y,N,CHARLES,UNK,01,00,5,MD,BU,1.63,N,LEONARDTOWN RD,0,F,N,64,CO,BU,OLD WASHINGTON RD,38.62290585,-76.90652847
07.88,08,,02,11,02,1,01,01,00,ZH0588000R,00,03-25-2015,22:15:00,,Y,N,CHARLES,UNK,01,00,57,CO,,0,N,ACTON LA,0,F,N,64,CO,,OLD WASHINGTON RD,38.63846139,-76.89677596
03,08,,02,02,02,2,01,01,00,ZH05890007,06.01,01-05-2015,18:35:00,,Y,N,CHARLES,UNK,01,00,645,CO,,0,S,ST IGNATIUS DR,0,F,S,623,CO,,ST CHARLES PKWY,39.06364019,-75.86753726
01,08,,01,17,02,1,01,01,06,ZH05890008,06.01,01-10-2015,13:13:00,,N,N,CHARLES,UNK,11,18,69,CO,,3.76,E,WOODVILLE RD,1,M,E,,UU,,KAYAK DR,38.59631281,-76.76306248
01,08,,01,03,02,2,01,04,00,ZH05890009,06.01,01-12-2015,10:51:00,,N,N,CHARLES,UNK,01,01,114,CO,,2.048,E,ROSEWICK RD,0,M,E,110,CO,,RADIO STATION RD,38.55976065,-76.96000099
04,08,,01,17,01,,01,01,11,ZH0589000B,02,01-18-2015,21:34:00,,N,N,CHARLES,UNK,16,09,101,CO,,1.77,N,KEECH RD,0,M,N,102,CO,,OAKS RD,38.49901833,-76.816425
01,08,,01,03,02,1,01,01,00,ZH0589000C,06.01,01-12-2015,11:02:00,,N,N,CHARLES,UNK,02,00,591,CO,,0.34,E,HARVARD RD,0,M,E,589,CO,,CAMBRIDGE RD,38.59840909,-76.91349149
03,08,,01,17,01,2,00,04,04,ZH0589000D,03,03-10-2015,22:11:00,,N,N,CHARLES,UNK,09,10,623,CO,,1.38,S,ST CHARLES PKWY,0,M,S,644,CO,,POST OFFICE RD,38.60271884,-76.90355659
03,08,,06.01,11,00,2,01,04,00,ZH05900002,06.01,01-09-2015,20:55:00,,Y,N,CHARLES,UNK,01,00,345,CO,,3.41,N,SMALLWOOD DR,0,F,N,1237,CO,,ST ANTHONYS DR,38.61673634,-76.96006536
01,08,,06.01,11,02,2,01,04,00,ZH05900003,06.01,01-15-2015,13:18:00,,Y,N,CHARLES,UNK,01,00,301,US,,23.31,N,CRAIN HWY,0,M,N,5,MD,,LEONARDTOWN RD,38.62384464,-76.91304624
01,08,,00,03,02,1,01,04,00,ZH05900004,06.01,01-16-2015,08:47:00,,N,N,CHARLES,UNK,01,00,345,CO,,3.41,N,SMALLWOOD DR,30,F,N,1237,CO,,ST ANTHONYS DR,38.61691833,-76.96013
03,08,,01,03,02,1,01,04,00,ZH05900005,06.01,02-08-2015,21:46:00,,Y,N,CHARLES,UNK,01,00,301,US,,26.26,N,CRAIN HWY,25,F,N,5,MD,,MATTAWOMAN BEANTOWN RD,38.65611667,-76.876125
01,08,,03,11,02,1,01,01,00,ZH05900006,06.01,02-18-2015,15:26:00,,Y,N,CHARLES,UNK,01,00,1120,CO,,5.63,N,POPLAR HILL RD,0,F,N,68,CO,,MT PLEASANT RD,38.61365833,-76.77681
06.02,08,,03,88,02,2,01,04,00,ZH05920004,06.01,01-27-2015,17:57:00,,N,N,CHARLES,UNK,01,00,345,CO,,1.207,N,SMALLWOOD DR,20,F,N,,UU,,SPUR TO US 301,38.61221784,-76.92687035
01,08,,00,17,04,1,01,01,11,ZH05920005,12.04,03-01-2015,16:36:00,,N,N,CHARLES,UNK,16,09,470,CO,,2.11,S,TURKEY HILL RD,0,M,S,301,US,,CRAIN HWY,38.57231025,-76.98126554
05.02,08,,01,17,02,1,01,01,00,ZH05930005,06.01,01-06-2015,07:11:00,,N,N,CHARLES,UNK,03,00,1228,CO,,0.11,E,WESTDALE CT,0,M,E,1227,CO,,WESTDALE DR,38.6392659,-76.90109968
03,08,,02,11,02,1,01,04,00,ZH05930006,06.01,01-16-2015,19:27:00,,Y,N,CHARLES,UNK,01,00,345,CO,,2.78,N,SMALLWOOD DR,0,F,N,1167,CO,,ST STEVENS DR,38.61814045,-76.94869816
05.02,08,,01,88,01,1,01,01,11,ZH05930007,06.01,01-22-2015,07:17:00,,N,N,CHARLES,UNK,02,09,978,CO,,0.09,N,LANCASTER CIR,500,F,N,1158,CO,,BLUEBIRD DR,38.62343333,-76.932395
06.02,08,,01,06,03,1,01,01,00,ZH05930008,08.04,02-17-2015,18:21:00,,N,N,CHARLES,UNK,01,00,122,CO,,0,S,DUBOIS RD,1,M,S,6,MD,,CHARLES ST,38.46968167,-76.84431833
03,08,,01,17,04,1,00,04,05,ZH05930009,06.01,03-07-2015,00:00:00,,N,N,CHARLES,UNK,09,00,228,MD,,1.12,E,BERRY RD,1,M,E,53,CO,,MILL HILL RD,38.65226833,-76.98097
06.02,08,,00,02,01,,00,01,00,ZH05950005,03,01-12-2015,16:43:00,,Y,N,CHARLES,UNK,01,00,64,CO,,1.07,N,OLD WASHINGTON RD,0,F,N,57,CO,,ACTON LA,38.63655066,-76.89629316
03,08,,02,17,03,1,01,04,08,ZH05950006,00,02-20-2015,00:00:00,,Y,N,CHARLES,UNK,09,00,301,US,,23.28,N,CRAIN HWY,0,F,N,,UU,,SPUR TO MD 5,38.62625862,-76.91079855
04,08,,00,06,01,,00,01,05,ZH05950007,03,03-03-2015,18:21:00,,N,N,CHARLES,UNK,01,01,225,MD,,8.48,E,HAWTHORNE RD,0,M,E,1422,CO,,BIBURY LA,38.544037,-77.02317238
01,11,,01,17,04,1,04,01,11,ZK02040006,08.04,02-01-2015,14:17:00,,N,N,GARRETT,UNK,09,11,69,CO,,6.37,N,OAKLAND SANG RUN RD,0,M,N,68,CO,,MAYHEW INN RD,39.507087,-79.40863922
01,11,,01,17,06.03,1,04,01,11,ZK02040007,12.04,02-01-2015,15:13:00,,N,N,GARRETT,UNK,16,09,68,CO,,4.39,E,MAYHEW INN RD,0,M,E,219,US,,GARRETT HWY,39.49622776,-79.35083896
01,11,,01,17,03,1,01,01,06,ZK02040008,10.04,02-14-2015,11:55:00,,N,N,GARRETT,UNK,09,11,50,US,,2.08,E,GEORGE WASHINGTON HWY,0,M,E,219,US,,GARRETT HWY,39.30596117,-79.45085049
04,11,,02,17,03,1,01,01,88,ZK02040009,10.04,02-15-2015,01:24:00,,N,N,GARRETT,UNK,16,09,364,CO,,0.06,W,BRAY SCHOOL RD,0,F,W,75,CO,,FOSTER RD,39.4937088,-79.36816067
01,11,,01,17,03,1,01,01,11,ZK0204000B,08.04,03-01-2015,11:51:00,,N,N,GARRETT,UNK,11,09,395,CO,,2.89,N,CHESTNUT GROVE RD,0,M,N,326,CO,,VIRTS RD,39.47902791,-79.14165884
01,11,,02,11,03,1,01,01,00,ZK0204000C,10.04,03-05-2015,10:52:00,,Y,N,GARRETT,UNK,01,00,219,US,,3.01,N,GARRETT HWY,0,F,N,50,US,,GEORGE WASHINGTON HWY,39.30900991,-79.45422471
01,11,,11.04,09,03,1,01,01,00,ZK0204000D,08.04,03-05-2015,09:33:00,,N,N,GARRETT,UNK,01,00,65,MU,,0.62,S,DENNETT RD,0,M,S,205,MU,,PENSINGER BLVD,39.40622045,-79.38529059
04,11,,01,17,02,1,01,01,00,ZK0204000F,06.01,03-18-2015,21:00:00,,N,N,GARRETT,UNK,08,00,495,MD,,6.58,N,BITTINGER RD,100,F,N,241,CO,,NORTH GLADE RD,39.50039408,-79.23728228
05.02,11,,00,17,03,1,01,01,00,ZK02060005,08.04,01-06-2015,07:15:00,,N,N,GARRETT,UNK,16,11,135,MD,,15.09,E,MARYLAND HWY,500,F,E,,UU,,CAMP 4 RD,39.47237784,-79.16623592
04,11,,01,17,02,1,01,01,11,ZK02060006,06.01,01-11-2015,06:04:00,,N,N,GARRETT,UNK,16,09,495,MD,,7.26,N,BITTINGER RD,200,F,N,249,CO,,OBRIEN RD,39.50774715,-79.23026025
01,11,,01,11,02,1,01,01,00,ZK02060007,06.01,01-15-2015,15:40:00,,N,N,GARRETT,UNK,01,00,261,CO,,0.17,E,NORTH ST,500,F,E,275,CO,,BLOOMINGTON HILL RD,39.47794307,-79.07216549
04,11,,01,17,03,1,01,01,22.03,ZK02060008,08.04,02-14-2015,21:06:00,,N,N,GARRETT,UNK,16,09,241,CO,,1.11,E,NORTH GLADE RD,100,F,E,53,OP,,NO NAME,39.50798513,-79.25088108
01,11,,01,17,03,1,01,01,06,ZK02060009,10.04,02-16-2015,16:35:00,,N,N,GARRETT,UNK,09,00,39,MD,,2.72,E,HUTTON RD,50,F,E,87,CO,,DILLY RD,39.3883153,-79.45855379
01,11,,00,03,02,1,01,01,00,ZK02080002,06.01,01-20-2015,15:43:00,,N,N,GARRETT,UNK,01,00,219,US,,11.33,N,OAK ST,50,F,N,190,MU,,FIFTH ST,39.40628987,-79.40518856
01,11,,01,11,03,1,05,01,00,ZK02080003,00,02-16-2015,08:37:00,,N,N,GARRETT,UNK,01,00,39,MD,,2.103,E,HUTTON RD,0,F,E,,UU,,ENT TO CHURCH,39.39328199,-79.46566164
01,11,,01,17,03,1,01,01,05,ZK02080004,06.01,02-20-2015,09:50:00,,N,N,GARRETT,UNK,09,00,39,MD,,5.56,E,HUTTON RD,200,F,E,76,CO,,OAKLAND ROSEDALE RD,39.41125735,-79.41482842
01,11,,01,03,03,1,01,01,00,ZK02080005,08.04,02-20-2015,17:04:00,,N,N,GARRETT,UNK,01,00,560,MD,,5.03,N,GORMAN RD,100,F,N,129,CO,,STEYER MINE RD,39.35816144,-79.34212446
01,11,,03,03,02,1,01,01,00,ZK02090008,07.01,02-11-2015,13:14:00,,N,N,GARRETT,UNK,01,00,219,US,,9.89,N,GARRETT HWY,20,F,N,,UU,,GREEN BRIAR RD,39.39177295,-79.40057516
04,11,,01,17,04,1,05,01,88,ZK02090009,08.04,02-16-2015,20:17:00,,N,N,GARRETT,UNK,09,00,159,CO,,0.77,N,STATE PARK RD,200,F,N,382,CO,,TOOTHPICK RD,39.50913986,-79.30073261
06.02,11,,01,17,06.03,1,05,01,05,ZK0209000B,00,03-06-2015,17:51:00,,N,N,GARRETT,UNK,09,00,135,MD,,8.17,E,MARYLAND HWY,0,M,E,327,CO,,ALTAMONT RD,39.42839522,-79.27102447
04,11,,01,17,06.03,1,05,01,05,ZK0209000C,06.01,03-06-2015,20:12:00,,N,N,GARRETT,UNK,09,16,135,MD,,8.17,E,MARYLAND HWY,0,M,E,327,CO,,ALTAMONT RD,39.42835482,-79.27105665
04,11,,01,17,06.03,1,05,01,05,ZK0209000D,06.01,03-06-2015,20:31:00,,N,N,GARRETT,UNK,09,00,135,MD,,8.17,E,MARYLAND HWY,0,M,E,327,CO,,ALTAMONT RD,39.42837036,-79.27100301
01,11,,03,88,02,1,05,01,00,ZK0209000F,07.01,03-07-2015,11:30:00,,N,N,GARRETT,UNK,03,00,219,US,,12.17,N,THIRD ST,0,F,N,250,MU,,LAKE ST,39.4189638,-79.40041423
05.02,11,,01,17,06.03,1,01,01,06,ZK0209000G,03,03-30-2015,06:56:00,,N,N,GARRETT,UNK,09,00,139,CO,,0,E,BETHLEHEM RD,1,M,E,560,MD,,GORMAN RD,39.38032351,-79.33344483
03,12,,01,17,01,,01,01,06,ZL0124000B,03,01-04-2015,05:52:00,10-50PD,N,N,HARFORD,UNK,09,00,507,CO,,3.22,W,TRIMBLE RD,300,F,W,2452,CO,,MINGLEWOOD LA,39.41717167,-76.34655265
04,12,,01,88,04,1,04,01,06,ZL02310001,06.01,03-02-2015,19:06:00,10-50 PD,N,N,HARFORD,UNK,09,09,260,CO,,2.68,S,OLD JOPPA RD,200,F,S,152,MD,,MOUNTAIN RD,39.47650798,-76.37970617
05.02,12,,01,17,04,1,88,01,05,ZL0314000F,12.04,01-18-2015,10:48:00,10-50 PD,N,N,HARFORD,UNK,09,00,197,CO,,4.77,N,THOMAS RUN RD,0,M,N,1568,CO,,EAGLE VIEW DR,39.5771093,-76.28792103
01,06,,01,17,03,1,01,01,09,ZF0428000D,06.01,01-07-2015,13:16:00,,N,N,CARROLL,UNK,09,09,4,CO,,4.04,N,HARNEY RD,0,M,N,6,CO,,BAPTIST RD,39.7095885,-77.20672131
01,06,,01,17,03,1,01,01,09,ZF0428000F,06.01,01-07-2015,11:54:00,,N,N,CARROLL,UNK,09,09,6,CO,,3.6,S,BAPTIST RD,0,M,S,140,MD,,TANEYTOWN PIKE,39.67268498,-77.19994068
03,06,,01,01,02,1,01,01,00,ZF0428000G,06.01,01-18-2015,01:48:00,,N,N,CARROLL,UNK,02,02,81,MU,,0.12,S,S FARQUHAR ST,174,F,S,111,MU,,E LOCUST ST,39.56915095,-77.17499614
04,06,,02,17,04,,00,01,11,ZF0428000H,08.04,01-26-2015,20:00:00,,Y,N,CARROLL,UNK,09,09,40,CO,,0,W,STUMPTOWN RD,0,F,W,41,CO,,SELLS MILL RD,39.6492282,-77.14029908
01,06,,01,08,03,1,00,01,00,ZF0428000J,06.01,01-30-2015,16:23:00,,N,N,CARROLL,UNK,01,16,31,MD,,1.22,E,NEW WINDSOR RD,0,M,E,407,MD,,MARSTON RD,39.52234129,-77.1049583
04,06,,01,03,03,1,00,01,23.03,ZF0428000K,10.04,01-30-2015,18:01:00,,N,N,CARROLL,UNK,01,01,194,MD,,3.09,N,FRANCIS SCOTT KEY HWY,0,M,N,21,CO,,REIFSNIDER RD,39.62827556,-77.21973538
01,06,,01,17,02,1,01,01,14.05,ZF0428000L,06.01,01-31-2015,15:24:00,,N,N,CARROLL,UNK,09,00,194,MD,,8.06,N,FRANCIS SCOTT KEY HWY,0,M,N,57,CO,,BROWN RD,39.68094251,-77.15262651