LIGHT_CODE,COUNTY_NO,MUNI_CODE,JUNCTION_CODE,COLLISION_TYPE_CODE,SURF_COND_CODE,LANE_CODE,RD_COND_CODE,RD_DIV_CODE,FIX_OBJ_CODE,REPORT_NO,WEATHER_CODE,ACC_DATE,ACC_TIME,LOC_CODE,SIGNAL_FLAG,C_M_ZONE_FLAG,AGENCY_CODE,AREA_CODE,HARM_EVENT_CODE1,HARM_EVENT_CODE2,RTE_NO,ROUTE_TYPE_CODE,RTE_SUFFIX,LOG_MILE,LOGMILE_DIR_FLAG,MAINROAD_NAME,DISTANCE,FEET_MILES_FLAG,DISTANCE_DIR_FLAG,REFERENCE_NO,REFERENCE_TYPE_CODE,REFERENCE_SUFFIX,REFERENCE_ROAD_NAME,LATITUDE,LONGITUDE
01,02,,,17,,,,,11,AC1152000L,06.01,03-26-2015,15:32:00,5D3,N,N,AACOPD,UNK,10,00,,,,,,,,,,,,,,39.04905221,-76.66088104
01,03,,,88,,,,,00,AE48230006,07.01,03-26-2015,12:22:00,,N,N,BACOPD,UNK,02,02,,,,,,,,,,,,,,39.28379213,-76.49706244
01,21,,,88,,,,,00,BX50670004,06.01,03-23-2015,12:49:00,BX8210,N,N,HAGERSTOWN,UNK,02,00,,,,,,,,,,,,,,39.64699774,-77.72533178
99,03,,,99,,,,,00,AE5276000K,99,03-22-2015,00:00:00,,N,N,BACOPD,UNK,02,00,,,,,,,,,,,,,,39.33765817,-76.39469862
01,16,,,88,,,,,00,CNC31120002,03,03-20-2015,11:25:00,,N,N,NCPD,UNK,01,00,,,,,,,,,,,,,,38.95791544,-76.8701148
03,16,,,07,,,,,00,AM03210008,00,03-19-2015,02:00:00,,N,N,BLADENSBURG,UNK,01,02,,,,,,,,,,,,,,38.94004285,-76.91900611
01,15,,,88,,,,,00,MCP22120013,06.01,03-16-2015,11:29:00,55224,N,N,MONTGOMERY,UNK,01,01,,,,,,,,,,,,,,39.03814833,-76.99121
01,15,,,17,,,,,00,MCP2031000C,03,03-14-2015,09:40:00,55112,N,N,MONTGOMERY,UNK,15,00,,,,,,,,,,,,,,39.28737833,-77.20483833
99,15,,,99,,,,,00,MCP2665000S,03,03-26-2015,19:59:00,55222,N,N,MONTGOMERY,UNK,02,00,,,,,,,,,,,,,,38.98628,-77.097015
03,13,,,88,,,,,00,CB55990002,03,03-26-2015,19:52:00,D5,Y,N,HOCPD,UNK,03,00,,,,,,,,,,,,,,39.21366024,-76.88481331
03,03,,,99,,,,,00,AE54580008,06.01,03-25-2015,21:00:00,,N,N,BACOPD,UNK,02,00,,,,,,,,,,,,,,39.35342221,-76.47770226
01,24,,,06,,,,,88,ADJ7030003,07.01,03-25-2015,11:00:00,0899,N,N,BALTIMORE,UNK,02,00,,,,,,,,,,,,,,39.29435859,-76.58539295
03,02,,,88,,,,,00,AC1156000D,00,03-18-2015,21:08:00,5E2,N,N,AACOPD,UNK,02,00,,,,,,,,,,,,,,39.15791833,-76.72332167
01,02,,,15,,,,,00,AC19600016,06.01,03-18-2015,13:58:00,4A2,N,N,AACOPD,UNK,01,00,,,,,,,,,,,,,,38.97542128,-76.55550685
04,03,,,88,,,,,00,AE5583000F,02,03-14-2015,22:13:00,,N,N,BACOPD,UNK,02,00,,,,,,,,,,,,,,39.2679706,-76.50288284
01,22,,,88,,,,,04,DE31600010,03,03-14-2015,17:57:00,,N,N,SALISBURY,UNK,01,09,,,,,,,,,,,,,,38.39357854,-75.57851315
01,24,,,88,,,,,04,ADJ204000M,06.01,03-29-2015,15:47:00,CAD#1713,N,N,BALTIMORE,UNK,02,00,,,,,,,,,,,,,,39.25106423,-76.63003564
01,02,,,03,,,,,00,AC1849000V,00,03-28-2015,12:25:00,4A1,N,N,AACOPD,UNK,02,00,,,,,,,,,,,,,,38.99202106,-76.54299259
01,24,,,07,,,,,02,ADJ6370007,00,03-27-2015,16:33:00,CAD1885,N,N,BALTIMORE,UNK,01,10,,,,,,,,,,,,,,39.33958327,-76.54946208
01,03,,,99,,,,,00,AE5267000B,06.01,03-22-2015,10:00:00,,N,N,BACOPD,UNK,01,00,,,,,,,,,,,,,,39.37391905,-76.60972595
01,15,,,07,,,,,00,MSP6495000D,00,03-19-2015,12:00:00,N/A,N,N,MSP,UNK,01,00,,,,,,,,,,,,,,39.05033534,-77.11565495
01,03,,,88,,,,,00,AE51010009,06.01,03-19-2015,16:00:00,,N,N,BACOPD,UNK,02,00,,,,,,,,,,,,,,39.41478799,-76.46163046
01,20,,,88,,,,,00,BJ01590008,07.01,03-17-2015,12:20:00,,N,N,EASTON,UNK,02,00,,,,,,,,,,,,,,38.77161161,-76.0613215
99,03,,,99,,,,,00,AE5390000G,99,03-14-2015,00:01:00,,N,N,BACOPD,UNK,01,00,,,,,,,,,,,,,,39.46917266,-76.61212921
01,24,,,11,,,,,07,ADI601000G,00,03-27-2015,18:00:00,3404,Y,N,BALTIMORE,UNK,01,10,,,,,,,,,,,,,,39.30772111,-76.58722758
01,24,,,88,,,,,00,ADH584000M,07.01,03-27-2015,09:32:00,60790,N,N,BALTIMORE,UNK,02,02,,,,,,,,,,,,,,39.35242694,-76.68360472
01,24,,,07,,,,,00,ADJ6370006,06.01,03-27-2015,13:18:00,CAD61407,N,N,BALTIMORE,UNK,01,00,,,,,,,,,,,,,,39.32885351,-76.56362414
99,03,,,99,,,,,00,AE5275000B,00,03-23-2015,18:12:00,,N,N,BACOPD,UNK,02,00,,,,,,,,,,,,,,39.46538755,-76.80997968
01,15,,,88,,,,,00,MCP0685000W,06.01,03-23-2015,14:02:00,55112,N,N,MONTGOMERY,UNK,02,00,,,,,,,,,,,,,,39.12871833,-77.16532333
01,16,,,88,,,,,00,DA37260006,06.01,03-21-2015,17:35:00,135,N,N,PGCOPD,UNK,01,01,,,,,,,,,,,,,,38.96216181,-76.99517012
01,03,,,88,,,,,00,AE4911000D,06.01,03-16-2015,17:00:00,,N,N,BACOPD,UNK,02,00,,,,,,,,,,,,,,39.33589069,-76.48728848
03,12,,,88,,,,,88,ZL0960000B,06.01,03-19-2015,19:20:00,1050 PD,N,N,HARFORD,UNK,02,00,,,,,,,,,,,,,,39.49347698,-76.32434964
01,11,,,17,,,,,02,ZK02080006,06.01,03-16-2015,16:10:00,,N,N,GARRETT,UNK,09,00,,,,,,,,,,,,,,39.39834159,-79.36857373
01,11,,,17,,,,,07,MSP5745000R,06.01,03-26-2015,10:57:00,N/A,N,N,MSP,UNK,09,00,,,,,,,,,,,,,,39.39205683,-79.3998845
88,24,,,00,,,,,00,ADJ2140009,07.01,03-24-2015,00:00:00,CAD#1283,N,N,BALTIMORE,UNK,01,00,,,,,,,,,,,,,,39.34463432,-76.64044932
03,24,,,99,,,,,00,ADJ608000C,06.01,03-19-2015,20:20:00,CAD#2964,N,N,BALTIMORE,UNK,02,00,,,,,,,,,,,,,,39.34635387,-76.69861436
03,10,,,88,,,,,00,BS0486000D,06.01,03-14-2015,21:47:00,,N,N,FREDERICKPD,UNK,02,00,,,,,,,,,,,,,,39.42888416,-77.43299246
03,24,,,11,,,,,00,ADF504000H,06.01,03-22-2015,02:01:00,CAD0324,N,N,BALTIMORE,UNK,01,03,,,,,,,,,,,,,,39.29462844,-76.62226796
01,02,,,07,,,,,00,AC1494000R,07.01,03-28-2015,18:58:00,,N,N,AACOPD,UNK,02,00,,,,,,,,,,,,,,38.97829404,-76.54410839
03,24,,,02,,,,,00,ADI8610004,07.01,03-27-2015,23:30:00,CAD70885,N,N,BALTIMORE,UNK,01,00,,,,,,,,,,,,,,39.27354384,-76.60161495
03,15,,,17,,,,,02,MCP2890000K,06.01,03-24-2015,22:08:00,55212,N,N,MONTGOMERY,UNK,09,09,,,,,,,,,,,,,,39.18545833,-77.23273167
01,03,,,02,,,,,00,ADF3420003,06.01,03-22-2015,15:30:00,1976,N,N,BALTIMORE,UNK,02,00,,,,,,,,,,,,,,39.28116999,-76.70773655
01,03,,,06,,,,,00,AE5500000B,06.01,03-21-2015,17:24:00,,N,N,BACOPD,UNK,01,00,,,,,,,,,,,,,,39.26110104,-76.69508457
01,01,,,17,,,,,10,ZA05300007,08.04,03-20-2015,08:53:00,,N,N,ALLEGANY,UNK,09,00,,,,,,,,,,,,,,39.69797469,-78.86241674
03,15,,,17,,,,,02,MCP2835000T,00,03-19-2015,22:50:00,55214,N,N,MONTGOMERY,UNK,19,09,,,,,,,,,,,,,,38.99013833,-77.084305
01,03,,,01,,,,,00,AE47330008,06.01,03-17-2015,11:00:00,,N,N,BACOPD,UNK,02,00,,,,,,,,,,,,,,39.38919424,-76.54228449
99,02,,,17,,,,,11,AC2007000Q,00,03-15-2015,07:59:00,2B1,N,N,AACOPD,UNK,10,09,,,,,,,,,,,,,,39.20715114,-76.6764164
01,24,,,06,,,,,00,ADE4220001,03,03-14-2015,14:55:00,1603,N,N,BALTIMORE,UNK,02,00,,,,,,,,,,,,,,39.28434437,-76.70077085
03,24,,,88,,,,,00,ADI5200004,06.01,03-28-2015,16:20:00,1799,N,N,BALTIMORE,UNK,02,00,,,,,,,,,,,,,,39.28752275,-76.60718858
03,08,,,88,,,,,00,ZH0257000J,06.01,03-28-2015,02:06:00,,N,N,CHARLES,UNK,19,02,,,,,,,,,,,,,,38.62907483,-76.91082001
04,18,,,88,,,,,00,MSP2362000L,03,03-27-2015,01:40:00,,N,N,MSP,UNK,02,00,,,,,,,,,,,,,,38.41223961,-76.8070507
01,24,,,02,,,,,07,ADJ540000Y,00,03-25-2015,19:05:00,CAD4246,N,N,BALTIMORE,UNK,09,00,,,,,,,,,,,,,,39.34354116,-76.54409766
01,03,,,88,,,,,00,AE51430004,06.01,03-22-2015,14:41:00,,N,N,BACOPD,UNK,01,00,,,,,,,,,,,,,,39.40487479,-76.59804896
01,24,,,04,,,,,00,ADH584000K,12.04,03-20-2015,12:20:00,1153,N,N,BALTIMORE,UNK,01,01,,,,,,,,,,,,,,39.35582,-76.70190811
01,24,,,11,,,,,00,ADI703000B,06.01,03-17-2015,12:00:00,1079,N,N,BALTIMORE,UNK,01,00,,,,,,,,,,,,,,39.29610636,-76.59765601
03,16,,,88,,,,,00,BP94040003,03,03-04-2015,21:45:00,,N,N,FORESTHEIGHTS,UNK,01,00,,,,,,,,,,,,,,38.81489216,-76.99792743
03,03,,,17,,,,,07,AE46640005,06.01,03-28-2015,01:10:00,1113 VEH,N,N,BACOPD,UNK,09,10,,,,,,,,,,,,,,39.30886878,-76.42568752
01,02,,,11,,,,,04,AC1913000C,06.01,03-27-2015,11:32:00,5A2,Y,N,AACOPD,UNK,01,01,,,,,,,,,,,,,,39.1003562,-76.80236388
04,03,,,17,,,,,00,AE4880006H,03,03-26-2015,20:24:00,,N,N,BACOPD,UNK,03,00,,,,,,,,,,,,,,39.336086,-76.481211
01,24,,,99,,,,,00,ADJ6980004,06.01,03-26-2015,16:54:00,CAD#1654,N,N,BALTIMORE,UNK,02,00,,,,,,,,,,,,,,39.37170461,-76.60971522
03,16,,,88,,,,,88,BW0153000V,06.01,03-26-2015,00:20:00,,N,N,GREENBELT,UNK,03,00,,,,,,,,,,,,,,38.98786821,-76.86500788
01,03,,,99,,,,,00,AE55860008,06.01,03-23-2015,14:40:00,,N,N,BACOPD,UNK,02,00,,,,,,,,,,,,,,39.35837505,-76.78357601
07.88,24,,,99,,,,,00,ADJ7080005,06.01,03-19-2015,21:45:00,CAD#3046,N,N,BALTIMORE,UNK,02,00,,,,,,,,,,,,,,39.32801427,-76.60698608
06.02,24,,,11,,,,,00,ADJ674000D,00,03-19-2015,19:45:00,CAD2851,N,N,BALTIMORE,UNK,01,00,,,,,,,,,,,,,,39.32323695,-76.60980105
01,15,,,88,,,,,00,MCP1151002L,00,03-18-2015,10:15:00,55222,N,N,MONTGOMERY,UNK,02,00,,,,,,,,,,,,,,39.28343504,-77.20506907
00,16,,,88,,,,,00,GE02390001,00,03-15-2015,01:22:00,500,N,N,MORNINGSIDE,UNK,00,00,,,,,,,,,,,,,,38.82188048,-76.88648701
03,15,,,88,,,,,00,MCP27180012,06.01,03-16-2015,21:11:00,45212,N,N,MONTGOMERY,UNK,02,00,,,,,,,,,,,,,,39.10343333,-77.13040667
01,12,,,02,,,,,00,MSP6063003G,06.01,03-16-2015,18:37:00,,N,N,MSP,UNK,01,01,,,,,,,,,,,,,,39.52919083,-76.43920467
01,15,,,11,,,,,00,MCP2897000F,03,03-14-2015,15:43:00,54212,N,N,MONTGOMERY,UNK,01,00,,,,,,,,,,,,,,39.15749,-77.26322333
01,15,,,08,,,,,00,MCP2278000K,00,01-13-2015,09:20:00,55122,N,N,MONTGOMERY,UNK,01,00,,,,,,,,,,,,,,39.01322348,-77.15295911
01,19,,,88,,,,,88,JB33150005,06.01,03-22-2015,15:31:00,,N,N,UMES,UNK,02,02,,,,,,,,,,,,,,38.20841862,-75.68799555
03,02,,,88,,,,,00,AC12880019,00,03-20-2015,19:50:00,3C2,N,N,AACOPD,UNK,02,02,,,,,,,,,,,,,,39.08296637,-76.58270107
03,02,,,88,,,,,00,AC20270014,00,03-21-2015,20:13:00,5A1,N,N,AACOPD,UNK,01,00,,,,,,,,,,,,,,39.10104195,-76.80084407
01,15,,,17,,,,,09,MCP2612000S,06.01,03-17-2015,16:00:00,55312,N,N,MONTGOMERY,UNK,09,00,,,,,,,,,,,,,,39.062075,-77.05213167
01,03,,,99,,,,,00,AE32570002,07.01,03-16-2015,13:00:00,,N,N,BACOPD,UNK,01,00,,,,,,,,,,,,,,39.40641422,-76.76658154
01,24,,,02,,,,,00,ADJ6060003,03,03-27-2015,09:30:00,60815,Y,N,BALTIMORE,UNK,01,01,,,,,,,,,,,,,,39.31050205,-76.63317919
01,02,,,11,,,,,00,AC1668000W,99,03-26-2015,07:30:00,5B1,N,N,AACOPD,UNK,01,01,,,,,,,,,,,,,,39.12949431,-76.71089619
01,16,,,17,,,,,88,DA38790004,06.01,03-24-2015,12:30:00,,N,N,PGCOPD,UNK,09,00,,,,,,,,,,,,,,39.04632339,-76.93767965
00,03,,,99,,,,,00,AE5133000B,00,03-21-2015,00:00:00,,N,N,BACOPD,UNK,01,00,,,,,,,,,,,,,,39.43276034,-76.62224919
01,24,,,17,,,,,07,BSPDA1680003,06.01,03-12-2015,09:00:00,,N,N,BALTIMORESCHOOL,UNK,09,00,,,,,,,,,,,,,,39.3353928,-76.54878616
01,22,,,88,,,,,00,DE0164000S,06.01,03-08-2015,16:52:00,,N,N,SALISBURY,UNK,02,00,,,,,,,,,,,,,,38.41953625,-75.5673337
01,03,,,07,,,,,00,AE5645001T,07.01,03-16-2015,14:40:00,,N,N,BACOPD,UNK,02,00,,,,,,,,,,,,,,39.24839846,-76.70611382
00,03,,,99,,,,,00,AE5664000B,06.01,03-16-2015,00:00:00,,N,N,BACOPD,UNK,02,00,,,,,,,,,,,,,,39.28794417,-76.73212051
00,03,,,99,,,,,00,AE5693000H,00,03-16-2015,00:00:00,,N,N,BACOPD,UNK,02,00,,,,,,,,,,,,,,39.3874944,-76.61030531
03,24,,,88,,,,,88,ADJ558000C,06.01,03-26-2015,01:30:00,CAD#0173,N,N,BALTIMORE,UNK,01,02,,,,,,,,,,,,,,39.35192917,-76.67922735
01,10,,,17,,,,,02,ZJ0376003T,07.01,03-24-2015,15:43:00,,N,N,FREDERICK,UNK,09,00,,,,,,,,,,,,,,39.41301633,-77.4125705
01,16,,,17,,,,,00,DA33610028,00,03-23-2015,18:11:00,,N,N,PGCOPD,UNK,03,00,,,,,,,,,,,,,,38.95014784,-76.97091222
01,16,,,99,,,,,99,CC02430009,06.01,03-23-2015,17:17:00,04455,N,N,HYATTSVILLE,UNK,99,00,,,,,,,,,,,,,,38.97579187,-76.95369244
04,16,,,88,,,,,00,CP00720007,06.01,03-22-2015,21:15:00,,N,N,MTRAINIER,UNK,02,02,,,,,,,,,,,,,,38.94879406,-76.96249947
06.02,01,,,17,,,,,06,ZA05300008,06.01,03-22-2015,07:25:00,,N,N,ALLEGANY,UNK,15,09,,,,,,,,,,,,,,39.51207005,-78.92097473
03,03,,,17,,,,,16.05,AE48080006,03,03-14-2015,01:25:00,PC08 828,N,N,BACOPD,UNK,09,00,,,,,,,,,,,,,,39.37899456,-76.50936842
01,24,,,03,,,,,00,ADI872000B,00,03-16-2015,15:45:00,CAD#1696,N,N,BALTIMORE,UNK,02,00,,,,,,,,,,,,,,39.33548408,-76.6754669
04,12,,,17,,,,,06,ZL07180001,06.01,03-13-2015,03:41:00,,N,N,HARFORD,UNK,09,10,,,,,,,,,,,,,,39.59621225,-76.38144848
99,03,,,99,,,,,00,AE5265000L,07.01,03-26-2015,00:00:00,,N,N,BACOPD,UNK,01,99,,,,,,,,,,,,,,39.44340165,-76.81026936
03,03,,,17,,,,,00,AE48900006,06.01,03-24-2015,20:20:00,PC06/692,N,N,BACOPD,UNK,02,00,,,,,,,,,,,,,,39.40208683,-76.60108924
01,10,,,88,,,,,00,ZJ0468000K,07.01,03-25-2015,13:06:00,,N,N,FREDERICK,UNK,01,00,,,,,,,,,,,,,,39.43426717,-77.53890733
03,13,,,17,,,,,11,CB57780004,06.01,03-21-2015,21:35:00,13,Y,N,HOCPD,UNK,16,09,,,,,,,,,,,,,,39.21165686,-76.85960054
99,10,,,99,,,,,00,ZJ0480000D,06.01,03-22-2015,19:15:00,,N,N,FREDERICK,UNK,02,00,,,,,,,,,,,,,,39.36856738,-77.44683802
01,08,,,99,,,,,00,CD0612000H,00,03-14-2015,10:25:00,088,N,N,LAPLATA,UNK,02,00,,,,,,,,,,,,,,38.54853462,-76.98218822
01,16,,,17,,,,,88,DA36350008,06.01,03-22-2015,18:11:00,ORI,N,N,PGCOPD,UNK,09,00,,,,,,,,,,,,,,38.9296443,-76.83398008
01,03,,,88,,,,,00,AE4911000F,06.01,03-22-2015,17:03:00,,N,N,BACOPD,UNK,02,00,,,,,,,,,,,,,,39.3088003,-76.55273438
04,22,,,03,,,,,00,ZVW233000F,06.01,03-21-2015,20:51:00,,N,N,WICOMICO,UNK,02,00,,,,,,,,,,,,,,38.43003439,-75.62812865
01,02,,,88,,,,,00,AC1876000K,06.01,03-18-2015,10:32:00,4A2,N,N,AACOPD,UNK,01,00,,,,,,,,,,,,,,38.98142997,-76.53983831
03,03,,,99,,,,,00,AE51430003,99,03-13-2015,21:00:00,,N,N,BACOPD,UNK,01,00,,,,,,,,,,,,,,39.38662373,-76.57788277
01,16,,,17,,,,,00,DA39540008,06.01,03-29-2015,10:47:00,,N,N,PGCOPD,UNK,03,00,,,,,,,,,,,,,,39.07408569,-76.84966564
01,15,,,17,,,,,09,MCP2796001K,06.01,03-29-2015,12:28:00,55212,N,N,MONTGOMERY,UNK,09,09,,,,,,,,,,,,,,39.06195167,-77.05199667
01,02,,,88,,,,,00,AC1406000B,06.01,03-25-2015,14:01:00,,N,N,AACOPD,UNK,02,02,,,,,,,,,,,,,,38.90800777,-76.52864814
03,03,,,17,,,,,10,AE5619000F,06.01,03-29-2015,00:42:00,,N,N,BACOPD,UNK,09,00,,,,,,,,,,,,,,39.31296746,-76.73422337
05.02,22,,,99,,,,,09,DE1190000F,06.01,03-24-2015,07:00:00,,Y,N,SALISBURY,UNK,09,00,,,,,,,,,,,,,,38.36128549,-75.59207439
01,03,,,88,,,,,88,HF03350002,07.01,03-27-2015,14:01:00,,N,N,COPPIN,UNK,02,01,,,,,,,,,,,,,,39.31759711,-76.65311337
04,10,,,17,,,,,10,ZJ03790005,06.01,03-22-2015,20:50:00,,N,N,FREDERICK,UNK,09,00,,,,,,,,,,,,,,39.57036917,-77.38857033
01,15,,,06,,,,,00,MCP2708000K,03,03-20-2015,17:46:00,55224,N,N,MONTGOMERY,UNK,02,00,,,,,,,,,,,,,,38.99,-77.026
99,03,,,88,,,,,00,AE5696000C,00,03-20-2015,00:00:00,,N,N,BACOPD,UNK,02,02,,,,,,,,,,,,,,39.398443,-76.543245
01,24,,,99,,,,,00,BSPDA1780005,06.01,03-13-2015,16:00:00,,N,N,BALTIMORESCHOOL,UNK,02,02,,,,,,,,,,,,,,39.32047934,-76.54636279
01,12,,,00,,,,,00,AJ0133000G,06.01,03-24-2015,16:00:00,,N,N,BELAIR,UNK,01,00,,,,,,,,,,,,,,39.5190391,-76.34506702
01,16,,,17,,,,,11,DA38210006,06.01,03-23-2015,18:38:00,,N,N,PGCOPD,UNK,09,00,,,,,,,,,,,,,,38.93786479,-76.85259461
01,03,,,88,,,,,00,AE5515000B,06.01,03-20-2015,18:40:00,,N,N,BACOPD,UNK,02,00,,,,,,,,,,,,,,39.39569472,-76.58326864
03,22,,,12,,,,,00,DE4127000B,03,03-20-2015,22:35:00,,N,N,SALISBURY,UNK,01,00,,,,,,,,,,,,,,38.33648926,-75.60560346
01,03,,,15,,,,,00,AE5472000J,06.01,03-19-2015,11:45:00,,N,N,BACOPD,UNK,02,00,,,,,,,,,,,,,,39.390239,-76.62274003
01,01,,,17,,,,,09,ZA05240002,06.01,03-18-2015,17:34:00,,N,N,ALLEGANY,UNK,09,00,,,,,,,,,,,,,,39.56096071,-78.98703754
01,03,,,99,,,,,00,AE4381000N,06.01,03-18-2015,18:13:00,,N,N,BACOPD,UNK,02,00,,,,,,,,,,,,,,39.34958959,-76.47962809
06.02,16,,,03,,,,,00,PGCC34130001,02,03-30-2015,18:15:00,,N,Y,PGCOMMCOLLEGE,UNK,09,00,,,,,,,,,,,,,,38.88897853,-76.82337999
99,24,,,99,,,,,99,ADF819000P,99,03-25-2015,07:50:00,CAD40656,N,N,BALTIMORE,UNK,99,00,,,,,,,,,,,,,,39.28798984,-76.54745042
03,24,,,17,,,,,88,ADJ100000B,06.01,03-22-2015,03:36:00,CAD#526,N,N,BALTIMORE,UNK,09,00,,,,,,,,,,,,,,39.28937345,-76.60950735
06.02,03,,,07,,,,,00,AE51250008,06.01,03-21-2015,19:09:00,1229PC12,N,N,BACOPD,UNK,02,00,,,,,,,,,,,,,,39.27231461,-76.51367068
01,24,,,17,,,,,88,JK00120005,08.04,03-20-2015,09:30:00,UNIT #12,N,N,UBALTPD,UNK,09,00,,,,,,,,,,,,,,39.30549913,-76.61770015
01,15,,,17,,,,,02,MCP2627000C,06.01,03-19-2015,17:59:00,55214,N,N,MONTGOMERY,UNK,09,09,,,,,,,,,,,,,,38.96302833,-77.10733667
01,24,,,07,,,,,00,ADJ1470006,00,03-18-2015,17:15:00,CAD#2066,N,N,BALTIMORE,UNK,01,00,,,,,,,,,,,,,,39.34810035,-76.60149425
01,02,,,88,,,,,00,AC2001000L,06.01,03-18-2015,09:51:00,4A1,N,N,AACOPD,UNK,02,00,,,,,,,,,,,,,,38.986652,-76.53096
99,15,,,99,,,,,00,MCP22120012,08.04,03-05-2015,13:40:00,54222,N,N,MONTGOMERY,UNK,02,00,,,,,,,,,,,,,,39.04810333,-76.99137333
01,10,,,00,,,,,00,BS04290002,06.01,03-30-2015,19:00:00,,N,N,FREDERICKPD,UNK,02,00,,,,,,,,,,,,,,39.40786906,-77.43134826
03,02,,,17,,,,,88,AC1075000S,06.01,03-29-2015,19:54:00,2C2,N,N,AACOPD,UNK,09,00,,,,,,,,,,,,,,39.178501,-76.590832
03,24,,,99,,,,,00,ADE4220003,00,03-27-2015,22:00:00,1922,N,N,BALTIMORE,UNK,01,00,,,,,,,,,,,,,,39.31043564,-76.70790553
01,08,,,11,,,,,00,ZH0584000F,06.01,03-28-2015,13:40:00,ZH 6851,N,N,CHARLES,UNK,01,00,,,,,,,,,,,,,,38.61246167,-76.92779667
01,02,,,11,,,,,00,AC1999001F,06.01,03-27-2015,18:21:00,5C3,Y,N,AACOPD,UNK,01,00,,,,,,,,,,,,,,39.07997415,-76.65298462
01,16,,,88,,,,,00,DA3841000J,03,03-27-2015,14:33:00,,N,N,PGCOPD,UNK,01,01,,,,,,,,,,,,,,38.87015301,-76.85111403
05.02,08,,,11,,,,,00,ZH0578000K,08.04,03-20-2015,06:49:00,,N,N,CHARLES,UNK,01,00,,,,,,,,,,,,,,38.63874054,-76.89891815
01,24,,,88,,,,,00,ADJ641000N,06.01,03-18-2015,14:36:00,CAD1509,N,N,BALTIMORE,UNK,01,01,,,,,,,,,,,,,,39.31326629,-76.56698227
01,06,,,17,,,,,00,MSP5562001S,03,03-14-2015,10:07:00,,N,N,MSP,UNK,03,00,,,,,,,,,,,,,,39.36648133,-77.16276
01,08,,,99,,,,,00,ZH02740018,00,03-22-2015,10:00:00,,N,N,CHARLES,UNK,01,00,,,,,,,,,,,,,,38.63782449,-76.89605713
03,23,,,17,,,,,10,CTX3040003,03,03-21-2015,01:19:00,014,N,N,OCEANCITY,UNK,09,09,,,,,,,,,,,,,,38.39563238,-75.06354511
01,24,,,17,,,,,10,BSPDA1920001,06.01,01-19-2015,15:55:00,,N,N,BALTIMORESCHOOL,UNK,09,00,,,,,,,,,,,,,,39.31202115,-76.61192536
00,03,,,99,,,,,00,AE51330008,00,03-17-2015,00:00:00,,N,N,BACOPD,UNK,02,00,,,,,,,,,,,,,,39.45601187,-76.63215861
99,03,,,99,,,,,00,AE5243000B,06.01,03-15-2015,12:00:00,,N,N,BACOPD,UNK,02,00,,,,,,,,,,,,,,39.27077804,-76.73435211
01,02,,,11,,,,,00,AC17360010,06.01,03-15-2015,18:10:00,5C3,Y,N,AACOPD,UNK,01,00,,,,,,,,,,,,,,39.03276387,-76.684511
03,21,,,17,,,,,04,ZU40490004,07.01,03-15-2015,04:25:00,,N,N,WASHINGTON,UNK,09,00,,,,,,,,,,,,,,39.6862681,-77.71955967
01,02,,,88,,,,,00,AC1938001B,03,03-14-2015,16:29:00,5A3,N,N,AACOPD,UNK,03,00,,,,,,,,,,,,,,39.15823023,-76.71334532
01,24,,,99,,,,,00,ADJ041000K,03,03-14-2015,09:45:00,30851,N,N,BALTIMORE,UNK,02,00,,,,,,,,,,,,,,39.27180796,-76.67613208
99,03,,,99,,,,,00,AE4805000F,00,03-30-2015,00:00:00,04 PAT,N,N,BACOPD,UNK,01,00,,,,,,,,,,,,,,39.34232976,-76.72739983
99,03,,,99,,,,,00,AE5472000K,99,03-27-2015,00:00:00,,N,N,BACOPD,UNK,02,00,,,,,,,,,,,,,,39.4101528,-76.61913514
01,12,,,11,,,,,00,MSP5867000D,06.01,03-21-2015,14:38:00,,Y,N,MSP,UNK,01,00,,,,,,,,,,,,,,39.49657633,-76.23195867
01,23,,,00,,,,,00,CT82680004,06.01,03-16-2015,10:39:00,73,N,N,OCEANCITY,UNK,18,00,,,,,,,,,,,,,,38.40010353,-75.06232738
03,24,,,99,,,,,00,ADJ5310017,06.01,03-16-2015,18:45:00,CAD52711,N,N,BALTIMORE,UNK,01,00,,,,,,,,,,,,,,39.33770381,-76.55095875
01,03,,,88,,,,,00,AE54440007,06.01,03-16-2015,09:25:00,PCT 2,N,N,BACOPD,UNK,02,00,,,,,,,,,,,,,,39.33331822,-76.75896406
03,03,,,88,,,,,00,AE52630007,06.01,03-14-2015,22:45:00,,N,N,BACOPD,UNK,02,02,,,,,,,,,,,,,,39.42120367,-76.53741091
01,02,,,07,,,,,00,AC20090014,06.01,03-31-2015,09:15:00,5B1,N,N,AACOPD,UNK,02,00,,,,,,,,,,,,,,39.1313419,-76.74179792
01,16,,,02,,,,,00,DA25240007,06.01,03-28-2015,16:39:00,,N,N,PGCOPD,UNK,02,00,,,,,,,,,,,,,,38.91090471,-76.86250806
01,24,,,06,,,,,00,ADG5250001,06.01,03-28-2015,08:14:00,CAD70557,N,N,BALTIMORE,UNK,02,00,,,,,,,,,,,,,,39.27399859,-76.62843883
01,03,,,17,,,,,00,ADI5440006,06.01,03-26-2015,15:15:00,CAD1786,N,N,BALTIMORE,UNK,03,01,,,,,,,,,,,,,,39.30893727,-76.56321645