LIGHT_CODE,COUNTY_NO,MUNI_CODE,JUNCTION_CODE,COLLISION_TYPE_CODE,SURF_COND_CODE,LANE_CODE,RD_COND_CODE,RD_DIV_CODE,FIX_OBJ_CODE,REPORT_NO,WEATHER_CODE,ACC_DATE,ACC_TIME,LOC_CODE,SIGNAL_FLAG,C_M_ZONE_FLAG,AGENCY_CODE,AREA_CODE,HARM_EVENT_CODE1,HARM_EVENT_CODE2,RTE_NO,ROUTE_TYPE_CODE,RTE_SUFFIX,LOG_MILE,LOGMILE_DIR_FLAG,MAINROAD_NAME,DISTANCE,FEET_MILES_FLAG,DISTANCE_DIR_FLAG,REFERENCE_NO,REFERENCE_TYPE_CODE,REFERENCE_SUFFIX,REFERENCE_ROAD_NAME,LATITUDE,LONGITUDE
01,03,,,88,,,,,00,AE5632000F,06.01,03-24-2015,13:00:00,,N,N,BACOPD,UNK,02,00,,,,,,,,,,,,,,39.28857734,-76.7275393
99,03,,,99,,,,,00,AE2989002Q,03,03-25-2015,11:31:00,,N,N,BACOPD,UNK,02,00,,,,,,,,,,,,,,39.39062042,-76.49031401
05.02,24,,,17,,,,,02,ADH8480002,00,03-22-2015,07:05:00,810684,N,N,BALTIMORE,UNK,09,00,,,,,,,,,,,,,,39.36780845,-76.70690507
01,02,,,07,,,,,00,AC1502000J,00,03-21-2015,17:36:00,2A1,N,N,AACOPD,UNK,02,00,,,,,,,,,,,,,,39.22069238,-76.599437
03,24,,,07,,,,,00,ADG6440004,00,03-18-2015,18:30:00,2257,N,N,BALTIMORE,UNK,01,02,,,,,,,,,,,,,,39.32915227,-76.61534786
01,12,,,17,,,,,88,MSP60950039,06.01,03-19-2015,16:52:00,,N,N,MSP,UNK,16,09,,,,,,,,,,,,,,39.53956255,-76.47613645
01,10,,,17,,,,,00,ZJ0448004D,06.01,03-19-2015,15:16:00,,N,N,FREDERICK,UNK,03,00,,,,,,,,,,,,,,39.44426008,-77.53613572
01,20,,,11,,,,,00,BJ0165000S,06.01,03-18-2015,11:36:00,BJ8020,N,N,EASTON,UNK,01,00,,,,,,,,,,,,,,38.78202283,-76.07566595
04,13,,,88,,,,,07,CB5512000B,06.01,03-17-2015,20:17:00,B5,N,N,HOCPD,UNK,09,02,,,,,,,,,,,,,,39.21139526,-76.71891868
01,02,,,14,,,,,00,AC1816000V,06.01,03-16-2015,13:34:00,3B3,N,N,AACOPD,UNK,01,00,,,,,,,,,,,,,,39.11174167,-76.63186
04,03,,,99,,,,,99,AE5358000L,06.01,03-21-2015,18:18:00,,N,N,BACOPD,UNK,02,99,,,,,,,,,,,,,,39.38431848,-76.51492596
01,16,,,88,,,,,00,CE45180009,06.01,03-27-2015,14:06:00,,N,N,LAUREL,UNK,02,00,,,,,,,,,,,,,,39.09186615,-76.85571671
01,15,,,11,,,,,00,MCP2667000R,06.01,03-23-2015,11:16:00,55214,N,N,MONTGOMERY,UNK,19,00,,,,,,,,,,,,,,39.14600167,-77.20430167
04,03,,,01,,,,,11,AE3863000J,99,03-21-2015,01:00:00,,N,N,BACOPD,UNK,09,09,,,,,,,,,,,,,,39.43750221,-76.71866655
01,03,,,07,,,,,00,AE5282000H,00,03-23-2015,12:30:00,,N,N,BACOPD,UNK,02,00,,,,,,,,,,,,,,39.37901115,-76.5066433
01,15,,,06,,,,,00,MCP2048000D,06.01,03-21-2015,16:53:00,,N,N,MONTGOMERY,UNK,01,00,,,,,,,,,,,,,,39.05523667,-76.95503833
01,24,,,01,,,,,00,ADE746000G,06.01,03-02-2015,08:30:00,CAD#0540,N,N,BALTIMORE,UNK,02,00,,,,,,,,,,,,,,39.28106826,-76.6736269
01,03,,,99,,,,,00,AE3863000G,06.01,03-15-2015,14:30:00,,N,N,BACOPD,UNK,02,00,,,,,,,,,,,,,,39.40736754,-76.77677393
99,24,,,07,,,,,00,ADH0020008,00,03-31-2015,22:00:00,CAD2837,N,N,BALTIMORE,UNK,02,00,,,,,,,,,,,,,,39.32718539,-76.5620175
03,06,,,88,,,,,00,MSP6084001D,06.01,03-28-2015,01:06:00,,N,N,MSP,UNK,02,00,,,,,,,,,,,,,,39.36564983,-77.162427
01,16,,,11,,,,,00,GK00270004,06.01,03-25-2015,12:38:00,,N,N,UMARLBORO,UNK,02,00,,,,,,,,,,,,,,38.81542718,-76.7499733
01,15,,,17,,,,,11,DM8434000N,00,03-25-2015,18:56:00,,N,N,TAKOMA,UNK,10,00,,,,,,,,,,,,,,38.982533,-76.990795
01,16,,,17,,,,,88,DA30350006,06.01,03-22-2015,16:05:00,,N,N,PGCOPD,UNK,16,16,,,,,,,,,,,,,,38.99400567,-76.9329536
01,16,,,17,,,,,02,DA28780007,06.01,03-22-2015,17:25:00,,N,N,PGCOPD,UNK,09,00,,,,,,,,,,,,,,38.86913601,-76.85388476
01,16,,,17,,,,,02,DS02420005,03,03-20-2015,11:32:00,,N,N,UMCP,UNK,09,88,,,,,,,,,,,,,,38.988158,-76.94582283
01,24,,,99,,,,,00,ADI605000J,12.04,03-20-2015,15:49:00,CAD#1775,N,N,BALTIMORE,UNK,02,00,,,,,,,,,,,,,,39.2897959,-76.60119921
01,24,,,17,,,,,02,ADI5440005,06.01,03-18-2015,16:45:00,CAD1936,N,N,BALTIMORE,UNK,01,09,,,,,,,,,,,,,,39.32075323,-76.57278925
01,03,,,17,,,,,88,AE44570006,00,03-17-2015,19:00:00,,N,N,BACOPD,UNK,09,00,,,,,,,,,,,,,,39.28847561,-76.52426004
01,16,,,17,,,,,88,DA3890000J,06.01,03-31-2015,12:32:00,0912,N,N,PGCOPD,UNK,19,10,,,,,,,,,,,,,,39.06590601,-76.85367823
05.02,22,,,17,,,,,02,DE2184000N,03,03-20-2015,07:15:00,DE 8270,N,N,SALISBURY,UNK,09,00,,,,,,,,,,,,,,38.34781985,-75.58139384
03,02,,,88,,,,,00,AC1490000P,03,03-31-2015,20:33:00,5D1,N,N,AACOPD,UNK,02,03,,,,,,,,,,,,,,38.99295305,-76.70203888
01,22,,,88,,,,,00,ZVW249000H,06.01,03-31-2015,16:50:00,,N,N,WICOMICO,UNK,01,00,,,,,,,,,,,,,,38.35511878,-75.58645248
99,24,,,03,,,,,00,ADI3880009,99,03-31-2015,17:00:00,2357,N,N,BALTIMORE,UNK,02,00,,,,,,,,,,,,,,39.29518266,-76.59205019
01,03,,,99,,,,,00,AE5331000B,06.01,03-30-2015,09:15:00,,N,N,BACOPD,UNK,02,00,,,,,,,,,,,,,,39.33643749,-76.48786783
07.88,12,,,88,,,,,00,ZL08770006,06.01,03-31-2015,12:00:00,10-57 PD,N,N,HARFORD,UNK,02,00,,,,,,,,,,,,,,39.47373606,-76.26481533
01,03,,,07,,,,,00,AE53250008,06.01,03-31-2015,13:00:00,,N,N,BACOPD,UNK,02,00,,,,,,,,,,,,,,39.28859187,-76.73306465
01,24,,,88,,,,,00,ADJ6060004,06.01,03-31-2015,14:26:00,1365,Y,N,BALTIMORE,UNK,02,02,,,,,,,,,,,,,,39.31113294,-76.61768675
01,16,,,88,,,,,00,BW0116001G,06.01,03-31-2015,13:25:00,,N,N,GREENBELT,UNK,02,00,,,,,,,,,,,,,,38.999524,-76.90993
01,16,,,03,,,,,00,CC0243000B,00,03-27-2015,12:56:00,04682,N,N,HYATTSVILLE,UNK,01,00,,,,,,,,,,,,,,38.96755075,-76.95922852
03,24,,,99,,,,,00,ADJ540000Z,07.01,03-26-2015,19:00:00,CAD60047,N,N,BALTIMORE,UNK,01,00,,,,,,,,,,,,,,39.34084451,-76.58286095
01,03,,,88,,,,,00,AE5772000B,06.01,03-26-2015,15:00:00,,N,N,BACOPD,UNK,01,00,,,,,,,,,,,,,,39.27263023,-76.46904945
01,03,,,11,,,,,00,AE5637000L,00,03-26-2015,11:00:00,,N,N,BACOPD,UNK,02,00,,,,,,,,,,,,,,39.40663804,-76.76190376
03,11,,,07,,,,,00,MSP5223000G,03,03-25-2015,10:30:00,,N,N,MSP,UNK,01,00,,,,,,,,,,,,,,39.69358242,-79.25073307
06.02,03,,,88,,,,,00,AE54420009,00,03-19-2015,19:38:00,,N,N,BACOPD,UNK,02,00,,,,,,,,,,,,,,39.35424586,-76.76093012
01,24,,,88,,,,,00,ADD905000Z,06.01,03-17-2015,17:40:00,CAD#2394,N,N,BALTIMORE,UNK,01,00,,,,,,,,,,,,,,39.28077759,-76.58028603
99,24,,,99,,,,,00,ADI5440004,00,03-17-2015,14:00:00,CAD1814,N,N,BALTIMORE,UNK,01,02,,,,,,,,,,,,,,39.31907248,-76.55896783
01,16,,,88,,,,,00,DA28700004,06.01,03-17-2015,10:30:00,,N,N,PGCOPD,UNK,02,02,,,,,,,,,,,,,,39.05856681,-76.88068271
01,24,,,88,,,,,00,ADJ3370003,06.01,03-17-2015,10:40:00,CAD60843,N,N,BALTIMORE,UNK,01,01,,,,,,,,,,,,,,39.27281295,-76.67541862
03,03,,,99,,,,,00,AE55240006,03,03-16-2015,20:00:00,,N,N,BACOPD,UNK,02,00,,,,,,,,,,,,,,39.44852182,-76.82133079
03,03,,,03,,,,,00,AE5317000G,00,03-29-2015,11:43:00,,N,N,BACOPD,UNK,02,00,,,,,,,,,,,,,,39.31627112,-76.76734328
01,08,,,17,,,,,00,CD06140007,07.01,03-31-2015,16:20:00,088,N,N,LAPLATA,UNK,03,03,,,,,,,,,,,,,,38.55019598,-76.98293924
01,02,,,88,,,,,00,AC17360013,06.01,03-31-2015,16:35:00,5C3,N,N,AACOPD,UNK,02,00,,,,,,,,,,,,,,39.03339448,-76.6825211
01,15,,,17,,,,,00,DD55950015,05,03-30-2015,17:09:00,55212,N,U,ROCKVILLE,UNK,10,00,,,,,,,,,,,,,,39.06661406,-77.12771416
01,24,,,99,,,,,00,ADJ5400011,03,03-31-2015,16:00:00,CAD1979,N,N,BALTIMORE,UNK,01,00,,,,,,,,,,,,,,39.33701093,-76.55236959
06.02,03,,,17,,,,,02,ADH3380001,03,03-27-2015,06:09:00,01197,N,N,BALTIMORE,UNK,09,00,,,,,,,,,,,,,,39.29361131,-76.60895616
01,24,,,88,,,,,00,BSPDA2310002,06.01,03-23-2015,17:30:00,,N,N,BALTIMORESCHOOL,UNK,02,02,,,,,,,,,,,,,,39.28648268,-76.61352396
03,20,,,07,,,,,00,BJ01350007,06.01,03-22-2015,02:20:00,,N,N,EASTON,UNK,02,00,,,,,,,,,,,,,,38.78149593,-76.08131737
01,12,,,88,,,,,00,CA77090001,06.01,03-21-2015,12:59:00,,N,N,HAVREDEGRACE,UNK,02,01,,,,,,,,,,,,,,39.54242417,-76.09154999
99,03,,,99,,,,,00,AE5254000M,06.01,03-19-2015,00:00:00,PC07 728,N,N,BACOPD,UNK,02,00,,,,,,,,,,,,,,39.4906288,-76.66375637
03,15,,,88,,,,,00,MCP2425004L,06.01,03-17-2015,06:42:00,54242,N,N,MONTGOMERY,UNK,03,00,,,,,,,,,,,,,,39.08250333,-76.94382667
03,08,,,88,,,,,00,ZH03840007,06.01,03-12-2015,19:41:00,,N,N,CHARLES,UNK,02,00,,,,,,,,,,,,,,38.61844833,-77.07672833
01,08,,,88,,,,,04,ZH05480008,06.01,03-29-2015,17:33:00,,N,N,CHARLES,UNK,02,00,,,,,,,,,,,,,,38.62718061,-76.91730022
01,13,,,17,,,,,88,CB59100001,06.01,03-31-2015,07:55:00,B4,N,N,HOCPD,UNK,03,00,,,,,,,,,,,,,,39.18202354,-76.76766515
03,24,,,88,,,,,00,ADJ5310019,06.01,03-30-2015,19:00:00,CAD92569,N,N,BALTIMORE,UNK,01,00,,,,,,,,,,,,,,39.37177096,-76.54285043
01,16,,,88,,,,,00,RD00770007,00,03-30-2015,17:38:00,,N,N,RIVERDALE,UNK,03,00,,,,,,,,,,,,,,38.96403047,-76.92005754
01,16,,,17,,,,,09,DA3865000D,06.01,03-30-2015,09:56:00,932,N,N,PGCOPD,UNK,09,00,,,,,,,,,,,,,,39.04143627,-76.9063139
01,24,,,03,,,,,00,ADG4060002,07.01,03-30-2015,13:15:00,CAD#1220,N,N,BALTIMORE,UNK,01,00,,,,,,,,,,,,,,39.29094179,-76.57038331
01,24,,,09,,,,,00,ADJ3660006,07.01,03-26-2015,13:00:00,CAD#1286,N,N,BALTIMORE,UNK,01,01,,,,,,,,,,,,,,39.30176869,-76.65540934
01,03,,,88,,,,,04,AE5147000F,07.01,03-25-2015,18:29:00,,N,N,BACOPD,UNK,02,02,,,,,,,,,,,,,,39.26111765,-76.69582486
01,03,,,99,,,,,00,AE5422000M,06.01,03-25-2015,13:00:00,,N,N,BACOPD,UNK,02,00,,,,,,,,,,,,,,39.39189732,-76.74196959
01,03,,,88,,,,,00,AE5486000Y,06.01,03-22-2015,12:41:00,,N,N,BACOPD,UNK,02,00,,,,,,,,,,,,,,39.36449477,-76.7145896
01,16,,,88,,,,,07,DA3671000B,06.01,03-23-2015,07:26:00,,N,N,PGCOPD,UNK,10,02,,,,,,,,,,,,,,38.99124554,-76.98783159
01,03,,,88,,,,,00,AE4924000C,12.04,03-20-2015,19:08:00,,N,N,BACOPD,UNK,02,00,,,,,,,,,,,,,,39.27187441,-76.50084972
01,16,,,17,,,,,07,DA18690004,06.01,03-17-2015,15:25:00,RA-424,N,N,PGCOPD,UNK,09,00,,,,,,,,,,,,,,38.84572629,-76.89461544
01,12,,,17,,,,,88,AA0120000S,06.01,03-17-2015,16:34:00,,N,N,ABERDEEN,UNK,09,09,,,,,,,,,,,,,,39.49713638,-76.17705345
01,03,,,99,,,,,00,AE5491000J,06.01,03-09-2015,15:45:00,,N,N,BACOPD,UNK,01,00,,,,,,,,,,,,,,39.43053328,-76.62305117
04,17,,,17,,,,,23.03,ZQ01660004,06.01,03-16-2015,22:30:00,7730,N,N,QACSO,UNK,16,00,,,,,,,,,,,,,,39.2253967,-75.98543644
03,02,,,88,,,,,00,AC1283001J,06.01,03-07-2015,04:31:00,,N,N,AACOPD,UNK,02,02,,,,,,,,,,,,,,39.15628795,-76.72662735
03,24,,,88,,,,,00,ADJ6350007,00,03-31-2015,21:00:00,CAD02883,N,N,BALTIMORE,UNK,01,01,,,,,,,,,,,,,,39.35713901,-76.58079028
03,24,,,88,,,,,08,ADJ548000D,00,03-31-2015,21:05:00,2882,N,N,BALTIMORE,UNK,99,99,,,,,,,,,,,,,,39.31230338,-76.57292604
03,16,,,17,,,,,88,DA29750003,03,03-31-2015,21:51:00,,N,N,PGCOPD,UNK,09,00,,,,,,,,,,,,,,38.90979437,-76.72028661
01,06,,,17,,,,,04,DL22670002,03,03-31-2015,15:55:00,20151867,N,N,SYKESVILLE,UNK,09,16,,,,,,,,,,,,,,39.37607536,-76.96798325
01,24,,,02,,,,,00,ADI872000F,06.01,03-31-2015,09:30:00,CAD#0735,N,N,BALTIMORE,UNK,01,00,,,,,,,,,,,,,,39.34666293,-76.70063943
01,03,,,99,,,,,00,AE4880006M,07.01,03-31-2015,12:08:00,,N,N,BACOPD,UNK,02,00,,,,,,,,,,,,,,39.337086,-76.488683
01,15,,,17,,,,,88,MCP2554000N,06.01,03-31-2015,07:15:00,55122,N,N,MONTGOMERY,UNK,09,00,,,,,,,,,,,,,,39.02872167,-77.07645
01,09,,,11,,,,,00,AS03200006,07.01,03-30-2015,09:45:00,,N,N,CAMBRIDGE,UNK,01,00,,,,,,,,,,,,,,38.55361927,-76.05217516
03,15,,,03,,,,,00,MCP2085000F,03,03-26-2015,21:38:00,5512,N,N,MONTGOMERY,UNK,01,00,,,,,,,,,,,,,,39.053,-76.954
01,15,,,88,,,,,00,MCP2246000F,06.01,03-09-2015,16:26:00,5522-4,N,N,MONTGOMERY,UNK,02,00,,,,,,,,,,,,,,38.99052333,-77.027155
04,15,,,17,,,,,88,MCP24610004,06.01,03-22-2015,20:59:00,55312,N,N,MONTGOMERY,UNK,09,00,,,,,,,,,,,,,,39.07019333,-77.19576333
01,15,,,88,,,,,00,MCP2597001B,06.01,02-27-2015,17:04:00,55222,N,N,MONTGOMERY,UNK,01,00,,,,,,,,,,,,,,38.9838694,-77.02547371
04,18,,,17,,,,,23.03,ZR0301000D,06.01,03-19-2015,23:21:00,023615,N,N,STMARYS,UNK,88,00,,,,,,,,,,,,,,38.132149,-76.262934
01,15,,,02,,,,,04,MCP1500000G,06.01,03-17-2015,16:07:00,55222,N,N,MONTGOMERY,UNK,02,09,,,,,,,,,,,,,,39.04777333,-76.97716833
99,03,,,99,,,,,00,AE5793000C,00,02-27-2015,16:00:00,,N,N,BACOPD,UNK,01,00,,,,,,,,,,,,,,39.28791096,-76.72299027
03,15,,,88,,,,,00,EJ7833000L,03,03-14-2015,20:30:00,5522-2,N,N,GAITHERSBURG,UNK,01,00,,,,,,,,,,,,,,39.1417649,-77.19508857
01,24,,,17,,,,,88,ADI350000G,06.01,03-30-2015,08:55:00,CAD90618,N,N,BALTIMORE,UNK,09,00,,,,,,,,,,,,,,39.28245795,-76.61386728
04,03,,,17,,,,,07,AE5593000P,06.01,03-30-2015,09:37:00,,N,N,BACOPD,UNK,09,09,,,,,,,,,,,,,,39.50374269,-76.6498518
03,16,,,88,,,,,00,BW0141000Q,06.01,03-28-2015,01:40:00,,N,N,GREENBELT,UNK,02,00,,,,,,,,,,,,,,38.997745,-76.894606
01,03,,,11,,,,,00,AE4732000D,00,03-29-2015,17:00:00,,N,N,BACOPD,UNK,01,00,,,,,,,,,,,,,,39.407152,-76.7916441
04,16,,,17,,,,,23.03,DA37550006,06.01,03-29-2015,02:12:00,,N,N,PGCOPD,UNK,16,00,,,,,,,,,,,,,,38.71224552,-76.98967695
99,03,,,88,,,,,00,AE51370006,00,03-27-2015,22:30:00,629,N,N,BACOPD,UNK,02,00,,,,,,,,,,,,,,39.37693786,-76.56995416
03,02,,,11,,,,,00,AC17420015,00,03-28-2015,22:08:00,,N,N,AACOPD,UNK,01,01,,,,,,,,,,,,,,39.10716958,-76.48597956
01,15,,,88,,,,,00,MCP9301000K,06.01,03-28-2015,13:30:00,55222,N,N,MONTGOMERY,UNK,02,00,,,,,,,,,,,,,,39.14878167,-77.21409167
03,15,,,88,,,,,00,MCP29620007,06.01,03-30-2015,05:21:00,5521-4,N,N,MONTGOMERY,UNK,02,00,,,,,,,,,,,,,,39.167085,-77.26327333
01,02,,,88,,,,,00,AC1274000Q,06.01,03-29-2015,07:35:00,5A3,N,N,AACOPD,UNK,02,00,,,,,,,,,,,,,,39.16998871,-76.74863219
01,03,,,99,,,,,00,AE57350008,06.01,03-30-2015,13:30:00,,N,N,BACOPD,UNK,01,01,,,,,,,,,,,,,,39.45434576,-76.6364944
01,16,,,88,,,,,00,CBPD0072000D,06.01,03-31-2015,11:30:00,E11,N,N,BOWIE,UNK,02,01,,,,,,,,,,,,,,38.94681861,-76.71892405
01,16,,,17,,,,,10,CC01800002,00,03-17-2015,14:45:00,1504071,N,N,HYATTSVILLE,UNK,09,00,,,,,,,,,,,,,,38.9527573,-76.94209456
01,24,,,09,,,,,00,ADJ0570008,06.01,03-31-2015,13:10:00,1333,N,N,BALTIMORE,UNK,01,00,,,,,,,,,,,,,,39.34396951,-76.67962566
01,16,,,07,,,,,00,DS02430009,06.01,03-26-2015,14:54:00,,N,N,UMCP,UNK,02,00,,,,,,,,,,,,,,38.98121432,-76.940821
03,02,,,88,,,,,00,AC2007000S,00,03-24-2015,20:01:00,2B1,N,N,AACOPD,UNK,02,02,,,,,,,,,,,,,,39.20658583,-76.67859435
04,10,,,17,,,,,10,ZJ0375000B,06.01,03-21-2015,02:45:00,,N,N,FREDERICK,UNK,09,16,,,,,,,,,,,,,,39.2792435,-77.46408933
99,03,,,99,,,,,00,AE51330009,99,03-17-2015,00:00:00,,N,N,BACOPD,UNK,02,00,,,,,,,,,,,,,,39.44997163,-76.64085567
01,16,,,88,,,,,00,DA38680003,06.01,03-16-2015,15:01:00,,N,N,PGCOPD,UNK,02,00,,,,,,,,,,,,,,38.96463944,-76.84460163
01,16,,,01,,,,,00,CNC31390003,06.01,03-15-2015,16:48:00,229,N,N,NCPD,UNK,01,01,,,,,,,,,,,,,,38.95722298,-76.87060297
01,02,,,06,,,,,00,AC1028000R,07.01,03-25-2015,08:34:00,5C2,N,N,AACOPD,UNK,01,02,,,,,,,,,,,,,,39.09572142,-76.6941266
05.02,04,,,88,,,,,11,ZD3111000F,06.01,03-25-2015,06:10:00,,N,N,CALVERT,UNK,17,02,,,,,,,,,,,,,,38.7032454,-76.56745434
01,22,,,88,,,,,00,DE4102000D,06.01,03-23-2015,09:25:00,,N,N,SALISBURY,UNK,01,00,,,,,,,,,,,,,,38.37313791,-75.60417652
04,08,,,17,,,,,00,ZH0582000G,06.01,03-20-2015,20:04:00,,N,N,CHARLES,UNK,01,01,,,,,,,,,,,,,,38.63324865,-76.90096021
01,03,,,03,,,,,00,AE5342000H,06.01,03-17-2015,14:43:00,,N,N,BACOPD,UNK,02,00,,,,,,,,,,,,,,39.3907365,-76.48829699
03,03,,,99,,,,,00,AE53990007,06.01,03-15-2015,00:00:00,,N,N,BACOPD,UNK,01,00,,,,,,,,,,,,,,39.27734768,-76.50475502
01,03,,,88,,,,,00,AE5405000C,00,03-14-2015,13:00:00,,N,N,BACOPD,UNK,02,00,,,,,,,,,,,,,,39.28553602,-76.49818897
01,15,,,88,,,,,00,EJ78290014,03,03-14-2015,17:15:00,55122,N,N,GAITHERSBURG,UNK,02,00,,,,,,,,,,,,,,39.13587167,-77.191585
01,18,,,17,,,,,00,ZR0279000D,06.01,03-31-2015,11:07:00,026615,N,N,STMARYS,UNK,18,00,,,,,,,,,,,,,,38.30312254,-76.51958227
05.02,24,,,99,,,,,00,ADI1390003,06.01,03-30-2015,06:30:00,,N,N,BALTIMORE,UNK,01,00,,,,,,,,,,,,,,39.30012691,-76.59507439
99,16,,,99,,,,,99,DA3071000C,00,03-30-2015,03:00:00,405,N,U,PGCOPD,UNK,00,00,,,,,,,,,,,,,,38.87582875,-76.88942671
01,16,,,11,,,,,00,DA3020000L,06.01,03-30-2015,15:15:00,,N,N,PGCOPD,UNK,01,00,,,,,,,,,,,,,,38.75114648,-76.87554359
01,24,,,99,,,,,10,ADJ6020008,06.01,03-25-2015,10:45:00,40887,N,N,BALTIMORE,UNK,01,99,,,,,,,,,,,,,,39.29128742,-76.62097983
03,16,,,17,,,,,88,CC0237000J,06.01,03-21-2015,03:21:00,04300,N,Y,HYATTSVILLE,UNK,16,09,,,,,,,,,,,,,,38.95062343,-76.93927288
00,03,,,99,,,,,00,AE56640009,06.01,03-12-2015,00:00:00,,N,N,BACOPD,UNK,02,00,,,,,,,,,,,,,,39.26587741,-76.69856071
06.02,02,,,99,,,,,00,AACC50130001,00,03-09-2015,19:02:00,3D1,N,N,AACCPSP,UNK,02,00,,,,,,,,,,,,,,39.04978543,-76.51737213
06.02,16,,,88,,,,,00,DJ01160004,06.01,03-27-2015,20:20:00,,N,N,SEATPLEASANT,UNK,02,00,,,,,,,,,,,,,,38.89731227,-76.90594912
01,03,,,88,,,,,00,AE5486000Z,06.01,03-29-2015,16:49:00,,N,N,BACOPD,UNK,02,00,,,,,,,,,,,,,,39.38305803,-76.74570322
01,06,,,17,,,,,11,DV01020003,00,03-27-2015,15:50:00,,N,N,WESTMINSTER,UNK,09,00,,,,,,,,,,,,,,39.58138178,-77.03179836
07.88,15,,,01,,,,,00,MCP25580004,00,03-23-2015,19:00:00,55222,N,N,MONTGOMERY,UNK,02,00,,,,,,,,,,,,,,39.06178667,-77.048835
01,02,,,17,,,,,05,AC18690012,06.01,03-24-2015,07:48:00,5A2,N,N,AACOPD,UNK,09,00,,,,,,,,,,,,,,39.15869323,-76.75971563
88,24,,,06,,,,,00,ADJ547002Q,06.01,03-30-2015,07:20:00,CAD1908,N,N,BALTIMORE,UNK,02,00,,,,,,,,,,,,,,39.29144,-76.60782695
01,21,,,88,,,,,00,ZU69310006,07.01,03-30-2015,09:47:00,,N,N,WASHINGTON,UNK,02,00,,,,,,,,,,,,,,39.65190053,-77.74512112
99,03,,,99,,,,,00,AE5794000L,00,03-28-2015,00:00:00,,N,N,BACOPD,UNK,02,00,,,,,,,,,,,,,,39.3957424,-76.7480287
01,03,,,88,,,,,00,AE43400003,06.01,03-24-2015,17:30:00,,N,N,BACOPD,UNK,02,00,,,,,,,,,,,,,,39.31560708,-76.45049661
03,03,,,88,,,,,00,AE53620004,06.01,03-23-2015,23:48:00,PC01/115,N,N,BACOPD,UNK,02,00,,,,,,,,,,,,,,39.26862679,-76.74808502
01,03,,,99,,,,,00,AE5445000C,00,03-23-2015,16:00:00,,N,N,BACOPD,UNK,02,00,,,,,,,,,,,,,,39.45653686,-76.82520926
01,03,,,88,,,,,00,AE54790009,06.01,03-21-2015,12:46:00,,N,N,BACOPD,UNK,02,00,,,,,,,,,,,,,,39.33850041,-76.47458017
01,03,,,17,,,,,00,AE4321000F,06.01,03-16-2015,15:23:00,,N,N,BACOPD,UNK,03,00,,,,,,,,,,,,,,39.34583116,-76.44158363
01,03,,,99,,,,,00,AE5578000G,06.01,03-16-2015,13:30:00,,N,N,BACOPD,UNK,02,00,,,,,,,,,,,,,,39.37104939,-76.45181894
99,24,,,99,,,,,00,ADJ5830008,00,03-16-2015,00:00:00,CAD50913,N,N,BALTIMORE,UNK,01,00,,,,,,,,,,,,,,39.25410618,-76.65079594
03,15,,,88,,,,,00,MCP2809001Q,00,03-13-2015,19:10:00,55112,N,N,MONTGOMERY,UNK,01,00,,,,,,,,,,,,,,39.03586167,-77.05569833
99,03,,,99,,,,,00,AE56410008,03,03-14-2015,22:44:00,,N,N,BACOPD,UNK,02,01,,,,,,,,,,,,,,39.28841749,-76.76814795
03,12,,,17,,,,,06,MSP60330097,03,03-13-2015,21:55:00,,N,N,MSP,UNK,16,09,,,,,,,,,,,,,,39.501703,-76.384352
01,02,,,03,,,,,00,MSP11740001,06.01,03-30-2015,10:00:00,,N,N,MSP,UNK,01,00,,,,,,,,,,,,,,39.1981222,-76.61078811
01,08,,,11,,,,,00,ZH0550000L,06.01,03-30-2015,15:35:00,,N,N,CHARLES,UNK,01,00,,,,,,,,,,,,,,38.56126236,-77.00923562
01,03,,,88,,,,,00,AE4502001R,07.01,03-27-2015,17:22:00,,N,N,BACOPD,UNK,01,00,,,,,,,,,,,,,,39.42092,-76.668541
99,03,,,88,,,,,00,AE3499000J,06.01,03-27-2015,00:00:00,,N,N,BACOPD,UNK,01,02,,,,,,,,,,,,,,39.37454936,-76.47059441
01,17,,,17,,,,,11,ZQ01500003,07.01,03-26-2015,12:08:00,,N,N,QACSO,UNK,09,00,,,,,,,,,,,,,,39.20360954,-75.96369982
01,16,,,00,,,,,00,DS04010003,03,03-26-2015,10:10:00,,N,N,UMCP,UNK,02,02,,,,,,,,,,,,,,38.98159677,-76.94515228
07.88,24,,,88,,,,,88,ADJ3760005,00,03-25-2015,20:05:00,CAD0513,N,N,BALTIMORE,UNK,09,09,,,,,,,,,,,,,,39.28492151,-76.60471559
00,24,,,03,,,,,00,BSPDA1830003,06.01,03-10-2015,03:42:00,,N,N,BALTIMORESCHOOL,UNK,02,00,,,,,,,,,,,,,,39.31335759,-76.5948987
01,03,,,88,,,,,00,AE52160007,07.01,03-25-2015,13:40:00,,N,N,BACOPD,UNK,02,00,,,,,,,,,,,,,,39.299409,-76.514779
01,03,,,99,,,,,00,AE5243000D,06.01,03-23-2015,11:42:00,,N,N,BACOPD,UNK,02,00,,,,,,,,,,,,,,39.2515307,-76.73589706
01,03,,,17,,,,,11,AE5614000F,00,03-20-2015,16:50:00,,N,N,BACOPD,UNK,09,00,,,,,,,,,,,,,,39.41879803,-76.4935112
03,24,,,06,,,,,00,ADI761000G,06.01,03-19-2015,06:40:00,80447,N,N,BALTIMORE,UNK,02,02,,,,,,,,,,,,,,39.25764523,-76.66401386