LIGHT_CODE,COUNTY_NO,MUNI_CODE,JUNCTION_CODE,COLLISION_TYPE_CODE,SURF_COND_CODE,LANE_CODE,RD_COND_CODE,RD_DIV_CODE,FIX_OBJ_CODE,REPORT_NO,WEATHER_CODE,ACC_DATE,ACC_TIME,LOC_CODE,SIGNAL_FLAG,C_M_ZONE_FLAG,AGENCY_CODE,AREA_CODE,HARM_EVENT_CODE1,HARM_EVENT_CODE2,RTE_NO,ROUTE_TYPE_CODE,RTE_SUFFIX,LOG_MILE,LOGMILE_DIR_FLAG,MAINROAD_NAME,DISTANCE,FEET_MILES_FLAG,DISTANCE_DIR_FLAG,REFERENCE_NO,REFERENCE_TYPE_CODE,REFERENCE_SUFFIX,REFERENCE_ROAD_NAME,LATITUDE,LONGITUDE
03,21,,,17,,,,,11,BX49320003,06.01,03-15-2015,02:05:00,,N,N,HAGERSTOWN,UNK,09,00,,,,,,,,,,,,,,39.65190466,-77.70282269
99,03,,,99,,,,,00,AE4670000F,03,03-14-2015,21:28:00,,N,N,BACOPD,UNK,02,00,,,,,,,,,,,,,,39.39984012,-76.54048204
01,03,,,11,,,,,00,AE5578000F,03,03-14-2015,11:24:00,,N,N,BACOPD,UNK,01,00,,,,,,,,,,,,,,39.37342143,-76.46359921
01,15,,,01,,,,,00,MCP28680012,06.01,03-26-2015,18:40:00,55312,N,N,MONTGOMERY,UNK,02,00,,,,,,,,,,,,,,39.02795,-77.17706833
01,02,,,88,,,,,00,AC1192000K,06.01,03-22-2015,08:29:00,3D2,N,N,AACOPD,UNK,02,00,,,,,,,,,,,,,,39.03986353,-76.43837553
01,09,,,17,,,,,10,FP01430007,10.04,03-20-2015,08:25:00,,N,N,HURLOCK,UNK,09,00,,,,,,,,,,,,,,38.63368865,-75.86019069
01,02,,,03,,,,,00,AC1656001J,06.01,03-19-2015,13:07:00,2A2,N,N,AACOPD,UNK,01,00,,,,,,,,,,,,,,39.19406835,-76.61436507
88,24,,,88,,,,,00,ADG0750008,06.01,03-17-2015,07:35:00,CAD# 555,N,N,BALTIMORE,UNK,02,00,,,,,,,,,,,,,,39.28999934,-76.54530734
00,02,,,88,,,,,00,AC2000001G,06.01,03-16-2015,17:06:00,4A1,N,N,AACOPD,UNK,01,02,,,,,,,,,,,,,,38.98956106,-76.53513908
03,03,,,17,,,,,00,AE54700003,06.01,03-31-2015,19:05:00,03,N,N,BACOPD,UNK,00,00,,,,,,,,,,,,,,39.40672094,-76.79151535
01,22,,,17,,,,,08,ZVW2610007,06.01,03-30-2015,17:05:00,,N,N,WICOMICO,UNK,09,00,,,,,,,,,,,,,,38.37683876,-75.61230898
01,15,,,03,,,,,00,MCP2635001W,06.01,03-27-2015,16:09:00,55114,N,N,MONTGOMERY,UNK,01,00,,,,,,,,,,,,,,39.15168833,-77.06507
01,02,,,17,,,,,88,MDTA16410001,00,03-26-2015,14:27:00,,N,N,MDTA,UNK,10,00,,,,,,,,,,,,,,39.0137798,-76.4063488
03,21,,,17,,,,,02,BX50670007,07.01,03-27-2015,06:59:00,BX8120,N,N,HAGERSTOWN,UNK,09,00,,,,,,,,,,,,,,39.65396975,-77.75799036
03,16,,,00,,,,,07,CC0209000K,03,03-27-2015,01:05:00,04659,N,N,HYATTSVILLE,UNK,09,00,,,,,,,,,,,,,,38.97152546,-76.95281804
01,08,,,88,,,,,00,CD0617000D,06.01,03-25-2015,18:20:00,088,N,N,LAPLATA,UNK,02,00,,,,,,,,,,,,,,38.54996839,-76.97790205
01,02,,,88,,,,,00,AC18460013,06.01,03-13-2015,19:08:00,4A1,N,N,AACOPD,UNK,02,14,,,,,,,,,,,,,,38.98993632,-76.5393126
01,02,,,88,,,,,02,AC1313000R,07.01,03-30-2015,08:48:00,3A1,N,N,AACOPD,UNK,02,09,,,,,,,,,,,,,,39.1513086,-76.51991487
03,02,,,06,,,,,00,AC1075000R,06.01,03-28-2015,03:04:00,2D1,N,N,AACOPD,UNK,02,00,,,,,,,,,,,,,,39.14151523,-76.62329712
03,13,,,17,,,,,23.03,CB57410009,06.01,03-27-2015,21:50:00,,N,N,HOCPD,UNK,09,00,,,,,,,,,,,,,,39.21651141,-76.83563232
01,16,,,00,,,,,00,ZP01360002,06.01,03-19-2015,10:40:00,,N,N,PGCOSHERIFF,UNK,01,02,,,,,,,,,,,,,,39.0021103,-76.78344727
01,03,,,03,,,,,00,ADJ667000K,06.01,03-23-2015,17:30:00,CAD2078,N,N,BALTIMORE,UNK,02,99,,,,,,,,,,,,,,39.33970774,-76.57188535
03,03,,,11,,,,,00,AE56350006,06.01,03-23-2015,22:00:00,,N,N,BACOPD,UNK,02,00,,,,,,,,,,,,,,39.23509525,-76.64707303
03,03,,,88,,,,,00,AE5486000X,06.01,03-23-2015,11:45:00,,N,N,BACOPD,UNK,02,00,,,,,,,,,,,,,,39.38391216,-76.7310369
01,03,,,88,,,,,00,MDTA12220003,06.01,03-16-2015,13:30:00,,N,N,MDTA,UNK,01,02,,,,,,,,,,,,,,39.27645903,-76.56233668
99,03,,,99,,,,,00,AE5228000K,06.01,03-18-2015,00:00:00,,N,N,BACOPD,UNK,01,00,,,,,,,,,,,,,,39.36973893,-76.47136688
06.02,24,,,99,,,,,00,ADJ2980008,00,03-17-2015,19:30:00,62764,N,N,BALTIMORE,UNK,02,00,,,,,,,,,,,,,,39.31157082,-76.64550126
07.88,24,,,99,,,,,00,ADJ0630004,99,03-14-2015,23:00:00,1C12,N,N,BALTIMORE,UNK,02,00,,,,,,,,,,,,,,39.29341982,-76.61028922
03,16,,,08,,,,,00,AM0281000B,06.01,03-15-2015,02:43:00,,N,N,BLADENSBURG,UNK,02,00,,,,,,,,,,,,,,38.93961726,-76.9179976
03,02,,,17,,,,,04,AC1484000S,00,03-15-2015,01:41:00,5D1,N,N,AACOPD,UNK,09,00,,,,,,,,,,,,,,39.01915868,-76.68930173
01,16,,,99,,,,,00,CBPD00540005,00,02-09-2015,17:15:00,D31,N,N,BOWIE,UNK,02,00,,,,,,,,,,,,,,38.98363171,-76.72915936
01,19,,,88,,,,,00,JB33110003,06.01,03-31-2015,14:51:00,,N,N,UMES,UNK,02,02,,,,,,,,,,,,,,38.21207309,-75.68291545
99,03,,,99,,,,,99,AE53620005,06.01,03-23-2015,21:00:00,PC01/115,N,N,BACOPD,UNK,02,00,,,,,,,,,,,,,,39.28784452,-76.76423192
01,02,,,03,,,,,00,MSP6452000L,06.01,03-23-2015,09:34:00,,N,N,MSP,UNK,01,00,,,,,,,,,,,,,,39.126298,-76.531387
03,16,,,06,,,,,00,CC0201000B,06.01,03-22-2015,20:37:00,,N,N,HYATTSVILLE,UNK,01,00,,,,,,,,,,,,,,38.96748402,-76.95324183
03,16,,,88,,,,,00,CE42050003,06.01,03-21-2015,21:16:00,,N,N,LAUREL,UNK,01,00,,,,,,,,,,,,,,39.096296,-76.83907628
01,13,,,17,,,,,04,CB5256000K,06.01,03-12-2015,17:20:00,B1,N,N,HOCPD,UNK,09,16,,,,,,,,,,,,,,39.2297101,-76.81453407
01,02,,,88,,,,,00,AC1502000H,06.01,03-18-2015,16:37:00,2C2,N,N,AACOPD,UNK,01,00,,,,,,,,,,,,,,39.19289518,-76.60830193
03,16,,,11,,,,,00,DA36170005,07.01,03-15-2015,00:10:00,,N,N,PGCOPD,UNK,01,00,,,,,,,,,,,,,,38.82943645,-76.89539194
03,24,,,17,,,,,88,ADJ2280009,00,03-27-2015,19:30:00,2728,N,N,BALTIMORE,UNK,10,00,,,,,,,,,,,,,,39.34782656,-76.65400386
01,16,,,17,,,,,02,AM0281000C,06.01,03-27-2015,15:48:00,,N,N,BLADENSBURG,UNK,09,00,,,,,,,,,,,,,,38.94736098,-76.9155246
01,23,,,17,,,,,00,MSP5937000N,06.01,03-19-2015,16:17:00,,N,N,MSP,UNK,11,00,,,,,,,,,,,,,,38.33319031,-75.10401964
99,24,,,01,,,,,00,ADJ7230008,99,03-19-2015,20:30:00,CAD#2663,N,N,BALTIMORE,UNK,01,02,,,,,,,,,,,,,,39.34899431,-76.6046834
99,15,,,88,,,,,00,DM8447000G,06.01,03-19-2015,06:00:00,,N,N,TAKOMA,UNK,02,00,,,,,,,,,,,,,,38.983367,-76.988306
01,24,,,09,,,,,88,ADJ653000H,06.01,03-18-2015,11:57:00,CAD1059,N,N,BALTIMORE,UNK,01,88,,,,,,,,,,,,,,39.33311906,-76.5971303
01,02,,,03,,,,,00,AC18590011,06.01,03-17-2015,12:37:00,2D2,N,N,AACOPD,UNK,02,00,,,,,,,,,,,,,,39.13812431,-76.60746217
01,24,,,07,,,,,88,ADJ5910002,06.01,03-17-2015,11:30:00,CAD61396,N,N,BALTIMORE,UNK,01,02,,,,,,,,,,,,,,39.28930599,-76.62060499
00,03,,,99,,,,,00,AE43740007,00,03-13-2015,00:00:00,,N,N,BACOPD,UNK,01,00,,,,,,,,,,,,,,39.46644773,-76.63268566
01,22,,,88,,,,,00,DE0188000H,06.01,03-16-2015,12:28:00,,N,N,SALISBURY,UNK,01,00,,,,,,,,,,,,,,38.37213696,-75.59323311
01,03,,,88,,,,,00,AE5070000G,03,03-14-2015,15:42:00,,N,N,BACOPD,UNK,02,00,,,,,,,,,,,,,,39.30858446,-76.49803877
01,16,,,17,,,,,11,DA39130003,03,03-14-2015,08:41:00,,N,N,PGCOPD,UNK,00,00,,,,,,,,,,,,,,38.79912413,-76.99844241
03,16,,,99,,,,,00,CBPD00540008,06.01,01-26-2015,17:30:00,D41,N,N,BOWIE,UNK,01,00,,,,,,,,,,,,,,38.97766851,-76.7368412
01,02,,,88,,,,,00,AC08990001,06.01,03-28-2015,10:49:00,,N,N,AACOPD,UNK,01,00,,,,,,,,,,,,,,38.97449904,-76.56334519
01,02,,,88,,,,,00,AC1283001L,10.04,03-30-2015,15:37:00,,N,N,AACOPD,UNK,02,00,,,,,,,,,,,,,,39.20122967,-76.61657095
01,16,,,11,,,,,00,DS02420006,99,03-15-2015,08:00:00,,N,N,UMCP,UNK,00,02,,,,,,,,,,,,,,38.9951543,-76.94257066
01,24,,,03,,,,,00,ADJ494000H,07.01,03-25-2015,16:57:00,CAD#2006,N,N,BALTIMORE,UNK,01,00,,,,,,,,,,,,,,39.24754267,-76.64064646
01,16,,,88,,,,,00,DA34120004,06.01,03-16-2015,11:45:00,,N,N,PGCOPD,UNK,02,00,,,,,,,,,,,,,,39.02941074,-76.91343784
01,15,,,07,,,,,00,MCP1575002C,06.01,03-23-2015,15:09:00,55212,N,N,MONTGOMERY,UNK,01,00,,,,,,,,,,,,,,39.11999,-77.16585833
01,03,,,88,,,,,00,AE3978001C,06.01,03-23-2015,11:12:00,,Y,N,BACOPD,UNK,01,00,,,,,,,,,,,,,,39.40951867,-76.76814795
01,24,,,99,,,,,00,ADI0020005,06.01,03-23-2015,11:00:00,CAD0838,N,N,BALTIMORE,UNK,01,00,,,,,,,,,,,,,,39.31442601,-76.5703015
03,15,,,88,,,,,00,MCP2771000D,06.01,03-21-2015,22:19:00,55222,N,N,MONTGOMERY,UNK,01,00,,,,,,,,,,,,,,39.16366377,-77.22603455
01,03,,,07,,,,,00,AE5604000G,03,03-14-2015,15:25:00,,N,N,BACOPD,UNK,02,00,,,,,,,,,,,,,,39.35287493,-76.75783753
01,20,,,17,,,,,88,MSP62950010,03,03-20-2015,14:52:00,,N,N,MSP,UNK,16,00,,,,,,,,,,,,,,38.90222317,-76.0498295
01,24,,,88,,,,,00,ADJ6470004,06.01,03-18-2015,14:20:00,CAD71449,N,N,BALTIMORE,UNK,01,00,,,,,,,,,,,,,,39.34744905,-76.56588525
01,15,,,17,,,,,88,MCP2782000L,06.01,03-18-2015,14:58:00,54212,N,N,MONTGOMERY,UNK,10,09,,,,,,,,,,,,,,39.08211,-77.082005
01,24,,,99,,,,,00,ADI753000F,06.01,03-18-2015,11:54:00,CAD#1054,N,N,BALTIMORE,UNK,02,00,,,,,,,,,,,,,,39.318064,-76.65420771
99,15,,,99,,,,,00,MCP26020001,06.01,03-12-2015,16:00:00,45222,N,N,MONTGOMERY,UNK,02,00,,,,,,,,,,,,,,39.06551449,-77.15956807
01,21,,,88,,,,,00,BX41420004,99,02-22-2015,14:18:00,,N,N,HAGERSTOWN,UNK,02,00,,,,,,,,,,,,,,39.64644424,-77.72962332
03,24,,,99,,,,,00,ADD572000B,03,03-15-2015,01:30:00,40267,N,N,BALTIMORE,UNK,01,02,,,,,,,,,,,,,,39.28213125,-76.53522491
01,01,,,02,,,,,00,ZA05300009,06.01,03-30-2015,09:40:00,,N,N,ALLEGANY,UNK,01,00,,,,,,,,,,,,,,39.62516021,-78.83720398
01,24,,,99,,,,,00,ADI7080009,00,03-28-2015,17:51:00,CAD#2030,N,N,BALTIMORE,UNK,02,00,,,,,,,,,,,,,,39.28773657,-76.58867598
01,24,,,03,,,,,00,HF02240005,06.01,03-26-2015,13:50:00,,N,N,COPPIN,UNK,02,00,,,,,,,,,,,,,,39.31322478,-76.658687
06.02,16,,,88,,,,,00,CE4578000H,06.01,03-25-2015,20:18:00,4,N,N,LAUREL,UNK,01,01,,,,,,,,,,,,,,39.0933317,-76.85786247
03,24,,,88,,,,,02,ADF686000D,06.01,03-20-2015,01:50:00, 90191,N,N,BALTIMORE,UNK,09,09,,,,,,,,,,,,,,39.29548365,-76.58953428
01,15,,,06,,,,,00,MCP9386001Y,07.01,03-17-2015,12:55:00,55112,N,N,MONTGOMERY,UNK,01,00,,,,,,,,,,,,,,39.033635,-77.073215
01,03,,,99,,,,,00,AE48800065,07.01,03-17-2015,12:39:00,,N,N,BACOPD,UNK,02,00,,,,,,,,,,,,,,39.355577,-76.498015
01,10,,,03,,,,,00,BS04760009,06.01,03-16-2015,19:01:00,,N,N,FREDERICKPD,UNK,01,00,,,,,,,,,,,,,,39.41883948,-77.44543791
01,24,,,17,,,,,00,ADJ4650006,07.01,03-16-2015,15:00:00,CAD1597,N,N,BALTIMORE,UNK,03,00,,,,,,,,,,,,,,39.3133742,-76.63131237
03,16,,,88,,,,,00,BW00970006,06.01,03-14-2015,23:47:00,,N,N,GREENBELT,UNK,02,00,,,,,,,,,,,,,,38.99744108,-76.90761209
06.02,02,,,88,,,,,00,AC1899000X,03,03-31-2015,19:18:00,4C1,N,N,AACOPD,UNK,01,00,,,,,,,,,,,,,,38.86563799,-76.62079811
01,24,,,88,,,,,00,ADJ3640009,00,03-30-2015,18:00:00,CAD#1891,N,N,BALTIMORE,UNK,01,02,,,,,,,,,,,,,,39.33886551,-76.61010683
99,15,,,88,,,,,00,MCP2554000P,07.01,03-27-2015,13:00:00,55122,N,N,MONTGOMERY,UNK,02,00,,,,,,,,,,,,,,39.05651667,-77.1262
01,10,,,17,,,,,02,ZJ0289002V,06.01,03-31-2015,13:03:00,,N,N,FREDERICK,UNK,09,00,,,,,,,,,,,,,,39.3844455,-77.4028825
03,16,,,17,,,,,00,DA3871000B,06.01,03-28-2015,22:46:00,,N,N,PGCOPD,UNK,16,00,,,,,,,,,,,,,,38.96115239,-76.83467746
01,08,,,17,,,,,02,ZH05590008,06.01,03-28-2015,09:24:00,,N,N,CHARLES,UNK,15,00,,,,,,,,,,,,,,38.64972364,-76.8694818
01,03,,,88,,,,,00,MTA03030005,06.01,03-27-2015,15:05:00,9N22,N,N,MTA,UNK,02,00,,,,,,,,,,,,,,39.41429734,-76.63211703
06.02,24,,,88,,,,,00,ADJ5580009,06.01,03-23-2015,19:20:00,CAD#2399,N,N,BALTIMORE,UNK,01,02,,,,,,,,,,,,,,39.35352203,-76.6881752
01,15,,,88,,,,,00,MCP00360026,06.01,03-23-2015,16:51:00,55212,N,N,MONTGOMERY,UNK,02,00,,,,,,,,,,,,,,39.226105,-77.27155333
01,02,,,11,,,,,00,AC2032000N,06.01,03-23-2015,13:39:00,2A2,Y,N,AACOPD,UNK,01,01,,,,,,,,,,,,,,39.19532477,-76.6122687
01,03,,,88,,,,,00,AE48800064,06.01,03-17-2015,11:45:00,,N,N,BACOPD,UNK,02,00,,,,,,,,,,,,,,39.351705,-76.48668
01,08,,,03,,,,,00,CD0611000J,06.01,03-17-2015,07:45:00,088,N,N,LAPLATA,UNK,01,00,,,,,,,,,,,,,,38.52879672,-76.97355688
01,03,,,99,,,,,00,AE4879000C,00,03-15-2015,11:25:00,,N,N,BACOPD,UNK,02,00,,,,,,,,,,,,,,39.31193814,-76.46576643
01,16,,,88,,,,,00,DA3687000G,06.01,03-29-2015,14:00:00,,N,N,PGCOPD,UNK,02,00,,,,,,,,,,,,,,38.900218,-76.79687977
01,02,,,88,,,,,00,MDTA12190002,06.01,03-31-2015,09:54:00,,N,Y,MDTA,UNK,01,01,,,,,,,,,,,,,,39.18705892,-76.68216705
01,24,,,03,,,,,00,ADJ4400006,07.01,03-25-2015,14:09:00,,N,N,BALTIMORE,UNK,00,00,,,,,,,,,,,,,,39.30719604,-76.61606669
03,24,,,17,,,,,88,MDTA15810002,06.01,03-24-2015,23:45:00,,N,N,MDTA,UNK,09,00,,,,,,,,,,,,,,39.21405924,-76.55336738
01,08,,,88,,,,,00,ZH04040002,06.01,03-23-2015,15:16:00,,N,N,CHARLES,UNK,02,00,,,,,,,,,,,,,,38.60828593,-76.92077637
06.02,24,,,07,,,,,88,ADJ6110008,06.01,03-22-2015,06:04:00,CAD642,N,N,BALTIMORE,UNK,02,02,,,,,,,,,,,,,,39.32307718,-76.59031749
01,15,,,03,,,,,00,MCP1554000J,06.01,03-21-2015,17:20:00,5411-4,Y,N,MONTGOMERY,UNK,01,00,,,,,,,,,,,,,,39.12024,-77.160575
01,16,,,88,,,,,00,DA25240006,06.01,03-16-2015,08:09:00,,N,N,PGCOPD,UNK,01,00,,,,,,,,,,,,,,38.78302644,-76.89752162
01,02,,,03,,,,,00,AC1736000Z,06.01,03-15-2015,16:11:00,5C3,Y,N,AACOPD,UNK,01,00,,,,,,,,,,,,,,39.0349549,-76.68112847
99,24,,,06,,,,,00,ADJ540000P,00,02-28-2015,15:00:00,CAD1742,N,N,BALTIMORE,UNK,01,00,,,,,,,,,,,,,,39.36576593,-76.58620834
01,15,,,88,,,,,00,MCP20130007,06.01,02-28-2015,15:25:00,54112,N,N,MONTGOMERY,UNK,02,00,,,,,,,,,,,,,,39.05790167,-77.12583833
01,09,,,17,,,,,23.03,MSP00480005,06.01,02-22-2015,10:20:00,,N,N,MSP,UNK,09,09,,,,,,,,,,,,,,38.63101929,-75.81158638
01,02,,,99,,,,,00,AC0690000Z,00,02-28-2015,14:34:00,5E4,N,N,AACOPD,UNK,01,00,,,,,,,,,,,,,,39.15663833,-76.72583833
01,16,,,88,,,,,00,DS0382000B,06.01,02-28-2015,11:40:00,,N,N,UMCP,UNK,01,01,,,,,,,,,,,,,,38.99674067,-76.94068909
03,03,,,01,,,,,00,AE47700004,06.01,02-27-2015,17:00:00,,N,N,BACOPD,UNK,02,00,,,,,,,,,,,,,,39.31190494,-76.4473772
01,24,,,00,,,,,00,ADJ666000H,00,02-19-2015,09:00:00,CAD0428,N,N,BALTIMORE,UNK,02,00,,,,,,,,,,,,,,39.36147749,-76.55301332
01,16,,,88,,,,,00,MSP6226000B,06.01,02-18-2015,13:22:00,,N,N,MSP,UNK,01,01,,,,,,,,,,,,,,39.0484273,-76.90099239
03,22,,,88,,,,,00,GS04410006,06.01,02-18-2015,00:30:00,,N,N,FRUITLAND,UNK,02,00,,,,,,,,,,,,,,38.314117,-75.618596
01,18,,,11,,,,,00,ZR02990006,08.04,02-16-2015,16:21:00,011115,Y,N,STMARYS,UNK,01,00,,,,,,,,,,,,,,38.29987259,-76.51000142
99,03,,,99,,,,,00,AE3499000F,07.01,02-15-2015,00:00:00,,N,N,BACOPD,UNK,01,02,,,,,,,,,,,,,,39.32906928,-76.5185523
01,13,,,08,,,,,00,MSP6144000F,06.01,03-12-2015,16:26:00,00,N,N,MSP,UNK,01,00,,,,,,,,,,,,,,39.23499017,-76.8143895
03,21,,,88,,,,,00,ZU77080006,06.01,03-12-2015,00:00:00,,N,N,WASHINGTON,UNK,01,15,,,,,,,,,,,,,,39.58902185,-77.7959919
99,02,,,99,,,,,00,DGSP01980002,99,03-11-2015,00:00:00,,N,U,DGS,UNK,01,00,,,,,,,,,,,,,,38.98037078,-76.49259925
01,15,,,88,,,,,00,MCP2298004V,06.01,03-09-2015,18:28:00,45212,N,N,MONTGOMERY,UNK,02,00,,,,,,,,,,,,,,39.19877,-77.24988833
01,24,,,17,,,,,07,ADJ2650007,06.01,02-25-2015,12:37:00,1189,N,N,BALTIMORE,UNK,09,00,,,,,,,,,,,,,,39.29593408,-76.6566968
01,15,,,88,,,,,00,MCP0539001D,07.01,02-25-2015,08:45:00,55212,N,N,MONTGOMERY,UNK,02,00,,,,,,,,,,,,,,39.061895,-77.066775
01,16,,,88,,,,,00,AZ1687000N,06.01,02-23-2015,13:50:00,,N,N,CHEVERLY,UNK,01,00,,,,,,,,,,,,,,38.93227329,-76.90045595
01,11,,,17,,,,,02,MSP5544001W,08.04,02-23-2015,09:00:00,,N,N,MSP,UNK,09,00,,,,,,,,,,,,,,39.400128,-79.393646
07.88,03,,,99,,,,,99,AE4947000K,00,01-28-2015,20:00:00,,N,N,BACOPD,UNK,02,99,,,,,,,,,,,,,,39.38798363,-76.66540861
03,15,,,88,,,,,00,MCP2764000G,08.04,02-16-2015,18:43:00,54242,N,N,MONTGOMERY,UNK,03,00,,,,,,,,,,,,,,39.05967167,-77.04533333
01,22,,,17,,,,,88,DE1109000T,06.01,03-13-2015,08:35:00,,N,N,SALISBURY,UNK,09,00,,,,,,,,,,,,,,38.36450542,-75.55330575
07.88,10,,,17,,,,,00,BS04560007,06.01,03-09-2015,04:00:00,,N,N,FREDERICKPD,UNK,03,00,,,,,,,,,,,,,,39.43115479,-77.36265421
01,03,,,88,,,,,00,AE5534000D,06.01,03-11-2015,15:51:00,"AE, 412",N,N,BACOPD,UNK,02,00,,,,,,,,,,,,,,39.35489086,-76.75862074
03,21,,,88,,,,,00,GS04490006,06.01,03-06-2015,20:30:00,,N,N,FRUITLAND,UNK,01,00,,,,,,,,,,,,,,38.32871292,-75.61484098
01,24,,,01,,,,,00,ADJ3370001,00,03-09-2015,15:10:00,81640,N,N,BALTIMORE,UNK,01,03,,,,,,,,,,,,,,39.2621311,-76.66530132
03,15,,,88,,,,,00,MCP2475000L,00,03-07-2015,18:22:00,55122,N,N,MONTGOMERY,UNK,02,00,,,,,,,,,,,,,,39.04109461,-76.98923707
03,16,,,06,,,,,00,DA36980006,03,03-03-2015,18:30:00,,N,N,PGCOPD,UNK,01,02,,,,,,,,,,,,,,38.93416047,-76.95139378
03,22,,,17,,,,,11,DE1109000S,06.01,02-28-2015,05:26:00,,N,U,SALISBURY,UNK,09,00,,,,,,,,,,,,,,38.37058925,-75.57910323
03,10,,,17,,,,,05,BS04950009,06.01,02-27-2015,20:20:00,,N,N,FREDERICKPD,UNK,09,00,,,,,,,,,,,,,,39.413541,-77.412106
01,03,,,88,,,,,00,AE57900009,06.01,02-27-2015,14:30:00,,N,N,BACOPD,UNK,02,02,,,,,,,,,,,,,,39.31525846,-76.46282673
01,03,,,17,,,,,02,AE54780006,06.01,02-20-2015,15:27:00,,N,N,BACOPD,UNK,09,00,,,,,,,,,,,,,,39.28265443,-76.52473211
06.02,04,,,17,,,,,18.88,MSP65070004,07.01,02-18-2015,18:50:00,NA,N,N,MSP,UNK,16,09,,,,,,,,,,,,,,38.7011955,-76.5527615
01,03,,,88,,,,,00,AE48800062,06.01,03-13-2015,14:07:00,,N,N,BACOPD,UNK,02,00,,,,,,,,,,,,,,39.350025,-76.511525
03,24,,,88,,,,,00,ADJ0790007,06.01,01-01-2015,01:30:00,CAD#256,N,N,BALTIMORE,UNK,01,00,,,,,,,,,,,,,,39.30316344,-76.57836556
01,03,,,88,,,,,00,AE30260005,06.01,03-12-2015,08:00:00,,N,N,BACOPD,UNK,02,00,,,,,,,,,,,,,,39.39780062,-76.53237104
04,15,,,17,,,,,08,MCP28710018,02,03-10-2015,21:23:00,4522,N,N,MONTGOMERY,UNK,09,00,,,,,,,,,,,,,,39.04262667,-77.10440167
03,03,,,88,,,,,00,AE4722000D,06.01,03-10-2015,03:00:00,06,N,N,BACOPD,UNK,02,00,,,,,,,,,,,,,,39.37552799,-76.64686918
01,16,,,88,,,,,00,HB02890001,03,03-10-2015,11:09:00,,N,N,PGPARK,UNK,02,01,,,,,,,,,,,,,,38.75481118,-76.70071721
99,03,,,99,,,,,00,AE57460009,08.04,03-06-2015,00:00:00,,N,N,BACOPD,UNK,02,01,,,,,,,,,,,,,,39.37631586,-76.66024804
01,24,,,17,,,,,05,ADJ7010003,08.04,03-05-2015,15:20:00,,N,N,BALTIMORE,UNK,09,88,,,,,,,,,,,,,,39.24743466,-76.63776577
01,12,,,88,,,,,00,ZL07960008,00,02-28-2015,14:06:00,1050PD,N,N,HARFORD,UNK,02,00,,,,,,,,,,,,,,39.52083712,-76.17769607
01,03,,,11,,,,,00,AE5645001N,06.01,02-27-2015,12:51:00,,N,N,BACOPD,UNK,01,00,,,,,,,,,,,,,,39.28987063,-76.71843052
06.02,24,,,11,,,,,00,ADI8610002,06.01,02-25-2015,18:34:00,CAD#2323,N,N,BALTIMORE,UNK,02,00,,,,,,,,,,,,,,39.24787917,-76.64161742
01,03,,,88,,,,,00,AE55950008,06.01,02-25-2015,07:05:00,,N,N,BACOPD,UNK,02,00,,,,,,,,,,,,,,39.2730019,-76.72803417
01,03,,,99,,,,,00,AE55710009,06.01,02-18-2015,15:00:00,6 / PAT,N,N,BACOPD,UNK,01,00,,,,,,,,,,,,,,39.40016345,-76.61166787
01,23,,,17,,,,,07,CTX308001V,08.04,02-17-2015,17:08:00,118,N,N,OCEANCITY,UNK,09,00,,,,,,,,,,,,,,38.3617568,-75.0776496
05.02,16,,,02,,,,,00,DS0311000C,06.01,02-17-2015,17:27:00,,N,N,UMCP,UNK,01,01,,,,,,,,,,,,,,38.99082026,-76.95411086
03,03,,,17,,,,,06,AE5728000D,08.04,02-14-2015,19:33:00,,N,N,BACOPD,UNK,09,16,,,,,,,,,,,,,,39.23752176,-76.66634202
01,15,,,11,,,,,00,MSP48850007,06.01,03-13-2015,17:30:00,,N,N,MSP,UNK,01,00,,,,,,,,,,,,,,39.179428,-77.263382
01,15,,,03,,,,,00,MCP9428000J,06.01,02-26-2015,16:31:00,55222,N,N,MONTGOMERY,UNK,02,00,,,,,,,,,,,,,,39.06388,-77.11717833
03,03,,,88,,,,,00,AE49110008,06.01,02-23-2015,18:15:00,,N,N,BACOPD,UNK,02,00,,,,,,,,,,,,,,39.3363056,-76.48982048
01,02,,,11,,,,,04,AC1950001B,06.01,03-12-2015,14:30:00,5C3,Y,N,AACOPD,UNK,01,09,,,,,,,,,,,,,,39.03742,-76.67924167
99,03,,,99,,,,,00,AE5693000G,99,03-09-2015,00:00:00,,N,N,BACOPD,UNK,02,00,,,,,,,,,,,,,,39.41411499,-76.62869453
01,15,,,03,,,,,00,MCP2608000V,06.01,03-08-2015,16:30:00,5532,N,N,MONTGOMERY,UNK,01,00,,,,,,,,,,,,,,38.98652333,-77.02813167
01,03,,,00,,,,,00,AE3925000F,00,03-07-2015,16:00:00,,N,N,BACOPD,UNK,02,00,,,,,,,,,,,,,,39.39826904,-76.54438198
03,16,,,88,,,,,02,DA33540004,08.04,03-06-2015,01:55:00,,N,N,PGCOPD,UNK,09,00,,,,,,,,,,,,,,39.00573707,-76.92991734
05.02,03,,,99,,,,,00,AE33060005,03,03-04-2015,00:00:00,,N,N,BACOPD,UNK,02,01,,,,,,,,,,,,,,39.45142142,-76.65017366
03,24,,,04,,,,,00,ADF7660001,09.04,03-01-2015,20:00:00,1168,N,N,BALTIMORE,UNK,02,00,,,,,,,,,,,,,,39.30890821,-76.58591866
01,03,,,99,,,,,00,AE5358000H,07.01,02-26-2015,16:05:00,,N,N,BACOPD,UNK,02,00,,,,,,,,,,,,,,39.39350585,-76.4870739