LIGHT_CODE,COUNTY_NO,MUNI_CODE,JUNCTION_CODE,COLLISION_TYPE_CODE,SURF_COND_CODE,LANE_CODE,RD_COND_CODE,RD_DIV_CODE,FIX_OBJ_CODE,REPORT_NO,WEATHER_CODE,ACC_DATE,ACC_TIME,LOC_CODE,SIGNAL_FLAG,C_M_ZONE_FLAG,AGENCY_CODE,AREA_CODE,HARM_EVENT_CODE1,HARM_EVENT_CODE2,RTE_NO,ROUTE_TYPE_CODE,RTE_SUFFIX,LOG_MILE,LOGMILE_DIR_FLAG,MAINROAD_NAME,DISTANCE,FEET_MILES_FLAG,DISTANCE_DIR_FLAG,REFERENCE_NO,REFERENCE_TYPE_CODE,REFERENCE_SUFFIX,REFERENCE_ROAD_NAME,LATITUDE,LONGITUDE
03,13,,,03,,,,,00,CB57670004,08.04,02-21-2015,19:35:00,F1,N,N,HOCPD,UNK,02,00,,,,,,,,,,,,,,39.29388946,-77.0686841
01,15,,,88,,,,,00,EJ78290011,08.04,02-21-2015,14:00:00,55212,N,N,GAITHERSBURG,UNK,02,00,,,,,,,,,,,,,,39.112375,-77.21404667
01,02,,,03,,,,,00,AC1449000K,08.04,02-15-2015,15:30:00,2A3,N,N,AACOPD,UNK,02,00,,,,,,,,,,,,,,39.21766681,-76.61634564
01,22,,,11,,,,,00,HZ01280002,06.01,02-12-2015,12:20:00,,Y,N,SALISBURYUNIV,UNK,01,00,,,,,,,,,,,,,,38.34207367,-75.60778677
04,04,,,17,,,,,11,ZD58810003,08.04,02-16-2015,17:26:00,,N,N,CALVERT,UNK,09,00,,,,,,,,,,,,,,38.62436013,-76.60425961
01,03,,,07,,,,,00,AE5785000D,00,03-13-2015,18:30:00,,N,N,BACOPD,UNK,02,00,,,,,,,,,,,,,,39.34612156,-76.45420074
03,24,,,88,,,,,00,ADJ0790008,06.01,03-13-2015,01:20:00,CD#21639,N,N,BALTIMORE,UNK,01,00,,,,,,,,,,,,,,39.29927799,-76.57602668
01,18,,,17,,,,,00,ZR02350008,06.01,03-13-2015,12:33:00,022115,N,N,STMARYS,UNK,03,00,,,,,,,,,,,,,,38.44246376,-76.74684048
01,24,,,99,,,,,00,ADJ5650007,00,03-13-2015,15:00:00,1852,N,N,BALTIMORE,UNK,02,00,,,,,,,,,,,,,,39.28759956,-76.60721004
00,16,,,99,,,,,00,AM03320006,03,03-10-2015,18:48:00,,N,N,BLADENSBURG,UNK,01,02,,,,,,,,,,,,,,38.94369784,-76.91218257
01,18,,,17,,,,,04,ZR0241000D,07.01,03-10-2015,12:22:00,021215,N,N,STMARYS,UNK,09,09,,,,,,,,,,,,,,38.33490713,-76.55818462
01,02,,,17,,,,,10,AC1835000W,06.01,03-09-2015,14:07:00,2A2,N,N,AACOPD,UNK,09,00,,,,,,,,,,,,,,39.19442383,-76.61288978
01,06,,,11,,,,,00,ZF04860005,06.01,03-09-2015,11:51:00,,N,N,CARROLL,UNK,01,00,,,,,,,,,,,,,,39.530583,-76.991512
01,15,,,88,,,,,00,MCP94190003,06.01,02-22-2015,13:00:00,55212,N,N,MONTGOMERY,UNK,01,00,,,,,,,,,,,,,,39.0562341,-77.11452842
01,22,,,11,,,,,00,DE0188000F,99,02-20-2015,10:52:00,,N,N,SALISBURY,UNK,01,00,,,,,,,,,,,,,,38.3655716,-75.60325384
01,24,,,03,,,,,00,ADF5670002,06.01,02-23-2015,15:00:00,1527,N,N,BALTIMORE,UNK,02,00,,,,,,,,,,,,,,39.33957912,-76.65859044
01,16,,,17,,,,,10,DS03530005,00,01-23-2015,16:15:00,,N,N,UMCP,UNK,09,00,,,,,,,,,,,,,,38.99185428,-76.93370461
01,15,,,17,,,,,00,MCP20310009,00,02-23-2015,08:50:00,55112,N,N,MONTGOMERY,UNK,88,00,,,,,,,,,,,,,,39.20947833,-77.17728833
03,08,,,17,,,,,04,ZH0588000N,03,02-22-2015,04:17:00,,N,N,CHARLES,UNK,09,00,,,,,,,,,,,,,,38.61150525,-76.87820435
01,15,,,88,,,,,00,MCP2475000K,00,02-18-2015,13:51:00,55222,N,N,MONTGOMERY,UNK,02,00,,,,,,,,,,,,,,39.03359333,-77.002385
99,24,,,99,,,,,00,ADJ547001F,99,02-19-2015,00:00:00,CAD#1049,N,N,BALTIMORE,UNK,02,00,,,,,,,,,,,,,,39.32174092,-76.68083668
01,03,,,88,,,,,00,AE48800053,07.01,02-16-2015,11:59:00,,N,N,BACOPD,UNK,02,00,,,,,,,,,,,,,,39.342048,-76.527413
03,24,,,88,,,,,08,ADI4990001,08.04,02-14-2015,19:40:00,CAD#2496,Y,N,BALTIMORE,UNK,00,00,,,,,,,,,,,,,,39.31445329,-76.61522985
03,16,,,88,,,,,00,DA39370006,06.01,03-09-2015,20:26:00,,N,N,PGCOPD,UNK,02,02,,,,,,,,,,,,,,38.8043666,-76.90837383
03,03,,,99,,,,,00,AE42350004,99,02-28-2015,00:15:00,,N,N,BACOPD,UNK,02,02,,,,,,,,,,,,,,39.34861889,-76.45958662
05.02,24,,,88,,,,,00,ADE7440004,06.01,03-10-2015,06:56:00,90426,N,N,BALTIMORE,UNK,02,02,,,,,,,,,,,,,,39.38818263,-76.75598145
01,24,,,00,,,,,00,ADI5520005,03,03-10-2015,12:25:00,CAD91134,N,N,BALTIMORE,UNK,03,00,,,,,,,,,,,,,,39.3383635,-76.63590431
03,13,,,17,,,,,09,CB55110007,08.04,02-15-2015,01:12:00,E4,N,N,HOCPD,UNK,09,00,,,,,,,,,,,,,,39.15797261,-76.82828307
01,15,,,88,,,,,00,MCP28240014,08.04,02-26-2015,17:55:00,5522,N,N,MONTGOMERY,UNK,02,00,,,,,,,,,,,,,,39.14796,-77.218149
01,15,,,88,,,,,00,MCP27150009,03,03-03-2015,16:29:00,55212,N,N,MONTGOMERY,UNK,02,00,,,,,,,,,,,,,,39.08456,-76.94100833
01,03,,,99,,,,,00,AE5282000G,06.01,02-24-2015,09:30:00,,N,N,BACOPD,UNK,02,00,,,,,,,,,,,,,,39.36698523,-76.51930332
01,03,,,11,,,,,00,AE5633000D,06.01,02-24-2015,11:05:00,,N,N,BACOPD,UNK,01,00,,,,,,,,,,,,,,39.3225875,-76.51570916
01,15,,,06,,,,,00,MCP2370001K,06.01,02-24-2015,08:46:00,55212,N,N,MONTGOMERY,UNK,01,00,,,,,,,,,,,,,,39.10087,-76.92096167
03,24,,,03,,,,,00,ADJ6350003,08.04,02-22-2015,00:30:00,CAD1001,N,N,BALTIMORE,UNK,02,00,,,,,,,,,,,,,,39.35732981,-76.56908512
01,03,,,99,,,,,00,AE5067000J,00,02-14-2015,12:45:00,,N,N,BACOPD,UNK,99,00,,,,,,,,,,,,,,39.40113344,-76.60013437
01,22,,,88,,,,,00,DE3111000N,07.01,03-13-2015,18:30:00,,N,N,SALISBURY,UNK,02,00,,,,,,,,,,,,,,38.35385677,-75.5977875
01,03,,,99,,,,,00,AE4455000K,06.01,03-13-2015,12:00:00,,N,N,BACOPD,UNK,01,00,,,,,,,,,,,,,,39.45596113,-76.62468195
01,11,,,17,,,,,04,AE57920009,06.01,03-13-2015,17:45:00,,N,N,BACOPD,UNK,09,00,,,,,,,,,,,,,,39.38499846,-76.68775678
01,03,,,99,,,,,00,AE5310000G,07.01,03-13-2015,12:00:00,,N,N,BACOPD,UNK,02,02,,,,,,,,,,,,,,39.33647156,-76.48831844
01,15,,,17,,,,,00,MCP23940012,06.01,03-13-2015,15:15:00,55212,N,N,MONTGOMERY,UNK,13,13,,,,,,,,,,,,,,39.10102333,-77.18986333
01,18,,,11,,,,,00,MSP6188000N,06.01,03-13-2015,12:17:00,,N,N,MSP,UNK,02,00,,,,,,,,,,,,,,38.2495075,-76.48841629
01,15,,,88,,,,,00,MCP9417000J,06.01,03-13-2015,13:37:00,55212,N,N,MONTGOMERY,UNK,01,00,,,,,,,,,,,,,,39.033725,-77.11568333
01,03,,,88,,,,,00,AE4892001G,06.01,03-13-2015,07:30:00,1461 PC7,N,N,BACOPD,UNK,02,00,,,,,,,,,,,,,,39.599046,-76.660039
01,02,,,88,,,,,00,AC1729000L,06.01,03-10-2015,13:40:00,4A2,N,N,AACOPD,UNK,02,00,,,,,,,,,,,,,,38.97729318,-76.54301405
01,03,,,88,,,,,00,AE5748000D,06.01,03-06-2015,13:30:00,,N,N,BACOPD,UNK,02,00,,,,,,,,,,,,,,39.39550403,-76.60399139
01,03,,,99,,,,,00,AE4722000C,06.01,03-09-2015,15:30:00,06,N,N,BACOPD,UNK,02,00,,,,,,,,,,,,,,39.41325294,-76.63114071
01,24,,,88,,,,,00,ADJ6830002,06.01,03-09-2015,17:08:00,20004,N,N,BALTIMORE,UNK,19,01,,,,,,,,,,,,,,39.28744594,-76.53752089
03,02,,,14,,,,,00,AC15660005,03,03-05-2015,02:22:00,5C1,N,N,AACOPD,UNK,01,00,,,,,,,,,,,,,,39.13722141,-76.68528646
03,16,,,17,,,,,00,DA3893000K,06.01,02-27-2015,23:30:00,,N,N,PGCOPD,UNK,11,00,,,,,,,,,,,,,,38.8320608,-76.77123249
01,03,,,99,,,,,00,AE5472000C,06.01,02-24-2015,09:30:00,,N,N,BACOPD,UNK,02,00,,,,,,,,,,,,,,39.39284255,-76.62122726
01,15,,,88,,,,,00,MCP2059001H,06.01,02-17-2015,14:50:00,55212,N,N,MONTGOMERY,UNK,02,00,,,,,,,,,,,,,,38.99908833,-77.05975833
01,16,,,07,,,,,00,CE45150008,06.01,02-16-2015,14:05:00,1,N,N,LAUREL,UNK,01,00,,,,,,,,,,,,,,39.09615237,-76.85491472
03,23,,,17,,,,,07,CTX3060027,07.01,03-13-2015,21:11:00,0173,N,Y,OCEANCITY,UNK,09,00,,,,,,,,,,,,,,38.33017736,-75.08808732
01,23,,,88,,,,,00,ZW0152000D,07.01,03-10-2015,15:33:00,,N,N,WORCESTER,UNK,02,00,,,,,,,,,,,,,,38.165683,-75.395411
01,16,,,88,,,,,00,DS0382000C,06.01,03-06-2015,14:20:00,,N,N,UMCP,UNK,02,02,,,,,,,,,,,,,,38.99409739,-76.94799542
99,03,,,99,,,,,00,AE5587000M,08.04,02-23-2015,15:43:00,PC04,N,N,BACOPD,UNK,02,00,,,,,,,,,,,,,,39.39939243,-76.74827814
03,16,,,88,,,,,00,CE4517000B,06.01,02-23-2015,03:04:00,,N,N,LAUREL,UNK,01,01,,,,,,,,,,,,,,39.08604532,-76.86863422
01,15,,,99,,,,,00,MCP2683000N,08.04,02-21-2015,13:12:00,45222,N,N,MONTGOMERY,UNK,02,00,,,,,,,,,,,,,,39.14922667,-77.20991833
03,03,,,99,,,,,00,AE56430002,06.01,02-20-2015,22:00:00,,N,N,BACOPD,UNK,02,00,,,,,,,,,,,,,,39.24825721,-76.66937828
01,02,,,88,,,,,07,AC1816000S,06.01,02-18-2015,16:50:00,3B1,N,N,AACOPD,UNK,01,01,,,,,,,,,,,,,,39.15180833,-76.64226
01,24,,,07,,,,,00,ADJ5660006,06.01,02-18-2015,12:30:00,CAD#1230,N,N,BALTIMORE,UNK,01,02,,,,,,,,,,,,,,39.3517003,-76.6834292
01,02,,,88,,,,,00,AC1762000Q,08.04,02-17-2015,09:13:00,V3A2,N,N,AACOPD,UNK,01,01,,,,,,,,,,,,,,39.15403231,-76.52642861
03,15,,,88,,,,,00,MCP2900000X,06.01,03-12-2015,21:41:00,55222,N,N,MONTGOMERY,UNK,02,00,,,,,,,,,,,,,,39.117905,-77.204795
01,22,,,00,,,,,00,HZ01290002,06.01,03-12-2015,16:22:00,,N,N,SALISBURYUNIV,UNK,01,01,,,,,,,,,,,,,,38.3424556,-75.60771704
03,16,,,11,,,,,00,CC02330007,03,03-04-2015,21:26:00,03377,N,N,HYATTSVILLE,UNK,01,00,,,,,,,,,,,,,,38.97027009,-76.95032358
01,06,,,88,,,,,00,ZF0395000B,07.01,03-11-2015,10:02:00,,N,N,CARROLL,UNK,02,00,,,,,,,,,,,,,,39.55154105,-77.04353571
01,16,,,03,,,,,00,CC02330006,03,03-10-2015,15:35:00,03656,N,N,HYATTSVILLE,UNK,01,00,,,,,,,,,,,,,,38.96161956,-76.96740389
03,16,,,17,,,,,02,CP0135000D,06.01,03-10-2015,00:05:00,,N,N,MTRAINIER,UNK,10,09,,,,,,,,,,,,,,38.95125755,-76.96624517
01,24,,,03,,,,,00,ADI2150002,06.01,03-09-2015,13:00:00,81348,N,Y,BALTIMORE,UNK,01,00,,,,,,,,,,,,,,39.28267104,-76.65735126
01,04,,,17,,,,,09,ZD5880000L,08.04,03-05-2015,12:50:00,,N,N,CALVERT,UNK,09,00,,,,,,,,,,,,,,38.49752557,-76.52297258
01,15,,,17,,,,,11,MCP1378004Y,08.04,03-05-2015,14:03:00,55112,N,N,MONTGOMERY,UNK,16,00,,,,,,,,,,,,,,39.13527667,-77.16809333
03,03,,,99,,,,,00,AE39030004,06.01,03-02-2015,21:42:00,09,N,N,BACOPD,UNK,02,02,,,,,,,,,,,,,,39.38075266,-76.51599884
01,03,,,88,,,,,00,AE4652000G,00,02-27-2015,17:00:00,,N,N,BACOPD,UNK,02,00,,,,,,,,,,,,,,39.39692179,-76.5444839
03,24,,,07,,,,,88,ADJ5070003,08.04,02-26-2015,21:54:00,CAD#2757,N,N,BALTIMORE,UNK,02,88,,,,,,,,,,,,,,39.27951527,-76.57607496
07.88,03,,,88,,,,,00,AE57250009,10.04,02-21-2015,18:00:00,,N,N,BACOPD,UNK,02,02,,,,,,,,,,,,,,39.32925186,-76.7286551
01,02,,,88,,,,,00,AB49060004,06.01,02-24-2015,16:39:00,,N,N,ANNAPOLIS,UNK,02,00,,,,,,,,,,,,,,38.98118811,-76.52399451
01,15,,,99,,,,,00,MCP2046003K,06.01,02-24-2015,09:30:00,55222,N,N,MONTGOMERY,UNK,02,00,,,,,,,,,,,,,,39.24961149,-77.23274946
03,03,,,05,,,,,00,AE54070003,06.01,02-23-2015,22:02:00,,N,N,BACOPD,UNK,01,02,,,,,,,,,,,,,,39.34934069,-76.72432065
03,16,,,11,,,,,00,RD00980004,06.01,02-22-2015,23:55:00,00,N,N,RIVERDALE,UNK,01,01,,,,,,,,,,,,,,38.95621348,-76.92368388
01,24,,,17,,,,,02,ADJ494000D,06.01,02-22-2015,13:23:00,CAD#897,N,N,BALTIMORE,UNK,09,00,,,,,,,,,,,,,,39.24896655,-76.64017037
04,13,,,17,,,,,09,CB57670003,06.01,02-20-2015,18:45:00,F3,N,N,HOCPD,UNK,09,16,,,,,,,,,,,,,,39.28360943,-76.97009683
01,03,,,03,,,,,00,AE26320014,07.01,02-16-2015,15:25:00,,N,N,BACOPD,UNK,01,00,,,,,,,,,,,,,,39.3339489,-76.45034909
01,02,,,11,,,,,00,AC1563000B,06.01,03-13-2015,07:54:00,5A1,N,N,AACOPD,UNK,01,00,,,,,,,,,,,,,,39.09332833,-76.80872333
01,15,,,03,,,,,00,MCP21340009,06.01,03-12-2015,08:59:00,54212,Y,N,MONTGOMERY,UNK,01,00,,,,,,,,,,,,,,39.20737333,-77.23850333
01,24,,,07,,,,,00,ADJ386000C,00,03-11-2015,17:34:00,CAD2256,N,N,BALTIMORE,UNK,02,01,,,,,,,,,,,,,,39.28993706,-76.61234379
01,03,,,99,,,,,00,AE5724000P,06.01,03-11-2015,10:30:00,,N,N,BACOPD,UNK,02,00,,,,,,,,,,,,,,39.35500701,-76.4819026
03,15,,,00,,,,,00,MCP2675000N,06.01,03-08-2015,03:30:00,54114,N,N,MONTGOMERY,UNK,03,00,,,,,,,,,,,,,,39.0396,-77.05226833
01,24,,,06,,,,,00,ADI831000B,00,03-11-2015,08:30:00,CAD 0650,N,N,BALTIMORE,UNK,01,00,,,,,,,,,,,,,,39.32106448,-76.56561434
01,03,,,99,,,,,00,AE5795000F,06.01,03-08-2015,14:00:00,,N,N,BACOPD,UNK,01,02,,,,,,,,,,,,,,39.29908703,-76.43718481
99,24,,,99,,,,,00,MTA02770004,08.04,02-22-2015,15:16:00,9N36,N,N,MTA,UNK,01,02,,,,,,,,,,,,,,39.31748298,-76.65299535
01,15,,,88,,,,,00,MCP24940002,06.01,02-23-2015,14:22:00,55222,N,N,MONTGOMERY,UNK,02,00,,,,,,,,,,,,,,39.1158795,-77.166199
03,02,,,88,,,,,07,AC1910000J,00,02-27-2015,22:51:00,5A3,N,N,AACOPD,UNK,01,09,,,,,,,,,,,,,,39.16692041,-76.72461905
03,03,,,03,,,,,00,AE5351000H,06.01,02-27-2015,20:20:00,,N,N,BACOPD,UNK,02,00,,,,,,,,,,,,,,39.37333849,-76.472193
03,03,,,88,,,,,00,AE4880005C,06.01,02-26-2015,09:43:00,,N,N,BACOPD,UNK,02,00,,,,,,,,,,,,,,39.359899,-76.499535
03,15,,,17,,,,,00,MCP27920009,06.01,02-21-2015,04:23:00,55314,N,N,MONTGOMERY,UNK,16,16,,,,,,,,,,,,,,39.18516833,-77.24769167
03,24,,,99,,,,,00,ADJ041000D,06.01,02-19-2015,17:55:00,2322,N,N,BALTIMORE,UNK,02,00,,,,,,,,,,,,,,39.29393721,-76.68664902
01,03,,,88,,,,,00,AE5228000C,06.01,02-17-2015,15:00:00,,N,N,BACOPD,UNK,02,00,,,,,,,,,,,,,,39.374529,-76.460064
01,03,,,88,,,,,00,AE47920009,06.01,02-16-2015,16:51:00,,N,N,BACOPD,UNK,02,00,,,,,,,,,,,,,,39.3903385,-76.54406548
01,15,,,88,,,,,00,MCP2362000K,07.01,02-16-2015,10:05:00,54214,N,N,MONTGOMERY,UNK,03,00,,,,,,,,,,,,,,39.02194,-76.97585333
01,03,,,88,,,,,99,AE5727000B,00,02-14-2015,10:20:00,,N,N,BACOPD,UNK,01,00,,,,,,,,,,,,,,39.3648079,-76.52950108
01,24,,,88,,,,,00,ADI7080006,06.01,03-13-2015,18:00:00,CAD22364,N,N,BALTIMORE,UNK,02,02,,,,,,,,,,,,,,39.29222882,-76.5941155
03,01,,,17,,,,,07,AM03320008,06.01,03-13-2015,19:18:00,,N,N,BLADENSBURG,UNK,09,00,,,,,,,,,,,,,,38.9501395,-76.91504717
01,03,,,01,,,,,00,AE39050021,06.01,03-12-2015,11:37:00,,N,N,BACOPD,UNK,01,00,,,,,,,,,,,,,,39.40907518,-76.6091466
01,15,,,11,,,,,00,MCP2866000Y,03,03-10-2015,16:00:00,55212,N,N,MONTGOMERY,UNK,01,00,,,,,,,,,,,,,,39.02781,-77.07671
01,24,,,88,,,,,00,ADJ5070006,06.01,03-09-2015,16:24:00,CAD 1864,N,N,BALTIMORE,UNK,01,88,,,,,,,,,,,,,,39.29386455,-76.59425497
99,03,,,88,,,,,00,AE5428000J,09.04,03-04-2015,08:24:00,,N,N,BACOPD,UNK,02,00,,,,,,,,,,,,,,39.28086895,-76.75452232
07.88,02,,,88,,,,,88,AC19990019,06.01,02-28-2015,09:46:00,5C3,N,N,AACOPD,UNK,02,00,,,,,,,,,,,,,,39.07703,-76.70184333
01,02,,,17,,,,,88,AC18950011,00,02-27-2015,11:22:00,3B2,N,N,AACOPD,UNK,09,00,,,,,,,,,,,,,,39.14027956,-76.62717104
01,24,,,99,,,,,00,ADJ1760009,08.04,02-22-2015,10:40:00,CAD#597,N,N,BALTIMORE,UNK,02,02,,,,,,,,,,,,,,39.28323574,-76.61343813
01,23,,,17,,,,,10,ZW00250006,10.04,02-19-2015,17:10:00,,N,N,WORCESTER,UNK,16,09,,,,,,,,,,,,,,38.447168,-75.206909
01,15,,,17,,,,,02,MCP2861000W,00,03-12-2015,16:05:00,55112,N,N,MONTGOMERY,UNK,09,00,,,,,,,,,,,,,,38.96283167,-77.12065667
01,16,,,88,,,,,00,CE44470004,06.01,03-12-2015,10:00:00,1,N,N,LAUREL,UNK,01,02,,,,,,,,,,,,,,39.09742839,-76.85075998
01,03,,,17,,,,,08,AE4883001P,06.01,03-12-2015,12:14:00,,N,N,BACOPD,UNK,09,00,,,,,,,,,,,,,,39.4416617,-76.62714958
03,03,,,17,,,,,00,AE53050007,03,03-10-2015,22:25:00,,N,N,BACOPD,UNK,10,00,,,,,,,,,,,,,,39.36739373,-76.51733458
03,02,,,88,,,,,00,AC1826000H,03,03-10-2015,23:32:00,3B2,N,N,AACOPD,UNK,01,00,,,,,,,,,,,,,,39.14048031,-76.63292438
05.02,13,,,17,,,,,11,CB57130004,06.01,02-28-2015,05:42:00,E2,N,N,HOCPD,UNK,16,09,,,,,,,,,,,,,,39.13633098,-76.84493423
01,11,,,17,,,,,02,MSP5049000C,06.01,03-06-2015,13:11:00,,N,N,MSP,UNK,19,09,,,,,,,,,,,,,,39.59021244,-79.2318964
03,02,,,03,,,,,00,AC1999001B,08.04,02-16-2015,18:00:00,5D3,N,N,AACOPD,UNK,02,00,,,,,,,,,,,,,,39.05536765,-76.57436371
01,03,,,99,,,,,00,AE3770001J,00,03-02-2015,15:19:00,,N,N,BACOPD,UNK,02,00,,,,,,,,,,,,,,39.29381681,-76.50937915
01,16,,,88,,,,,00,DA36220007,06.01,02-26-2015,14:09:00,,N,N,PGCOPD,UNK,02,02,,,,,,,,,,,,,,38.65988664,-77.01572657
06.02,06,,,88,,,,,00,ZF04840006,07.01,02-25-2015,17:33:00,,N,N,CARROLL,UNK,02,00,,,,,,,,,,,,,,39.55735637,-76.98908687
01,16,,,07,,,,,00,DA39060008,06.01,02-24-2015,11:47:00,,N,N,PGCOPD,UNK,02,88,,,,,,,,,,,,,,38.853286,-76.90903902
01,02,,,03,,,,,00,AC1944000L,06.01,02-19-2015,08:40:00,5A1,N,N,AACOPD,UNK,01,00,,,,,,,,,,,,,,39.099111,-76.806213
03,03,,,99,,,,,00,AE5363000G,06.01,02-16-2015,10:58:00,,N,N,BACOPD,UNK,01,00,,,,,,,,,,,,,,39.449566,-76.640228
01,02,,,11,,,,,00,AC1597001G,06.01,02-15-2015,13:51:00,,N,N,AACOPD,UNK,01,00,,,,,,,,,,,,,,39.0292,-76.505675
99,15,,,88,,,,,00,EJ7851000G,99,02-14-2015,09:00:00,55212,N,N,GAITHERSBURG,UNK,01,00,,,,,,,,,,,,,,39.12938611,-77.20070779
03,02,,,88,,,,,00,AC1821000Q,10.04,02-14-2015,21:15:00,5E2,N,N,AACOPD,UNK,01,00,,,,,,,,,,,,,,39.15815148,-76.72248602
01,24,,,17,,,,,04,ADI693000C,06.01,03-12-2015,15:30:00,CAD#1600,N,N,BALTIMORE,UNK,09,00,,,,,,,,,,,,,,39.31403203,-76.70902669
99,03,,,88,,,,,00,AE3499000G,00,03-12-2015,00:00:00,,N,N,BACOPD,UNK,02,01,,,,,,,,,,,,,,39.37590949,-76.47072315
99,24,,,00,,,,,00,ADJ643000B,08.04,03-06-2015,07:00:00,CAD10722,N,N,BALTIMORE,UNK,02,00,,,,,,,,,,,,,,39.35877531,-76.57833874
03,21,,,17,,,,,07,BX50350005,00,03-12-2015,02:30:00,,N,N,HAGERSTOWN,UNK,99,00,,,,,,,,,,,,,,39.64412901,-77.71958917
01,08,,,17,,,,,10,CD0632000L,06.01,03-11-2015,13:16:00,088,N,N,LAPLATA,UNK,09,00,,,,,,,,,,,,,,38.53848172,-76.9845593
01,03,,,99,,,,,00,AE43370008,03,03-10-2015,17:40:00,,N,N,BACOPD,UNK,02,00,,,,,,,,,,,,,,39.28257969,-76.51810169
01,06,,,11,,,,,00,ZF0404000D,06.01,03-09-2015,17:41:00,,N,N,CARROLL,UNK,02,02,,,,,,,,,,,,,,39.44030285,-77.05535889
01,16,,,88,,,,,00,AM0328000B,06.01,03-06-2015,17:11:00,,N,N,BLADENSBURG,UNK,02,00,,,,,,,,,,,,,,38.94104736,-76.93152532
01,24,,,07,,,,,00,BSPDA2260004,06.01,03-06-2015,13:00:00,,N,N,BALTIMORESCHOOL,UNK,00,00,,,,,,,,,,,,,,39.31227018,-76.61428571
01,24,,,99,,,,,00,ADF1340003,08.04,03-05-2015,16:40:00,CAD1478,N,N,BALTIMORE,UNK,01,00,,,,,,,,,,,,,,39.28729647,-76.53669879
01,16,,,88,,,,,00,DA3811000B,06.01,02-20-2015,09:12:00,,N,N,PGCOPD,UNK,02,00,,,,,,,,,,,,,,38.87131409,-76.91806197
04,06,,,17,,,,,00,ZF03950009,07.01,03-04-2015,05:20:00,,N,N,CARROLL,UNK,09,11,,,,,,,,,,,,,,39.49170516,-76.90090656
01,16,,,88,,,,,00,DS03540005,00,02-25-2015,13:33:00,,N,N,UMCP,UNK,02,00,,,,,,,,,,,,,,38.98882618,-76.94857612
01,03,,,88,,,,,00,AE45400003,03,03-03-2015,12:31:00,,N,N,BACOPD,UNK,02,00,,,,,,,,,,,,,,39.37668906,-76.70609236
01,24,,,99,,,,,00,ADI8920004,06.01,02-19-2015,13:13:00,CAD#1313,N,N,BALTIMORE,UNK,01,01,,,,,,,,,,,,,,39.33522269,-76.67497337
01,24,,,03,,,,,00,ADH6760004,06.01,02-18-2015,16:45:00,1990,N,N,BALTIMORE,UNK,01,00,,,,,,,,,,,,,,39.359868,-76.595255
01,15,,,06,,,,,00,MCP1378004M,06.01,02-18-2015,15:34:00,45212,N,N,MONTGOMERY,UNK,01,00,,,,,,,,,,,,,,39.143665,-77.22476
03,03,,,17,,,,,07,AE5252000D,08.04,02-15-2015,02:49:00,,N,N,BACOPD,UNK,09,00,,,,,,,,,,,,,,39.3094644,-76.46444678
03,12,,,03,,,,,00,AJ0111000G,06.01,02-15-2015,20:25:00,,N,N,BELAIR,UNK,01,00,,,,,,,,,,,,,,39.52733359,-76.35384858
03,12,,,03,,,,,00,MSP4849001D,03,03-13-2015,23:55:00,,N,N,MSP,UNK,02,14,,,,,,,,,,,,,,39.4735625,-76.26424933
03,02,,,88,,,,,00,AC1658000L,06.01,03-13-2015,23:47:00,2C1,N,N,AACOPD,UNK,02,00,,,,,,,,,,,,,,39.18765973,-76.61542463
01,16,,,17,,,,,08,DJ01030005,06.01,03-13-2015,16:46:00,,N,N,SEATPLEASANT,UNK,09,00,,,,,,,,,,,,,,38.88725821,-76.89861059
01,03,,,08,,,,,00,AE54470010,00,03-13-2015,13:14:00,,N,N,BACOPD,UNK,01,00,,,,,,,,,,,,,,39.42138394,-76.80651426
03,24,,,17,,,,,05,MDTA07940001,02,03-10-2015,21:59:00,,N,N,MDTA,UNK,09,00,,,,,,,,,,,,,,39.20063313,-76.55547023
03,15,,,88,,,,,00,MCP24980009,06.01,03-07-2015,13:00:00,55222,N,N,MONTGOMERY,UNK,02,02,,,,,,,,,,,,,,39.11651667,-77.19763833
01,12,,,14,,,,,00,MSP60330093,07.01,03-06-2015,12:11:00,,N,N,MSP,UNK,01,00,,,,,,,,,,,,,,39.63763983,-76.26786033
01,02,,,17,,,,,00,AC1656001G,07.01,03-04-2015,11:18:00,2A2,N,N,AACOPD,UNK,03,00,,,,,,,,,,,,,,39.19624793,-76.61575038
01,03,,,07,,,,,00,AE5572000F,06.01,02-24-2015,16:47:00,214,N,N,BACOPD,UNK,01,00,,,,,,,,,,,,,,39.36925787,-76.79971218
03,03,,,00,,,,,00,AE52850009,06.01,02-24-2015,02:10:00,,N,N,BACOPD,UNK,02,00,,,,,,,,,,,,,,39.41068746,-76.61998272
01,24,,,14,,,,,00,ADJ666000G,10.04,02-21-2015,14:00:00,CAD1807,N,N,BALTIMORE,UNK,00,00,,,,,,,,,,,,,,39.3507345,-76.54267073
04,16,,,17,,,,,05,ZH03500002,08.04,02-16-2015,22:31:00,,N,N,CHARLES,UNK,09,00,,,,,,,,,,,,,,38.6575492,-77.00890303
01,08,,,17,,,,,10,ZH03390008,10.04,03-11-2015,10:30:00,,N,N,CHARLES,UNK,09,00,,,,,,,,,,,,,,38.61841289,-76.86201453
01,03,,,03,,,,,00,AE5512000D,06.01,03-11-2015,18:00:00,1212,N,N,BACOPD,UNK,02,00,,,,,,,,,,,,,,39.27117672,-76.50326371