LIGHT_CODE,COUNTY_NO,MUNI_CODE,JUNCTION_CODE,COLLISION_TYPE_CODE,SURF_COND_CODE,LANE_CODE,RD_COND_CODE,RD_DIV_CODE,FIX_OBJ_CODE,REPORT_NO,WEATHER_CODE,ACC_DATE,ACC_TIME,LOC_CODE,SIGNAL_FLAG,C_M_ZONE_FLAG,AGENCY_CODE,AREA_CODE,HARM_EVENT_CODE1,HARM_EVENT_CODE2,RTE_NO,ROUTE_TYPE_CODE,RTE_SUFFIX,LOG_MILE,LOGMILE_DIR_FLAG,MAINROAD_NAME,DISTANCE,FEET_MILES_FLAG,DISTANCE_DIR_FLAG,REFERENCE_NO,REFERENCE_TYPE_CODE,REFERENCE_SUFFIX,REFERENCE_ROAD_NAME,LATITUDE,LONGITUDE
01,24,,,88,,,,,00,ADJ4500002,06.01,03-08-2015,17:34:00,1830,N,N,BALTIMORE,UNK,02,00,,,,,,,,,,,,,,39.31647033,-76.65370345
04,06,,,17,,,,,23.03,ZF0443000F,00,03-08-2015,03:53:00,,N,N,CARROLL,UNK,16,00,,,,,,,,,,,,,,39.37417615,-77.05375493
01,15,,,17,,,,,88,MCP1213000J,06.01,03-07-2015,17:56:00,55112,N,N,MONTGOMERY,UNK,09,00,,,,,,,,,,,,,,39.10688667,-77.00268667
03,03,,,03,,,,,00,AE49220006,06.01,03-07-2015,20:03:00,,N,N,BACOPD,UNK,02,00,,,,,,,,,,,,,,39.31253996,-76.4488095
01,22,,,17,,,,,88,ZVW2450005,88,03-03-2015,07:46:00,,N,N,WICOMICO,UNK,15,15,,,,,,,,,,,,,,39.16507271,-79.62787628
01,18,,,03,,,,,00,ZR0271000M,06.01,02-24-2015,14:28:00,014515,N,N,STMARYS,UNK,02,00,,,,,,,,,,,,,,38.49266368,-76.76716089
01,03,,,99,,,,,00,AE3770001G,06.01,02-24-2015,10:52:00,,N,N,BACOPD,UNK,02,00,,,,,,,,,,,,,,39.29285987,-76.50785565
01,15,,,88,,,,,10,MCP2594000P,06.01,02-20-2015,12:25:00,55214,N,N,MONTGOMERY,UNK,10,02,,,,,,,,,,,,,,39.15416647,-77.06409216
01,18,,,06,,,,,00,ZR00860005,07.01,02-23-2015,13:03:00,014015,N,N,STMARYS,UNK,01,00,,,,,,,,,,,,,,38.28805871,-76.48611367
01,16,,,88,,,,,00,DA36000002,06.01,02-21-2015,11:15:00,,N,N,PGCOPD,UNK,01,00,,,,,,,,,,,,,,38.85603479,-76.90705419
88,15,,,03,,,,,00,MCP2256000B,08.04,02-21-2015,10:22:00,45212,Y,N,MONTGOMERY,UNK,01,00,,,,,,,,,,,,,,39.18375833,-77.26374333
04,21,,,17,,,,,88,ZU51400002,08.04,02-17-2015,02:15:00,04050,N,N,WASHINGTON,UNK,09,00,,,,,,,,,,,,,,39.59431422,-77.82618418
01,04,,,17,,,,,02,MSP5974000T,00,02-15-2015,11:52:00,,N,N,MSP,UNK,09,00,,,,,,,,,,,,,,38.556939,-76.599412
01,07,,,88,,,,,00,BK0202000N,07.01,03-10-2015,10:59:00,,N,N,ELKTON,UNK,02,00,,,,,,,,,,,,,,39.40224434,-76.18469238
01,24,,,17,,,,,00,ADI9170009,06.01,03-09-2015,15:20:00,C#81578,N,N,BALTIMORE,UNK,00,00,,,,,,,,,,,,,,39.31086938,-76.64350033
01,15,,,11,,,,,00,MCP26640010,06.01,03-09-2015,10:50:00,55212,N,N,MONTGOMERY,UNK,02,00,,,,,,,,,,,,,,39.0337539,-77.051803
01,24,,,99,,,,,00,ADI7080005,06.01,03-08-2015,14:12:00,CAD 1333,N,N,BALTIMORE,UNK,02,00,,,,,,,,,,,,,,39.28390839,-76.59351468
05.02,18,,,88,,,,,04,ZR02840005,06.01,03-08-2015,06:35:00,020115,N,N,STMARYS,UNK,09,02,,,,,,,,,,,,,,38.24963138,-76.48721069
01,03,,,06,,,,,00,AE5422000G,06.01,03-08-2015,11:16:00,,N,N,BACOPD,UNK,01,00,,,,,,,,,,,,,,39.3571722,-76.71308756
03,03,,,99,,,,,00,AE53620003,06.01,03-07-2015,19:30:00,PC01,N,N,BACOPD,UNK,02,00,,,,,,,,,,,,,,39.28189041,-76.75323486
01,10,,,06,,,,,00,ZJ0480000C,06.01,03-06-2015,14:19:00,,N,N,FREDERICK,UNK,01,00,,,,,,,,,,,,,,39.3807112,-77.42223144
01,07,,,03,,,,,00,DB0048000B,09.04,03-03-2015,15:08:00,,N,N,RISINGSUN,UNK,02,00,,,,,,,,,,,,,,39.69748351,-76.05738938
03,16,,,99,,,,,00,AM03290007,03,03-04-2015,20:10:00,,N,N,BLADENSBURG,UNK,02,00,,,,,,,,,,,,,,38.94839981,-76.91467166
03,03,,,06,,,,,99,AE56750007,08.04,02-26-2015,21:00:00,,N,N,BACOPD,UNK,02,00,,,,,,,,,,,,,,39.35939539,-76.77045465
03,15,,,03,,,,,00,MCP23980009,06.01,02-26-2015,20:35:00,55224,N,N,MONTGOMERY,UNK,02,00,,,,,,,,,,,,,,39.13562833,-77.17775167
07.88,15,,,17,,,,,07,MCP2683000P,06.01,02-06-2015,19:15:00,55222,N,N,MONTGOMERY,UNK,09,00,,,,,,,,,,,,,,39.13233225,-77.17483521
01,24,,,11,,,,,00,ADJ531000P,07.01,02-17-2015,10:00:00,CAD 541,N,N,BALTIMORE,UNK,01,00,,,,,,,,,,,,,,39.31605116,-76.54497743
03,15,,,88,,,,,00,MCP2612000R,03,03-10-2015,00:00:00,55224,N,N,MONTGOMERY,UNK,02,00,,,,,,,,,,,,,,39.08470167,-77.07742167
06.02,24,,,17,,,,,02,ADJ674000B,03,03-10-2015,18:30:00,CAD2212,N,N,BALTIMORE,UNK,09,03,,,,,,,,,,,,,,39.32561891,-76.5373385
01,20,,,17,,,,,10,BJ0167000Q,08.04,03-05-2015,14:07:00,,N,N,EASTON,UNK,09,09,,,,,,,,,,,,,,38.77703801,-76.08267188
99,24,,,99,,,,,00,ADJ5580008,99,03-09-2015,17:00:00,CAD#2002,N,N,BALTIMORE,UNK,01,02,,,,,,,,,,,,,,39.36894269,-76.69250965
01,03,,,07,,,,,00,AE57350006,06.01,03-08-2015,15:58:00,,N,N,BACOPD,UNK,02,00,,,,,,,,,,,,,,39.38787998,-76.73401415
01,02,,,03,,,,,00,AC17400013,06.01,03-08-2015,17:03:00,5C1,N,N,AACOPD,UNK,01,00,,,,,,,,,,,,,,39.14375778,-76.65013075
01,24,,,99,,,,,00,ADI6880001,06.01,03-07-2015,13:30:00,CAD1259,N,N,BALTIMORE,UNK,02,01,,,,,,,,,,,,,,39.31954351,-76.55216977
00,24,,,00,,,,,88,ADJ543000D,00,03-06-2015,11:25:00,,N,N,BALTIMORE,UNK,00,00,,,,,,,,,,,,,,39.29393928,-76.62270784
01,24,,,03,,,,,00,ADJ543000C,00,02-27-2015,09:30:00,,N,N,BALTIMORE,UNK,00,00,,,,,,,,,,,,,,39.28642455,-76.60681844
01,24,,,99,,,,,00,ADH6460006,06.01,03-07-2015,09:30:00,CAD61097,N,N,BALTIMORE,UNK,02,00,,,,,,,,,,,,,,39.35835846,-76.59564972
01,03,,,06,,,,,00,AE5422000F,06.01,03-06-2015,10:00:00,,N,N,BACOPD,UNK,01,00,,,,,,,,,,,,,,39.40104224,-76.78278208
03,01,,,17,,,,,02,MSP2951000L,06.01,02-28-2015,23:15:00,NA,N,N,MSP,UNK,09,00,,,,,,,,,,,,,,39.67594682,-78.73128891
01,15,,,88,,,,,00,MCP2722000Y,00,02-28-2015,14:30:00,55224,N,N,MONTGOMERY,UNK,01,00,,,,,,,,,,,,,,39.057095,-77.08235667
01,03,,,88,,,,,00,AE40860016,00,02-24-2015,11:39:00,,N,N,BACOPD,UNK,02,00,,,,,,,,,,,,,,39.38362663,-76.57391042
01,09,,,99,,,,,00,FP01430005,06.01,02-25-2015,09:00:00,,N,N,HURLOCK,UNK,01,00,,,,,,,,,,,,,,38.63620915,-75.85880399
01,02,,,17,,,,,07,AC1285000R,88,02-23-2015,10:10:00,2D3,N,N,AACOPD,UNK,09,00,,,,,,,,,,,,,,39.13717333,-76.57231167
99,03,,,99,,,,,00,AE5422000C,08.04,02-22-2015,00:00:00,,N,N,BACOPD,UNK,02,00,,,,,,,,,,,,,,39.37488939,-76.6921556
01,15,,,11,,,,,00,MCP2683000M,08.04,02-21-2015,10:48:00,45212,N,N,MONTGOMERY,UNK,02,00,,,,,,,,,,,,,,39.151225,-77.14790667
03,15,,,88,,,,,00,MCP2384000S,08.04,02-17-2015,18:14:00,54214,N,N,MONTGOMERY,UNK,02,02,,,,,,,,,,,,,,38.96602167,-77.10498833
03,15,,,88,,,,,88,MCP27660012,08.04,02-14-2015,17:47:00,55314,N,N,MONTGOMERY,UNK,09,01,,,,,,,,,,,,,,39.05637833,-76.69361833
01,02,,,03,,,,,00,MDTA16330001,12.04,03-06-2015,14:05:00,,N,N,MDTA,UNK,01,00,,,,,,,,,,,,,,39.18222729,-76.66956604
01,24,,,07,,,,,00,ADJ501000K,06.01,03-06-2015,15:30:00,CAD51526,N,N,BALTIMORE,UNK,01,00,,,,,,,,,,,,,,39.28639134,-76.56821609
04,10,,,17,,,,,00,ZJ04480045,07.01,03-05-2015,19:56:00,,N,N,FREDERICK,UNK,88,00,,,,,,,,,,,,,,39.475499,-77.305385
01,15,,,88,,,,,00,MCP2607000V,03,03-04-2015,15:20:00,55224,N,N,MONTGOMERY,UNK,01,00,,,,,,,,,,,,,,39.15047333,-77.19097
01,02,,,09,,,,,00,AC1552000V,06.01,03-02-2015,10:14:00,3B3,N,N,AACOPD,UNK,01,00,,,,,,,,,,,,,,39.11764194,-76.63431644
01,24,,,03,,,,,00,ADJ6330005,06.01,02-25-2015,07:20:00,CAD#438,N,N,BALTIMORE,UNK,01,00,,,,,,,,,,,,,,39.26314246,-76.64105684
01,03,,,99,,,,,00,AE55170009,06.01,02-24-2015,16:53:00,,N,N,BACOPD,UNK,02,00,,,,,,,,,,,,,,39.30949761,-76.44840717
01,20,,,17,,,,,10,MSP6295000V,10.04,02-19-2015,08:17:00,,N,N,MSP,UNK,01,88,,,,,,,,,,,,,,38.67765333,-76.05723083
06.02,16,,,88,,,,,00,BW0121000D,08.04,02-16-2015,17:30:00,,N,N,GREENBELT,UNK,03,03,,,,,,,,,,,,,,39.0019227,-76.87570453
01,24,,,08,,,,,00,ADJ0870001,06.01,02-10-2015,11:45:00,,N,N,BALTIMORE,UNK,02,02,,,,,,,,,,,,,,39.29186347,-76.62242889
01,21,,,17,,,,,06,ZU57480002,06.01,02-15-2015,09:25:00,,N,N,WASHINGTON,UNK,09,11,,,,,,,,,,,,,,39.467495,-77.71799
01,07,,,88,,,,,00,ZG02810002,06.01,03-11-2015,13:15:00,,N,N,CECIL,UNK,02,88,,,,,,,,,,,,,,39.67012494,-75.95653296
01,02,,,06,,,,,00,AC1999001D,00,03-13-2015,07:59:00,5C2,Y,N,AACOPD,UNK,02,02,,,,,,,,,,,,,,39.08004077,-76.6846776
88,24,,,88,,,,,00,ADD905000W,00,03-08-2015,13:30:00,CAD#2103,N,N,BALTIMORE,UNK,02,00,,,,,,,,,,,,,,39.34483137,-76.68526232
01,03,,,99,,,,,00,AE5230000F,06.01,03-08-2015,14:45:00,PC01,N,N,BACOPD,UNK,02,00,,,,,,,,,,,,,,39.28415752,-76.76224709
03,24,,,17,,,,,00,MTA03270007,03,03-05-2015,01:30:00,9N52,N,N,MTA,UNK,88,00,,,,,,,,,,,,,,39.34657374,-76.7069453
03,03,,,88,,,,,00,AE5450000B,02,03-04-2015,21:13:00,,N,N,BACOPD,UNK,02,00,,,,,,,,,,,,,,39.28902989,-76.72650263
01,02,,,88,,,,,00,AC18460011,00,03-03-2015,13:02:00,4A1,N,N,AACOPD,UNK,02,14,,,,,,,,,,,,,,38.9891858,-76.55078173
03,06,,,88,,,,,00,MSP5693001R,12.04,03-01-2015,23:48:00,NA,N,N,MSP,UNK,01,00,,,,,,,,,,,,,,39.48643913,-77.05904961
03,12,,,17,,,,,88,ZL0986000B,00,03-01-2015,21:23:00,1050 P/D,N,N,HARFORD,UNK,09,00,,,,,,,,,,,,,,39.49908192,-76.26557708
01,24,,,88,,,,,00,ADH4910003,06.01,02-27-2015,13:52:00,CAD#1598,N,N,BALTIMORE,UNK,02,03,,,,,,,,,,,,,,39.28727675,-76.56304747
01,24,,,88,,,,,00,ADJ563000B,06.01,02-27-2015,08:10:00,CAD#562,N,N,BALTIMORE,UNK,02,00,,,,,,,,,,,,,,39.31196097,-76.59921706
01,03,,,99,,,,,00,AE51710005,08.04,02-26-2015,14:30:00,,N,N,BACOPD,UNK,02,01,,,,,,,,,,,,,,39.33440116,-76.44797266
01,16,,,17,,,,,10,DA37950004,08.04,02-26-2015,08:40:00,,N,N,PGCOPD,UNK,16,09,,,,,,,,,,,,,,38.82692903,-76.97690964
01,16,,,88,,,,,00,DA37790007,06.01,02-22-2015,10:24:00,0415,N,N,PGCOPD,UNK,01,00,,,,,,,,,,,,,,38.87283433,-76.93124771
01,16,,,17,,,,,10,DA36080003,10.04,02-18-2015,08:30:00,,N,N,PGCOPD,UNK,09,09,,,,,,,,,,,,,,38.82381134,-76.79039955
06.02,16,,,17,,,,,08,CNC31340004,05,02-15-2015,06:46:00,267,N,N,NCPD,UNK,09,00,,,,,,,,,,,,,,38.95371053,-76.86880589
88,16,,,17,,,,,09,CC02430008,00,03-05-2015,21:51:00,03408,N,N,HYATTSVILLE,UNK,09,00,,,,,,,,,,,,,,38.96875195,-76.95231915
04,03,,,17,,,,,10,AE54960005,00,03-05-2015,21:14:00,,N,N,BACOPD,UNK,16,09,,,,,,,,,,,,,,39.36728383,-76.41019106
01,03,,,88,,,,,00,NRP15280002,03,03-04-2015,14:40:00,,N,N,NRP,UNK,00,00,,,,,,,,,,,,,,39.33328191,-76.4279969
03,16,,,88,,,,,00,CC02200009,03,03-04-2015,19:30:00,03373,N,N,HYATTSVILLE,UNK,01,00,,,,,,,,,,,,,,38.96785105,-76.9552052
01,15,,,17,,,,,88,MCP2059001L,08.04,03-05-2015,14:18:00,55112,N,N,MONTGOMERY,UNK,16,09,,,,,,,,,,,,,,39.003765,-77.06355333
01,15,,,17,,,,,14.05,MCP1378004X,08.04,03-05-2015,11:04:00,55112,N,N,MONTGOMERY,UNK,09,00,,,,,,,,,,,,,,39.13256,-77.16890167
01,07,,,17,,,,,02,BK0268000R,08.04,03-05-2015,08:41:00,,N,N,ELKTON,UNK,09,00,,,,,,,,,,,,,,39.60812661,-75.78701735
01,16,,,06,,,,,00,ZP01610003,07.01,03-02-2015,11:30:00,,N,N,PGCOSHERIFF,UNK,02,01,,,,,,,,,,,,,,38.76758597,-76.78192377
01,17,,,88,,,,,88,AV10590005,08.04,02-26-2015,06:50:00,,N,N,CENTREVILLE,UNK,02,00,,,,,,,,,,,,,,39.05025827,-76.06259823
03,24,,,88,,,,,00,ADJ1060003,06.01,02-26-2015,18:15:00,2330,N,N,BALTIMORE,UNK,01,00,,,,,,,,,,,,,,39.30461629,-76.61125749
01,16,,,88,,,,,00,BW0156000B,07.01,02-22-2015,10:32:00,,N,N,GREENBELT,UNK,01,00,,,,,,,,,,,,,,39.001893,-76.8760889
01,24,,,99,,,,,00,ADJ7020001,05,02-15-2015,12:50:00,CAD#1069,N,N,BALTIMORE,UNK,01,02,,,,,,,,,,,,,,39.36045304,-76.70897305
01,03,,,99,,,,,00,AE5148000H,06.01,03-12-2015,08:45:00,,N,N,BACOPD,UNK,01,00,,,,,,,,,,,,,,39.40510442,-76.62212849
03,02,,,88,,,,,00,AC14600003,06.01,03-02-2015,23:16:00,,N,N,AACOPD,UNK,01,01,,,,,,,,,,,,,,39.15902583,-76.72641008
99,15,,,99,,,,,88,EJ7747000X,99,03-10-2015,20:00:00,55222,N,N,GAITHERSBURG,UNK,09,19,,,,,,,,,,,,,,39.12426167,-77.23396667
01,21,,,17,,,,,02,ZU7601000C,07.01,03-11-2015,13:11:00,,N,N,WASHINGTON,UNK,09,00,,,,,,,,,,,,,,39.62613429,-77.85170138
01,03,,,88,,,,,00,AE55150009,06.01,03-11-2015,15:15:00,,N,N,BACOPD,UNK,02,00,,,,,,,,,,,,,,39.39101842,-76.56713247
99,03,,,99,,,,,00,AE5571000G,99,03-12-2015,08:08:00,6 / PAT,N,N,BACOPD,UNK,01,00,,,,,,,,,,,,,,39.3727911,-76.60605669
03,24,,,88,,,,,00,ADH364000V,06.01,03-10-2015,00:15:00,CAD#0044,N,N,BALTIMORE,UNK,02,00,,,,,,,,,,,,,,39.28440665,-76.6353786
01,12,,,88,,,,,00,ZL09220003,03,03-10-2015,14:38:00,10-57PI,N,N,HARFORD,UNK,03,00,,,,,,,,,,,,,,39.47996367,-76.24798179
03,15,,,11,,,,,00,MCP13780052,06.01,03-09-2015,20:39:00,45212,N,N,MONTGOMERY,UNK,01,00,,,,,,,,,,,,,,39.12272333,-77.23645833
03,03,,,17,,,,,88,AE2638001J,06.01,03-09-2015,20:17:00,,N,N,BACOPD,UNK,09,09,,,,,,,,,,,,,,39.30033032,-76.49197161
01,03,,,88,,,,,02,AE4892001D,06.01,03-09-2015,12:29:00,1461 07,N,N,BACOPD,UNK,02,09,,,,,,,,,,,,,,39.432663,-76.605102
01,15,,,88,,,,,00,MCP2845000T,06.01,03-07-2015,12:38:00,55311,N,N,MONTGOMERY,UNK,01,00,,,,,,,,,,,,,,39.02259167,-76.96872333
01,03,,,05,,,,,00,AE5273000R,06.01,03-07-2015,11:23:00,,N,N,BACOPD,UNK,02,00,,,,,,,,,,,,,,39.33667071,-76.48866177
03,03,,,88,,,,,00,AE4880005W,06.01,03-06-2015,20:10:00,,N,N,BACOPD,UNK,01,00,,,,,,,,,,,,,,39.371346,-76.466067
01,16,,,17,,,,,04,CBPD00700002,03,03-04-2015,11:45:00,,N,N,BOWIE,UNK,09,09,,,,,,,,,,,,,,38.9457589,-76.73658371
01,08,,,07,,,,,00,ZH0550000H,00,03-03-2015,09:50:00,,N,N,CHARLES,UNK,01,00,,,,,,,,,,,,,,38.52464167,-76.98302667
01,15,,,88,,,,,00,MCP27910014,06.01,02-24-2015,17:40:00,55122,N,N,MONTGOMERY,UNK,02,02,,,,,,,,,,,,,,39.05568667,-76.96359667
01,24,,,07,,,,,00,ADH1620003,06.01,02-24-2015,07:30:00,CAD945,N,N,BALTIMORE,UNK,02,00,,,,,,,,,,,,,,39.35859073,-76.58847213
01,07,,,17,,,,,02,ZG06810005,06.01,02-23-2015,11:03:00,,N,N,CECIL,UNK,09,00,,,,,,,,,,,,,,39.6415452,-75.95979452
01,15,,,88,,,,,00,MCP2437000V,07.01,02-18-2015,12:30:00,55222,N,N,MONTGOMERY,UNK,02,00,,,,,,,,,,,,,,39.08399667,-77.080435
03,07,,,88,,,,,00,BK0271000R,05,02-15-2015,18:33:00,,N,N,ELKTON,UNK,02,00,,,,,,,,,,,,,,39.60423334,-75.79075098
03,23,,,88,,,,,00,MSP4767000D,02,03-04-2015,21:50:00,,N,N,MSP,UNK,02,00,,,,,,,,,,,,,,38.18759667,-75.37704167
03,03,,,99,,,,,00,AE4947000N,03,03-04-2015,16:55:00,,N,N,BACOPD,UNK,02,00,,,,,,,,,,,,,,39.42973773,-76.62434936
03,13,,,17,,,,,10,CB58450008,03,03-04-2015,18:20:00,,Y,N,HOCPD,UNK,09,00,,,,,,,,,,,,,,39.22166069,-76.88517809
03,03,,,03,,,,,00,AE4880005R,03,03-04-2015,18:11:00,,N,N,BACOPD,UNK,01,00,,,,,,,,,,,,,,39.337011,-76.48885
01,24,,,88,,,,,00,ADH7710003,03,03-04-2015,13:30:00,,N,N,BALTIMORE,UNK,02,00,,,,,,,,,,,,,,39.3049385,-76.63060494
01,10,,,88,,,,,00,ZJ0376003G,06.01,03-04-2015,11:40:00,,N,N,FREDERICK,UNK,02,00,,,,,,,,,,,,,,39.39592233,-77.407561
01,03,,,99,,,,,00,AE55400008,00,03-03-2015,09:59:00,,N,N,BACOPD,UNK,01,99,,,,,,,,,,,,,,39.33577452,-76.48853302
01,16,,,08,,,,,00,DA38070005,06.01,02-24-2015,09:05:00,0656,N,N,PGCOPD,UNK,02,00,,,,,,,,,,,,,,38.80504382,-76.97417378
03,24,,,03,,,,,00,ADJ5070005,12.04,03-03-2015,20:57:00,CAD 3170,Y,N,BALTIMORE,UNK,01,00,,,,,,,,,,,,,,39.28948867,-76.60108924
01,03,,,99,,,,,00,AE5492000G,03,03-03-2015,15:08:00,PC06,N,N,BACOPD,UNK,02,00,,,,,,,,,,,,,,39.394401,-76.576819
01,02,,,17,,,,,10,AC19870018,06.01,03-03-2015,08:40:00,5D3,N,N,AACOPD,UNK,09,00,,,,,,,,,,,,,,39.05772538,-76.61458611
01,18,,,17,,,,,23.03,ZR00780009,12.04,03-01-2015,12:24:00,016915,N,N,STMARYS,UNK,09,09,,,,,,,,,,,,,,38.44676606,-76.74375057
03,03,,,99,,,,,00,AE5624000C,06.01,02-28-2015,20:30:00,,N,N,BACOPD,UNK,01,00,,,,,,,,,,,,,,39.31525846,-76.46283746
01,24,,,88,,,,,00,ADI7860007,06.01,02-28-2015,12:29:00,1283,N,N,BALTIMORE,UNK,03,02,,,,,,,,,,,,,,39.27313064,-76.62865967
01,15,,,01,,,,,00,MCP2388000C,06.01,02-26-2015,15:41:00,55224,N,N,MONTGOMERY,UNK,02,00,,,,,,,,,,,,,,39.05509271,-77.11513996
03,02,,,88,,,,,00,AC1283001G,06.01,02-24-2015,20:50:00,,N,N,AACOPD,UNK,02,00,,,,,,,,,,,,,,39.17795667,-76.61614667
01,21,,,17,,,,,88,ZU42510006,06.01,02-24-2015,10:29:00,,N,N,WASHINGTON,UNK,09,09,,,,,,,,,,,,,,39.69095907,-77.73553625
01,04,,,88,,,,,00,ZD5880000H,06.01,02-23-2015,15:21:00,,N,N,CALVERT,UNK,02,09,,,,,,,,,,,,,,38.54597118,-76.59057498
01,24,,,17,,,,,88,ADJ2130007,06.01,02-22-2015,17:00:00,CAD1389,N,N,BALTIMORE,UNK,01,09,,,,,,,,,,,,,,39.35769482,-76.53380871
01,24,,,88,,,,,08,ADI7480003,06.01,02-21-2015,09:35:00,865,Y,N,BALTIMORE,UNK,01,01,,,,,,,,,,,,,,39.31427898,-76.61513329
03,03,,,03,,,,,00,AE43560019,06.01,02-19-2015,20:19:00,,Y,N,BACOPD,UNK,01,00,,,,,,,,,,,,,,39.29521698,-76.52280629
01,12,,,88,,,,,00,MSP5867000B,06.01,02-16-2015,13:43:00,,N,N,MSP,UNK,02,00,,,,,,,,,,,,,,39.49671415,-76.23268783
01,24,,,88,,,,,10,ADH514000B,06.01,02-18-2015,09:46:00,0611,N,N,BALTIMORE,UNK,09,02,,,,,,,,,,,,,,39.315499,-76.619911
04,21,,,17,,,,,88,ZU78500004,06.01,02-11-2015,20:18:00,08030,N,N,WASHINGTON,UNK,19,09,,,,,,,,,,,,,,39.60674416,-77.59863228
01,24,,,88,,,,,00,ADG9020003,06.01,02-16-2015,15:00:00,1428,N,N,BALTIMORE,UNK,02,00,,,,,,,,,,,,,,39.36983017,-76.60044014
03,22,,,88,,,,,00,DE11550007,00,02-15-2015,21:21:00,,N,N,SALISBURY,UNK,02,00,,,,,,,,,,,,,,38.36818141,-75.60949266
01,16,,,03,,,,,00,RD01090008,06.01,03-07-2015,11:23:00,,N,N,RIVERDALE,UNK,01,01,,,,,,,,,,,,,,38.9600178,-76.91948891
03,22,,,88,,,,,00,DE11310007,00,03-06-2015,19:45:00,,N,N,SALISBURY,UNK,02,00,,,,,,,,,,,,,,38.39889065,-75.5696243
03,02,,,03,,,,,00,AC17820019,06.01,03-06-2015,21:27:00,,N,N,AACOPD,UNK,01,01,,,,,,,,,,,,,,39.18262365,-76.61255043
06.02,24,,,08,,,,,00,ADJ4430007,00,03-06-2015,18:25:00,CAD51998,N,N,BALTIMORE,UNK,02,00,,,,,,,,,,,,,,39.29183233,-76.56512216
01,03,,,06,,,,,00,AE56210005,00,03-06-2015,16:05:00,,N,N,BACOPD,UNK,02,00,,,,,,,,,,,,,,39.45430434,-76.82270408
01,03,,,88,,,,,00,AE5797000J,08.04,03-06-2015,13:00:00,,N,N,BACOPD,UNK,01,02,,,,,,,,,,,,,,39.39962457,-76.75851345
03,15,,,88,,,,,00,MCP2899000J,06.01,03-01-2015,03:51:00,55214,N,N,MONTGOMERY,UNK,01,00,,,,,,,,,,,,,,38.98933,-77.00921
01,16,,,88,,,,,00,DA3785000R,06.01,02-28-2015,12:02:00,,N,N,PGCOPD,UNK,02,00,,,,,,,,,,,,,,38.77198593,-76.88847184
01,12,,,17,,,,,00,MSP60630039,06.01,02-25-2015,16:01:00,,N,N,MSP,UNK,03,00,,,,,,,,,,,,,,39.5445095,-76.323598
99,03,,,99,,,,,00,AE5633000C,99,02-22-2015,07:00:00,,N,N,BACOPD,UNK,01,00,,,,,,,,,,,,,,39.33052988,-76.52604103
03,08,,,17,,,,,04,ZH04500007,00,02-22-2015,23:34:00,,N,N,CHARLES,UNK,09,00,,,,,,,,,,,,,,38.62602393,-76.91966057
03,24,,,07,,,,,00,ADH6080006,06.01,02-13-2015,07:00:00,2258,N,N,BALTIMORE,UNK,02,02,,,,,,,,,,,,,,39.28154993,-76.59648657
01,02,,,17,,,,,10,AC2021000M,06.01,02-15-2015,16:59:00,5A3,N,N,AACOPD,UNK,09,00,,,,,,,,,,,,,,39.16806108,-76.73970548
00,03,,,99,,,,,00,AE5783000C,06.01,03-03-2015,00:00:00,,N,N,BACOPD,UNK,01,00,,,,,,,,,,,,,,39.38768512,-76.73674464
01,02,,,88,,,,,00,AC1597001K,03,03-03-2015,13:46:00,3D1,N,N,AACOPD,UNK,01,00,,,,,,,,,,,,,,39.07717667,-76.54674
07.88,16,,,88,,,,,00,DA37770004,06.01,03-01-2015,00:20:00,827,N,N,PGCOPD,UNK,01,00,,,,,,,,,,,,,,38.98783485,-76.83509588
01,15,,,99,,,,,00,MCP2437000X,07.01,03-03-2015,11:14:00,55222,N,N,MONTGOMERY,UNK,02,00,,,,,,,,,,,,,,39.094915,-77.11077333
01,03,,,17,,,,,09,AE5486000T,00,03-03-2015,10:08:00,,N,N,BACOPD,UNK,09,00,,,,,,,,,,,,,,39.37643197,-76.72647715
01,02,,,07,,,,,00,AC1961000Q,00,03-02-2015,12:32:00,4A1,N,N,AACOPD,UNK,02,00,,,,,,,,,,,,,,38.99012812,-76.53394282
03,02,,,17,,,,,88,AC16330006,06.01,03-03-2015,00:50:00,3A1,N,N,AACOPD,UNK,10,00,,,,,,,,,,,,,,39.17912725,-76.54909302
03,03,,,11,,,,,00,AE46260006,09.04,03-01-2015,23:45:00,,N,N,BACOPD,UNK,01,00,,,,,,,,,,,,,,39.39509777,-76.48919821
03,15,,,88,,,,,00,MCP2740000P,06.01,03-02-2015,18:36:00,55224,N,N,MONTGOMERY,UNK,02,00,,,,,,,,,,,,,,38.99953184,-76.99442178
03,15,,,17,,,,,02,DD56020009,06.01,03-02-2015,23:01:00,55214,N,N,ROCKVILLE,UNK,09,00,,,,,,,,,,,,,,39.11623833,-77.17070833
03,09,,,03,,,,,00,AS01270004,06.01,02-25-2015,20:44:00,1057D,N,N,CAMBRIDGE,UNK,02,00,,,,,,,,,,,,,,38.5537703,-76.05227172
03,16,,,88,,,,,00,BW00680001,06.01,02-25-2015,21:33:00,,N,N,GREENBELT,UNK,02,00,,,,,,,,,,,,,,38.992863,-76.877989
01,01,,,17,,,,,11,ZA05190002,06.01,02-25-2015,10:30:00,,Y,N,ALLEGANY,UNK,88,09,,,,,,,,,,,,,,39.58756667,-78.84540081