LIGHT_CODE,COUNTY_NO,MUNI_CODE,JUNCTION_CODE,COLLISION_TYPE_CODE,SURF_COND_CODE,LANE_CODE,RD_COND_CODE,RD_DIV_CODE,FIX_OBJ_CODE,REPORT_NO,WEATHER_CODE,ACC_DATE,ACC_TIME,LOC_CODE,SIGNAL_FLAG,C_M_ZONE_FLAG,AGENCY_CODE,AREA_CODE,HARM_EVENT_CODE1,HARM_EVENT_CODE2,RTE_NO,ROUTE_TYPE_CODE,RTE_SUFFIX,LOG_MILE,LOGMILE_DIR_FLAG,MAINROAD_NAME,DISTANCE,FEET_MILES_FLAG,DISTANCE_DIR_FLAG,REFERENCE_NO,REFERENCE_TYPE_CODE,REFERENCE_SUFFIX,REFERENCE_ROAD_NAME,LATITUDE,LONGITUDE
01,16,,,17,,,,,07,DA36130003,06.01,02-03-2015,13:02:00,,N,N,PGCOPD,UNK,09,00,,,,,,,,,,,,,,38.959442,-76.986451
01,04,,,02,,,,,00,ZD4688000J,00,02-03-2015,13:15:00,,N,N,CALVERT,UNK,02,00,,,,,,,,,,,,,,38.55937054,-76.59735292
01,22,,,17,,,,,04,HZ01310003,06.01,02-02-2015,16:40:00,,N,N,SALISBURYUNIV,UNK,09,00,,,,,,,,,,,,,,38.34562792,-75.60351133
03,24,,,00,,,,,00,ADJ666000C,00,02-02-2015,21:45:00,2799,N,N,BALTIMORE,UNK,02,00,,,,,,,,,,,,,,39.27513849,-76.62675261
01,16,,,88,,,,,88,CE44490002,06.01,01-30-2015,10:54:00,5,N,N,LAUREL,UNK,10,02,,,,,,,,,,,,,,39.09487527,-76.85310423
01,03,,,88,,,,,00,AE43790024,06.01,01-29-2015,13:48:00,,N,N,BACOPD,UNK,02,00,,,,,,,,,,,,,,39.48395501,-76.49409056
03,08,,,88,,,,,00,ZH03380002,00,01-20-2015,19:15:00,,N,N,CHARLES,UNK,02,00,,,,,,,,,,,,,,38.64179668,-76.9769311
03,24,,,17,,,,,08,ADH5520004,08.04,01-26-2015,22:50:00,,N,N,BALTIMORE,UNK,09,09,,,,,,,,,,,,,,39.31701816,-76.69087887
03,24,,,07,,,,,00,ADG3680003,00,01-21-2015,05:55:00,,N,N,BALTIMORE,UNK,02,02,,,,,,,,,,,,,,39.36012538,-76.70835614
03,03,,,17,,,,,07,AE43150006,06.01,01-18-2015,01:53:00,09-927,N,N,BACOPD,UNK,16,09,,,,,,,,,,,,,,39.32400674,-76.51916385
05.02,03,,,17,,,,,07,AE4381000D,06.01,02-01-2015,15:47:00,,N,N,BACOPD,UNK,09,00,,,,,,,,,,,,,,39.44604463,-76.41667128
03,15,,,88,,,,,00,MCP2246000C,06.01,01-31-2015,19:11:00,5522,N,N,MONTGOMERY,UNK,02,02,,,,,,,,,,,,,,38.98996968,-77.02413797
03,02,,,88,,,,,00,AC1902000N,06.01,01-31-2015,01:05:00,5E2,N,N,AACOPD,UNK,02,00,,,,,,,,,,,,,,39.15738611,-76.72612309
01,03,,,07,,,,,00,AE5549000C,07.01,02-01-2015,14:52:00,,N,N,BACOPD,UNK,02,00,,,,,,,,,,,,,,39.36560833,-76.78198814
03,24,,,17,,,,,04,ADI9440004,06.01,02-01-2015,01:52:00,,N,N,BALTIMORE,UNK,16,09,,,,,,,,,,,,,,39.29621015,-76.67188078
01,03,,,11,,,,,00,AE5714000B,06.01,01-30-2015,17:07:00,,N,N,BACOPD,UNK,01,00,,,,,,,,,,,,,,39.39499827,-76.58126235
01,24,,,17,,,,,00,ADJ108000B,06.01,01-31-2015,13:45:00,1591,N,N,BALTIMORE,UNK,03,00,,,,,,,,,,,,,,39.35703636,-76.70541778
99,24,,,88,,,,,10,ADD905000S,99,02-03-2015,11:26:00,CAD#1365,N,N,BALTIMORE,UNK,09,00,,,,,,,,,,,,,,39.33945258,-76.67857021
01,24,,,07,,,,,00,ADJ485000H,06.01,02-01-2015,10:00:00,1597,N,N,BALTIMORE,UNK,02,00,,,,,,,,,,,,,,39.36683593,-76.5839982
03,03,,,11,,,,,00,AE5253000C,99,01-31-2015,07:00:00,,N,N,BACOPD,UNK,02,00,,,,,,,,,,,,,,39.4160587,-76.81483448
03,03,,,17,,,,,02,AE56410007,00,01-31-2015,00:55:00,,N,N,BACOPD,UNK,09,09,,,,,,,,,,,,,,39.25713017,-76.66463614
03,15,,,88,,,,,00,MCP2882000M,06.01,01-27-2015,18:54:00,4424-2,N,N,MONTGOMERY,UNK,03,00,,,,,,,,,,,,,,39.19866333,-77.25179333
01,24,,,06,,,,,00,ADI9470001,06.01,01-22-2015,09:15:00,670,N,N,BALTIMORE,UNK,02,00,,,,,,,,,,,,,,39.34326735,-76.60313576
01,24,,,11,,,,,00,ADI3640002,08.04,01-21-2015,14:37:00,,N,N,BALTIMORE,UNK,01,01,,,,,,,,,,,,,,39.29752614,-76.58659458
01,15,,,88,,,,,00,MCP2516000D,06.01,01-16-2015,13:07:00,55114,N,N,MONTGOMERY,UNK,02,02,,,,,,,,,,,,,,39.09496167,-77.06960333
03,24,,,88,,,,,10,ADF3020001,06.01,01-16-2015,01:50:00,,N,N,BALTIMORE,UNK,09,09,,,,,,,,,,,,,,39.27292923,-76.62628055
01,15,,,00,,,,,04,MCP2353000S,07.01,02-02-2015,10:23:00,5411,N,N,MONTGOMERY,UNK,02,09,,,,,,,,,,,,,,39.15127667,-77.02717833
03,16,,,01,,,,,00,AM03110002,03,02-02-2015,02:40:00,,N,N,BLADENSBURG,UNK,01,00,,,,,,,,,,,,,,38.93909152,-76.93631172
99,24,,,00,,,,,00,ADJ5630004,99,02-01-2015,17:20:00,1927,N,N,BALTIMORE,UNK,02,00,,,,,,,,,,,,,,39.31055186,-76.59292191
04,16,,,17,,,,,07,DA28310004,12.04,02-01-2015,03:30:00,,N,N,PGCOPD,UNK,09,09,,,,,,,,,,,,,,39.04221956,-76.79731965
07.88,24,,,17,,,,,11,ADJ666000B,08.04,02-01-2015,23:53:00,3117,N,N,BALTIMORE,UNK,01,09,,,,,,,,,,,,,,39.32429722,-76.57933116
04,10,,,17,,,,,88,BS04520005,06.01,02-01-2015,02:24:00,,N,Y,FREDERICKPD,UNK,09,00,,,,,,,,,,,,,,39.42331915,-77.3948729
01,16,,,17,,,,,18.88,DA37810005,06.01,01-30-2015,17:05:00,,N,N,PGCOPD,UNK,09,00,,,,,,,,,,,,,,39.02921072,-76.95889056
04,10,,,17,,,,,88,BS03250003,06.01,02-01-2015,01:30:00,,N,N,FREDERICKPD,UNK,09,00,,,,,,,,,,,,,,39.42727645,-77.39112854
00,16,,,08,,,,,00,AM03310007,06.01,02-01-2015,04:00:00,,N,N,BLADENSBURG,UNK,02,02,,,,,,,,,,,,,,38.94023896,-76.91601276
07.88,03,,,99,,,,,00,AE55180006,07.01,01-31-2015,23:25:00,,N,N,BACOPD,UNK,02,99,,,,,,,,,,,,,,39.30322156,-76.75328851
01,16,,,88,,,,,88,DA32120004,10.04,01-26-2015,14:17:00,,N,N,PGCOPD,UNK,02,00,,,,,,,,,,,,,,38.86030814,-76.85699344
01,24,,,17,,,,,04,ADI2950001,07.01,01-31-2015,13:12:00,01453,N,N,BALTIMORE,UNK,09,09,,,,,,,,,,,,,,39.27778355,-76.64526522
01,15,,,17,,,,,11,MCP22500007,07.01,01-29-2015,14:23:00,54314,N,N,MONTGOMERY,UNK,11,11,,,,,,,,,,,,,,39.16306833,-77.41828
00,22,,,88,,,,,00,DE1114000M,03,01-12-2015,15:44:00,,N,N,SALISBURY,UNK,02,00,,,,,,,,,,,,,,38.3628354,-75.59696674
03,16,,,88,,,,,00,DA30770001,06.01,01-25-2015,18:45:00,0158,N,N,PGCOPD,UNK,01,00,,,,,,,,,,,,,,38.991255,-76.93275
01,15,,,88,,,,,00,MCP12020006,06.01,01-20-2015,10:45:00,5522,N,N,MONTGOMERY,UNK,02,00,,,,,,,,,,,,,,38.978727,-77.092007
01,15,,,88,,,,,00,MCP28300015,06.01,01-19-2015,11:42:00,55222,N,N,MONTGOMERY,UNK,01,00,,,,,,,,,,,,,,39.032703,-77.003123
01,15,,,17,,,,,00,DD5586000H,06.01,01-31-2015,13:40:00,54244,N,N,ROCKVILLE,UNK,03,00,,,,,,,,,,,,,,39.07357761,-77.14599609
99,24,,,99,,,,,00,ADJ641000C,99,01-31-2015,09:49:00,0961,N,N,BALTIMORE,UNK,01,01,,,,,,,,,,,,,,39.34911254,-76.56407475
01,03,,,88,,,,,00,AE34990009,00,01-20-2015,10:21:00,,N,N,BACOPD,UNK,01,02,,,,,,,,,,,,,,39.35090872,-76.47780418
04,10,,,17,,,,,88,BS0488000C,06.01,01-30-2015,18:31:00,,N,N,FREDERICKPD,UNK,09,00,,,,,,,,,,,,,,39.42516333,-77.46415667
01,02,,,05,,,,,00,AC20000019,06.01,01-30-2015,13:31:00,4A1,N,N,AACOPD,UNK,01,01,,,,,,,,,,,,,,38.99502296,-76.51226521
01,24,,,88,,,,,00,BSPDA2940001,07.01,01-29-2015,15:30:00,,N,N,BALTIMORESCHOOL,UNK,02,02,,,,,,,,,,,,,,39.36628641,-76.55956596
05.02,02,,,88,,,,,88,MDTA15770001,09.04,01-30-2015,05:45:00,07,N,N,MDTA,UNK,01,00,,,,,,,,,,,,,,39.19068867,-76.671803
04,06,,,17,,,,,09,ES00610001,06.01,01-29-2015,10:30:00,,Y,N,TANEYTOWN,UNK,11,00,,,,,,,,,,,,,,39.65680297,-77.17968464
03,24,,,01,,,,,00,ADG8880008,06.01,01-28-2015,22:00:00,3351,N,N,BALTIMORE,UNK,02,02,,,,,,,,,,,,,,39.30275664,-76.63332939
01,24,,,00,,,,,00,ADI1370003,06.01,01-29-2015,15:00:00,1551,N,N,BALTIMORE,UNK,02,01,,,,,,,,,,,,,,39.28953849,-76.61247253
01,15,,,88,,,,,00,MCP1119000P,09.04,01-29-2015,16:38:00,5521,N,N,MONTGOMERY,UNK,01,00,,,,,,,,,,,,,,39.05186833,-77.063625
01,24,,,17,,,,,10,BSPDA0600001,10.04,01-26-2015,08:50:00,,N,N,BALTIMORESCHOOL,UNK,09,09,,,,,,,,,,,,,,39.31065563,-76.65722251
01,15,,,07,,,,,00,MCP9428000H,06.01,01-28-2015,12:43:00,55212,N,N,MONTGOMERY,UNK,01,01,,,,,,,,,,,,,,39.098305,-77.13678667
04,08,,,17,,,,,07,ZH05350004,08.04,01-27-2015,04:50:00,,N,N,CHARLES,UNK,09,00,,,,,,,,,,,,,,38.60794219,-76.9447875
03,24,,,00,,,,,00,ADJ6660005,00,01-24-2015,22:39:00,CAD2871,N,N,BALTIMORE,UNK,02,00,,,,,,,,,,,,,,39.32213101,-76.56499743
01,08,,,17,,,,,18.88,ZH03310012,06.01,01-15-2015,12:55:00,,N,N,CHARLES,UNK,09,00,,,,,,,,,,,,,,38.53057604,-76.81115985
01,19,,,88,,,,,00,JB33160002,06.01,01-13-2015,08:09:00,,N,N,UMES,UNK,02,02,,,,,,,,,,,,,,38.20657025,-75.68563789
99,24,,,07,,,,,00,ADI8310003,99,02-01-2015,07:37:00,661,N,N,BALTIMORE,UNK,02,00,,,,,,,,,,,,,,39.32483046,-76.60234988
03,16,,,88,,,,,00,DA3631000H,06.01,01-31-2015,18:19:00,,N,N,PGCOPD,UNK,01,00,,,,,,,,,,,,,,38.99057843,-76.98791742
01,02,,,08,,,,,00,AC1849000H,00,01-31-2015,14:30:00,4A1,N,N,AACOPD,UNK,02,00,,,,,,,,,,,,,,38.98970283,-76.54269218
01,24,,,99,,,,,00,ADE5750003,06.01,01-31-2015,13:30:00,CAD 1565,N,N,BALTIMORE,UNK,01,00,,,,,,,,,,,,,,39.34859815,-76.69107735
03,03,,,88,,,,,00,AE52260009,00,01-30-2015,23:17:00,,N,N,BACOPD,UNK,02,00,,,,,,,,,,,,,,39.34150001,-76.52698517
01,15,,,03,,,,,00,MCP2425004J,06.01,02-13-2015,07:26:00,55214,N,N,MONTGOMERY,UNK,01,00,,,,,,,,,,,,,,39.01879167,-77.00969167
01,02,,,88,,,,,00,AB2696002M,02,02-09-2015,10:26:00,,N,N,ANNAPOLIS,UNK,02,02,,,,,,,,,,,,,,38.97782698,-76.4904213
01,15,,,17,,,,,09,MCP2722000W,00,02-06-2015,10:39:00,54214,N,N,MONTGOMERY,UNK,09,00,,,,,,,,,,,,,,39.09469167,-77.11044667
01,16,,,88,,,,,00,DA2893000J,06.01,01-31-2015,10:48:00,,N,N,PGCOPD,UNK,02,00,,,,,,,,,,,,,,39.05956652,-76.84405446
07.88,06,,,17,,,,,11,ZF04860004,08.04,01-26-2015,19:30:00,,N,N,CARROLL,UNK,16,09,,,,,,,,,,,,,,39.591279,-76.956982
03,12,,,17,,,,,08,MSP5431002T,03,01-24-2015,05:12:00,,N,N,MSP,UNK,09,00,,,,,,,,,,,,,,39.52315617,-76.18280517
01,24,,,88,,,,,00,ADJ3530007,06.01,01-22-2015,11:30:00,984,N,N,BALTIMORE,UNK,02,02,,,,,,,,,,,,,,39.28702244,-76.61976814
04,10,,,17,,,,,10,ZJ0344002N,07.01,01-17-2015,22:39:00,,N,N,FREDERICK,UNK,09,00,,,,,,,,,,,,,,39.54344117,-77.420117
01,02,,,88,,,,,10,AC1902000M,06.01,01-20-2015,13:12:00,3B2,N,N,AACOPD,UNK,02,09,,,,,,,,,,,,,,39.13852,-76.62376167
01,08,,,88,,,,,00,ZH0216000H,06.01,02-12-2015,11:12:00,,N,N,CHARLES,UNK,02,00,,,,,,,,,,,,,,38.61740696,-76.91474676
03,03,,,99,,,,,00,AE4827000D,99,02-06-2015,00:00:00,06/627,N,N,BACOPD,UNK,02,00,,,,,,,,,,,,,,39.39811567,-76.56378508
00,03,,,00,,,,,00,AE5310000B,07.01,02-01-2015,00:00:00,,N,N,BACOPD,UNK,02,00,,,,,,,,,,,,,,39.33467915,-76.48730993
99,24,,,99,,,,,00,ADJ641000D,00,01-31-2015,04:30:00,1801,N,N,BALTIMORE,UNK,01,01,,,,,,,,,,,,,,39.36286276,-76.56259418
04,12,,,03,,,,,00,AA00430008,07.01,01-24-2015,20:00:00,,N,N,ABERDEEN,UNK,01,02,,,,,,,,,,,,,,39.52046262,-76.19385481
01,03,,,11,,,,,00,AE5627000B,06.01,01-25-2015,16:06:00,,N,N,BACOPD,UNK,01,00,,,,,,,,,,,,,,39.38567842,-76.57803297
01,18,,,17,,,,,02,ZR03050007,06.01,01-23-2015,11:49:00,006615,N,N,STMARYS,UNK,09,00,,,,,,,,,,,,,,38.27263168,-76.46234125
04,16,,,17,,,,,08,DA33820004,06.01,01-23-2015,01:10:00,,N,N,PGCOPD,UNK,09,00,,,,,,,,,,,,,,38.8059217,-76.97085857
07.88,15,,,88,,,,,00,DM8439000G,06.01,01-19-2015,17:55:00,55222,N,N,TAKOMA,UNK,01,00,,,,,,,,,,,,,,38.97506,-77.01272333
03,02,,,88,,,,,00,AC1869000V,00,01-18-2015,18:30:00,5C1,N,N,AACOPD,UNK,02,00,,,,,,,,,,,,,,39.1327073,-76.6374614
01,03,,,17,,,,,00,AE56320008,06.01,01-17-2015,15:20:00,,N,N,BACOPD,UNK,03,00,,,,,,,,,,,,,,39.28928315,-76.73328191
01,03,,,88,,,,,00,AE57260008,06.01,01-17-2015,13:25:00,,N,N,BACOPD,UNK,01,00,,,,,,,,,,,,,,39.28842579,-76.73563957
01,15,,,17,,,,,02,DD56030018,06.01,01-14-2015,14:03:00,55212,N,N,ROCKVILLE,UNK,09,00,,,,,,,,,,,,,,39.06449821,-77.12636232
01,04,,,88,,,,,00,MSP55710003,07.01,02-12-2015,15:17:00,N/A,N,N,MSP,UNK,01,00,,,,,,,,,,,,,,38.545458,-76.591045
01,03,,,00,,,,,00,AE56820007,07.01,02-09-2015,08:50:00,,N,N,BACOPD,UNK,02,19,,,,,,,,,,,,,,39.23243597,-76.67359471
01,03,,,17,,,,,12,MDTA15540001,07.01,02-05-2015,09:30:00,,N,N,MDTA,UNK,09,09,,,,,,,,,,,,,,39.2484972,-76.5222192
04,13,,,17,,,,,10,CB47140002,00,02-04-2015,21:46:00,,N,N,HOCPD,UNK,09,00,,,,,,,,,,,,,,39.1551565,-76.85636044
99,03,,,99,,,,,00,AE56960008,99,01-24-2015,00:00:00,,N,N,BACOPD,UNK,02,02,,,,,,,,,,,,,,39.464419,-76.631658
06.02,03,,,00,,,,,00,AE55710005,00,01-23-2015,17:00:00,6 PAT,N,N,BACOPD,UNK,01,00,,,,,,,,,,,,,,39.40859854,-76.61752582
01,22,,,17,,,,,11,DE21490002,06.01,01-23-2015,11:00:00,,N,N,SALISBURY,UNK,09,09,,,,,,,,,,,,,,38.35959454,-75.60878992
03,04,,,88,,,,,00,MSP64870004,06.01,01-16-2015,22:34:00,,N,N,MSP,UNK,02,01,,,,,,,,,,,,,,38.6131761,-76.5141207
01,24,,,07,,,,,00,ADH8160004,06.01,02-08-2015,16:20:00,1764,N,N,BALTIMORE,UNK,00,02,,,,,,,,,,,,,,39.32684513,-76.60943627
01,02,,,17,,,,,02,AC17980012,88,02-06-2015,15:50:00,5E3,N,N,AACOPD,UNK,09,00,,,,,,,,,,,,,,39.15245259,-76.72703505
01,16,,,88,,,,,00,DA36950004,06.01,02-08-2015,10:35:00,,N,N,PGCOPD,UNK,19,02,,,,,,,,,,,,,,38.83582581,-76.94722831
01,03,,,88,,,,,00,AE5597000J,00,02-05-2015,13:30:00,,N,N,BACOPD,UNK,02,19,,,,,,,,,,,,,,39.47318947,-76.64380074
03,21,,,07,,,,,10,ZU78510002,06.01,02-04-2015,18:50:00,25070,N,N,WASHINGTON,UNK,02,09,,,,,,,,,,,,,,39.65763102,-77.93599382
03,15,,,17,,,,,00,MCP13780047,06.01,01-30-2015,18:09:00,54114,N,N,MONTGOMERY,UNK,03,00,,,,,,,,,,,,,,39.14908,-77.19287667
01,15,,,17,,,,,00,MCP1382001X,06.01,01-28-2015,08:56:00,54242,N,N,MONTGOMERY,UNK,03,00,,,,,,,,,,,,,,39.00903833,-76.98453833
01,03,,,06,,,,,00,AE48830017,00,01-27-2015,12:36:00,,N,N,BACOPD,UNK,01,00,,,,,,,,,,,,,,39.44348657,-76.62738025
01,15,,,17,,,,,04,MCP13780044,00,01-27-2015,11:48:00,54112,N,N,MONTGOMERY,UNK,09,11,,,,,,,,,,,,,,39.110665,-77.21801167
01,24,,,99,,,,,00,ADJ641000B,06.01,01-25-2015,15:00:00,CAD1544,N,N,BALTIMORE,UNK,01,01,,,,,,,,,,,,,,39.36979077,-76.54393673
01,03,,,99,,,,,00,AE47220006,06.01,01-25-2015,07:55:00,06,N,N,BACOPD,UNK,01,00,,,,,,,,,,,,,,39.37854674,-76.62659168
03,08,,,17,,,,,88,ZH05750008,06.01,01-19-2015,17:54:00,,N,N,CHARLES,UNK,09,09,,,,,,,,,,,,,,38.6027236,-77.1314598
06.02,24,,,07,,,,,00,ADI387000D,06.01,01-19-2015,17:42:00,2329,N,N,BALTIMORE,UNK,06,00,,,,,,,,,,,,,,39.31044395,-76.5739882
01,10,,,06,,,,,00,ZJ0338000D,06.01,01-19-2015,13:43:00,,N,N,FREDERICK,UNK,01,00,,,,,,,,,,,,,,39.406737,-77.3869442
01,24,,,17,,,,,09,ADI8320006,03,01-18-2015,07:55:00,654,N,N,BALTIMORE,UNK,09,00,,,,,,,,,,,,,,39.35024501,-76.60966158
04,03,,,99,,,,,00,AE54130004,06.01,01-17-2015,08:55:00,,N,N,BACOPD,UNK,02,00,,,,,,,,,,,,,,39.3469471,-76.44129395
01,15,,,02,,,,,00,MCP2850000F,06.01,01-15-2015,09:07:00,5421,N,N,MONTGOMERY,UNK,01,00,,,,,,,,,,,,,,39.10425333,-77.06843167
04,16,,,17,,,,,88,CP01360003,06.01,02-12-2015,20:18:00,,N,N,MTRAINIER,UNK,10,00,,,,,,,,,,,,,,38.93949208,-76.9591856
01,03,,,15,,,,,00,AE48230004,06.01,02-12-2015,16:30:00,PC12,N,N,BACOPD,UNK,02,00,,,,,,,,,,,,,,39.26775464,-76.49642944
01,13,,,11,,,,,00,CB57330008,06.01,02-11-2015,07:18:00,F3,N,N,HOCPD,UNK,01,00,,,,,,,,,,,,,,39.25062926,-77.01645613
01,15,,,01,,,,,00,MCP2845000Q,06.01,02-11-2015,11:25:00,55212,N,N,MONTGOMERY,UNK,02,00,,,,,,,,,,,,,,39.00937833,-76.98482667
88,16,,,88,,,,,00,DA32440005,06.01,02-04-2015,16:45:00,,N,N,PGCOPD,UNK,02,00,,,,,,,,,,,,,,38.95019791,-76.94250226
99,24,,,99,,,,,99,ADJ0410004,00,02-04-2015,09:05:00,,N,N,BALTIMORE,UNK,02,00,,,,,,,,,,,,,,39.27745149,-76.69184983
01,15,,,17,,,,,00,MCP1017000R,06.01,02-04-2015,13:00:00,54212,N,N,MONTGOMERY,UNK,03,00,,,,,,,,,,,,,,38.983485,-77.098805
01,24,,,07,,,,,00,ADI4510004,06.01,01-27-2015,11:00:00,661,N,N,BALTIMORE,UNK,01,00,,,,,,,,,,,,,,39.31622132,-76.65287733
01,16,,,11,,,,,00,DA35420005,08.04,01-21-2015,13:30:00,,N,N,PGCOPD,UNK,02,00,,,,,,,,,,,,,,39.07615962,-76.88058615
06.02,03,,,88,,,,,00,AE57470006,99,01-05-2015,20:09:00,,N,N,BACOPD,UNK,02,00,,,,,,,,,,,,,,39.38323839,-76.57292873
01,06,,,11,,,,,00,ZF0432000C,07.01,01-20-2015,08:08:00,,Y,N,CARROLL,UNK,01,00,,,,,,,,,,,,,,39.60614281,-76.99732661
01,16,,,17,,,,,10,DA38990006,06.01,01-17-2015,12:13:00,,N,N,PGCOPD,UNK,09,01,,,,,,,,,,,,,,39.08004077,-76.87973857
01,16,,,01,,,,,00,DA35670003,06.01,01-15-2015,14:40:00,,N,N,PGCOPD,UNK,02,00,,,,,,,,,,,,,,39.05626743,-76.89234495
03,03,,,99,,,,,99,AE5273000J,06.01,01-10-2015,13:39:00,,N,N,BACOPD,UNK,99,00,,,,,,,,,,,,,,39.34802153,-76.48314714
01,15,,,17,,,,,09,MCP2908000S,07.01,01-14-2015,11:23:00,55122,N,N,MONTGOMERY,UNK,09,00,,,,,,,,,,,,,,39.02737667,-76.98765333
01,12,,,17,,,,,10,MSP60950031,06.01,02-11-2015,08:07:00,,N,N,MSP,UNK,09,00,,,,,,,,,,,,,,39.612415,-76.5301485
01,02,,,17,,,,,09,AC1656001B,00,02-11-2015,07:46:00,2B3,Y,N,AACOPD,UNK,09,00,,,,,,,,,,,,,,39.19315568,-76.61478672
01,24,,,17,,,,,11,ADJ1140004,06.01,02-11-2015,08:20:00,00616,Y,N,BALTIMORE,UNK,16,09,,,,,,,,,,,,,,39.30814449,-76.59491479
05.02,24,,,01,,,,,00,ADJ5580003,07.01,02-10-2015,09:13:00,556,Y,N,BALTIMORE,UNK,01,02,,,,,,,,,,,,,,39.32231361,-76.67627692
01,15,,,88,,,,,00,MCP1251000B,06.01,02-06-2015,14:28:00,55224,N,N,MONTGOMERY,UNK,02,02,,,,,,,,,,,,,,39.02398167,-77.14843333
03,13,,,17,,,,,05,CB5096000F,12.04,02-10-2015,06:36:00,E1,N,N,HOCPD,UNK,09,00,,,,,,,,,,,,,,39.13829906,-76.81157827
01,15,,,17,,,,,00,MCP2882000Q,06.01,02-07-2015,17:00:00,5434-2,N,N,MONTGOMERY,UNK,03,00,,,,,,,,,,,,,,39.20210472,-77.32660532
01,16,,,17,,,,,88,DA38200007,06.01,02-06-2015,10:47:00,,N,N,PGCOPD,UNK,09,00,,,,,,,,,,,,,,38.96132758,-76.83332562
03,16,,,88,,,,,00,DA34190009,06.01,02-07-2015,06:07:00,,N,N,PGCOPD,UNK,02,00,,,,,,,,,,,,,,38.98730113,-76.83602929
01,03,,,12,,,,,00,AE5246000C,06.01,02-06-2015,15:19:00,08,N,N,BACOPD,UNK,02,00,,,,,,,,,,,,,,39.40235626,-76.54168904
06.02,24,,,03,,,,,00,ADI6450003,99,02-05-2015,16:42:00,CAD#1343,N,N,BALTIMORE,UNK,02,00,,,,,,,,,,,,,,39.23959087,-76.61051989
01,01,,,88,,,,,00,BD02230001,06.01,02-04-2015,11:36:00,,N,N,CUMBERLAND,UNK,00,00,,,,,,,,,,,,,,39.65096295,-78.77969742
01,01,,,17,,,,,02,MSP5328000T,00,01-27-2015,12:33:00,,N,N,MSP,UNK,09,00,,,,,,,,,,,,,,39.633556,-78.832429
03,24,,,00,,,,,00,ADJ6660007,06.01,01-20-2015,20:50:00,CAD2992,N,N,BALTIMORE,UNK,00,01,,,,,,,,,,,,,,39.32082793,-76.57444954
01,03,,,88,,,,,00,AE56620009,06.01,01-24-2015,11:30:00,1241,N,N,BACOPD,UNK,01,00,,,,,,,,,,,,,,39.2685278,-76.4954263
01,24,,,00,,,,,00,ADI8010005,06.01,01-15-2015,14:00:00,1444,N,N,BALTIMORE,UNK,02,00,,,,,,,,,,,,,,39.29892098,-76.58927143
01,24,,,03,,,,,00,ADI8320008,06.01,01-19-2015,11:00:00,CAD0998,N,N,BALTIMORE,UNK,01,00,,,,,,,,,,,,,,39.33798283,-76.63465239
01,03,,,99,,,,,00,AE34990007,06.01,01-17-2015,13:00:00,,N,N,BACOPD,UNK,01,02,,,,,,,,,,,,,,39.37192025,-76.46374941
03,02,,,03,,,,,00,AC19620012,06.01,01-17-2015,00:12:00,E2,N,N,AACOPD,UNK,02,00,,,,,,,,,,,,,,39.15550592,-76.72793627
01,24,,,03,,,,,00,BSPDA2800001,06.01,01-15-2015,08:30:00,,N,N,BALTIMORESCHOOL,UNK,00,00,,,,,,,,,,,,,,39.35246013,-76.54271364
04,03,,,17,,,,,00,AE52430006,06.01,01-15-2015,18:15:00,,N,N,BACOPD,UNK,10,00,,,,,,,,,,,,,,39.27070329,-76.76477909
01,24,,,17,,,,,02,ADJ2150003,06.01,01-15-2015,16:00:00,1820,N,N,BALTIMORE,UNK,09,00,,,,,,,,,,,,,,39.3307332,-76.63419574
01,15,,,08,,,,,00,MCP1022001Y,08.04,01-14-2015,08:08:00,45222,N,N,MONTGOMERY,UNK,02,00,,,,,,,,,,,,,,39.22908667,-77.252755
01,15,,,17,,,,,88,MCP2298004C,06.01,02-11-2015,15:27:00,55112,N,N,MONTGOMERY,UNK,16,10,,,,,,,,,,,,,,39.28785167,-77.20287
01,12,,,88,,,,,00,ZL0714000C,06.01,02-11-2015,14:48:00,10-50 PD,N,N,HARFORD,UNK,01,00,,,,,,,,,,,,,,39.53720852,-76.34908095
01,02,,,88,,,,,00,AC1618000L,07.01,02-10-2015,17:30:00,3D1,N,N,AACOPD,UNK,02,00,,,,,,,,,,,,,,39.07464374,-76.62963867
88,18,,,17,,,,,06,MSP5341000B,03,02-10-2015,00:28:00,NONE,N,N,MSP,UNK,09,00,,,,,,,,,,,,,,38.479445,-76.778984
05.02,04,,,08,,,,,00,ZD5670000D,06.01,02-07-2015,06:45:00,,N,N,CALVERT,UNK,01,00,,,,,,,,,,,,,,38.35571402,-76.43939495
01,03,,,99,,,,,00,TSU03940002,06.01,02-03-2015,15:30:00,,N,N,TOWSONU,UNK,02,00,,,,,,,,,,,,,,39.3961756,-76.60952747
01,03,,,02,,,,,04,AE5265000C,06.01,02-04-2015,16:24:00,,N,N,BACOPD,UNK,01,09,,,,,,,,,,,,,,39.40547747,-76.76256895
01,15,,,88,,,,,00,MCP2231000W,07.01,01-25-2015,12:39:00,55212,N,N,MONTGOMERY,UNK,02,02,,,,,,,,,,,,,,39.00947204,-77.17410564
99,24,,,99,,,,,00,ADJ6410009,03,01-24-2015,11:20:00,CAD1005,N,N,BALTIMORE,UNK,01,01,,,,,,,,,,,,,,39.34309726,-76.57907903
03,15,,,17,,,,,10,MCP21870007,06.01,01-24-2015,06:56:00,55212,N,N,MONTGOMERY,UNK,09,00,,,,,,,,,,,,,,39.03454,-77.04061167