LIGHT_CODE,COUNTY_NO,MUNI_CODE,JUNCTION_CODE,COLLISION_TYPE_CODE,SURF_COND_CODE,LANE_CODE,RD_COND_CODE,RD_DIV_CODE,FIX_OBJ_CODE,REPORT_NO,WEATHER_CODE,ACC_DATE,ACC_TIME,LOC_CODE,SIGNAL_FLAG,C_M_ZONE_FLAG,AGENCY_CODE,AREA_CODE,HARM_EVENT_CODE1,HARM_EVENT_CODE2,RTE_NO,ROUTE_TYPE_CODE,RTE_SUFFIX,LOG_MILE,LOGMILE_DIR_FLAG,MAINROAD_NAME,DISTANCE,FEET_MILES_FLAG,DISTANCE_DIR_FLAG,REFERENCE_NO,REFERENCE_TYPE_CODE,REFERENCE_SUFFIX,REFERENCE_ROAD_NAME,LATITUDE,LONGITUDE
03,16,,,17,,,,,02,CP01400005,00,01-22-2015,21:40:00,,Y,N,MTRAINIER,UNK,09,09,,,,,,,,,,,,,,38.94355911,-76.96581468
01,24,,,88,,,,,00,ADJ6540005,06.01,01-18-2015,13:30:00,CAD1795,N,N,BALTIMORE,UNK,01,01,,,,,,,,,,,,,,39.3311108,-76.69495583
01,03,,,99,,,,,00,AE53160007,06.01,01-18-2015,11:00:00,PC3,N,N,BACOPD,UNK,02,00,,,,,,,,,,,,,,39.4284118,-76.78410172
03,24,,,17,,,,,88,ADH6190001,06.01,01-11-2015,02:58:00,,Y,N,BALTIMORE,UNK,09,00,,,,,,,,,,,,,,39.28652628,-76.64096296
99,03,,,99,,,,,00,AE55310008,99,01-14-2015,00:00:00,PC06 612,N,N,BACOPD,UNK,02,01,,,,,,,,,,,,,,39.47063862,-76.64170861
03,15,,,17,,,,,10,DD55230002,06.01,02-12-2015,22:20:00,260 1A1,N,N,ROCKVILLE,UNK,09,09,,,,,,,,,,,,,,39.06914634,-77.15097427
99,24,,,06,,,,,00,ADJ5580004,00,02-12-2015,10:00:00,CAD #995,N,N,BALTIMORE,UNK,02,01,,,,,,,,,,,,,,39.31603041,-76.67008638
01,02,,,88,,,,,00,AC1856000Q,06.01,02-11-2015,12:49:00,2B3,N,N,AACOPD,UNK,01,00,,,,,,,,,,,,,,39.1918772,-76.61512503
01,06,,,11,,,,,00,DV01050006,06.01,02-07-2015,16:06:00,,N,N,WESTMINSTER,UNK,01,00,,,,,,,,,,,,,,39.58550786,-76.99048162
99,03,,,88,,,,,00,AE57860008,99,02-08-2015,00:00:00,,N,N,BACOPD,UNK,02,00,,,,,,,,,,,,,,39,-76
99,03,,,99,,,,,00,AE55710008,00,02-07-2015,00:00:00,6 PAT,N,U,BACOPD,UNK,01,00,,,,,,,,,,,,,,39.37448301,-76.60500526
03,15,,,88,,,,,00,MCP2420000P,00,02-06-2015,18:28:00,55224,N,N,MONTGOMERY,UNK,01,00,,,,,,,,,,,,,,39.14929667,-77.06652
03,03,,,88,,,,,00,AE3978000Y,00,02-06-2015,18:40:00,,N,N,BACOPD,UNK,01,00,,,,,,,,,,,,,,39.44315308,-76.81106329
01,03,,,99,,,,,00,AE55710007,06.01,02-06-2015,10:43:00,6 / PAT,N,N,BACOPD,UNK,01,00,,,,,,,,,,,,,,39.37812379,-76.62692428
01,03,,,03,,,,,00,AE52950003,06.01,02-05-2015,16:37:00,,N,N,BACOPD,UNK,02,00,,,,,,,,,,,,,,39.43690561,-76.8008548
01,15,,,08,,,,,00,MCP14650016,06.01,02-04-2015,11:02:00,54212,N,N,MONTGOMERY,UNK,01,00,,,,,,,,,,,,,,39.08494,-77.14604333
01,10,,,99,,,,,00,ZJ03390005,05,02-02-2015,14:27:00,,N,N,FREDERICK,UNK,02,00,,,,,,,,,,,,,,39.38511392,-77.40347727
03,16,,,88,,,,,00,AM03300007,06.01,01-29-2015,02:45:00,,N,N,BLADENSBURG,UNK,02,00,,,,,,,,,,,,,,38.9390039,-76.93666846
03,11,,,17,,,,,02,MSP0848000C,12.04,01-25-2015,00:51:00,,N,N,MSP,UNK,09,00,,,,,,,,,,,,,,39.396928,-79.39601
04,18,,,17,,,,,02,ZR02490003,06.01,01-21-2015,21:00:00,006215,N,N,STMARYS,UNK,16,09,,,,,,,,,,,,,,38.24699413,-76.49250269
06.02,06,,,17,,,,,11,MSP5459002G,88,01-21-2015,19:38:00,,N,N,MSP,UNK,09,09,,,,,,,,,,,,,,39.42373267,-77.01041633
01,24,,,88,,,,,00,ADF955000W,08.04,01-21-2015,13:39:00,CAD1330,N,N,BALTIMORE,UNK,02,00,,,,,,,,,,,,,,39.32496118,-76.53984904
01,24,,,03,,,,,00,ADF796001C,06.01,01-13-2015,13:00:00,CAD#1376,N,N,BALTIMORE,UNK,02,00,,,,,,,,,,,,,,39.31555313,-76.61979228
05.02,16,,,17,,,,,08,DA3929000B,06.01,01-17-2015,07:45:00,,N,N,PGCOPD,UNK,09,00,,,,,,,,,,,,,,38.88435195,-76.7802608
03,16,,,17,,,,,02,CBPD00690004,06.01,01-17-2015,01:20:00,,N,N,BOWIE,UNK,09,00,,,,,,,,,,,,,,38.98756799,-76.74222708
01,02,,,17,,,,,00,AC1588002T,06.01,02-11-2015,13:47:00,3C1,N,N,AACOPD,UNK,03,00,,,,,,,,,,,,,,39.12519167,-76.59152333
01,03,,,17,,,,,00,AE29890023,06.01,02-11-2015,11:42:00,,N,N,BACOPD,UNK,03,00,,,,,,,,,,,,,,39.33768307,-76.48521781
01,03,,,99,,,,,00,AE5273000P,06.01,02-11-2015,10:20:00,,N,N,BACOPD,UNK,02,00,,,,,,,,,,,,,,39.33565834,-76.4876318
03,24,,,17,,,,,02,ADH0170001,09.04,02-10-2015,02:40:00,CAD#204,N,N,BALTIMORE,UNK,09,00,,,,,,,,,,,,,,39.28892436,-76.60878584
03,02,,,11,,,,,00,AC1299000X,06.01,02-08-2015,02:08:00,,N,N,AACOPD,UNK,01,01,,,,,,,,,,,,,,39.1591012,-76.72278598
06.02,16,,,11,,,,,00,BW01160010,08.04,01-26-2015,17:02:00,,N,N,GREENBELT,UNK,03,00,,,,,,,,,,,,,,38.999524,-76.90993
03,02,,,17,,,,,11,AB49430002,88,01-18-2015,20:47:00,,Y,N,ANNAPOLIS,UNK,09,00,,,,,,,,,,,,,,38.98422175,-76.52438879
00,24,,,17,,,,,10,ADF955000X,00,01-22-2015,19:48:00,CAD2687,N,N,BALTIMORE,UNK,09,00,,,,,,,,,,,,,,39.29042697,-76.60779476
06.02,03,,,88,,,,,00,AE4727001H,06.01,01-20-2015,17:27:00,,N,N,BACOPD,UNK,16,02,,,,,,,,,,,,,,39.39340636,-76.52489305
01,16,,,88,,,,,00,DA3751000F,88,01-19-2015,09:36:00,,N,N,PGCOPD,UNK,01,01,,,,,,,,,,,,,,39.04771073,-76.93732023
01,02,,,11,,,,,00,AC1960000Y,06.01,01-15-2015,13:01:00,4C3,N,N,AACOPD,UNK,01,00,,,,,,,,,,,,,,38.80587558,-76.53795995
01,13,,,17,,,,,08,CB53780009,06.01,02-10-2015,08:04:00,B1,N,N,HOCPD,UNK,09,00,,,,,,,,,,,,,,39.23839428,-76.83322906
03,06,,,88,,,,,11,ES00680001,06.01,01-29-2015,00:00:00,,N,N,TANEYTOWN,UNK,02,00,,,,,,,,,,,,,,39.66662539,-77.18134224
99,24,,,88,,,,,02,ADJ5590001,06.01,01-28-2015,19:00:00,,N,N,BALTIMORE,UNK,01,09,,,,,,,,,,,,,,39.30474289,-76.64765507
03,24,,,17,,,,,88,ADJ0050001,00,01-21-2015,20:00:00,628,N,N,BALTIMORE,UNK,09,00,,,,,,,,,,,,,,39.35349507,-76.66232675
03,15,,,88,,,,,00,MCP24980008,06.01,01-18-2015,22:16:00,55222,N,N,MONTGOMERY,UNK,02,00,,,,,,,,,,,,,,39.18328333,-77.25954667
01,24,,,09,,,,,00,ADH8160005,06.01,02-08-2015,14:40:00,1837,N,N,BALTIMORE,UNK,01,02,,,,,,,,,,,,,,39.32701941,-76.60942554
01,02,,,17,,,,,10,AB2696002K,06.01,02-04-2015,15:32:00,,N,N,ANNAPOLIS,UNK,09,09,,,,,,,,,,,,,,38.99357206,-76.48681641
01,16,,,88,,,,,00,CC02380008,06.01,02-05-2015,16:53:00,01986,N,N,HYATTSVILLE,UNK,01,02,,,,,,,,,,,,,,38.96575727,-76.95839167
01,15,,,88,,,,,00,MCP2872000V,06.01,01-28-2015,14:43:00,55214,N,N,MONTGOMERY,UNK,02,00,,,,,,,,,,,,,,39.15527297,-77.19922185
04,03,,,17,,,,,07,AE54930009,12.04,01-26-2015,07:00:00,"01, 130",N,N,BACOPD,UNK,09,00,,,,,,,,,,,,,,39.23685697,-76.65625691
04,15,,,88,,,,,00,MCP28050015,07.01,01-21-2015,19:14:00,54242,N,N,MONTGOMERY,UNK,03,00,,,,,,,,,,,,,,39.18607,-77.19134333
01,16,,,88,,,,,88,DA36020007,06.01,01-20-2015,15:19:00,,N,N,PGCOPD,UNK,09,00,,,,,,,,,,,,,,38.83567956,-76.94745898
01,15,,,17,,,,,05,MCP20590016,06.01,01-17-2015,09:13:00,55222,N,N,MONTGOMERY,UNK,09,00,,,,,,,,,,,,,,38.99562833,-77.07731333
07.88,03,,,13,,,,,00,AE37260004,06.01,01-15-2015,11:06:00,,N,N,BACOPD,UNK,02,00,,,,,,,,,,,,,,39.36114569,-76.77859783
03,16,,,06,,,,,00,DA33960005,06.01,01-15-2015,18:41:00,,N,N,PGCOPD,UNK,01,00,,,,,,,,,,,,,,38.942911,-76.908053
99,03,,,88,,,,,00,AE57000007,06.01,01-14-2015,00:00:00,,N,N,BACOPD,UNK,02,00,,,,,,,,,,,,,,39.24528269,-76.50707245
00,24,,,99,,,,,00,ADJ5580005,00,02-07-2015,19:30:00,CAD#1370,N,N,BALTIMORE,UNK,01,02,,,,,,,,,,,,,,39.28717191,-76.60805225
01,15,,,11,,,,,00,MCP15750028,06.01,02-13-2015,12:00:00,54214,N,N,MONTGOMERY,UNK,01,00,,,,,,,,,,,,,,39.12138333,-77.17687667
01,10,,,17,,,,,10,ZJ0448003T,06.01,02-13-2015,12:52:00,,N,N,FREDERICK,UNK,09,00,,,,,,,,,,,,,,39.39164767,-77.40602257
01,24,,,11,,,,,00,ADH4750001,06.01,02-11-2015,07:38:00,542,N,N,BALTIMORE,UNK,02,00,,,,,,,,,,,,,,39.31270183,-76.57250762
01,15,,,99,,,,,00,MCP2231000Y,07.01,02-10-2015,11:15:00,55222,N,N,MONTGOMERY,UNK,02,00,,,,,,,,,,,,,,38.96466447,-77.10242629
03,03,,,01,,,,,00,AE57330008,06.01,01-19-2015,19:12:00,115,N,N,BACOPD,UNK,01,01,,,,,,,,,,,,,,39.28244682,-76.7511642
05.02,04,,,03,,,,,00,ZD45020009,06.01,02-09-2015,08:45:00,,N,N,CALVERT,UNK,02,00,,,,,,,,,,,,,,38.62152698,-76.62685454
99,03,,,88,,,,,00,AE5739000J,06.01,02-03-2015,19:10:00,,N,N,BACOPD,UNK,02,00,,,,,,,,,,,,,,39.35961107,-76.7748642
05.02,03,,,99,,,,,00,AE4431000D,07.01,02-02-2015,07:00:00,714,N,N,BACOPD,UNK,01,00,,,,,,,,,,,,,,39.43793309,-76.62729979
01,24,,,00,,,,,00,ADG7500003,06.01,01-22-2015,13:45:00,1554,N,N,BALTIMORE,UNK,02,00,,,,,,,,,,,,,,39.30964184,-76.64187223
01,03,,,99,,,,,00,AE4455000H,99,01-16-2015,11:00:00,,N,N,BACOPD,UNK,02,00,,,,,,,,,,,,,,39.5018718,-76.64712667
01,03,,,88,,,,,00,AE5578000B,07.01,01-20-2015,15:10:00,,N,N,BACOPD,UNK,02,00,,,,,,,,,,,,,,39.29179704,-76.48681641
99,03,,,99,,,,,00,AE5265000B,99,01-19-2015,00:00:00,,N,N,BACOPD,UNK,02,00,,,,,,,,,,,,,,39.38070291,-76.73029661
03,15,,,88,,,,,00,MCP2761000K,06.01,01-16-2015,22:38:00,55224,N,N,MONTGOMERY,UNK,02,02,,,,,,,,,,,,,,39.18125667,-77.27155833
01,09,,,17,,,,,00,AS03310001,06.01,01-16-2015,08:40:00,1050-I,N,N,CAMBRIDGE,UNK,03,00,,,,,,,,,,,,,,38.58004361,-76.09018743
03,24,,,01,,,,,00,ADI0620003,06.01,01-15-2015,04:55:00,,N,N,BALTIMORE,UNK,01,02,,,,,,,,,,,,,,39.28401635,-76.70785189
01,12,,,17,,,,,02,AJ0133000C,06.01,02-11-2015,09:53:00,,N,N,BELAIR,UNK,09,00,,,,,,,,,,,,,,39.53391014,-76.34635448
01,03,,,17,,,,,00,AE52490007,07.01,02-07-2015,16:22:00,,N,N,BACOPD,UNK,03,00,,,,,,,,,,,,,,39.29636375,-76.5092504
03,22,,,11,,,,,00,DE0188000B,07.01,02-06-2015,21:49:00,,N,N,SALISBURY,UNK,01,00,,,,,,,,,,,,,,38.39719006,-75.56711912
03,24,,,17,,,,,88,ADG8960003,07.01,02-04-2015,18:20:00,488,N,N,BALTIMORE,UNK,09,00,,,,,,,,,,,,,,39.27341095,-76.62751436
03,02,,,17,,,,,88,AC1985000F,12.04,01-29-2015,19:41:00,5B1,N,N,AACOPD,UNK,09,00,,,,,,,,,,,,,,39.13165815,-76.74154043
01,16,,,03,,,,,00,DA3687000C,06.01,01-28-2015,14:48:00,,N,N,PGCOPD,UNK,01,00,,,,,,,,,,,,,,38.84936734,-76.79527044
03,15,,,03,,,,,00,MCP2835000R,06.01,01-25-2015,23:31:00,55222,N,N,MONTGOMERY,UNK,01,01,,,,,,,,,,,,,,38.99621833,-77.04212833
06.02,15,,,88,,,,,00,MCP2446000T,06.01,02-07-2015,17:00:00,55212,N,N,MONTGOMERY,UNK,01,00,,,,,,,,,,,,,,38.984473,-77.095204
01,16,,,00,,,,,00,DA38280005,06.01,02-08-2015,12:40:00,,N,N,PGCOPD,UNK,02,00,,,,,,,,,,,,,,38.7681548,-76.88919604
01,23,,,00,,,,,00,CX01070005,06.01,02-06-2015,09:37:00,,N,N,POCOMOKE,UNK,01,01,,,,,,,,,,,,,,38.06579569,-75.55445373
03,16,,,15,,,,,00,DA3944000C,10.04,02-01-2015,18:00:00,,N,N,PGCOPD,UNK,01,01,,,,,,,,,,,,,,38.9654653,-76.84223056
03,03,,,06,,,,,00,AE5690000F,06.01,02-05-2015,12:34:00,,N,N,BACOPD,UNK,02,00,,,,,,,,,,,,,,39.27744734,-76.73310757
03,24,,,00,,,,,00,ADJ4090009,06.01,02-01-2015,21:00:00,2561,N,N,BALTIMORE,UNK,03,03,,,,,,,,,,,,,,39.32741777,-76.56005144
01,16,,,03,,,,,00,DA39240006,03,01-18-2015,09:50:00,A12,N,N,PGCOPD,UNK,02,00,,,,,,,,,,,,,,38.93498564,-76.94996953
01,03,,,06,,,,,00,AE47920008,06.01,01-28-2015,14:22:00,,N,N,BACOPD,UNK,02,02,,,,,,,,,,,,,,39.39517239,-76.5805006
01,03,,,99,,,,,00,AE5254000D,06.01,01-28-2015,08:00:00,PC07 728,N,N,BACOPD,UNK,02,00,,,,,,,,,,,,,,39.46015265,-76.6666317
01,03,,,11,,,,,00,AE3788000X,06.01,01-28-2015,10:28:00,,N,N,BACOPD,UNK,01,00,,,,,,,,,,,,,,39.36205815,-76.78653717
01,16,,,06,,,,,00,ZP02970004,06.01,01-22-2015,15:23:00,A2,N,N,PGCOSHERIFF,UNK,15,19,,,,,,,,,,,,,,38.95144945,-76.96876645
01,15,,,88,,,,,00,MCP2796001C,06.01,01-20-2015,11:55:00,55212,N,N,MONTGOMERY,UNK,02,02,,,,,,,,,,,,,,39.10367833,-77.075565
03,02,,,88,,,,,00,AC19160016,06.01,01-17-2015,18:31:00,02,N,N,AACOPD,UNK,01,00,,,,,,,,,,,,,,39.14056248,-76.60217285
01,02,,,88,,,,,00,AC15460003,06.01,01-20-2015,12:26:00,5B1,N,N,AACOPD,UNK,01,00,,,,,,,,,,,,,,39.12256725,-76.73654103
01,02,,,17,,,,,10,AC17420013,06.01,02-13-2015,08:29:00,,N,N,AACOPD,UNK,16,88,,,,,,,,,,,,,,39.10983667,-76.44120667
99,02,,,99,,,,,00,AC19930011,99,02-09-2015,17:15:00,2D3,N,N,AACOPD,UNK,01,00,,,,,,,,,,,,,,39.17112824,-76.56727195
01,03,,,88,,,,,00,HL00790002,06.01,02-10-2015,17:13:00,,N,N,UMBC,UNK,02,00,,,,,,,,,,,,,,39.25411449,-76.70411825
07.88,13,,,88,,,,,00,CB5815000F,06.01,02-06-2015,22:00:00,E3,N,N,HOCPD,UNK,02,00,,,,,,,,,,,,,,39.11777513,-76.85380697
01,24,,,99,,,,,00,ADH7710002,06.01,02-05-2015,12:00:00,,N,N,BALTIMORE,UNK,01,00,,,,,,,,,,,,,,39.31143178,-76.63236782
01,02,,,12,,,,,00,AB5478000K,00,01-30-2015,16:38:00,,N,N,ANNAPOLIS,UNK,01,00,,,,,,,,,,,,,,38.97462416,-76.52490914
88,03,,,01,,,,,00,AE2989001Z,06.01,01-28-2015,19:22:00,,N,N,BACOPD,UNK,02,00,,,,,,,,,,,,,,39.38824068,-76.60865307
03,03,,,99,,,,,00,AE54810004,06.01,01-27-2015,23:26:00,,N,N,BACOPD,UNK,02,00,,,,,,,,,,,,,,39.4413137,-76.80838108
01,24,,,03,,,,,00,ADI7700003,12.04,01-26-2015,17:00:00,CAD1192,N,N,BALTIMORE,UNK,01,01,,,,,,,,,,,,,,39.35538032,-76.53019845
03,24,,,88,,,,,00,ADJ3840001,06.01,01-24-2015,21:10:00,5C25,N,N,BALTIMORE,UNK,01,00,,,,,,,,,,,,,,39.33735945,-76.60447955
01,24,,,99,,,,,00,ADJ6430006,99,01-24-2015,13:00:00,CAD1336,N,N,BALTIMORE,UNK,02,00,,,,,,,,,,,,,,39.3232909,-76.54535294
01,10,,,88,,,,,00,MSP30390029,06.01,01-20-2015,09:58:00,00,N,N,MSP,UNK,02,00,,,,,,,,,,,,,,39.361631,-77.42806967
03,15,,,07,,,,,02,MCP2686000F,00,01-19-2015,20:57:00,55214,N,N,MONTGOMERY,UNK,01,09,,,,,,,,,,,,,,39.18234,-77.262655
01,12,,,17,,,,,08,ZL04040001,06.01,01-19-2015,10:43:00,,N,N,HARFORD,UNK,09,00,,,,,,,,,,,,,,39.69627414,-76.55711174
03,12,,,88,,,,,00,ZL09430007,06.01,01-17-2015,20:10:00,1050PD,N,N,HARFORD,UNK,01,00,,,,,,,,,,,,,,39.49798911,-76.32638812
01,24,,,11,,,,,00,ADI0170004,00,01-17-2015,12:21:00,1135,Y,N,BALTIMORE,UNK,01,00,,,,,,,,,,,,,,39.3124694,-76.66241527
07.88,24,,,99,,,,,00,ADJ540000D,07.01,02-11-2015,20:00:00,CAD1988,N,N,BALTIMORE,UNK,01,01,,,,,,,,,,,,,,39.37192855,-76.54342175
01,09,,,17,,,,,00,AS02980006,06.01,02-12-2015,16:26:00,10-50 PI,N,N,CAMBRIDGE,UNK,03,00,,,,,,,,,,,,,,38.55329835,-76.05245411
01,15,,,07,,,,,00,MCP2664000Y,07.01,02-12-2015,13:30:00,55112,N,N,MONTGOMERY,UNK,02,00,,,,,,,,,,,,,,39.0580878,-77.0375356
01,16,,,88,,,,,00,DJ01030002,06.01,02-06-2015,16:34:00,,N,N,SEATPLEASANT,UNK,02,00,,,,,,,,,,,,,,39.77996415,-78.39810491
01,16,,,11,,,,,00,DA28640004,06.01,02-07-2015,17:17:00,,N,N,PGCOPD,UNK,01,00,,,,,,,,,,,,,,38.84694417,-76.88753843
03,10,,,06,,,,,00,MSP4797001G,06.01,02-06-2015,21:36:00,,N,N,MSP,UNK,01,00,,,,,,,,,,,,,,39.48542893,-77.34044552
01,16,,,17,,,,,00,DA36940003,06.01,02-06-2015,09:02:00,,N,N,PGCOPD,UNK,03,00,,,,,,,,,,,,,,38.76700041,-76.89294577
03,15,,,03,,,,,00,MCP2814000S,08.04,02-01-2015,23:19:00,55222,Y,N,MONTGOMERY,UNK,01,00,,,,,,,,,,,,,,39.128935,-77.19246
01,24,,,17,,,,,02,ADJ2130002,88,01-29-2015,08:50:00,CAD#606,N,N,BALTIMORE,UNK,01,09,,,,,,,,,,,,,,39.36075789,-76.55398428
07.88,15,,,88,,,,,00,MCP28320010,06.01,01-30-2015,18:55:00,5522,N,N,MONTGOMERY,UNK,02,00,,,,,,,,,,,,,,38.9848387,-77.0924579
06.02,22,,,17,,,,,10,MSP14640005,00,01-25-2015,17:03:00,,N,N,MSP,UNK,09,00,,,,,,,,,,,,,,38.33892187,-75.63593328
03,03,,,17,,,,,10,ADH6190003,06.01,01-25-2015,05:54:00,,N,N,BALTIMORE,UNK,09,09,,,,,,,,,,,,,,39.28448554,-76.62325501
04,10,,,17,,,,,10,ZJ03750008,12.04,01-23-2015,20:23:00,,N,N,FREDERICK,UNK,09,16,,,,,,,,,,,,,,39.33130417,-77.4222555
01,16,,,88,,,,,07,DA38770009,06.01,01-23-2015,15:36:00,H5,N,N,PGCOPD,UNK,01,09,,,,,,,,,,,,,,38.84108646,-76.88406229
03,02,,,00,,,,,00,AC1943000H,12.04,01-19-2015,00:44:00,3B2,N,N,AACOPD,UNK,01,00,,,,,,,,,,,,,,39.13629354,-76.62867308
01,03,,,99,,,,,00,AE5549000B,08.04,01-21-2015,16:02:00,,N,N,BACOPD,UNK,02,00,,,,,,,,,,,,,,39.37114892,-76.79784536
01,02,,,11,,,,,00,AC1868001D,08.04,01-21-2015,15:29:00,5D2,N,N,AACOPD,UNK,01,00,,,,,,,,,,,,,,39.02939408,-76.68619037
01,23,,,17,,,,,09,CT82970005,03,01-21-2015,15:40:00,0067,N,N,OCEANCITY,UNK,09,00,,,,,,,,,,,,,,38.3258092,-75.08659601
01,03,,,99,,,,,00,AE39390006,99,01-17-2015,11:00:00,PC07/727,N,N,BACOPD,UNK,01,00,,,,,,,,,,,,,,39.45589486,-76.63146257
01,22,,,08,,,,,00,HZ01310004,06.01,02-11-2015,12:45:00,,N,N,SALISBURYUNIV,UNK,02,01,,,,,,,,,,,,,,38.34229572,-75.60568929
03,24,,,07,,,,,00,ADI5660001,06.01,02-10-2015,20:00:00,CAD#2592,N,N,BALTIMORE,UNK,02,01,,,,,,,,,,,,,,39.25078296,-76.61511183
01,24,,,11,,,,,00,ADD5720007,06.01,02-10-2015,13:40:00,CAD#1370,N,N,BALTIMORE,UNK,01,01,,,,,,,,,,,,,,39.26545585,-76.54289335
99,03,,,99,,,,,00,AE5739000K,99,02-06-2015,13:00:00,,N,N,BACOPD,UNK,99,01,,,,,,,,,,,,,,39.32609819,-76.73205614
01,06,,,17,,,,,11,ZF02730001,12.04,02-10-2015,08:57:00,,N,N,CARROLL,UNK,09,00,,,,,,,,,,,,,,39.66477334,-76.90933943
00,15,,,17,,,,,88,MCP22500008,00,02-10-2015,00:00:00,55212,N,N,MONTGOMERY,UNK,09,00,,,,,,,,,,,,,,39.179955,-77.41202
01,03,,,99,,,,,00,AE4124002K,06.01,02-09-2015,11:13:00,,N,N,BACOPD,UNK,02,00,,,,,,,,,,,,,,39.37433373,-76.43772125
01,03,,,99,,,,,00,AE47320008,06.01,02-08-2015,11:20:00,,N,N,BACOPD,UNK,01,00,,,,,,,,,,,,,,39.44436274,-76.81226492
01,12,,,17,,,,,04,ZL08370008,06.01,02-07-2015,08:00:00,,N,N,HARFORD,UNK,09,00,,,,,,,,,,,,,,39.462989,-76.316805
06.02,24,,,03,,,,,00,ADJ5580002,06.01,02-06-2015,17:00:00,2650,N,N,BALTIMORE,UNK,01,02,,,,,,,,,,,,,,39.35801005,-76.70613527
01,23,,,88,,,,,00,MSP5794001B,06.01,02-06-2015,13:25:00,,N,N,MSP,UNK,02,00,,,,,,,,,,,,,,38.33629713,-75.10587193
01,15,,,88,,,,,00,MCP28640010,06.01,02-05-2015,17:15:00,55222,N,N,MONTGOMERY,UNK,01,00,,,,,,,,,,,,,,39.022324,-77.147505
03,15,,,07,,,,,00,EJ78440004,06.01,02-05-2015,20:03:00,55222,Y,N,GAITHERSBURG,UNK,01,00,,,,,,,,,,,,,,39.11413333,-77.18633333
04,12,,,88,,,,,00,MSP1629001H,06.01,02-05-2015,15:55:00,,N,N,MSP,UNK,02,00,,,,,,,,,,,,,,39.52352683,-76.19282717
03,16,,,13,,,,,88,CBPD0076000B,06.01,01-31-2015,05:00:00,509I,N,N,BOWIE,UNK,02,02,,,,,,,,,,,,,,38.94067706,-76.72286153
03,19,,,88,,,,,00,EE01110004,06.01,01-22-2015,21:22:00,,N,N,PRINCESSANNE,UNK,02,01,,,,,,,,,,,,,,38.21412575,-75.69586515
05.02,12,,,17,,,,,11,ZL09160003,03,01-18-2015,08:00:00,10-50 PD,N,N,HARFORD,UNK,16,09,,,,,,,,,,,,,,39.42851539,-76.33278251
03,15,,,88,,,,,00,MCP2260000J,00,01-16-2015,21:27:00,54112,N,N,MONTGOMERY,UNK,01,00,,,,,,,,,,,,,,39.11432333,-77.16388667
01,16,,,88,,,,,10,CE45150007,06.01,01-14-2015,12:55:00,1,N,N,LAUREL,UNK,02,09,,,,,,,,,,,,,,39.09346493,-76.86772227
03,15,,,17,,,,,09,MCP20540004,06.01,01-11-2015,03:00:00,4521,N,N,MONTGOMERY,UNK,09,00,,,,,,,,,,,,,,39.04580262,-76.99049771
01,21,,,02,,,,,00,BX50870002,06.01,01-14-2015,14:30:00,,N,N,HAGERSTOWN,UNK,01,00,,,,,,,,,,,,,,39.61423886,-77.73536325
01,08,,,11,,,,,00,CD0616000C,06.01,02-12-2015,10:00:00,088,N,N,LAPLATA,UNK,01,00,,,,,,,,,,,,,,38.53649279,-76.9833684
01,15,,,88,,,,,00,MCP27650017,00,02-11-2015,15:51:00,55222,N,N,MONTGOMERY,UNK,01,02,,,,,,,,,,,,,,39.09555333,-77.20152167
01,03,,,07,,,,,00,AE5230000D,06.01,02-10-2015,16:57:00,PC01,N,N,BACOPD,UNK,02,00,,,,,,,,,,,,,,39.28136722,-76.75450087
01,18,,,11,,,,,04,ZR0268000J,06.01,02-11-2015,07:42:00,009915,N,N,STMARYS,UNK,01,09,,,,,,,,,,,,,,38.29343961,-76.50136471
01,24,,,17,,,,,04,ADH5140009,12.04,02-10-2015,08:48:00,1067,N,N,BALTIMORE,UNK,09,09,,,,,,,,,,,,,,39.34076983,-76.64742708
99,24,,,88,,,,,00,ADD5720006,06.01,02-09-2015,16:05:00,CAD#1775,N,N,BALTIMORE,UNK,01,02,,,,,,,,,,,,,,39.29029412,-76.5483892
04,03,,,17,,,,,10,AE45690009,12.04,02-09-2015,21:19:00,,N,N,BACOPD,UNK,09,00,,,,,,,,,,,,,,39.60150699,-76.78232074
03,02,,,07,,,,,00,AC0937000R,06.01,02-09-2015,18:42:00,5D1,N,N,AACOPD,UNK,02,00,,,,,,,,,,,,,,39.01754989,-76.69456959
01,08,,,11,,,,,00,ZH04410007,07.01,02-06-2015,12:06:00,,N,N,CHARLES,UNK,19,00,,,,,,,,,,,,,,38.60201454,-77.16470718
01,24,,,00,,,,,16.05,ADI8610001,06.01,01-30-2015,14:26:00,CAD#417,N,N,BALTIMORE,UNK,19,00,,,,,,,,,,,,,,39.24866433,-76.64188027
01,16,,,17,,,,,08,CC0221000C,03,02-02-2015,11:46:00,01773,N,N,HYATTSVILLE,UNK,09,00,,,,,,,,,,,,,,38.95659726,-76.96267247
03,22,,,07,,,,,00,GS04490005,00,01-25-2015,19:33:00,,N,N,FRUITLAND,UNK,02,00,,,,,,,,,,,,,,38.33100215,-75.61226606
01,08,,,17,,,,,06,ZH0574000C,06.01,01-22-2015,12:35:00,,N,N,CHARLES,UNK,16,09,,,,,,,,,,,,,,38.49772333,-77.16549
04,03,,,17,,,,,07,AE5252000C,00,01-21-2015,02:49:00,11,N,N,BACOPD,UNK,09,09,,,,,,,,,,,,,,39.31042527,-76.46261483