LIGHT_CODE,COUNTY_NO,MUNI_CODE,JUNCTION_CODE,COLLISION_TYPE_CODE,SURF_COND_CODE,LANE_CODE,RD_COND_CODE,RD_DIV_CODE,FIX_OBJ_CODE,REPORT_NO,WEATHER_CODE,ACC_DATE,ACC_TIME,LOC_CODE,SIGNAL_FLAG,C_M_ZONE_FLAG,AGENCY_CODE,AREA_CODE,HARM_EVENT_CODE1,HARM_EVENT_CODE2,RTE_NO,ROUTE_TYPE_CODE,RTE_SUFFIX,LOG_MILE,LOGMILE_DIR_FLAG,MAINROAD_NAME,DISTANCE,FEET_MILES_FLAG,DISTANCE_DIR_FLAG,REFERENCE_NO,REFERENCE_TYPE_CODE,REFERENCE_SUFFIX,REFERENCE_ROAD_NAME,LATITUDE,LONGITUDE
03,19,,,01,,,,,00,EE0105000J,07.01,01-18-2015,19:29:00,,N,N,PRINCESSANNE,UNK,01,02,,,,,,,,,,,,,,38.22081862,-75.69511414
07.88,03,,,88,,,,,00,AE5599000D,06.01,01-17-2015,14:10:00,,N,N,BACOPD,UNK,02,99,,,,,,,,,,,,,,39.28254647,-76.75118566
01,03,,,99,,,,,00,AE53670007,06.01,01-14-2015,15:00:00,,N,N,BACOPD,UNK,02,00,,,,,,,,,,,,,,39.40639764,-76.80969
01,12,,,17,,,,,88,AJ0116000C,06.01,02-10-2015,17:10:00,,N,N,BELAIR,UNK,09,09,,,,,,,,,,,,,,39.55158242,-76.36357427
99,16,,,99,,,,,00,CP0139000N,07.01,02-08-2015,17:10:00,,N,N,MTRAINIER,UNK,02,00,,,,,,,,,,,,,,38.95005606,-76.96461439
99,03,,,99,,,,,88,ADJ6530004,00,02-07-2015,14:30:00,,N,N,BALTIMORE,UNK,02,01,,,,,,,,,,,,,,39.31427068,-76.61656022
99,03,,,99,,,,,00,AE5380000L,00,02-06-2015,21:00:00,,N,N,BACOPD,UNK,02,00,,,,,,,,,,,,,,39.39882452,-76.7881304
06.02,03,,,17,,,,,00,AE5297000F,06.01,02-05-2015,18:30:00,,N,N,BACOPD,UNK,99,00,,,,,,,,,,,,,,39.37378635,-76.56745434
01,07,,,15,,,,,00,BK02540008,07.01,02-02-2015,14:40:00,,N,N,ELKTON,UNK,01,00,,,,,,,,,,,,,,39.60394402,-75.79007506
01,16,,,88,,,,,00,DA36020008,00,01-20-2015,14:25:00,,N,N,PGCOPD,UNK,01,02,,,,,,,,,,,,,,38.80544514,-76.90376043
00,21,,,88,,,,,04,ZU44800003,08.04,01-22-2015,00:00:00,,N,N,WASHINGTON,UNK,02,02,,,,,,,,,,,,,,39.66011512,-77.57543921
03,03,,,01,,,,,00,AE55620007,06.01,01-18-2015,00:22:00,,N,N,BACOPD,UNK,02,00,,,,,,,,,,,,,,39.30682454,-76.71213269
00,24,,,99,,,,,00,ADJ5580001,99,01-16-2015,13:00:00,,N,N,BALTIMORE,UNK,01,00,,,,,,,,,,,,,,39.36791627,-76.68651491
01,24,,,99,,,,,00,ADJ1140003,06.01,01-14-2015,16:15:00,,N,N,BALTIMORE,UNK,02,00,,,,,,,,,,,,,,39.30126225,-76.60701692
01,03,,,06,,,,,00,AE4860000J,00,02-13-2015,11:07:00,PC09,N,N,BACOPD,UNK,01,00,,,,,,,,,,,,,,39.35448436,-76.4836514
01,24,,,06,,,,,00,ADF9910003,06.01,02-13-2015,10:34:00,CAD#779,N,N,BALTIMORE,UNK,01,02,,,,,,,,,,,,,,39.28072361,-76.57929897
01,02,,,07,,,,,00,MTA01530007,06.01,02-12-2015,16:00:00,9S24,N,N,MTA,UNK,01,00,,,,,,,,,,,,,,39.08656163,-76.70628548
01,15,,,88,,,,,00,MCP1151002D,06.01,02-13-2015,08:40:00,55212,N,N,MONTGOMERY,UNK,01,00,,,,,,,,,,,,,,39.17358,-77.288465
01,03,,,17,,,,,88,AE37980009,07.01,02-09-2015,13:53:00,,N,N,BACOPD,UNK,09,00,,,,,,,,,,,,,,39.38377118,-76.65761948
01,02,,,17,,,,,10,AC1816000Q,07.01,02-09-2015,11:10:00,,N,N,AACOPD,UNK,09,00,,,,,,,,,,,,,,39.099465,-76.62431
01,03,,,88,,,,,00,AE5025000L,06.01,02-06-2015,13:23:00,,N,N,BACOPD,UNK,02,00,,,,,,,,,,,,,,39.33511066,-76.48483157
01,24,,,11,,,,,00,ADG4370006,06.01,02-04-2015,15:30:00,,N,N,BALTIMORE,UNK,01,02,,,,,,,,,,,,,,39.2485397,-76.64152622
01,15,,,17,,,,,11,HA23610001,06.01,02-04-2015,13:56:00,,N,N,MCPARK,UNK,09,09,,,,,,,,,,,,,,39.12812667,-77.06869333
01,03,,,88,,,,,00,AE55180005,06.01,01-31-2015,09:42:00,,N,N,BACOPD,UNK,02,00,,,,,,,,,,,,,,39.28226412,-76.75192058
01,03,,,88,,,,,00,AE3978000S,08.04,01-26-2015,11:45:00,,N,N,BACOPD,UNK,02,02,,,,,,,,,,,,,,39.45323154,-76.85292721
03,24,,,01,,,,,00,ADJ6660006,07.01,01-25-2015,19:20:00,CAD2326,Y,N,BALTIMORE,UNK,01,01,,,,,,,,,,,,,,39.31412957,-76.58221722
01,02,,,88,,,,,00,AC20140005,10.04,01-21-2015,12:14:00,4B2,N,N,AACOPD,UNK,02,00,,,,,,,,,,,,,,38.92249128,-76.62858725
01,15,,,88,,,,,00,MCP14650012,07.01,01-20-2015,15:45:00,55212,N,N,MONTGOMERY,UNK,02,00,,,,,,,,,,,,,,39.07938833,-77.143095
01,02,,,88,,,,,00,AC1122000C,03,01-18-2015,13:11:00,4A2,N,N,AACOPD,UNK,02,00,,,,,,,,,,,,,,38.98105167,-76.53953
06.02,03,,,99,,,,,00,AE55440005,02,01-18-2015,16:32:00,,N,N,BACOPD,UNK,01,02,,,,,,,,,,,,,,39.35309063,-76.75367475
03,24,,,03,,,,,00,ADI7610003,06.01,01-18-2015,00:18:00,CAD 0044,N,N,BALTIMORE,UNK,01,01,,,,,,,,,,,,,,39.2614167,-76.66583776
01,15,,,17,,,,,02,MCP26820008,06.01,01-15-2015,15:00:00,54212,N,N,MONTGOMERY,UNK,09,00,,,,,,,,,,,,,,39.15823333,-77.205775
04,02,,,88,,,,,00,AC19870012,06.01,02-12-2015,08:45:00,5C3,N,N,AACOPD,UNK,01,00,,,,,,,,,,,,,,39.06936292,-76.7164135
03,16,,,88,,,,,00,AM03290005,03,02-10-2015,03:45:00,,N,N,BLADENSBURG,UNK,02,00,,,,,,,,,,,,,,38.93968402,-76.91925287
01,03,,,88,,,,,02,AE50050006,07.01,02-09-2015,09:18:00,,N,N,BACOPD,UNK,02,09,,,,,,,,,,,,,,39.41184381,-76.61195755
01,24,,,03,,,,,00,ADJ0250009,06.01,01-31-2015,17:10:00,2139,N,N,BALTIMORE,UNK,01,00,,,,,,,,,,,,,,39.3425932,-76.64046139
03,03,,,17,,,,,00,AE54500007,09.04,01-29-2015,18:30:00,,N,N,BACOPD,UNK,03,03,,,,,,,,,,,,,,39.28944715,-76.73081964
03,03,,,88,,,,,00,AE48920013,06.01,01-30-2015,06:48:00,,N,N,BACOPD,UNK,02,00,,,,,,,,,,,,,,39.421159,-76.617129
01,24,,,17,,,,,02,ADI5460007,10.04,01-26-2015,12:45:00,1133,N,N,BALTIMORE,UNK,01,09,,,,,,,,,,,,,,39.353994,-76.645603
03,02,,,17,,,,,02,AC09440007,02,01-22-2015,06:56:00,2D3,N,N,AACOPD,UNK,09,00,,,,,,,,,,,,,,39.13455218,-76.58377022
03,15,,,17,,,,,00,MCP13780040,07.01,01-20-2015,18:53:00,54212,N,N,MONTGOMERY,UNK,03,00,,,,,,,,,,,,,,39.16101167,-77.190915
03,24,,,17,,,,,07,ADJ5400003,07.01,01-19-2015,18:14:00,CAD2196,N,N,BALTIMORE,UNK,09,09,,,,,,,,,,,,,,39.35875664,-76.5397203
01,24,,,17,,,,,07,ADJ6430004,03,01-18-2015,12:00:00,CAD1160,N,N,BALTIMORE,UNK,09,00,,,,,,,,,,,,,,39.36993177,-76.53896123
99,24,,,99,,,,,00,ADJ0130001,99,01-12-2015,06:00:00,1039,N,N,BALTIMORE,UNK,02,00,,,,,,,,,,,,,,39.257612,-76.53975248
01,24,,,88,,,,,00,MTA03370001,06.01,01-31-2015,10:45:00,,N,N,MTA,UNK,01,01,,,,,,,,,,,,,,39.36754925,-76.46903872
01,02,,,17,,,,,10,AB50660002,06.01,01-31-2015,16:40:00,,N,N,ANNAPOLIS,UNK,09,00,,,,,,,,,,,,,,38.97905302,-76.50655746
01,03,,,99,,,,,00,AE57350005,06.01,01-30-2015,14:30:00,,N,N,BACOPD,UNK,01,00,,,,,,,,,,,,,,39.40677068,-76.76305175
01,03,,,99,,,,,00,AE53900007,07.01,02-02-2015,12:00:00,,N,N,BACOPD,UNK,02,00,,,,,,,,,,,,,,39.4589267,-76.60327792
01,24,,,17,,,,,08,ADH1670005,08.04,01-26-2015,14:15:00,CAD1329,N,N,BALTIMORE,UNK,09,09,,,,,,,,,,,,,,39.25844274,-76.63622618
01,03,,,07,,,,,00,AE5690000C,06.01,01-24-2015,15:30:00,,N,N,BACOPD,UNK,02,02,,,,,,,,,,,,,,39.26587741,-76.69906497
01,03,,,07,,,,,00,AE55520005,06.01,01-25-2015,13:59:00,,N,N,BACOPD,UNK,01,00,,,,,,,,,,,,,,39.2842548,-76.5068686
04,03,,,88,,,,,00,AE49760002,06.01,01-25-2015,02:35:00,PC 11,N,N,BACOPD,UNK,02,01,,,,,,,,,,,,,,39.32988258,-76.47325516
03,07,,,17,,,,,07,EC00250006,03,01-24-2015,01:01:00,,N,N,NORTHEAST,UNK,09,09,,,,,,,,,,,,,,39.60519221,-75.95052481
03,13,,,17,,,,,04,CB58450006,06.01,01-23-2015,05:53:00,,N,N,HOCPD,UNK,09,00,,,,,,,,,,,,,,39.23285565,-76.8463397
03,24,,,17,,,,,02,ADJ4980004,00,02-07-2015,01:20:00,CAD#212,N,N,BALTIMORE,UNK,16,09,,,,,,,,,,,,,,39.28941393,-76.60154253
06.02,08,,,11,,,,,00,CD0626000P,07.01,02-07-2015,18:33:00,088,N,N,LAPLATA,UNK,01,00,,,,,,,,,,,,,,38.52980388,-76.98349714
03,16,,,88,,,,,00,DA3855000B,00,02-07-2015,17:00:00,,N,N,PGCOPD,UNK,02,00,,,,,,,,,,,,,,39.01592439,-76.92905903
03,02,,,88,,,,,00,AC1192000G,06.01,02-02-2015,20:17:00,3D2,N,N,AACOPD,UNK,02,00,,,,,,,,,,,,,,39.0382542,-76.4390722
99,03,,,88,,,,,00,ADJ6530003,99,02-07-2015,14:25:00,,N,N,BALTIMORE,UNK,02,01,,,,,,,,,,,,,,39.33974922,-76.53898001
07.88,24,,,99,,,,,00,ADI7090003,06.01,02-03-2015,20:45:00,1408,N,N,BALTIMORE,UNK,02,00,,,,,,,,,,,,,,39.32320323,-76.57125905
03,02,,,17,,,,,02,AC1596000P,06.01,02-04-2015,03:26:00,5B1,N,N,AACOPD,UNK,09,00,,,,,,,,,,,,,,39.12948735,-76.71086557
03,02,,,17,,,,,11,AC1844000F,09.04,02-01-2015,22:56:00,,N,N,AACOPD,UNK,09,00,,,,,,,,,,,,,,38.92396034,-76.55837774
04,08,,,17,,,,,00,ZH02610003,06.01,01-31-2015,00:00:00,,N,N,CHARLES,UNK,03,00,,,,,,,,,,,,,,38.62158565,-77.03315556
03,24,,,17,,,,,02,ADJ1410002,00,01-25-2015,23:19:00,112,N,N,BALTIMORE,UNK,09,00,,,,,,,,,,,,,,39.28798154,-76.60608351
01,18,,,03,,,,,00,ZR03040009,06.01,01-25-2015,16:32:00,007315,N,N,STMARYS,UNK,01,00,,,,,,,,,,,,,,38.27666614,-76.46601588
04,03,,,17,,,,,11,AE54580006,06.01,01-23-2015,00:00:00,,N,N,BACOPD,UNK,09,00,,,,,,,,,,,,,,39.4237957,-76.40755177
01,16,,,88,,,,,00,DA38910002,06.01,01-18-2015,13:02:00,,N,N,PGCOPD,UNK,02,01,,,,,,,,,,,,,,38.95871635,-76.98666215
01,13,,,11,,,,,00,CB50130004,07.01,01-14-2015,09:55:00,F3,N,N,HOCPD,UNK,02,00,,,,,,,,,,,,,,39.26415167,-76.98715833
03,24,,,99,,,,,00,ADH6600001,06.01,01-13-2015,10:00:00,,N,N,BALTIMORE,UNK,02,02,,,,,,,,,,,,,,39.27047072,-76.60148621
01,03,,,17,,,,,04,AE55140007,06.01,02-03-2015,15:09:00,PC02/PAT,N,N,BACOPD,UNK,16,00,,,,,,,,,,,,,,39.35737959,-76.79200888
01,03,,,88,,,,,00,AE4600000C,06.01,02-03-2015,10:30:00,,N,N,BACOPD,UNK,02,00,,,,,,,,,,,,,,39.3730648,-76.56284094
01,03,,,17,,,,,11,AE57770008,06.01,02-03-2015,11:00:00,,N,N,BACOPD,UNK,09,00,,,,,,,,,,,,,,39.3367371,-76.45699024
06.02,16,,,88,,,,,00,DA3896000D,06.01,01-31-2015,18:29:00,,N,N,PGCOPD,UNK,01,00,,,,,,,,,,,,,,38.98524962,-76.98091149
01,15,,,88,,,,,00,MCP28710014,06.01,02-02-2015,16:10:00,55214,N,N,MONTGOMERY,UNK,02,00,,,,,,,,,,,,,,39.02201833,-77.13463
03,03,,,17,,,,,10,AE42370002,03,02-02-2015,04:45:00,,N,N,BACOPD,UNK,09,16,,,,,,,,,,,,,,39.34632898,-76.39193058
04,08,,,17,,,,,11,ZH03390006,07.01,01-24-2015,18:51:00,,N,N,CHARLES,UNK,09,09,,,,,,,,,,,,,,38.61528609,-76.8258369
06.02,16,,,17,,,,,07,DA38030006,03,01-24-2015,06:48:00,,Y,N,PGCOPD,UNK,09,09,,,,,,,,,,,,,,38.96349657,-76.90037012
03,16,,,03,,,,,00,CE45170008,12.04,01-23-2015,21:46:00,3,N,N,LAUREL,UNK,01,00,,,,,,,,,,,,,,39.09891047,-76.84838891
01,06,,,88,,,,,00,ZF0461000Q,06.01,01-23-2015,12:28:00,,N,N,CARROLL,UNK,01,00,,,,,,,,,,,,,,39.55963108,-76.98811054
01,03,,,07,,,,,00,AE57270009,06.01,01-20-2015,15:16:00,,N,N,BACOPD,UNK,01,00,,,,,,,,,,,,,,39.37901322,-76.50604516
01,15,,,11,,,,,00,MCP1382001V,06.01,01-20-2015,09:28:00,55212,N,N,MONTGOMERY,UNK,01,00,,,,,,,,,,,,,,39.023975,-77.04085833
01,22,,,11,,,,,00,DE41330009,06.01,02-03-2015,16:57:00,,N,N,SALISBURY,UNK,01,00,,,,,,,,,,,,,,38.36812463,-75.60822129
99,15,,,99,,,,,00,MCP28120012,99,02-03-2015,14:40:00,,N,N,MONTGOMERY,UNK,02,00,,,,,,,,,,,,,,38.99756,-77.02584
01,02,,,88,,,,,00,AC1955000S,06.01,02-03-2015,17:05:00,,N,N,AACOPD,UNK,01,00,,,,,,,,,,,,,,39.13856535,-76.62180662
01,16,,,88,,,,,00,DA38110007,06.01,02-03-2015,15:33:00,,N,N,PGCOPD,UNK,02,00,,,,,,,,,,,,,,38.83676598,-76.88541412
01,15,,,88,,,,,00,MCP2877000W,06.01,02-03-2015,12:42:00,45212,N,N,MONTGOMERY,UNK,01,00,,,,,,,,,,,,,,38.99868667,-77.03890833
01,19,,,88,,,,,00,JB33090001,06.01,02-03-2015,09:06:00,,N,N,UMES,UNK,02,00,,,,,,,,,,,,,,38.20692644,-75.68623602
99,06,,,99,,,,,00,DV0038000S,00,02-03-2015,06:42:00,,N,N,WESTMINSTER,UNK,02,00,,,,,,,,,,,,,,39.58546651,-77.02649832
03,03,,,88,,,,,00,AE43790025,06.01,02-02-2015,18:48:00,,N,N,BACOPD,UNK,02,00,,,,,,,,,,,,,,39.38899524,-76.50726557
03,03,,,88,,,,,09,MSP60920079,06.01,01-31-2015,19:30:00,,N,N,MSP,UNK,99,16,,,,,,,,,,,,,,39.26176267,-76.72234067
01,15,,,07,,,,,00,MCP1366002C,06.01,02-03-2015,10:21:00,55212,N,N,MONTGOMERY,UNK,02,00,,,,,,,,,,,,,,39.11521167,-77.25387667
01,22,,,07,,,,,00,DE2152000D,03,02-02-2015,13:27:00,,N,N,SALISBURY,UNK,01,00,,,,,,,,,,,,,,38.36992474,-75.57117462
05.02,03,,,17,,,,,23.03,AE54170009,06.01,01-23-2015,08:02:00,,N,N,BACOPD,UNK,16,09,,,,,,,,,,,,,,39.287179,-76.49937451
99,03,,,99,,,,,00,AE42090003,99,01-20-2015,18:30:00,,N,N,BACOPD,UNK,02,02,,,,,,,,,,,,,,39.21097521,-76.60766602
03,24,,,17,,,,,88,ADF6020001,99,01-19-2015,01:00:00,1B23,N,N,BALTIMORE,UNK,09,01,,,,,,,,,,,,,,39.296343,-76.62329793
04,08,,,17,,,,,02,ZH0577000C,00,01-07-2015,00:27:00,,N,N,CHARLES,UNK,09,00,,,,,,,,,,,,,,38.62582277,-76.93832874
01,10,,,99,,,,,00,ZJ03670006,06.01,02-02-2015,12:30:00,,N,N,FREDERICK,UNK,02,99,,,,,,,,,,,,,,39.38348292,-77.39965343
01,03,,,17,,,,,11,AE5380000F,03,02-02-2015,08:45:00,,N,N,BACOPD,UNK,16,09,,,,,,,,,,,,,,39.42162429,-76.72870874
01,24,,,14,,,,,00,ADF4500008,06.01,02-01-2015,12:45:00,1831,N,N,BALTIMORE,UNK,01,01,,,,,,,,,,,,,,39.3387369,-76.6295743
01,07,,,88,,,,,00,MSP5842001H,06.01,01-08-2015,15:57:00,00,N,N,MSP,UNK,01,00,,,,,,,,,,,,,,39.6087845,-75.95023483
04,16,,,03,,,,,00,DA34420004,06.01,01-29-2015,05:30:00,107,N,N,PGCOPD,UNK,02,02,,,,,,,,,,,,,,38.99325519,-76.98428035
01,03,,,00,,,,,00,AE34380024,08.04,01-26-2015,09:11:00,,N,N,BACOPD,UNK,15,00,,,,,,,,,,,,,,39.39990645,-76.58936262
00,03,,,88,,,,,00,AE55710006,99,01-25-2015,15:14:00,6 / PAT,N,N,BACOPD,UNK,01,00,,,,,,,,,,,,,,39.40534898,-76.60533249
99,10,,,17,,,,,10,ZJ04390004,00,01-21-2015,08:09:00,,N,N,FREDERICK,UNK,09,09,,,,,,,,,,,,,,39.70409137,-77.31598377
01,24,,,03,,,,,00,ADJ6410007,06.01,01-22-2015,08:00:00,CAD488,N,N,BALTIMORE,UNK,01,01,,,,,,,,,,,,,,39.31645581,-76.57605082
00,03,,,88,,,,,00,AE26380015,00,01-21-2015,00:00:00,,N,N,BACOPD,UNK,02,00,,,,,,,,,,,,,,39.27413249,-76.51059151
01,16,,,03,,,,,00,DA39240005,03,01-18-2015,09:50:00,A12,N,N,PGCOPD,UNK,02,00,,,,,,,,,,,,,,38.934946,-76.94994003
01,15,,,88,,,,,00,MCP22980041,06.01,01-15-2015,14:57:00,55212,N,N,MONTGOMERY,UNK,01,00,,,,,,,,,,,,,,39.22666831,-77.27364779
01,03,,,11,,,,,00,AE57300004,08.04,02-02-2015,08:00:00,,N,N,BACOPD,UNK,01,01,,,,,,,,,,,,,,39.24647916,-76.69386148
99,03,,,99,,,,,00,AE47320006,99,01-30-2015,14:10:00,,N,N,BACOPD,UNK,01,00,,,,,,,,,,,,,,39.39337319,-76.78102255
03,16,,,00,,,,,00,HB03350003,03,02-02-2015,06:30:00,,N,N,PGPARK,UNK,03,00,,,,,,,,,,,,,,38.81089614,-76.74952269
01,03,,,88,,,,,00,AE54050009,00,02-01-2015,11:20:00,,N,N,BACOPD,UNK,02,00,,,,,,,,,,,,,,39.2767331,-76.50316715
01,11,,,17,,,,,02,MSP0848000F,07.01,02-01-2015,11:15:00,,N,N,MSP,UNK,09,00,,,,,,,,,,,,,,39.6943935,-79.25195367
03,24,,,99,,,,,00,ADJ5630003,00,02-01-2015,02:05:00,299,N,N,BALTIMORE,UNK,02,00,,,,,,,,,,,,,,39.31214566,-76.59968376
03,24,,,00,,,,,04,ADJ6660009,00,01-31-2015,22:00:00,3034,N,N,BALTIMORE,UNK,09,00,,,,,,,,,,,,,,39.32334277,-76.56484723
01,15,,,00,,,,,00,EJ78290010,06.01,01-28-2015,15:00:00,55122,N,N,GAITHERSBURG,UNK,02,00,,,,,,,,,,,,,,39.15728667,-77.211375
01,15,,,17,,,,,05,MCP1475000D,08.04,01-26-2015,15:25:00,55112,N,N,MONTGOMERY,UNK,09,00,,,,,,,,,,,,,,39.19501333,-77.16153667
99,03,,,99,,,,,00,AE51860003,06.01,01-25-2015,00:00:00,,N,N,BACOPD,UNK,01,00,,,,,,,,,,,,,,39.33574133,-76.48806095
03,02,,,11,,,,,00,AC1736000N,06.01,01-19-2015,17:27:00,5C3,N,N,AACOPD,UNK,01,00,,,,,,,,,,,,,,39.09930737,-76.7007909
03,16,,,17,,,,,02,RD00940003,06.01,01-16-2015,20:16:00,,N,N,RIVERDALE,UNK,09,00,,,,,,,,,,,,,,38.95503711,-76.9225359
01,16,,,88,,,,,00,DA29770005,06.01,01-31-2015,13:13:00,,N,N,PGCOPD,UNK,02,02,,,,,,,,,,,,,,38.84868217,-76.92466021
01,03,,,17,,,,,88,AE5340000W,06.01,01-30-2015,16:04:00,,N,N,BACOPD,UNK,09,00,,,,,,,,,,,,,,39.31924263,-76.45488739
03,08,,,99,,,,,00,CD06230002,12.04,01-23-2015,18:15:00,088,N,N,LAPLATA,UNK,02,00,,,,,,,,,,,,,,38.52130967,-76.98257446
01,03,,,17,,,,,10,TSU03200002,06.01,01-30-2015,07:55:00,,N,N,TOWSONU,UNK,09,00,,,,,,,,,,,,,,39.39325711,-76.61343813
01,22,,,88,,,,,00,ZVW2180002,03,01-26-2015,12:03:00,,N,N,WICOMICO,UNK,01,02,,,,,,,,,,,,,,38.37409678,-75.50139427
01,16,,,88,,,,,00,AM03210004,07.01,01-23-2015,14:15:00,,N,N,BLADENSBURG,UNK,02,02,,,,,,,,,,,,,,38.94161168,-76.91570699
01,03,,,99,,,,,00,AE47290005,06.01,01-13-2015,15:15:00,PC02/PAT,N,N,BACOPD,UNK,02,00,,,,,,,,,,,,,,39.37086692,-76.79827452
03,03,,,17,,,,,04,AE43150005,06.01,01-16-2015,01:47:00,PC09/927,N,N,BACOPD,UNK,09,16,,,,,,,,,,,,,,39.32477029,-76.48883343
03,03,,,11,,,,,00,AE4124002C,06.01,01-15-2015,18:05:00,,Y,N,BACOPD,UNK,01,00,,,,,,,,,,,,,,39.36905051,-76.45117521
04,14,,,17,,,,,88,MSP6101001K,06.01,02-01-2015,01:36:00,00,N,N,MSP,UNK,09,00,,,,,,,,,,,,,,39.23277567,-76.06945633
03,24,,,88,,,,,00,ADJ6520003,06.01,01-31-2015,23:25:00,CAD 3321,N,N,BALTIMORE,UNK,01,00,,,,,,,,,,,,,,39.28296169,-76.60178661
03,03,,,88,,,,,02,AE5780000B,06.01,01-31-2015,21:43:00,,N,N,BACOPD,UNK,02,09,,,,,,,,,,,,,,39.38579452,-76.75357819
01,24,,,17,,,,,08,ADH2680007,88,01-31-2015,16:30:00,,N,N,BALTIMORE,UNK,09,09,,,,,,,,,,,,,,39.29258586,-76.70137167
01,03,,,11,,,,,00,AE5273000M,88,01-31-2015,15:34:00,,N,N,BACOPD,UNK,01,00,,,,,,,,,,,,,,39.33530152,-76.48574352
03,03,,,88,,,,,00,AE5630000C,00,01-30-2015,19:20:00,115,N,N,BACOPD,UNK,01,01,,,,,,,,,,,,,,39.28960492,-76.73017859
03,16,,,03,,,,,00,DA18900004,00,01-30-2015,23:50:00,,N,N,PGCOPD,UNK,01,00,,,,,,,,,,,,,,38.79222557,-77.01087713
01,15,,,88,,,,,00,MCP94160001,06.01,01-31-2015,11:52:00,55214,N,N,MONTGOMERY,UNK,01,00,,,,,,,,,,,,,,39.11529167,-77.21757167
01,16,,,06,,,,,00,MSP49820009,00,01-30-2015,11:21:00,6,N,N,MSP,UNK,02,00,,,,,,,,,,,,,,38.82362745,-76.77456379
03,24,,,17,,,,,07,ADJ6300001,06.01,01-30-2015,23:00:00,CAD#3504,N,N,BALTIMORE,UNK,09,00,,,,,,,,,,,,,,39.29203992,-76.56336397
03,24,,,11,,,,,00,ADJ5590002,00,01-30-2015,20:00:00,,N,N,BALTIMORE,UNK,02,00,,,,,,,,,,,,,,39.30611683,-76.67274177
01,02,,,17,,,,,02,AC19500010,06.01,01-30-2015,09:15:00,5C3,N,N,AACOPD,UNK,09,00,,,,,,,,,,,,,,39.08188966,-76.69020295
01,24,,,99,,,,,00,ADF051001Y,06.01,01-13-2015,09:50:00,CAD#0723,N,N,BALTIMORE,UNK,01,00,,,,,,,,,,,,,,39.29338518,-76.59752995
05.02,21,,,88,,,,,00,MSP5953002W,06.01,01-23-2015,07:15:00,,N,N,MSP,UNK,03,00,,,,,,,,,,,,,,39.557985,-77.715579
03,02,,,11,,,,,11,AC1858000B,06.01,01-23-2015,00:31:00,2B1,N,N,AACOPD,UNK,09,01,,,,,,,,,,,,,,39.204005,-76.59002167
01,03,,,17,,,,,11,AE50110007,03,01-18-2015,14:30:00,,N,N,BACOPD,UNK,09,00,,,,,,,,,,,,,,39.30911575,-76.4635241
01,16,,,88,,,,,00,DA2893000G,03,01-12-2015,11:11:00,,N,N,PGCOPD,UNK,03,00,,,,,,,,,,,,,,39.03124429,-76.9094789
05.02,16,,,88,,,,,88,DA3947000C,06.01,01-30-2015,07:05:00,,N,N,PGCOPD,UNK,10,88,,,,,,,,,,,,,,38.78447329,-76.91053033
01,16,,,17,,,,,10,DA39050003,03,01-29-2015,16:19:00,,N,N,PGCOPD,UNK,09,00,,,,,,,,,,,,,,39.256,-76.569
01,24,,,11,,,,,00,ADH8460002,07.01,01-29-2015,12:13:00,1144,N,N,BALTIMORE,UNK,01,00,,,,,,,,,,,,,,39.27744001,-76.566993
01,06,,,88,,,,,00,ZF02880007,07.01,01-28-2015,15:53:00,,N,N,CARROLL,UNK,02,00,,,,,,,,,,,,,,39.56452765,-77.17758179
03,24,,,07,,,,,00,ADG8960002,07.01,01-28-2015,18:26:00,2542,N,N,BALTIMORE,UNK,02,00,,,,,,,,,,,,,,39.27344417,-76.62779331
01,24,,,11,,,,,00,ADF4510004,06.01,01-28-2015,17:00:00,2142,N,N,BALTIMORE,UNK,01,00,,,,,,,,,,,,,,39.34413856,-76.65832758
06.02,12,,,17,,,,,07,ZG04920004,05,01-28-2015,16:00:00,,N,N,CECIL,UNK,09,00,,,,,,,,,,,,,,39.70365802,-76.2530458
00,21,,,88,,,,,00,BX48660001,00,01-28-2015,00:00:00,,N,N,HAGERSTOWN,UNK,02,00,,,,,,,,,,,,,,39.64233316,-77.71941885
04,13,,,17,,,,,23.03,CB57330006,03,01-24-2015,02:36:00,F3,N,N,HOCPD,UNK,09,00,,,,,,,,,,,,,,39.21494869,-76.97083712
05.02,12,,,17,,,,,07,ZL07820002,09.04,01-18-2015,23:42:00,10-50,N,N,HARFORD,UNK,16,09,,,,,,,,,,,,,,39.42898361,-76.3338232
99,03,,,07,,,,,00,AE48470004,06.01,01-15-2015,18:00:00,,N,N,BACOPD,UNK,02,00,,,,,,,,,,,,,,39.30023277,-76.51814461
03,16,,,17,,,,,02,DA37860006,06.01,01-16-2015,00:22:00,,N,N,PGCOPD,UNK,09,09,,,,,,,,,,,,,,38.90442191,-76.84616804
01,24,,,07,,,,,00,ADH5840004,06.01,01-12-2015,09:00:00,860,N,N,BALTIMORE,UNK,02,00,,,,,,,,,,,,,,39.35162221,-76.68628693
03,21,,,01,,,,,04,BX39080001,07.01,01-15-2015,00:34:00,,N,N,HAGERSTOWN,UNK,09,00,,,,,,,,,,,,,,39.63362999,-77.70352006
01,24,,,88,,,,,00,BSPDA1660002,06.01,01-28-2015,15:10:00,,N,N,BALTIMORESCHOOL,UNK,02,00,,,,,,,,,,,,,,39.35005419,-76.6838944