LIGHT_CODE,COUNTY_NO,MUNI_CODE,JUNCTION_CODE,COLLISION_TYPE_CODE,SURF_COND_CODE,LANE_CODE,RD_COND_CODE,RD_DIV_CODE,FIX_OBJ_CODE,REPORT_NO,WEATHER_CODE,ACC_DATE,ACC_TIME,LOC_CODE,SIGNAL_FLAG,C_M_ZONE_FLAG,AGENCY_CODE,AREA_CODE,HARM_EVENT_CODE1,HARM_EVENT_CODE2,RTE_NO,ROUTE_TYPE_CODE,RTE_SUFFIX,LOG_MILE,LOGMILE_DIR_FLAG,MAINROAD_NAME,DISTANCE,FEET_MILES_FLAG,DISTANCE_DIR_FLAG,REFERENCE_NO,REFERENCE_TYPE_CODE,REFERENCE_SUFFIX,REFERENCE_ROAD_NAME,LATITUDE,LONGITUDE
03,03,,,11,,,,,00,ADJ2690002,03,01-03-2015,18:20:00,1796,N,N,BALTIMORE,UNK,01,00,,,,,,,,,,,,,,39.36777734,-76.56576321
01,02,,,17,,,,,02,AC1926000W,03,01-03-2015,12:45:00,4A1,N,N,AACOPD,UNK,09,00,,,,,,,,,,,,,,38.98776813,-76.54925823
01,24,,,03,,,,,00,ADJ5510001,06.01,01-02-2015,09:52:00,6B21,N,N,BALTIMORE,UNK,02,02,,,,,,,,,,,,,,39.31493473,-76.67711377
99,03,,,99,,,,,00,AE36030005,06.01,01-02-2015,00:00:00,PC03,N,N,BACOPD,UNK,02,00,,,,,,,,,,,,,,39.34773529,-76.40900284
01,10,,,17,,,,,07,AP01300005,12.04,01-03-2015,08:15:00,,N,N,BRUNSWICK,UNK,09,00,,,,,,,,,,,,,,39.32580149,-77.60365337
03,15,,,17,,,,,07,MCP24980007,06.01,01-02-2015,21:30:00,45212,N,N,MONTGOMERY,UNK,09,09,,,,,,,,,,,,,,39.184665,-77.26295
04,20,,,88,,,,,00,BJ0165000G,06.01,01-02-2015,08:33:00,BJ8020,N,N,EASTON,UNK,02,02,,,,,,,,,,,,,,38.78392968,-76.08508587
01,15,,,03,,,,,00,MCP2736001N,00,01-02-2015,16:05:00,55222,N,N,MONTGOMERY,UNK,01,01,,,,,,,,,,,,,,38.97931991,-77.09892869
01,02,,,17,,,,,02,AC1739000P,06.01,01-01-2015,10:15:00,4A1,N,N,AACOPD,UNK,09,00,,,,,,,,,,,,,,38.98476592,-76.55850649
01,16,,,88,,,,,00,DA23740002,07.01,01-02-2015,14:13:00,,N,N,PGCOPD,UNK,01,00,,,,,,,,,,,,,,38.99014897,-76.87958837
01,12,,,88,,,,,00,AA0120000K,06.01,01-02-2015,15:49:00,,N,N,ABERDEEN,UNK,02,00,,,,,,,,,,,,,,39.5232475,-76.18334591
01,02,,,00,,,,,00,AC1953000Y,06.01,01-02-2015,12:39:00,4B3,N,N,AACOPD,UNK,03,19,,,,,,,,,,,,,,38.92838968,-76.561434
07.88,24,,,99,,,,,00,ADI2800001,00,01-02-2015,02:00:00,CAD44,N,N,BALTIMORE,UNK,02,00,,,,,,,,,,,,,,39.35878982,-76.58834338
03,03,,,03,,,,,00,ADJ4090001,06.01,01-01-2015,17:00:00,,N,N,BALTIMORE,UNK,00,00,,,,,,,,,,,,,,39.32720416,-76.57657117
01,18,,,01,,,,,00,ZR03090007,06.01,01-01-2015,14:13:00,000115,N,N,STMARYS,UNK,01,00,,,,,,,,,,,,,,38.29793707,-76.5132992
07.88,03,,,07,,,,,00,AE57940008,00,01-02-2015,00:00:00,,N,N,BACOPD,UNK,02,00,,,,,,,,,,,,,,39.34437918,-76.73185229
01,16,,,17,,,,,06,DA39470009,03,01-12-2015,12:19:00,,N,N,PGCOPD,UNK,16,11,,,,,,,,,,,,,,38.79413215,-76.81093454
01,03,,,88,,,,,00,AE5593000F,06.01,01-10-2015,13:17:00,,N,N,BACOPD,UNK,03,00,,,,,,,,,,,,,,39.47034046,-76.64186954
06.02,24,,,88,,,,,00,ADJ0790003,06.01,01-11-2015,17:30:00,1776,N,N,BALTIMORE,UNK,02,00,,,,,,,,,,,,,,39.2962143,-76.58769965
03,13,,,88,,,,,00,CB53770004,06.01,01-09-2015,21:06:00,,N,N,HOCPD,UNK,03,03,,,,,,,,,,,,,,39.16412441,-76.88936234
04,06,,,17,,,,,02,ZF04430009,12.04,01-12-2015,00:24:00,,N,N,CARROLL,UNK,09,00,,,,,,,,,,,,,,39.47633649,-77.07658052
04,10,,,05,,,,,00,ZJ0338000C,09.04,01-11-2015,23:52:00,,N,N,FREDERICK,UNK,16,01,,,,,,,,,,,,,,39.412911,-77.499369
03,03,,,01,,,,,00,AE49270005,06.01,01-11-2015,08:35:00,PC08,N,N,BACOPD,UNK,01,02,,,,,,,,,,,,,,39.38044583,-76.53689861
01,15,,,88,,,,,00,EJ7847000Q,06.01,01-11-2015,15:00:00,54142,N,N,GAITHERSBURG,UNK,03,00,,,,,,,,,,,,,,39.15674,-77.20306167
03,24,,,03,,,,,00,ADJ3860001,06.01,01-10-2015,22:00:00,1711,N,N,BALTIMORE,UNK,00,02,,,,,,,,,,,,,,39.28034575,-76.57084465
01,02,,,88,,,,,00,AC1895000Y,00,01-10-2015,16:01:00,3B2,N,N,AACOPD,UNK,01,00,,,,,,,,,,,,,,39.1355945,-76.62271857
01,02,,,08,,,,,00,AC1859000V,06.01,01-09-2015,14:49:00,2D2,N,N,AACOPD,UNK,01,00,,,,,,,,,,,,,,39.13842388,-76.60819173
01,18,,,17,,,,,00,ZR0290000S,06.01,01-08-2015,16:57:00,002515,N,N,STMARYS,UNK,03,00,,,,,,,,,,,,,,38.29680142,-76.63545907
04,04,,,17,,,,,11,ZD5880000D,00,01-07-2015,22:52:00,,N,N,CALVERT,UNK,09,00,,,,,,,,,,,,,,38.53067885,-76.64263666
99,03,,,99,,,,,00,AE57010005,99,01-08-2015,12:30:00,"11, 1143",N,N,BACOPD,UNK,02,00,,,,,,,,,,,,,,39.3065921,-76.4420557
01,10,,,99,,,,,00,ZJ04480038,09.04,01-12-2015,08:00:00,,N,N,FREDERICK,UNK,01,00,,,,,,,,,,,,,,39.32603862,-77.35006482
01,15,,,17,,,,,88,MCP20460034,03,01-12-2015,08:56:00,55112,Y,N,MONTGOMERY,UNK,09,00,,,,,,,,,,,,,,38.99337833,-77.0319
03,24,,,03,,,,,00,ADJ5680001,07.01,01-11-2015,23:30:00,CAD#2599,Y,N,BALTIMORE,UNK,01,00,,,,,,,,,,,,,,39.32934315,-76.56381726
03,16,,,17,,,,,88,CE45060007,06.01,01-10-2015,22:45:00,5,N,N,LAUREL,UNK,19,00,,,,,,,,,,,,,,39.09449745,-76.83938742
01,15,,,08,,,,,00,MCP2470000M,06.01,01-09-2015,16:06:00,55222,Y,N,MONTGOMERY,UNK,01,01,,,,,,,,,,,,,,39.171082,-77.208687
04,07,,,88,,,,,00,MSP4027000M,06.01,01-11-2015,19:57:00,,N,N,MSP,UNK,02,00,,,,,,,,,,,,,,39.606778,-75.833271
03,15,,,88,,,,,00,MCP21670007,06.01,01-10-2015,01:08:00,55114,N,N,MONTGOMERY,UNK,01,00,,,,,,,,,,,,,,38.98902167,-77.09576333
99,03,,,99,,,,,00,AE4455000C,00,01-10-2015,00:00:00,,N,N,BACOPD,UNK,02,00,,,,,,,,,,,,,,39.49191215,-76.64800644
01,15,,,03,,,,,00,MCP2456000F,06.01,01-11-2015,11:27:00,55212,N,N,MONTGOMERY,UNK,01,00,,,,,,,,,,,,,,38.99964333,-76.99397
99,24,,,99,,,,,00,ADJ2360002,00,01-08-2015,15:00:00,,N,N,BALTIMORE,UNK,02,00,,,,,,,,,,,,,,39.34817087,-76.66013539
01,08,,,17,,,,,00,ZH03000003,06.01,01-07-2015,13:45:00,,N,N,CHARLES,UNK,03,00,,,,,,,,,,,,,,38.55553222,-76.8432498
01,15,,,07,,,,,00,MCP2736001M,00,01-02-2015,11:00:00,55222,N,N,MONTGOMERY,UNK,02,00,,,,,,,,,,,,,,38.98213053,-77.09325314
03,22,,,17,,,,,00,DE0196001S,06.01,01-01-2015,01:44:00,,N,N,SALISBURY,UNK,09,00,,,,,,,,,,,,,,38.36597117,-75.61765194
01,24,,,99,,,,,00,BSPDA1760001,06.01,01-09-2015,11:30:00,,N,N,BALTIMORESCHOOL,UNK,02,00,,,,,,,,,,,,,,39.30697397,-76.59888983
01,22,,,88,,,,,00,HZ01310002,06.01,01-09-2015,12:00:00,,N,N,SALISBURYUNIV,UNK,02,00,,,,,,,,,,,,,,38.34586352,-75.59874773
01,24,,,17,,,,,07,ADJ4470001,08.04,01-06-2015,16:00:00,CAD 1099,N,N,BALTIMORE,UNK,09,00,,,,,,,,,,,,,,39.37011424,-76.67608649
01,13,,,88,,,,,00,CB53780005,03,01-12-2015,11:15:00,,N,N,HOCPD,UNK,02,00,,,,,,,,,,,,,,39.27877614,-76.85874224
03,16,,,17,,,,,00,CC02410007,03,01-11-2015,22:06:00,,N,N,HYATTSVILLE,UNK,03,00,,,,,,,,,,,,,,39.66068502,-77.25036621
03,02,,,11,,,,,00,AC2009000Y,06.01,01-09-2015,18:10:00,3B3,N,N,AACOPD,UNK,01,00,,,,,,,,,,,,,,39.11803109,-76.63236916
00,16,,,88,,,,,00,DA37970006,06.01,01-09-2015,00:00:00,,N,N,PGCOPD,UNK,02,00,,,,,,,,,,,,,,38.66125221,-76.77692413
01,07,,,88,,,,,00,MSP5035000R,06.01,01-08-2015,13:50:00,,N,N,MSP,UNK,01,00,,,,,,,,,,,,,,39.61104817,-75.95097417
01,03,,,88,,,,,00,AE48770009,06.01,01-12-2015,13:30:00,,N,N,BACOPD,UNK,02,00,,,,,,,,,,,,,,39.51562915,-76.55788422
03,03,,,88,,,,,00,AE50080005,00,01-10-2015,23:52:00,,N,N,BACOPD,UNK,02,00,,,,,,,,,,,,,,39.35482865,-76.76224709
03,02,,,88,,,,,00,AB49750004,06.01,01-10-2015,22:51:00,,N,N,ANNAPOLIS,UNK,02,01,,,,,,,,,,,,,,38.97823566,-76.49469405
01,03,,,17,,,,,02,AE56470009,06.01,01-10-2015,08:00:00,,N,N,BACOPD,UNK,09,09,,,,,,,,,,,,,,39.28468899,-76.75814867
01,24,,,08,,,,,00,ADI0870001,06.01,01-10-2015,11:15:00,,N,N,BALTIMORE,UNK,02,00,,,,,,,,,,,,,,39.32858224,-76.63174488
07.88,03,,,88,,,,,00,AE5702000C,06.01,01-09-2015,16:50:00,,N,N,BACOPD,UNK,02,00,,,,,,,,,,,,,,39.32758375,-76.4408648
01,16,,,03,,,,,00,DA37020002,06.01,01-05-2015,15:00:00,,N,N,PGCOPD,UNK,01,00,,,,,,,,,,,,,,38.75445978,-76.9898057
01,03,,,17,,,,,07,AE5593000D,06.01,01-09-2015,12:08:00,,N,N,BACOPD,UNK,09,00,,,,,,,,,,,,,,39.47581475,-76.63540542
03,24,,,03,,,,,00,ADJ3850003,06.01,01-10-2015,18:14:00,1890,N,N,BALTIMORE,UNK,02,00,,,,,,,,,,,,,,39.2830738,-76.60274416
01,24,,,01,,,,,00,ADJ2150002,06.01,01-10-2015,13:35:00,1209,N,N,BALTIMORE,UNK,01,00,,,,,,,,,,,,,,39.31761579,-76.61646366
01,18,,,17,,,,,09,ZR0269000V,06.01,01-10-2015,10:48:00,003315,N,N,STMARYS,UNK,09,00,,,,,,,,,,,,,,38.28637447,-76.47907555
01,04,,,11,,,,,00,MSP4816000K,06.01,01-09-2015,10:34:00,,N,N,MSP,UNK,01,00,,,,,,,,,,,,,,38.55126106,-76.59240022
03,16,,,17,,,,,02,DA37250004,06.01,01-09-2015,22:12:00,16,N,N,PGCOPD,UNK,09,00,,,,,,,,,,,,,,38.83352337,-76.90026283
04,15,,,17,,,,,00,MCP2654000L,06.01,01-09-2015,21:23:00,54242,N,N,MONTGOMERY,UNK,03,00,,,,,,,,,,,,,,38.99605167,-77.02778
01,04,,,88,,,,,00,ZD4745000G,06.01,01-09-2015,15:48:00,,N,N,CALVERT,UNK,02,00,,,,,,,,,,,,,,38.67035813,-76.60265565
01,03,,,88,,,,,00,AE45210004,06.01,01-10-2015,14:18:00,,N,N,BACOPD,UNK,01,00,,,,,,,,,,,,,,39.2485397,-76.66872382
01,16,,,09,,,,,00,DA30200008,06.01,01-08-2015,14:36:00,,N,N,PGCOPD,UNK,01,00,,,,,,,,,,,,,,38.76926736,-76.88766718
01,03,,,99,,,,,00,AE51010006,06.01,01-10-2015,11:30:00,,N,N,BACOPD,UNK,02,00,,,,,,,,,,,,,,39.37291551,-76.56366706
01,24,,,06,,,,,00,ADE4590003,00,01-10-2015,10:50:00,0813,N,N,BALTIMORE,UNK,01,00,,,,,,,,,,,,,,39.29782504,-76.58713102
01,20,,,88,,,,,00,ZT00260001,06.01,01-09-2015,15:23:00,,N,N,TALBOT,UNK,01,00,,,,,,,,,,,,,,38.87792937,-75.99105835
01,18,,,03,,,,,00,ZR01290009,06.01,01-09-2015,15:09:00,002815,N,N,STMARYS,UNK,02,00,,,,,,,,,,,,,,38.2429833,-76.493361
03,02,,,17,,,,,04,AC1826000C,06.01,01-10-2015,01:30:00,3A2,N,N,AACOPD,UNK,09,00,,,,,,,,,,,,,,39.14080796,-76.52859986
01,16,,,99,,,,,00,DA30200006,06.01,01-09-2015,15:58:00,,N,N,PGCOPD,UNK,03,00,,,,,,,,,,,,,,38.78310171,-76.89661503
03,21,,,01,,,,,00,ZU69310005,06.01,01-09-2015,18:22:00,07070,N,N,WASHINGTON,UNK,02,02,,,,,,,,,,,,,,39.62402042,-77.68601248
03,03,,,88,,,,,00,AE5279000D,06.01,01-09-2015,18:59:00,,N,N,BACOPD,UNK,02,00,,,,,,,,,,,,,,39.3225958,-76.50454044
03,15,,,17,,,,,11,MCP2737000V,06.01,01-08-2015,05:31:00,54112,N,N,MONTGOMERY,UNK,09,00,,,,,,,,,,,,,,39.22911667,-77.085975
04,03,,,88,,,,,07,AE26380011,06.01,01-07-2015,20:39:00,,N,N,BACOPD,UNK,09,02,,,,,,,,,,,,,,39.27005854,-76.49048433
03,03,,,01,,,,,00,AE2989001S,06.01,01-07-2015,17:21:00,,N,N,BACOPD,UNK,02,00,,,,,,,,,,,,,,39.37116551,-76.50669694
01,03,,,11,,,,,00,AE5273000H,06.01,01-09-2015,13:55:00,,N,N,BACOPD,UNK,01,00,,,,,,,,,,,,,,39.33661263,-76.48810387
01,24,,,17,,,,,08,HF02200001,08.04,01-09-2015,10:50:00,,N,N,COPPIN,UNK,09,00,,,,,,,,,,,,,,39.30833542,-76.65881038
99,03,,,99,,,,,00,AE56640005,08.04,01-07-2015,00:00:00,,N,N,BACOPD,UNK,02,00,,,,,,,,,,,,,,39.3134323,-76.46355629
01,16,,,17,,,,,88,DA38430004,00,01-08-2015,13:18:00,,N,N,PGCOPD,UNK,09,00,,,,,,,,,,,,,,38.84731079,-76.83260143
01,22,,,17,,,,,10,GS04330005,06.01,01-08-2015,09:00:00,,N,N,FRUITLAND,UNK,09,00,,,,,,,,,,,,,,38.32869398,-75.61128438
03,24,,,07,,,,,00,ADI3870009,06.01,01-08-2015,20:20:00,2257,N,N,BALTIMORE,UNK,02,00,,,,,,,,,,,,,,39.30210078,-76.59641147
01,03,,,99,,,,,00,AE56880004,06.01,01-05-2015,12:00:00,WO1,N,N,BACOPD,UNK,02,00,,,,,,,,,,,,,,39.2912158,-76.71834469
04,24,,,17,,,,,02,ADF051001W,06.01,01-05-2015,18:20:00,CAD#2633,N,N,BALTIMORE,UNK,09,00,,,,,,,,,,,,,,39.29015152,-76.60722613
01,03,,,00,,,,,00,AE49260009,06.01,01-08-2015,14:35:00,,N,N,BACOPD,UNK,01,00,,,,,,,,,,,,,,39.40435833,-76.7610991
01,13,,,17,,,,,04,CB5498000G,08.04,01-08-2015,12:36:00,E2,N,N,HOCPD,UNK,11,00,,,,,,,,,,,,,,39.13595234,-76.82492495
01,15,,,99,,,,,00,MCP2889000G,00,01-02-2015,15:07:00,,N,N,MONTGOMERY,UNK,02,00,,,,,,,,,,,,,,39.03550085,-77.054919
01,21,,,88,,,,,00,BX50840003,00,01-07-2015,16:45:00,BX,N,N,HAGERSTOWN,UNK,19,02,,,,,,,,,,,,,,39.6661567,-77.71644831
01,22,,,11,,,,,00,DE21890002,07.01,01-03-2015,12:40:00,8270,N,N,SALISBURY,UNK,01,00,,,,,,,,,,,,,,38.41698924,-75.56419015
03,24,,,03,,,,,99,ADF4900001,08.04,01-07-2015,02:52:00,,Y,N,BALTIMORE,UNK,01,00,,,,,,,,,,,,,,39.34041304,-76.66505456
03,15,,,01,,,,,00,MCP29620005,06.01,01-06-2015,22:45:00,54222,N,N,MONTGOMERY,UNK,01,00,,,,,,,,,,,,,,39.14691667,-77.27358833
99,03,,,99,,,,,00,AE55310007,99,01-05-2015,16:00:00,PC06 629,N,N,BACOPD,UNK,02,00,,,,,,,,,,,,,,39.46365643,-76.63723469
01,10,,,17,,,,,02,BS0491000D,12.04,01-06-2015,15:25:00,,N,N,FREDERICKPD,UNK,09,00,,,,,,,,,,,,,,39.416764,-77.447036
01,24,,,99,,,,,00,ADJ4930004,08.04,01-06-2015,14:29:00,8B32,N,N,BALTIMORE,UNK,02,00,,,,,,,,,,,,,,39.26184036,-76.67574048
03,03,,,88,,,,,00,AE57970006,00,01-06-2015,17:05:00,,N,N,BACOPD,UNK,02,00,,,,,,,,,,,,,,39.36610653,-76.7541334
06.02,06,,,17,,,,,00,MSP64980007,08.04,01-06-2015,16:47:00,,N,N,MSP,UNK,18,00,,,,,,,,,,,,,,39.591624,-76.84456417
01,12,,,17,,,,,18.88,ZL0656000F,08.04,01-06-2015,13:27:00,,N,N,HARFORD,UNK,16,09,,,,,,,,,,,,,,39.5534437,-76.43261433
01,16,,,17,,,,,02,DA28780002,08.04,01-06-2015,11:20:00,,N,N,PGCOPD,UNK,09,09,,,,,,,,,,,,,,38.86758855,-76.91270828
01,16,,,17,,,,,07,DA28350002,12.04,01-06-2015,10:46:00,,N,N,PGCOPD,UNK,09,16,,,,,,,,,,,,,,38.901508,-76.83354288
01,12,,,17,,,,,04,ZL03850002,08.04,01-06-2015,10:57:00,,N,N,HARFORD,UNK,16,09,,,,,,,,,,,,,,39.52919727,-76.37602857
01,12,,,17,,,,,11,ZL03850001,08.04,01-06-2015,10:24:00,,N,N,HARFORD,UNK,16,09,,,,,,,,,,,,,,39.5194262,-76.40182667
01,02,,,08,,,,,88,AB26960029,00,01-02-2015,15:45:00,,N,N,ANNAPOLIS,UNK,01,01,,,,,,,,,,,,,,38.99357206,-76.44287109
01,20,,,03,,,,,00,MSP6082000W,06.01,01-06-2015,14:00:00,,Y,N,MSP,UNK,01,00,,,,,,,,,,,,,,38.74248433,-76.06670733
01,17,,,17,,,,,11,MSP6379000S,07.01,01-06-2015,13:24:00,,N,N,MSP,UNK,16,09,,,,,,,,,,,,,,39.19599917,-75.93842733
01,16,,,01,,,,,00,DS0337000D,08.04,01-06-2015,13:15:00,,N,N,UMCP,UNK,02,00,,,,,,,,,,,,,,38.99252868,-76.94294885
01,02,,,11,,,,,00,AC16560015,08.04,01-06-2015,10:43:00,A2,N,N,AACOPD,UNK,01,00,,,,,,,,,,,,,,39.20437928,-76.61452233
01,15,,,17,,,,,02,MCP1252000G,06.01,01-02-2015,16:37:00,55112,N,N,MONTGOMERY,UNK,09,00,,,,,,,,,,,,,,39.17457167,-77.27236333
01,02,,,17,,,,,88,AC12870002,08.04,01-06-2015,10:04:00,2B1,N,N,AACOPD,UNK,09,00,,,,,,,,,,,,,,39.21341917,-76.67620182
01,02,,,11,,,,,00,AC1846000P,08.04,01-06-2015,08:41:00,4A2,Y,N,AACOPD,UNK,01,00,,,,,,,,,,,,,,38.9796702,-76.54301405
01,16,,,88,,,,,00,HB03350002,12.04,01-06-2015,08:21:00,,N,N,PGPARK,UNK,02,00,,,,,,,,,,,,,,38.81309833,-76.74477667
04,16,,,17,,,,,04,DA38650002,08.04,01-06-2015,06:54:00,916,N,N,PGCOPD,UNK,09,00,,,,,,,,,,,,,,39.0701584,-76.85524732
03,03,,,88,,,,,00,AE4379001Y,06.01,01-05-2015,21:03:00,,N,N,BACOPD,UNK,04,00,,,,,,,,,,,,,,39.41136304,-76.52767181
01,02,,,11,,,,,00,AC13200016,06.01,01-02-2015,15:53:00,5D1,N,N,AACOPD,UNK,01,00,,,,,,,,,,,,,,39.01723,-76.69383833
03,03,,,88,,,,,00,AE2638000Z,06.01,01-05-2015,00:00:00,,N,N,BACOPD,UNK,02,00,,,,,,,,,,,,,,39.29172647,-76.52128279
01,02,,,88,,,,,00,AB33580003,06.01,01-05-2015,13:31:00,,N,N,ANNAPOLIS,UNK,01,00,,,,,,,,,,,,,,38.95111571,-76.48881197
01,24,,,09,,,,,88,ADI6220001,06.01,01-05-2015,11:50:00,5B36,N,N,BALTIMORE,UNK,02,02,,,,,,,,,,,,,,39.31730037,-76.67358398
01,24,,,07,,,,,00,ADJ1790001,06.01,01-05-2015,09:30:00,5B35,N,N,BALTIMORE,UNK,01,01,,,,,,,,,,,,,,39.33561063,-76.63663924
01,16,,,11,,,,,00,BE00720001,06.01,01-01-2015,13:40:00,,N,N,DISTHEIGHTS,UNK,01,00,,,,,,,,,,,,,,38.85561705,-76.90152884
03,03,,,17,,,,,00,AE52260008,00,01-04-2015,22:05:00,PC09,N,N,BACOPD,UNK,02,00,,,,,,,,,,,,,,39.35786073,-76.49851084
01,03,,,99,,,,,00,AE57260007,03,01-03-2015,13:42:00,,N,N,BACOPD,UNK,02,00,,,,,,,,,,,,,,39.28238038,-76.75450087
01,02,,,17,,,,,07,AC1048000N,06.01,01-05-2015,12:20:00,3D1,N,N,AACOPD,UNK,09,09,,,,,,,,,,,,,,39.0280941,-76.5020072
03,24,,,17,,,,,08,ADJ2410001,03,01-04-2015,20:06:00,9C22,Y,N,BALTIMORE,UNK,00,00,,,,,,,,,,,,,,39.25847389,-76.6366446
01,15,,,17,,,,,04,MCP2667000J,07.01,01-04-2015,10:41:00,55112,N,N,MONTGOMERY,UNK,16,00,,,,,,,,,,,,,,39.15280667,-77.20861667
01,16,,,17,,,,,08,AZ16890004,07.01,01-04-2015,10:40:00,,Y,N,CHEVERLY,UNK,09,00,,,,,,,,,,,,,,38.93083779,-76.89923286
03,18,,,88,,,,,00,MSP6168000X,07.01,01-03-2015,20:30:00,,N,N,MSP,UNK,02,00,,,,,,,,,,,,,,38.30627567,-76.52998267
04,24,,,00,,,,,05,ADJ6420007,03,01-04-2015,06:07:00,,N,N,BALTIMORE,UNK,09,11,,,,,,,,,,,,,,39.36254133,-76.57825962
04,04,,,17,,,,,11,ZD5880000C,03,01-03-2015,22:04:00,,N,N,CALVERT,UNK,09,00,,,,,,,,,,,,,,38.51814506,-76.6007781
03,06,,,88,,,,,00,MSP60840015,03,01-03-2015,20:50:00,,N,N,MSP,UNK,02,00,,,,,,,,,,,,,,39.37529817,-77.1554345
01,08,,,01,,,,,88,ZH0543000J,07.01,01-04-2015,14:16:00,,N,N,CHARLES,UNK,02,00,,,,,,,,,,,,,,38.5814107,-76.76967144
04,16,,,17,,,,,06,DA31810003,03,01-04-2015,06:00:00,916,N,N,PGCOPD,UNK,16,16,,,,,,,,,,,,,,39.06733044,-76.874578
03,16,,,88,,,,,00,DA38260008,03,01-03-2015,03:29:00,,N,N,PGCOPD,UNK,02,00,,,,,,,,,,,,,,38.77337445,-76.99445128
01,15,,,03,,,,,00,MCP2867000S,06.01,01-02-2015,13:22:00,55222,N,N,MONTGOMERY,UNK,02,00,,,,,,,,,,,,,,39.039484,-76.990443
06.02,08,,,88,,,,,00,ZH05020008,03,01-03-2015,17:32:00,,N,N,CHARLES,UNK,01,00,,,,,,,,,,,,,,38.65093667,-76.88234667
01,15,,,88,,,,,00,DD5605000V,03,01-03-2015,13:06:00,5522,N,N,ROCKVILLE,UNK,02,00,,,,,,,,,,,,,,39.10332667,-77.12835833
01,13,,,88,,,,,00,CB4707000S,03,01-03-2015,10:00:00,F1,N,N,HOCPD,UNK,02,00,,,,,,,,,,,,,,39.34876833,-77.06768667
01,15,,,17,,,,,05,MCP2689000R,03,01-03-2015,11:16:00,55212,N,N,MONTGOMERY,UNK,09,00,,,,,,,,,,,,,,39.10305167,-77.26545
01,15,,,17,,,,,02,MCP22540003,12.04,01-03-2015,08:38:00,54312,N,N,MONTGOMERY,UNK,09,00,,,,,,,,,,,,,,39.24463,-77.262015
03,19,,,17,,,,,04,JB33150003,02,01-04-2015,03:04:00,,N,N,UMES,UNK,09,09,,,,,,,,,,,,,,38.21308046,-75.68627357
88,13,,,06,,,,,11,CB52660002,03,01-03-2015,00:00:00,,N,N,HOCPD,UNK,01,09,,,,,,,,,,,,,,39.18533338,-76.92805052
04,16,,,17,,,,,10,DA39470006,03,01-03-2015,18:25:00,,N,N,PGCOPD,UNK,09,11,,,,,,,,,,,,,,38.71424632,-76.85522318
03,08,,,08,,,,,00,ZH05020009,00,01-03-2015,19:04:00,,N,N,CHARLES,UNK,02,00,,,,,,,,,,,,,,38.615675,-76.92319167
04,03,,,02,,,,,00,AE56270009,03,01-03-2015,18:54:00,,N,N,BACOPD,UNK,01,01,,,,,,,,,,,,,,39.39831464,-76.58646584
01,03,,,99,,,,,00,AE54250004,06.01,01-03-2015,14:30:00,,N,N,BACOPD,UNK,01,00,,,,,,,,,,,,,,39.40158941,-76.57443881
04,02,,,17,,,,,11,AC1503000Y,06.01,01-01-2015,17:48:00,,N,N,AACOPD,UNK,09,00,,,,,,,,,,,,,,39.10640715,-76.59740613
03,24,,,02,,,,,00,ADF8040003,06.01,01-03-2015,04:15:00,969,N,N,BALTIMORE,UNK,02,00,,,,,,,,,,,,,,39.27365181,-76.62718177
01,18,,,11,,,,,00,ZR0271000G,06.01,01-02-2015,13:48:00,000315,N,N,STMARYS,UNK,02,00,,,,,,,,,,,,,,38.291452,-76.625218
01,22,,,88,,,,,02,DE1193000C,06.01,01-02-2015,13:29:00,,N,N,SALISBURY,UNK,09,00,,,,,,,,,,,,,,38.35782783,-75.59952021
03,24,,,01,,,,,00,ADJ6420001,00,01-03-2015,00:56:00,,Y,N,BALTIMORE,UNK,01,00,,,,,,,,,,,,,,39.31348542,-76.54034525
01,15,,,17,,,,,00,DD5508000L,06.01,01-02-2015,11:51:00,5424-2,N,N,ROCKVILLE,UNK,03,00,,,,,,,,,,,,,,39.09749501,-77.19245195
00,02,,,03,,,,,00,AC1729000H,08.04,01-06-2015,17:15:00,4A2,N,N,AACOPD,UNK,01,00,,,,,,,,,,,,,,38.97386513,-76.5518117
03,10,,,17,,,,,10,BS0382000B,06.01,01-05-2015,20:17:00,,N,N,FREDERICKPD,UNK,09,00,,,,,,,,,,,,,,39.43149041,-77.4176234
99,03,,,11,,,,,00,ADI9890001,06.01,01-01-2015,17:00:00,5C11,N,N,BALTIMORE,UNK,02,00,,,,,,,,,,,,,,39.33077885,-76.63160205
99,15,,,17,,,,,02,MCP2853000R,06.01,01-02-2015,17:39:00,45212,N,N,MONTGOMERY,UNK,09,00,,,,,,,,,,,,,,39.01758323,-77.00708985
00,15,,,11,,,,,00,MSP5832002D,06.01,01-02-2015,11:23:00,N/A,N,N,MSP,UNK,01,00,,,,,,,,,,,,,,39.21169767,-76.8911415
04,02,,,17,,,,,23.03,AC17420011,06.01,01-01-2015,22:49:00,,N,N,AACOPD,UNK,16,10,,,,,,,,,,,,,,39.12084667,-76.57068
03,16,,,88,,,,,00,GC93350004,06.01,01-01-2015,00:13:00,,N,N,GLENARDEN,UNK,03,02,,,,,,,,,,,,,,38.93380891,-76.86483622
99,03,,,99,,,,,00,AE55250005,99,01-01-2015,00:00:00,PC11,N,N,BACOPD,UNK,02,00,,,,,,,,,,,,,,39.2983315,-76.4473772
01,03,,,17,,,,,00,AE57080004,00,01-02-2015,10:00:00,PC02/226,N,N,BACOPD,UNK,16,16,,,,,,,,,,,,,,39.31002889,-76.75758004